
/home/vincent/Desktop/ECE6785-AdvEmb/ECE6785-Lab2/src/hello_freertos.elf:     file format elf32-littlearm

Sections:
Idx Name          Size      VMA       LMA       File off  Algn
  0 .boot2        00000100  10000000  10000000  00001000  2**0
                  CONTENTS, ALLOC, LOAD, READONLY, CODE
  1 .text         0000af80  10000100  10000100  00001100  2**4
                  CONTENTS, ALLOC, LOAD, READONLY, CODE
  2 .rodata       00037d68  1000b080  1000b080  0000c080  2**3
                  CONTENTS, ALLOC, LOAD, READONLY, DATA
  3 .binary_info  0000002c  10042de8  10042de8  00043de8  2**2
                  CONTENTS, ALLOC, LOAD, READONLY, DATA
  4 .xip_ram      00000000  15000000  15000000  00044c20  2**0
                  CONTENTS
  5 .ram_vector_table 000000c0  20000000  20000000  00045000  2**2
                  ALLOC
  6 .uninitialized_data 00000000  200000c0  200000c0  00044c20  2**0
                  CONTENTS
  7 .data         00000b60  200000c0  10042e14  000440c0  2**4
                  CONTENTS, ALLOC, LOAD, READONLY, CODE
  8 .tdata        00000000  20000c20  20000c20  00044c20  2**0
                  CONTENTS, ALLOC, LOAD, DATA, THREAD_LOCAL
  9 .tbss         00000000  20000c20  20000c20  00000000  2**0
                  ALLOC, THREAD_LOCAL
 10 .tbss_space   00000000  20000c20  20000c20  00044c20  2**0
                  CONTENTS
 11 .bss          000213bc  20000c20  10043974  00044c20  2**3
                  ALLOC
 12 .tls0         00000000  20021fdc  20021fdc  00044c20  2**0
                  CONTENTS
 13 .tls1         00000000  20021fdc  20021fdc  00044c20  2**0
                  CONTENTS
 14 .persistent_data 00000000  20021fdc  20021fdc  00044c20  2**0
                  CONTENTS
 15 .dummy_pre_heap 00000000  20021fdc  20021fdc  00044c20  2**0
                  CONTENTS
 16 .heap         00000800  20021fdc  20021fdc  00044fdc  2**2
                  ALLOC, READONLY
 17 .scratch_x    00000000  20040000  20040000  00044c20  2**0
                  CONTENTS
 18 .scratch_y    00000000  20041000  20041000  00044c20  2**0
                  CONTENTS
 19 .stack1_dummy 00000800  20040000  20040000  00045000  2**2
                  ALLOC
 20 .stack_dummy  00000800  20041000  20041000  00045000  2**5
                  ALLOC, READONLY
 21 .debug_info   00057b65  00000000  00000000  00044c20  2**0
                  CONTENTS, READONLY, DEBUGGING, OCTETS
 22 .debug_abbrev 0000ccd1  00000000  00000000  0009c785  2**0
                  CONTENTS, READONLY, DEBUGGING, OCTETS
 23 .debug_loclists 0002fa74  00000000  00000000  000a9456  2**0
                  CONTENTS, READONLY, DEBUGGING, OCTETS
 24 .debug_aranges 00001fb8  00000000  00000000  000d8ed0  2**3
                  CONTENTS, READONLY, DEBUGGING, OCTETS
 25 .debug_rnglists 00006c76  00000000  00000000  000dae88  2**0
                  CONTENTS, READONLY, DEBUGGING, OCTETS
 26 .debug_line   0003698f  00000000  00000000  000e1afe  2**0
                  CONTENTS, READONLY, DEBUGGING, OCTETS
 27 .debug_str    0000c4bb  00000000  00000000  0011848d  2**0
                  CONTENTS, READONLY, DEBUGGING, OCTETS
 28 .comment      00000026  00000000  00000000  00124948  2**0
                  CONTENTS, READONLY
 29 .ARM.attributes 0000002a  00000000  00000000  0012496e  2**0
                  CONTENTS, READONLY
 30 .debug_frame  00004f28  00000000  00000000  00124998  2**2
                  CONTENTS, READONLY, DEBUGGING, OCTETS
 31 .debug_line_str 000002c6  00000000  00000000  001298c0  2**0
                  CONTENTS, READONLY, DEBUGGING, OCTETS

/home/vincent/Desktop/ECE6785-AdvEmb/ECE6785-Lab2/src/hello_freertos.elf:     file format elf32-littlearm


Disassembly of section .boot2:

10000000 <__boot2_start__>:
10000000:	4b32b500 	.word	0x4b32b500
10000004:	60582021 	.word	0x60582021
10000008:	21026898 	.word	0x21026898
1000000c:	60984388 	.word	0x60984388
10000010:	611860d8 	.word	0x611860d8
10000014:	4b2e6158 	.word	0x4b2e6158
10000018:	60992100 	.word	0x60992100
1000001c:	61592102 	.word	0x61592102
10000020:	22f02101 	.word	0x22f02101
10000024:	492b5099 	.word	0x492b5099
10000028:	21016019 	.word	0x21016019
1000002c:	20356099 	.word	0x20356099
10000030:	f844f000 	.word	0xf844f000
10000034:	42902202 	.word	0x42902202
10000038:	2106d014 	.word	0x2106d014
1000003c:	f0006619 	.word	0xf0006619
10000040:	6e19f834 	.word	0x6e19f834
10000044:	66192101 	.word	0x66192101
10000048:	66182000 	.word	0x66182000
1000004c:	f000661a 	.word	0xf000661a
10000050:	6e19f82c 	.word	0x6e19f82c
10000054:	6e196e19 	.word	0x6e196e19
10000058:	f0002005 	.word	0xf0002005
1000005c:	2101f82f 	.word	0x2101f82f
10000060:	d1f94208 	.word	0xd1f94208
10000064:	60992100 	.word	0x60992100
10000068:	6019491b 	.word	0x6019491b
1000006c:	60592100 	.word	0x60592100
10000070:	481b491a 	.word	0x481b491a
10000074:	21016001 	.word	0x21016001
10000078:	21eb6099 	.word	0x21eb6099
1000007c:	21a06619 	.word	0x21a06619
10000080:	f0006619 	.word	0xf0006619
10000084:	2100f812 	.word	0x2100f812
10000088:	49166099 	.word	0x49166099
1000008c:	60014814 	.word	0x60014814
10000090:	60992101 	.word	0x60992101
10000094:	2800bc01 	.word	0x2800bc01
10000098:	4700d000 	.word	0x4700d000
1000009c:	49134812 	.word	0x49134812
100000a0:	c8036008 	.word	0xc8036008
100000a4:	8808f380 	.word	0x8808f380
100000a8:	b5034708 	.word	0xb5034708
100000ac:	20046a99 	.word	0x20046a99
100000b0:	d0fb4201 	.word	0xd0fb4201
100000b4:	42012001 	.word	0x42012001
100000b8:	bd03d1f8 	.word	0xbd03d1f8
100000bc:	6618b502 	.word	0x6618b502
100000c0:	f7ff6618 	.word	0xf7ff6618
100000c4:	6e18fff2 	.word	0x6e18fff2
100000c8:	bd026e18 	.word	0xbd026e18
100000cc:	40020000 	.word	0x40020000
100000d0:	18000000 	.word	0x18000000
100000d4:	00070000 	.word	0x00070000
100000d8:	005f0300 	.word	0x005f0300
100000dc:	00002221 	.word	0x00002221
100000e0:	180000f4 	.word	0x180000f4
100000e4:	a0002022 	.word	0xa0002022
100000e8:	10000100 	.word	0x10000100
100000ec:	e000ed08 	.word	0xe000ed08
	...
100000fc:	7a4eb274 	.word	0x7a4eb274

Disassembly of section .text:

10000100 <__VECTOR_TABLE>:
10000100:	20042000 	.word	0x20042000
10000104:	100001f7 	.word	0x100001f7
10000108:	100001cb 	.word	0x100001cb
1000010c:	100001cd 	.word	0x100001cd
10000110:	100001c9 	.word	0x100001c9
10000114:	100001c9 	.word	0x100001c9
10000118:	100001c9 	.word	0x100001c9
1000011c:	100001c9 	.word	0x100001c9
10000120:	100001c9 	.word	0x100001c9
10000124:	100001c9 	.word	0x100001c9
10000128:	100001c9 	.word	0x100001c9
1000012c:	100001cf 	.word	0x100001cf
10000130:	100001c9 	.word	0x100001c9
10000134:	100001c9 	.word	0x100001c9
10000138:	100001d1 	.word	0x100001d1
1000013c:	100001d3 	.word	0x100001d3
10000140:	100001c1 	.word	0x100001c1
10000144:	100001c1 	.word	0x100001c1
10000148:	100001c1 	.word	0x100001c1
1000014c:	100001c1 	.word	0x100001c1
10000150:	100001c1 	.word	0x100001c1
10000154:	100001c1 	.word	0x100001c1
10000158:	100001c1 	.word	0x100001c1
1000015c:	100001c1 	.word	0x100001c1
10000160:	100001c1 	.word	0x100001c1
10000164:	100001c1 	.word	0x100001c1
10000168:	100001c1 	.word	0x100001c1
1000016c:	100001c1 	.word	0x100001c1
10000170:	100001c1 	.word	0x100001c1
10000174:	100001c1 	.word	0x100001c1
10000178:	100001c1 	.word	0x100001c1
1000017c:	100001c1 	.word	0x100001c1
10000180:	100001c1 	.word	0x100001c1
10000184:	100001c1 	.word	0x100001c1
10000188:	100001c1 	.word	0x100001c1
1000018c:	100001c1 	.word	0x100001c1
10000190:	100001c1 	.word	0x100001c1
10000194:	100001c1 	.word	0x100001c1
10000198:	100001c1 	.word	0x100001c1
1000019c:	100001c1 	.word	0x100001c1
100001a0:	100001c1 	.word	0x100001c1
100001a4:	100001c1 	.word	0x100001c1
100001a8:	100001c1 	.word	0x100001c1
100001ac:	100001c1 	.word	0x100001c1
100001b0:	100001c1 	.word	0x100001c1
100001b4:	100001c1 	.word	0x100001c1
100001b8:	100001c1 	.word	0x100001c1
100001bc:	100001c1 	.word	0x100001c1

100001c0 <__unhandled_user_irq>:
100001c0:	f3ef 8005 	mrs	r0, IPSR
100001c4:	3810      	subs	r0, #16

100001c6 <unhandled_user_irq_num_in_r0>:
100001c6:	be00      	bkpt	0x0000

100001c8 <isr_invalid>:
100001c8:	be00      	bkpt	0x0000

100001ca <isr_nmi>:
100001ca:	be00      	bkpt	0x0000

100001cc <isr_hardfault>:
100001cc:	be00      	bkpt	0x0000

100001ce <isr_svcall>:
100001ce:	be00      	bkpt	0x0000

100001d0 <isr_pendsv>:
100001d0:	be00      	bkpt	0x0000

100001d2 <isr_systick>:
100001d2:	be00      	bkpt	0x0000

100001d4 <__default_isrs_end>:
100001d4:	7188ebf2 	.word	0x7188ebf2
100001d8:	10042de8 	.word	0x10042de8
100001dc:	10042e14 	.word	0x10042e14
100001e0:	10000238 	.word	0x10000238
100001e4:	e71aa390 	.word	0xe71aa390

100001e8 <_entry_point>:
100001e8:	2000      	movs	r0, #0

100001ea <_enter_vtable_in_r0>:
100001ea:	491e      	ldr	r1, [pc, #120]	@ (10000264 <data_cpy_table+0x2c>)
100001ec:	6008      	str	r0, [r1, #0]
100001ee:	c806      	ldmia	r0!, {r1, r2}
100001f0:	f381 8808 	msr	MSP, r1
100001f4:	4710      	bx	r2

100001f6 <_reset_handler>:
100001f6:	481c      	ldr	r0, [pc, #112]	@ (10000268 <data_cpy_table+0x30>)
100001f8:	6800      	ldr	r0, [r0, #0]
100001fa:	2800      	cmp	r0, #0
100001fc:	d001      	beq.n	10000202 <hold_non_core0_in_bootrom+0x4>

100001fe <hold_non_core0_in_bootrom>:
100001fe:	2000      	movs	r0, #0
10000200:	e7f3      	b.n	100001ea <_enter_vtable_in_r0>
10000202:	a40d      	add	r4, pc, #52	@ (adr r4, 10000238 <data_cpy_table>)
10000204:	cc0e      	ldmia	r4!, {r1, r2, r3}
10000206:	2900      	cmp	r1, #0
10000208:	d002      	beq.n	10000210 <hold_non_core0_in_bootrom+0x12>
1000020a:	f000 f812 	bl	10000232 <data_cpy>
1000020e:	e7f9      	b.n	10000204 <hold_non_core0_in_bootrom+0x6>
10000210:	4916      	ldr	r1, [pc, #88]	@ (1000026c <data_cpy_table+0x34>)
10000212:	4a17      	ldr	r2, [pc, #92]	@ (10000270 <data_cpy_table+0x38>)
10000214:	2000      	movs	r0, #0
10000216:	e000      	b.n	1000021a <bss_fill_test>

10000218 <bss_fill_loop>:
10000218:	c101      	stmia	r1!, {r0}

1000021a <bss_fill_test>:
1000021a:	4291      	cmp	r1, r2
1000021c:	d1fc      	bne.n	10000218 <bss_fill_loop>

1000021e <platform_entry>:
1000021e:	4915      	ldr	r1, [pc, #84]	@ (10000274 <data_cpy_table+0x3c>)
10000220:	4788      	blx	r1
10000222:	4915      	ldr	r1, [pc, #84]	@ (10000278 <data_cpy_table+0x40>)
10000224:	4788      	blx	r1
10000226:	4915      	ldr	r1, [pc, #84]	@ (1000027c <data_cpy_table+0x44>)
10000228:	4788      	blx	r1
1000022a:	be00      	bkpt	0x0000
1000022c:	e7fd      	b.n	1000022a <platform_entry+0xc>

1000022e <data_cpy_loop>:
1000022e:	c901      	ldmia	r1!, {r0}
10000230:	c201      	stmia	r2!, {r0}

10000232 <data_cpy>:
10000232:	429a      	cmp	r2, r3
10000234:	d3fb      	bcc.n	1000022e <data_cpy_loop>

10000236 <data_cpy_done>:
10000236:	4770      	bx	lr

10000238 <data_cpy_table>:
10000238:	10042e14 	.word	0x10042e14
1000023c:	200000c0 	.word	0x200000c0
10000240:	20000c20 	.word	0x20000c20
10000244:	10043974 	.word	0x10043974
10000248:	20040000 	.word	0x20040000
1000024c:	20040000 	.word	0x20040000
10000250:	10043974 	.word	0x10043974
10000254:	20041000 	.word	0x20041000
10000258:	20041000 	.word	0x20041000
1000025c:	00000000 	.word	0x00000000
10000260:	4770      	bx	lr
10000262:	0000      	.short	0x0000
10000264:	e000ed08 	.word	0xe000ed08
10000268:	d0000000 	.word	0xd0000000
1000026c:	20000c20 	.word	0x20000c20
10000270:	20021fdc 	.word	0x20021fdc
10000274:	10003d71 	.word	0x10003d71
10000278:	10000325 	.word	0x10000325
1000027c:	10003d69 	.word	0x10003d69

10000280 <blink_task>:
10000280:	b570      	push	{r4, r5, r6, lr}
10000282:	f006 fa61 	bl	10006748 <cyw43_arch_init>
10000286:	2800      	cmp	r0, #0
10000288:	d116      	bne.n	100002b8 <blink_task+0x38>
1000028a:	2601      	movs	r6, #1
1000028c:	4c0b      	ldr	r4, [pc, #44]	@ (100002bc <blink_task+0x3c>)
1000028e:	4d0c      	ldr	r5, [pc, #48]	@ (100002c0 <blink_task+0x40>)
10000290:	2000      	movs	r0, #0
10000292:	7821      	ldrb	r1, [r4, #0]
10000294:	f006 fa48 	bl	10006728 <cyw43_arch_gpio_put>
10000298:	6828      	ldr	r0, [r5, #0]
1000029a:	210b      	movs	r1, #11
1000029c:	1c43      	adds	r3, r0, #1
1000029e:	602b      	str	r3, [r5, #0]
100002a0:	f001 fd46 	bl	10001d30 <__wrap___aeabi_idiv>
100002a4:	2900      	cmp	r1, #0
100002a6:	d002      	beq.n	100002ae <blink_task+0x2e>
100002a8:	7823      	ldrb	r3, [r4, #0]
100002aa:	4073      	eors	r3, r6
100002ac:	7023      	strb	r3, [r4, #0]
100002ae:	20fa      	movs	r0, #250	@ 0xfa
100002b0:	0040      	lsls	r0, r0, #1
100002b2:	f005 fce9 	bl	10005c88 <vTaskDelay>
100002b6:	e7eb      	b.n	10000290 <blink_task+0x10>
100002b8:	f001 fc0a 	bl	10001ad0 <hard_assertion_failure>
100002bc:	20021fda 	.word	0x20021fda
100002c0:	20001218 	.word	0x20001218

100002c4 <main_task>:
100002c4:	2300      	movs	r3, #0
100002c6:	2280      	movs	r2, #128	@ 0x80
100002c8:	b510      	push	{r4, lr}
100002ca:	b082      	sub	sp, #8
100002cc:	9301      	str	r3, [sp, #4]
100002ce:	3302      	adds	r3, #2
100002d0:	9300      	str	r3, [sp, #0]
100002d2:	4912      	ldr	r1, [pc, #72]	@ (1000031c <main_task+0x58>)
100002d4:	2300      	movs	r3, #0
100002d6:	4812      	ldr	r0, [pc, #72]	@ (10000320 <main_task+0x5c>)
100002d8:	0092      	lsls	r2, r2, #2
100002da:	f005 fb01 	bl	100058e0 <xTaskCreate>
100002de:	24ff      	movs	r4, #255	@ 0xff
100002e0:	f003 fe78 	bl	10003fd4 <__wrap_getchar>
100002e4:	b2c3      	uxtb	r3, r0
100002e6:	2b00      	cmp	r3, #0
100002e8:	d00f      	beq.n	1000030a <main_task+0x46>
100002ea:	001a      	movs	r2, r3
100002ec:	3a61      	subs	r2, #97	@ 0x61
100002ee:	4020      	ands	r0, r4
100002f0:	2a19      	cmp	r2, #25
100002f2:	d90f      	bls.n	10000314 <main_task+0x50>
100002f4:	3b41      	subs	r3, #65	@ 0x41
100002f6:	2b19      	cmp	r3, #25
100002f8:	d809      	bhi.n	1000030e <main_task+0x4a>
100002fa:	3020      	adds	r0, #32
100002fc:	f003 fea8 	bl	10004050 <__wrap_putchar>
10000300:	f003 fe68 	bl	10003fd4 <__wrap_getchar>
10000304:	b2c3      	uxtb	r3, r0
10000306:	2b00      	cmp	r3, #0
10000308:	d1ef      	bne.n	100002ea <main_task+0x26>
1000030a:	b002      	add	sp, #8
1000030c:	bd10      	pop	{r4, pc}
1000030e:	f003 fe9f 	bl	10004050 <__wrap_putchar>
10000312:	e7e5      	b.n	100002e0 <main_task+0x1c>
10000314:	3820      	subs	r0, #32
10000316:	f003 fe9b 	bl	10004050 <__wrap_putchar>
1000031a:	e7e1      	b.n	100002e0 <main_task+0x1c>
1000031c:	1000b080 	.word	0x1000b080
10000320:	10000281 	.word	0x10000281

10000324 <main>:
10000324:	b500      	push	{lr}
10000326:	b085      	sub	sp, #20
10000328:	f003 fe4e 	bl	10003fc8 <stdio_init_all>
1000032c:	ab03      	add	r3, sp, #12
1000032e:	9301      	str	r3, [sp, #4]
10000330:	2280      	movs	r2, #128	@ 0x80
10000332:	2301      	movs	r3, #1
10000334:	4905      	ldr	r1, [pc, #20]	@ (1000034c <main+0x28>)
10000336:	9300      	str	r3, [sp, #0]
10000338:	0092      	lsls	r2, r2, #2
1000033a:	2300      	movs	r3, #0
1000033c:	4804      	ldr	r0, [pc, #16]	@ (10000350 <main+0x2c>)
1000033e:	f005 facf 	bl	100058e0 <xTaskCreate>
10000342:	f005 fb69 	bl	10005a18 <vTaskStartScheduler>
10000346:	2000      	movs	r0, #0
10000348:	b005      	add	sp, #20
1000034a:	bd00      	pop	{pc}
1000034c:	1000b08c 	.word	0x1000b08c
10000350:	100002c5 	.word	0x100002c5

10000354 <gpio_set_function>:
10000354:	4a09      	ldr	r2, [pc, #36]	@ (1000037c <gpio_set_function+0x28>)
10000356:	0083      	lsls	r3, r0, #2
10000358:	189a      	adds	r2, r3, r2
1000035a:	b510      	push	{r4, lr}
1000035c:	6814      	ldr	r4, [r2, #0]
1000035e:	2240      	movs	r2, #64	@ 0x40
10000360:	4054      	eors	r4, r2
10000362:	3280      	adds	r2, #128	@ 0x80
10000364:	4022      	ands	r2, r4
10000366:	4c06      	ldr	r4, [pc, #24]	@ (10000380 <gpio_set_function+0x2c>)
10000368:	00c0      	lsls	r0, r0, #3
1000036a:	46a4      	mov	ip, r4
1000036c:	4463      	add	r3, ip
1000036e:	601a      	str	r2, [r3, #0]
10000370:	4b04      	ldr	r3, [pc, #16]	@ (10000384 <gpio_set_function+0x30>)
10000372:	469c      	mov	ip, r3
10000374:	4460      	add	r0, ip
10000376:	6041      	str	r1, [r0, #4]
10000378:	bd10      	pop	{r4, pc}
1000037a:	46c0      	nop			@ (mov r8, r8)
1000037c:	4001c004 	.word	0x4001c004
10000380:	4001d004 	.word	0x4001d004
10000384:	40014000 	.word	0x40014000

10000388 <gpio_set_pulls>:
10000388:	4b07      	ldr	r3, [pc, #28]	@ (100003a8 <gpio_set_pulls+0x20>)
1000038a:	0080      	lsls	r0, r0, #2
1000038c:	18c3      	adds	r3, r0, r3
1000038e:	681b      	ldr	r3, [r3, #0]
10000390:	00c9      	lsls	r1, r1, #3
10000392:	0092      	lsls	r2, r2, #2
10000394:	430a      	orrs	r2, r1
10000396:	405a      	eors	r2, r3
10000398:	230c      	movs	r3, #12
1000039a:	4013      	ands	r3, r2
1000039c:	4a03      	ldr	r2, [pc, #12]	@ (100003ac <gpio_set_pulls+0x24>)
1000039e:	4694      	mov	ip, r2
100003a0:	4460      	add	r0, ip
100003a2:	6003      	str	r3, [r0, #0]
100003a4:	4770      	bx	lr
100003a6:	46c0      	nop			@ (mov r8, r8)
100003a8:	4001c004 	.word	0x4001c004
100003ac:	4001d004 	.word	0x4001d004

100003b0 <gpio_set_input_hysteresis_enabled>:
100003b0:	0080      	lsls	r0, r0, #2
100003b2:	2900      	cmp	r1, #0
100003b4:	d005      	beq.n	100003c2 <gpio_set_input_hysteresis_enabled+0x12>
100003b6:	4b06      	ldr	r3, [pc, #24]	@ (100003d0 <gpio_set_input_hysteresis_enabled+0x20>)
100003b8:	469c      	mov	ip, r3
100003ba:	2302      	movs	r3, #2
100003bc:	4460      	add	r0, ip
100003be:	6003      	str	r3, [r0, #0]
100003c0:	4770      	bx	lr
100003c2:	4b04      	ldr	r3, [pc, #16]	@ (100003d4 <gpio_set_input_hysteresis_enabled+0x24>)
100003c4:	469c      	mov	ip, r3
100003c6:	2302      	movs	r3, #2
100003c8:	4460      	add	r0, ip
100003ca:	6003      	str	r3, [r0, #0]
100003cc:	e7f8      	b.n	100003c0 <gpio_set_input_hysteresis_enabled+0x10>
100003ce:	46c0      	nop			@ (mov r8, r8)
100003d0:	4001e004 	.word	0x4001e004
100003d4:	4001f004 	.word	0x4001f004

100003d8 <gpio_set_irq_enabled>:
100003d8:	23d0      	movs	r3, #208	@ 0xd0
100003da:	061b      	lsls	r3, r3, #24
100003dc:	681b      	ldr	r3, [r3, #0]
100003de:	b530      	push	{r4, r5, lr}
100003e0:	005c      	lsls	r4, r3, #1
100003e2:	0005      	movs	r5, r0
100003e4:	18e4      	adds	r4, r4, r3
100003e6:	08c3      	lsrs	r3, r0, #3
100003e8:	2007      	movs	r0, #7
100003ea:	4028      	ands	r0, r5
100003ec:	0080      	lsls	r0, r0, #2
100003ee:	4081      	lsls	r1, r0
100003f0:	0018      	movs	r0, r3
100003f2:	4d09      	ldr	r5, [pc, #36]	@ (10000418 <gpio_set_irq_enabled+0x40>)
100003f4:	303c      	adds	r0, #60	@ 0x3c
100003f6:	0124      	lsls	r4, r4, #4
100003f8:	0080      	lsls	r0, r0, #2
100003fa:	009b      	lsls	r3, r3, #2
100003fc:	5141      	str	r1, [r0, r5]
100003fe:	191b      	adds	r3, r3, r4
10000400:	2a00      	cmp	r2, #0
10000402:	d004      	beq.n	1000040e <gpio_set_irq_enabled+0x36>
10000404:	4a05      	ldr	r2, [pc, #20]	@ (1000041c <gpio_set_irq_enabled+0x44>)
10000406:	4694      	mov	ip, r2
10000408:	4463      	add	r3, ip
1000040a:	6019      	str	r1, [r3, #0]
1000040c:	bd30      	pop	{r4, r5, pc}
1000040e:	4a04      	ldr	r2, [pc, #16]	@ (10000420 <gpio_set_irq_enabled+0x48>)
10000410:	4694      	mov	ip, r2
10000412:	4463      	add	r3, ip
10000414:	6019      	str	r1, [r3, #0]
10000416:	e7f9      	b.n	1000040c <gpio_set_irq_enabled+0x34>
10000418:	40014000 	.word	0x40014000
1000041c:	40016100 	.word	0x40016100
10000420:	40017100 	.word	0x40017100

10000424 <gpio_add_raw_irq_handler_with_order_priority_masked>:
10000424:	23d0      	movs	r3, #208	@ 0xd0
10000426:	061b      	lsls	r3, r3, #24
10000428:	681b      	ldr	r3, [r3, #0]
1000042a:	b570      	push	{r4, r5, r6, lr}
1000042c:	4d06      	ldr	r5, [pc, #24]	@ (10000448 <gpio_add_raw_irq_handler_with_order_priority_masked+0x24>)
1000042e:	009b      	lsls	r3, r3, #2
10000430:	595c      	ldr	r4, [r3, r5]
10000432:	4220      	tst	r0, r4
10000434:	d105      	bne.n	10000442 <gpio_add_raw_irq_handler_with_order_priority_masked+0x1e>
10000436:	4304      	orrs	r4, r0
10000438:	200d      	movs	r0, #13
1000043a:	515c      	str	r4, [r3, r5]
1000043c:	f000 f966 	bl	1000070c <irq_add_shared_handler>
10000440:	bd70      	pop	{r4, r5, r6, pc}
10000442:	f001 fb45 	bl	10001ad0 <hard_assertion_failure>
10000446:	46c0      	nop			@ (mov r8, r8)
10000448:	20001dc4 	.word	0x20001dc4

1000044c <gpio_remove_raw_irq_handler_masked>:
1000044c:	b510      	push	{r4, lr}
1000044e:	0004      	movs	r4, r0
10000450:	200d      	movs	r0, #13
10000452:	f000 fa47 	bl	100008e4 <irq_remove_handler>
10000456:	23d0      	movs	r3, #208	@ 0xd0
10000458:	061b      	lsls	r3, r3, #24
1000045a:	681b      	ldr	r3, [r3, #0]
1000045c:	4902      	ldr	r1, [pc, #8]	@ (10000468 <gpio_remove_raw_irq_handler_masked+0x1c>)
1000045e:	009b      	lsls	r3, r3, #2
10000460:	585a      	ldr	r2, [r3, r1]
10000462:	43a2      	bics	r2, r4
10000464:	505a      	str	r2, [r3, r1]
10000466:	bd10      	pop	{r4, pc}
10000468:	20001dc4 	.word	0x20001dc4

1000046c <gpio_init>:
1000046c:	2301      	movs	r3, #1
1000046e:	22d0      	movs	r2, #208	@ 0xd0
10000470:	4083      	lsls	r3, r0
10000472:	0612      	lsls	r2, r2, #24
10000474:	6293      	str	r3, [r2, #40]	@ 0x28
10000476:	6193      	str	r3, [r2, #24]
10000478:	4a09      	ldr	r2, [pc, #36]	@ (100004a0 <gpio_init+0x34>)
1000047a:	0083      	lsls	r3, r0, #2
1000047c:	189a      	adds	r2, r3, r2
1000047e:	6811      	ldr	r1, [r2, #0]
10000480:	2240      	movs	r2, #64	@ 0x40
10000482:	4051      	eors	r1, r2
10000484:	3280      	adds	r2, #128	@ 0x80
10000486:	400a      	ands	r2, r1
10000488:	4906      	ldr	r1, [pc, #24]	@ (100004a4 <gpio_init+0x38>)
1000048a:	00c0      	lsls	r0, r0, #3
1000048c:	468c      	mov	ip, r1
1000048e:	4463      	add	r3, ip
10000490:	601a      	str	r2, [r3, #0]
10000492:	4b05      	ldr	r3, [pc, #20]	@ (100004a8 <gpio_init+0x3c>)
10000494:	469c      	mov	ip, r3
10000496:	2305      	movs	r3, #5
10000498:	4460      	add	r0, ip
1000049a:	6043      	str	r3, [r0, #4]
1000049c:	4770      	bx	lr
1000049e:	46c0      	nop			@ (mov r8, r8)
100004a0:	4001c004 	.word	0x4001c004
100004a4:	4001d004 	.word	0x4001d004
100004a8:	40014000 	.word	0x40014000

100004ac <panic>:
100004ac:	b40f      	push	{r0, r1, r2, r3}
100004ae:	b500      	push	{lr}
100004b0:	4808      	ldr	r0, [pc, #32]	@ (100004d4 <panic+0x28>)
100004b2:	b083      	sub	sp, #12
100004b4:	f003 fe18 	bl	100040e8 <__wrap_puts>
100004b8:	9b04      	ldr	r3, [sp, #16]
100004ba:	2b00      	cmp	r3, #0
100004bc:	d007      	beq.n	100004ce <panic+0x22>
100004be:	a905      	add	r1, sp, #20
100004c0:	0018      	movs	r0, r3
100004c2:	9101      	str	r1, [sp, #4]
100004c4:	f003 fc16 	bl	10003cf4 <weak_raw_vprintf>
100004c8:	4803      	ldr	r0, [pc, #12]	@ (100004d8 <panic+0x2c>)
100004ca:	f003 fe0d 	bl	100040e8 <__wrap_puts>
100004ce:	2001      	movs	r0, #1
100004d0:	f003 fc28 	bl	10003d24 <_exit>
100004d4:	1000b098 	.word	0x1000b098
100004d8:	1000b268 	.word	0x1000b268

100004dc <panic_unsupported>:
100004dc:	b510      	push	{r4, lr}
100004de:	4801      	ldr	r0, [pc, #4]	@ (100004e4 <panic_unsupported+0x8>)
100004e0:	f7ff ffe4 	bl	100004ac <panic>
100004e4:	1000b0a8 	.word	0x1000b0a8

100004e8 <hw_claim_lock>:
100004e8:	f3ef 8010 	mrs	r0, PRIMASK
100004ec:	b672      	cpsid	i
100004ee:	4a03      	ldr	r2, [pc, #12]	@ (100004fc <hw_claim_lock+0x14>)
100004f0:	6813      	ldr	r3, [r2, #0]
100004f2:	2b00      	cmp	r3, #0
100004f4:	d0fc      	beq.n	100004f0 <hw_claim_lock+0x8>
100004f6:	f3bf 8f5f 	dmb	sy
100004fa:	4770      	bx	lr
100004fc:	d000012c 	.word	0xd000012c

10000500 <hw_claim_unlock>:
10000500:	f3bf 8f5f 	dmb	sy
10000504:	2200      	movs	r2, #0
10000506:	4b02      	ldr	r3, [pc, #8]	@ (10000510 <hw_claim_unlock+0x10>)
10000508:	601a      	str	r2, [r3, #0]
1000050a:	f380 8810 	msr	PRIMASK, r0
1000050e:	4770      	bx	lr
10000510:	d000012c 	.word	0xd000012c

10000514 <hw_claim_or_assert>:
10000514:	b570      	push	{r4, r5, r6, lr}
10000516:	f3ef 8c10 	mrs	ip, PRIMASK
1000051a:	b672      	cpsid	i
1000051c:	4d0d      	ldr	r5, [pc, #52]	@ (10000554 <hw_claim_or_assert+0x40>)
1000051e:	682b      	ldr	r3, [r5, #0]
10000520:	2b00      	cmp	r3, #0
10000522:	d0fc      	beq.n	1000051e <hw_claim_or_assert+0xa>
10000524:	f3bf 8f5f 	dmb	sy
10000528:	2407      	movs	r4, #7
1000052a:	08cb      	lsrs	r3, r1, #3
1000052c:	18c6      	adds	r6, r0, r3
1000052e:	5cc0      	ldrb	r0, [r0, r3]
10000530:	2301      	movs	r3, #1
10000532:	400c      	ands	r4, r1
10000534:	40a3      	lsls	r3, r4
10000536:	001c      	movs	r4, r3
10000538:	4004      	ands	r4, r0
1000053a:	4203      	tst	r3, r0
1000053c:	d107      	bne.n	1000054e <hw_claim_or_assert+0x3a>
1000053e:	4318      	orrs	r0, r3
10000540:	7030      	strb	r0, [r6, #0]
10000542:	f3bf 8f5f 	dmb	sy
10000546:	602c      	str	r4, [r5, #0]
10000548:	f38c 8810 	msr	PRIMASK, ip
1000054c:	bd70      	pop	{r4, r5, r6, pc}
1000054e:	0010      	movs	r0, r2
10000550:	f7ff ffac 	bl	100004ac <panic>
10000554:	d000012c 	.word	0xd000012c

10000558 <hw_claim_unused_from_range>:
10000558:	b5f8      	push	{r3, r4, r5, r6, r7, lr}
1000055a:	4647      	mov	r7, r8
1000055c:	46ce      	mov	lr, r9
1000055e:	4688      	mov	r8, r1
10000560:	b580      	push	{r7, lr}
10000562:	f3ef 8c10 	mrs	ip, PRIMASK
10000566:	b672      	cpsid	i
10000568:	4d21      	ldr	r5, [pc, #132]	@ (100005f0 <hw_claim_unused_from_range+0x98>)
1000056a:	682c      	ldr	r4, [r5, #0]
1000056c:	2c00      	cmp	r4, #0
1000056e:	d0fc      	beq.n	1000056a <hw_claim_unused_from_range+0x12>
10000570:	f3bf 8f5f 	dmb	sy
10000574:	429a      	cmp	r2, r3
10000576:	d82c      	bhi.n	100005d2 <hw_claim_unused_from_range+0x7a>
10000578:	08d4      	lsrs	r4, r2, #3
1000057a:	2707      	movs	r7, #7
1000057c:	5d05      	ldrb	r5, [r0, r4]
1000057e:	1906      	adds	r6, r0, r4
10000580:	2401      	movs	r4, #1
10000582:	4017      	ands	r7, r2
10000584:	40bc      	lsls	r4, r7
10000586:	422c      	tst	r4, r5
10000588:	d01f      	beq.n	100005ca <hw_claim_unused_from_range+0x72>
1000058a:	2107      	movs	r1, #7
1000058c:	2701      	movs	r7, #1
1000058e:	4689      	mov	r9, r1
10000590:	e009      	b.n	100005a6 <hw_claim_unused_from_range+0x4e>
10000592:	08d4      	lsrs	r4, r2, #3
10000594:	5d05      	ldrb	r5, [r0, r4]
10000596:	1906      	adds	r6, r0, r4
10000598:	464c      	mov	r4, r9
1000059a:	0039      	movs	r1, r7
1000059c:	4014      	ands	r4, r2
1000059e:	40a1      	lsls	r1, r4
100005a0:	000c      	movs	r4, r1
100005a2:	4229      	tst	r1, r5
100005a4:	d011      	beq.n	100005ca <hw_claim_unused_from_range+0x72>
100005a6:	3201      	adds	r2, #1
100005a8:	4293      	cmp	r3, r2
100005aa:	d2f2      	bcs.n	10000592 <hw_claim_unused_from_range+0x3a>
100005ac:	2001      	movs	r0, #1
100005ae:	4240      	negs	r0, r0
100005b0:	f3bf 8f5f 	dmb	sy
100005b4:	2200      	movs	r2, #0
100005b6:	4b0e      	ldr	r3, [pc, #56]	@ (100005f0 <hw_claim_unused_from_range+0x98>)
100005b8:	601a      	str	r2, [r3, #0]
100005ba:	f38c 8810 	msr	PRIMASK, ip
100005be:	2800      	cmp	r0, #0
100005c0:	db0f      	blt.n	100005e2 <hw_claim_unused_from_range+0x8a>
100005c2:	bcc0      	pop	{r6, r7}
100005c4:	46b9      	mov	r9, r7
100005c6:	46b0      	mov	r8, r6
100005c8:	bdf8      	pop	{r3, r4, r5, r6, r7, pc}
100005ca:	4325      	orrs	r5, r4
100005cc:	0010      	movs	r0, r2
100005ce:	7035      	strb	r5, [r6, #0]
100005d0:	e7ee      	b.n	100005b0 <hw_claim_unused_from_range+0x58>
100005d2:	f3bf 8f5f 	dmb	sy
100005d6:	2300      	movs	r3, #0
100005d8:	602b      	str	r3, [r5, #0]
100005da:	f38c 8810 	msr	PRIMASK, ip
100005de:	2001      	movs	r0, #1
100005e0:	4240      	negs	r0, r0
100005e2:	4643      	mov	r3, r8
100005e4:	2b00      	cmp	r3, #0
100005e6:	d0ec      	beq.n	100005c2 <hw_claim_unused_from_range+0x6a>
100005e8:	9808      	ldr	r0, [sp, #32]
100005ea:	f7ff ff5f 	bl	100004ac <panic>
100005ee:	46c0      	nop			@ (mov r8, r8)
100005f0:	d000012c 	.word	0xd000012c

100005f4 <hw_claim_clear>:
100005f4:	b530      	push	{r4, r5, lr}
100005f6:	f3ef 8c10 	mrs	ip, PRIMASK
100005fa:	b672      	cpsid	i
100005fc:	4c0a      	ldr	r4, [pc, #40]	@ (10000628 <hw_claim_clear+0x34>)
100005fe:	6823      	ldr	r3, [r4, #0]
10000600:	2b00      	cmp	r3, #0
10000602:	d0fc      	beq.n	100005fe <hw_claim_clear+0xa>
10000604:	f3bf 8f5f 	dmb	sy
10000608:	2307      	movs	r3, #7
1000060a:	2201      	movs	r2, #1
1000060c:	400b      	ands	r3, r1
1000060e:	409a      	lsls	r2, r3
10000610:	08cd      	lsrs	r5, r1, #3
10000612:	5d43      	ldrb	r3, [r0, r5]
10000614:	4393      	bics	r3, r2
10000616:	5543      	strb	r3, [r0, r5]
10000618:	f3bf 8f5f 	dmb	sy
1000061c:	2300      	movs	r3, #0
1000061e:	6023      	str	r3, [r4, #0]
10000620:	f38c 8810 	msr	PRIMASK, ip
10000624:	bd30      	pop	{r4, r5, pc}
10000626:	46c0      	nop			@ (mov r8, r8)
10000628:	d000012c 	.word	0xd000012c

1000062c <next_striped_spin_lock_num>:
1000062c:	4a04      	ldr	r2, [pc, #16]	@ (10000640 <next_striped_spin_lock_num+0x14>)
1000062e:	7810      	ldrb	r0, [r2, #0]
10000630:	1c43      	adds	r3, r0, #1
10000632:	b2db      	uxtb	r3, r3
10000634:	2b17      	cmp	r3, #23
10000636:	d900      	bls.n	1000063a <next_striped_spin_lock_num+0xe>
10000638:	2310      	movs	r3, #16
1000063a:	7013      	strb	r3, [r2, #0]
1000063c:	4770      	bx	lr
1000063e:	46c0      	nop			@ (mov r8, r8)
10000640:	200005f8 	.word	0x200005f8

10000644 <spin_locks_reset>:
10000644:	2100      	movs	r1, #0
10000646:	4b04      	ldr	r3, [pc, #16]	@ (10000658 <spin_locks_reset+0x14>)
10000648:	4a04      	ldr	r2, [pc, #16]	@ (1000065c <spin_locks_reset+0x18>)
1000064a:	f3bf 8f5f 	dmb	sy
1000064e:	c302      	stmia	r3!, {r1}
10000650:	4293      	cmp	r3, r2
10000652:	d1fa      	bne.n	1000064a <spin_locks_reset+0x6>
10000654:	4770      	bx	lr
10000656:	46c0      	nop			@ (mov r8, r8)
10000658:	d0000100 	.word	0xd0000100
1000065c:	d0000180 	.word	0xd0000180

10000660 <runtime_init_per_core_irq_priorities>:
10000660:	4b05      	ldr	r3, [pc, #20]	@ (10000678 <runtime_init_per_core_irq_priorities+0x18>)
10000662:	4a06      	ldr	r2, [pc, #24]	@ (1000067c <runtime_init_per_core_irq_priorities+0x1c>)
10000664:	6013      	str	r3, [r2, #0]
10000666:	4a06      	ldr	r2, [pc, #24]	@ (10000680 <runtime_init_per_core_irq_priorities+0x20>)
10000668:	6013      	str	r3, [r2, #0]
1000066a:	6053      	str	r3, [r2, #4]
1000066c:	6093      	str	r3, [r2, #8]
1000066e:	60d3      	str	r3, [r2, #12]
10000670:	6113      	str	r3, [r2, #16]
10000672:	6153      	str	r3, [r2, #20]
10000674:	6193      	str	r3, [r2, #24]
10000676:	4770      	bx	lr
10000678:	80808080 	.word	0x80808080
1000067c:	e000e400 	.word	0xe000e400
10000680:	e000e404 	.word	0xe000e404

10000684 <irq_set_enabled>:
10000684:	231f      	movs	r3, #31
10000686:	4018      	ands	r0, r3
10000688:	3b1e      	subs	r3, #30
1000068a:	4083      	lsls	r3, r0
1000068c:	2900      	cmp	r1, #0
1000068e:	d005      	beq.n	1000069c <irq_set_enabled+0x18>
10000690:	21c0      	movs	r1, #192	@ 0xc0
10000692:	4a04      	ldr	r2, [pc, #16]	@ (100006a4 <irq_set_enabled+0x20>)
10000694:	0049      	lsls	r1, r1, #1
10000696:	5053      	str	r3, [r2, r1]
10000698:	6013      	str	r3, [r2, #0]
1000069a:	4770      	bx	lr
1000069c:	2280      	movs	r2, #128	@ 0x80
1000069e:	4901      	ldr	r1, [pc, #4]	@ (100006a4 <irq_set_enabled+0x20>)
100006a0:	508b      	str	r3, [r1, r2]
100006a2:	e7fa      	b.n	1000069a <irq_set_enabled+0x16>
100006a4:	e000e100 	.word	0xe000e100

100006a8 <irq_set_pending>:
100006a8:	2301      	movs	r3, #1
100006aa:	4083      	lsls	r3, r0
100006ac:	4a01      	ldr	r2, [pc, #4]	@ (100006b4 <irq_set_pending+0xc>)
100006ae:	6013      	str	r3, [r2, #0]
100006b0:	4770      	bx	lr
100006b2:	46c0      	nop			@ (mov r8, r8)
100006b4:	e000e200 	.word	0xe000e200

100006b8 <irq_set_exclusive_handler>:
100006b8:	b510      	push	{r4, lr}
100006ba:	f3ef 8c10 	mrs	ip, PRIMASK
100006be:	b672      	cpsid	i
100006c0:	4a0f      	ldr	r2, [pc, #60]	@ (10000700 <irq_set_exclusive_handler+0x48>)
100006c2:	6813      	ldr	r3, [r2, #0]
100006c4:	2b00      	cmp	r3, #0
100006c6:	d0fc      	beq.n	100006c2 <irq_set_exclusive_handler+0xa>
100006c8:	f3bf 8f5f 	dmb	sy
100006cc:	4b0d      	ldr	r3, [pc, #52]	@ (10000704 <irq_set_exclusive_handler+0x4c>)
100006ce:	3010      	adds	r0, #16
100006d0:	689b      	ldr	r3, [r3, #8]
100006d2:	0080      	lsls	r0, r0, #2
100006d4:	581b      	ldr	r3, [r3, r0]
100006d6:	4a0c      	ldr	r2, [pc, #48]	@ (10000708 <irq_set_exclusive_handler+0x50>)
100006d8:	4293      	cmp	r3, r2
100006da:	d001      	beq.n	100006e0 <irq_set_exclusive_handler+0x28>
100006dc:	4299      	cmp	r1, r3
100006de:	d10c      	bne.n	100006fa <irq_set_exclusive_handler+0x42>
100006e0:	4b08      	ldr	r3, [pc, #32]	@ (10000704 <irq_set_exclusive_handler+0x4c>)
100006e2:	689b      	ldr	r3, [r3, #8]
100006e4:	5019      	str	r1, [r3, r0]
100006e6:	f3bf 8f5f 	dmb	sy
100006ea:	f3bf 8f5f 	dmb	sy
100006ee:	2200      	movs	r2, #0
100006f0:	4b03      	ldr	r3, [pc, #12]	@ (10000700 <irq_set_exclusive_handler+0x48>)
100006f2:	601a      	str	r2, [r3, #0]
100006f4:	f38c 8810 	msr	PRIMASK, ip
100006f8:	bd10      	pop	{r4, pc}
100006fa:	f001 f9e9 	bl	10001ad0 <hard_assertion_failure>
100006fe:	46c0      	nop			@ (mov r8, r8)
10000700:	d0000124 	.word	0xd0000124
10000704:	e000ed00 	.word	0xe000ed00
10000708:	100001c1 	.word	0x100001c1

1000070c <irq_add_shared_handler>:
1000070c:	b5f0      	push	{r4, r5, r6, r7, lr}
1000070e:	4657      	mov	r7, sl
10000710:	464e      	mov	r6, r9
10000712:	46de      	mov	lr, fp
10000714:	4645      	mov	r5, r8
10000716:	b5e0      	push	{r5, r6, r7, lr}
10000718:	468a      	mov	sl, r1
1000071a:	b085      	sub	sp, #20
1000071c:	0006      	movs	r6, r0
1000071e:	f3ef 8910 	mrs	r9, PRIMASK
10000722:	b672      	cpsid	i
10000724:	4963      	ldr	r1, [pc, #396]	@ (100008b4 <irq_add_shared_handler+0x1a8>)
10000726:	680b      	ldr	r3, [r1, #0]
10000728:	2b00      	cmp	r3, #0
1000072a:	d0fc      	beq.n	10000726 <irq_add_shared_handler+0x1a>
1000072c:	f3bf 8f5f 	dmb	sy
10000730:	2100      	movs	r1, #0
10000732:	4b61      	ldr	r3, [pc, #388]	@ (100008b8 <irq_add_shared_handler+0x1ac>)
10000734:	5659      	ldrsb	r1, [r3, r1]
10000736:	468c      	mov	ip, r1
10000738:	2900      	cmp	r1, #0
1000073a:	da00      	bge.n	1000073e <irq_add_shared_handler+0x32>
1000073c:	e0b7      	b.n	100008ae <irq_add_shared_handler+0x1a2>
1000073e:	0049      	lsls	r1, r1, #1
10000740:	000d      	movs	r5, r1
10000742:	4c5e      	ldr	r4, [pc, #376]	@ (100008bc <irq_add_shared_handler+0x1b0>)
10000744:	4465      	add	r5, ip
10000746:	00ad      	lsls	r5, r5, #2
10000748:	1967      	adds	r7, r4, r5
1000074a:	9102      	str	r1, [sp, #8]
1000074c:	79b9      	ldrb	r1, [r7, #6]
1000074e:	3610      	adds	r6, #16
10000750:	7019      	strb	r1, [r3, #0]
10000752:	4b5b      	ldr	r3, [pc, #364]	@ (100008c0 <irq_add_shared_handler+0x1b4>)
10000754:	00b1      	lsls	r1, r6, #2
10000756:	689b      	ldr	r3, [r3, #8]
10000758:	9101      	str	r1, [sp, #4]
1000075a:	585b      	ldr	r3, [r3, r1]
1000075c:	1b19      	subs	r1, r3, r4
1000075e:	292f      	cmp	r1, #47	@ 0x2f
10000760:	d835      	bhi.n	100007ce <irq_add_shared_handler+0xc2>
10000762:	2101      	movs	r1, #1
10000764:	0018      	movs	r0, r3
10000766:	4388      	bics	r0, r1
10000768:	79c6      	ldrb	r6, [r0, #7]
1000076a:	4296      	cmp	r6, r2
1000076c:	d800      	bhi.n	10000770 <irq_add_shared_handler+0x64>
1000076e:	e075      	b.n	1000085c <irq_add_shared_handler+0x150>
10000770:	469b      	mov	fp, r3
10000772:	9b02      	ldr	r3, [sp, #8]
10000774:	9e01      	ldr	r6, [sp, #4]
10000776:	4698      	mov	r8, r3
10000778:	9503      	str	r5, [sp, #12]
1000077a:	e007      	b.n	1000078c <irq_add_shared_handler+0x80>
1000077c:	004d      	lsls	r5, r1, #1
1000077e:	186d      	adds	r5, r5, r1
10000780:	00ad      	lsls	r5, r5, #2
10000782:	1965      	adds	r5, r4, r5
10000784:	79eb      	ldrb	r3, [r5, #7]
10000786:	4293      	cmp	r3, r2
10000788:	d94e      	bls.n	10000828 <irq_add_shared_handler+0x11c>
1000078a:	0028      	movs	r0, r5
1000078c:	2106      	movs	r1, #6
1000078e:	5641      	ldrsb	r1, [r0, r1]
10000790:	2900      	cmp	r1, #0
10000792:	daf3      	bge.n	1000077c <irq_add_shared_handler+0x70>
10000794:	4645      	mov	r5, r8
10000796:	465b      	mov	r3, fp
10000798:	9601      	str	r6, [sp, #4]
1000079a:	9502      	str	r5, [sp, #8]
1000079c:	1d06      	adds	r6, r0, #4
1000079e:	4d49      	ldr	r5, [pc, #292]	@ (100008c4 <irq_add_shared_handler+0x1b8>)
100007a0:	9603      	str	r6, [sp, #12]
100007a2:	9e03      	ldr	r6, [sp, #12]
100007a4:	3f04      	subs	r7, #4
100007a6:	1bbf      	subs	r7, r7, r6
100007a8:	053f      	lsls	r7, r7, #20
100007aa:	4e47      	ldr	r6, [pc, #284]	@ (100008c8 <irq_add_shared_handler+0x1bc>)
100007ac:	0d7f      	lsrs	r7, r7, #21
100007ae:	4337      	orrs	r7, r6
100007b0:	4666      	mov	r6, ip
100007b2:	8087      	strh	r7, [r0, #4]
100007b4:	7186      	strb	r6, [r0, #6]
100007b6:	9802      	ldr	r0, [sp, #8]
100007b8:	4460      	add	r0, ip
100007ba:	0080      	lsls	r0, r0, #2
100007bc:	1824      	adds	r4, r4, r0
100007be:	71e2      	strb	r2, [r4, #7]
100007c0:	4652      	mov	r2, sl
100007c2:	4842      	ldr	r0, [pc, #264]	@ (100008cc <irq_add_shared_handler+0x1c0>)
100007c4:	80a5      	strh	r5, [r4, #4]
100007c6:	6020      	str	r0, [r4, #0]
100007c8:	71a1      	strb	r1, [r4, #6]
100007ca:	60a2      	str	r2, [r4, #8]
100007cc:	e018      	b.n	10000800 <irq_add_shared_handler+0xf4>
100007ce:	4940      	ldr	r1, [pc, #256]	@ (100008d0 <irq_add_shared_handler+0x1c4>)
100007d0:	428b      	cmp	r3, r1
100007d2:	d000      	beq.n	100007d6 <irq_add_shared_handler+0xca>
100007d4:	e06b      	b.n	100008ae <irq_add_shared_handler+0x1a2>
100007d6:	4b3f      	ldr	r3, [pc, #252]	@ (100008d4 <irq_add_shared_handler+0x1c8>)
100007d8:	493b      	ldr	r1, [pc, #236]	@ (100008c8 <irq_add_shared_handler+0x1bc>)
100007da:	5363      	strh	r3, [r4, r5]
100007dc:	4b3e      	ldr	r3, [pc, #248]	@ (100008d8 <irq_add_shared_handler+0x1cc>)
100007de:	3502      	adds	r5, #2
100007e0:	3b04      	subs	r3, #4
100007e2:	1965      	adds	r5, r4, r5
100007e4:	1b5b      	subs	r3, r3, r5
100007e6:	051b      	lsls	r3, r3, #20
100007e8:	0d5b      	lsrs	r3, r3, #21
100007ea:	430b      	orrs	r3, r1
100007ec:	807b      	strh	r3, [r7, #2]
100007ee:	4b3b      	ldr	r3, [pc, #236]	@ (100008dc <irq_add_shared_handler+0x1d0>)
100007f0:	71fa      	strb	r2, [r7, #7]
100007f2:	80bb      	strh	r3, [r7, #4]
100007f4:	23ff      	movs	r3, #255	@ 0xff
100007f6:	71bb      	strb	r3, [r7, #6]
100007f8:	4653      	mov	r3, sl
100007fa:	60bb      	str	r3, [r7, #8]
100007fc:	2301      	movs	r3, #1
100007fe:	433b      	orrs	r3, r7
10000800:	4a2f      	ldr	r2, [pc, #188]	@ (100008c0 <irq_add_shared_handler+0x1b4>)
10000802:	9901      	ldr	r1, [sp, #4]
10000804:	6892      	ldr	r2, [r2, #8]
10000806:	5053      	str	r3, [r2, r1]
10000808:	f3bf 8f5f 	dmb	sy
1000080c:	f3bf 8f5f 	dmb	sy
10000810:	2200      	movs	r2, #0
10000812:	4b28      	ldr	r3, [pc, #160]	@ (100008b4 <irq_add_shared_handler+0x1a8>)
10000814:	601a      	str	r2, [r3, #0]
10000816:	f389 8810 	msr	PRIMASK, r9
1000081a:	b005      	add	sp, #20
1000081c:	bcf0      	pop	{r4, r5, r6, r7}
1000081e:	46bb      	mov	fp, r7
10000820:	46b2      	mov	sl, r6
10000822:	46a9      	mov	r9, r5
10000824:	46a0      	mov	r8, r4
10000826:	bdf0      	pop	{r4, r5, r6, r7, pc}
10000828:	9601      	str	r6, [sp, #4]
1000082a:	4646      	mov	r6, r8
1000082c:	9602      	str	r6, [sp, #8]
1000082e:	8886      	ldrh	r6, [r0, #4]
10000830:	465b      	mov	r3, fp
10000832:	0576      	lsls	r6, r6, #21
10000834:	46b3      	mov	fp, r6
10000836:	1d06      	adds	r6, r0, #4
10000838:	9d03      	ldr	r5, [sp, #12]
1000083a:	9603      	str	r6, [sp, #12]
1000083c:	465e      	mov	r6, fp
1000083e:	1536      	asrs	r6, r6, #20
10000840:	46b3      	mov	fp, r6
10000842:	1d06      	adds	r6, r0, #4
10000844:	46b0      	mov	r8, r6
10000846:	44c3      	add	fp, r8
10000848:	465e      	mov	r6, fp
1000084a:	3504      	adds	r5, #4
1000084c:	1965      	adds	r5, r4, r5
1000084e:	1b75      	subs	r5, r6, r5
10000850:	26e0      	movs	r6, #224	@ 0xe0
10000852:	052d      	lsls	r5, r5, #20
10000854:	0d6d      	lsrs	r5, r5, #21
10000856:	0236      	lsls	r6, r6, #8
10000858:	4335      	orrs	r5, r6
1000085a:	e7a2      	b.n	100007a2 <irq_add_shared_handler+0x96>
1000085c:	4b20      	ldr	r3, [pc, #128]	@ (100008e0 <irq_add_shared_handler+0x1d4>)
1000085e:	71fa      	strb	r2, [r7, #7]
10000860:	469c      	mov	ip, r3
10000862:	0003      	movs	r3, r0
10000864:	4666      	mov	r6, ip
10000866:	1b1b      	subs	r3, r3, r4
10000868:	415b      	adcs	r3, r3
1000086a:	435e      	muls	r6, r3
1000086c:	0d36      	lsrs	r6, r6, #20
1000086e:	46b4      	mov	ip, r6
10000870:	1cae      	adds	r6, r5, #2
10000872:	46b0      	mov	r8, r6
10000874:	44a0      	add	r8, r4
10000876:	4646      	mov	r6, r8
10000878:	4b16      	ldr	r3, [pc, #88]	@ (100008d4 <irq_add_shared_handler+0x1c8>)
1000087a:	5363      	strh	r3, [r4, r5]
1000087c:	4b16      	ldr	r3, [pc, #88]	@ (100008d8 <irq_add_shared_handler+0x1cc>)
1000087e:	3504      	adds	r5, #4
10000880:	3b04      	subs	r3, #4
10000882:	1b9b      	subs	r3, r3, r6
10000884:	051b      	lsls	r3, r3, #20
10000886:	4e10      	ldr	r6, [pc, #64]	@ (100008c8 <irq_add_shared_handler+0x1bc>)
10000888:	0d5b      	lsrs	r3, r3, #21
1000088a:	4333      	orrs	r3, r6
1000088c:	807b      	strh	r3, [r7, #2]
1000088e:	1963      	adds	r3, r4, r5
10000890:	1ac3      	subs	r3, r0, r3
10000892:	3b04      	subs	r3, #4
10000894:	051b      	lsls	r3, r3, #20
10000896:	0d5b      	lsrs	r3, r3, #21
10000898:	4333      	orrs	r3, r6
1000089a:	80bb      	strh	r3, [r7, #4]
1000089c:	4663      	mov	r3, ip
1000089e:	71bb      	strb	r3, [r7, #6]
100008a0:	4653      	mov	r3, sl
100008a2:	60bb      	str	r3, [r7, #8]
100008a4:	4b09      	ldr	r3, [pc, #36]	@ (100008cc <irq_add_shared_handler+0x1c0>)
100008a6:	6003      	str	r3, [r0, #0]
100008a8:	003b      	movs	r3, r7
100008aa:	430b      	orrs	r3, r1
100008ac:	e7a8      	b.n	10000800 <irq_add_shared_handler+0xf4>
100008ae:	f001 f90f 	bl	10001ad0 <hard_assertion_failure>
100008b2:	46c0      	nop			@ (mov r8, r8)
100008b4:	d0000124 	.word	0xd0000124
100008b8:	20021fd9 	.word	0x20021fd9
100008bc:	200005fc 	.word	0x200005fc
100008c0:	e000ed00 	.word	0xe000ed00
100008c4:	0000bd01 	.word	0x0000bd01
100008c8:	ffffe000 	.word	0xffffe000
100008cc:	47804801 	.word	0x47804801
100008d0:	100001c1 	.word	0x100001c1
100008d4:	ffffa100 	.word	0xffffa100
100008d8:	2000062c 	.word	0x2000062c
100008dc:	ffffbd01 	.word	0xffffbd01
100008e0:	0000aaaa 	.word	0x0000aaaa

100008e4 <irq_remove_handler>:
100008e4:	b5f0      	push	{r4, r5, r6, r7, lr}
100008e6:	46de      	mov	lr, fp
100008e8:	4657      	mov	r7, sl
100008ea:	464e      	mov	r6, r9
100008ec:	4645      	mov	r5, r8
100008ee:	b5e0      	push	{r5, r6, r7, lr}
100008f0:	b083      	sub	sp, #12
100008f2:	f3ef 8c10 	mrs	ip, PRIMASK
100008f6:	b672      	cpsid	i
100008f8:	4a63      	ldr	r2, [pc, #396]	@ (10000a88 <irq_remove_handler+0x1a4>)
100008fa:	6813      	ldr	r3, [r2, #0]
100008fc:	2b00      	cmp	r3, #0
100008fe:	d0fc      	beq.n	100008fa <irq_remove_handler+0x16>
10000900:	f3bf 8f5f 	dmb	sy
10000904:	4b61      	ldr	r3, [pc, #388]	@ (10000a8c <irq_remove_handler+0x1a8>)
10000906:	4c62      	ldr	r4, [pc, #392]	@ (10000a90 <irq_remove_handler+0x1ac>)
10000908:	689a      	ldr	r2, [r3, #8]
1000090a:	0003      	movs	r3, r0
1000090c:	3310      	adds	r3, #16
1000090e:	009d      	lsls	r5, r3, #2
10000910:	5952      	ldr	r2, [r2, r5]
10000912:	46a1      	mov	r9, r4
10000914:	42a2      	cmp	r2, r4
10000916:	d03d      	beq.n	10000994 <irq_remove_handler+0xb0>
10000918:	428a      	cmp	r2, r1
1000091a:	d04e      	beq.n	100009ba <irq_remove_handler+0xd6>
1000091c:	4c5d      	ldr	r4, [pc, #372]	@ (10000a94 <irq_remove_handler+0x1b0>)
1000091e:	1b16      	subs	r6, r2, r4
10000920:	2e2f      	cmp	r6, #47	@ 0x2f
10000922:	d837      	bhi.n	10000994 <irq_remove_handler+0xb0>
10000924:	2701      	movs	r7, #1
10000926:	46ba      	mov	sl, r7
10000928:	4087      	lsls	r7, r0
1000092a:	4e5b      	ldr	r6, [pc, #364]	@ (10000a98 <irq_remove_handler+0x1b4>)
1000092c:	46b0      	mov	r8, r6
1000092e:	6836      	ldr	r6, [r6, #0]
10000930:	403e      	ands	r6, r7
10000932:	271f      	movs	r7, #31
10000934:	46b3      	mov	fp, r6
10000936:	4656      	mov	r6, sl
10000938:	4038      	ands	r0, r7
1000093a:	4086      	lsls	r6, r0
1000093c:	4647      	mov	r7, r8
1000093e:	2080      	movs	r0, #128	@ 0x80
10000940:	9601      	str	r6, [sp, #4]
10000942:	503e      	str	r6, [r7, r0]
10000944:	f3bf 8f5f 	dmb	sy
10000948:	f3ef 8005 	mrs	r0, IPSR
1000094c:	4680      	mov	r8, r0
1000094e:	2800      	cmp	r0, #0
10000950:	d035      	beq.n	100009be <irq_remove_handler+0xda>
10000952:	4283      	cmp	r3, r0
10000954:	d000      	beq.n	10000958 <irq_remove_handler+0x74>
10000956:	e094      	b.n	10000a82 <irq_remove_handler+0x19e>
10000958:	0010      	movs	r0, r2
1000095a:	4653      	mov	r3, sl
1000095c:	4398      	bics	r0, r3
1000095e:	6886      	ldr	r6, [r0, #8]
10000960:	42b1      	cmp	r1, r6
10000962:	d108      	bne.n	10000976 <irq_remove_handler+0x92>
10000964:	e07b      	b.n	10000a5e <irq_remove_handler+0x17a>
10000966:	007b      	lsls	r3, r7, #1
10000968:	19db      	adds	r3, r3, r7
1000096a:	009b      	lsls	r3, r3, #2
1000096c:	18e3      	adds	r3, r4, r3
1000096e:	689e      	ldr	r6, [r3, #8]
10000970:	42b1      	cmp	r1, r6
10000972:	d036      	beq.n	100009e2 <irq_remove_handler+0xfe>
10000974:	0018      	movs	r0, r3
10000976:	2706      	movs	r7, #6
10000978:	57c7      	ldrsb	r7, [r0, r7]
1000097a:	2f00      	cmp	r7, #0
1000097c:	daf3      	bge.n	10000966 <irq_remove_handler+0x82>
1000097e:	42b1      	cmp	r1, r6
10000980:	d059      	beq.n	10000a36 <irq_remove_handler+0x152>
10000982:	465b      	mov	r3, fp
10000984:	2b00      	cmp	r3, #0
10000986:	d027      	beq.n	100009d8 <irq_remove_handler+0xf4>
10000988:	21c0      	movs	r1, #192	@ 0xc0
1000098a:	4b43      	ldr	r3, [pc, #268]	@ (10000a98 <irq_remove_handler+0x1b4>)
1000098c:	9801      	ldr	r0, [sp, #4]
1000098e:	0049      	lsls	r1, r1, #1
10000990:	5058      	str	r0, [r3, r1]
10000992:	6018      	str	r0, [r3, #0]
10000994:	4b3d      	ldr	r3, [pc, #244]	@ (10000a8c <irq_remove_handler+0x1a8>)
10000996:	689b      	ldr	r3, [r3, #8]
10000998:	515a      	str	r2, [r3, r5]
1000099a:	f3bf 8f5f 	dmb	sy
1000099e:	f3bf 8f5f 	dmb	sy
100009a2:	2200      	movs	r2, #0
100009a4:	4b38      	ldr	r3, [pc, #224]	@ (10000a88 <irq_remove_handler+0x1a4>)
100009a6:	601a      	str	r2, [r3, #0]
100009a8:	f38c 8810 	msr	PRIMASK, ip
100009ac:	b003      	add	sp, #12
100009ae:	bcf0      	pop	{r4, r5, r6, r7}
100009b0:	46bb      	mov	fp, r7
100009b2:	46b2      	mov	sl, r6
100009b4:	46a9      	mov	r9, r5
100009b6:	46a0      	mov	r8, r4
100009b8:	bdf0      	pop	{r4, r5, r6, r7, pc}
100009ba:	0022      	movs	r2, r4
100009bc:	e7ea      	b.n	10000994 <irq_remove_handler+0xb0>
100009be:	0010      	movs	r0, r2
100009c0:	4653      	mov	r3, sl
100009c2:	4398      	bics	r0, r3
100009c4:	6886      	ldr	r6, [r0, #8]
100009c6:	42b1      	cmp	r1, r6
100009c8:	d1d5      	bne.n	10000976 <irq_remove_handler+0x92>
100009ca:	2606      	movs	r6, #6
100009cc:	5786      	ldrsb	r6, [r0, r6]
100009ce:	0003      	movs	r3, r0
100009d0:	2e00      	cmp	r6, #0
100009d2:	da0a      	bge.n	100009ea <irq_remove_handler+0x106>
100009d4:	464a      	mov	r2, r9
100009d6:	e036      	b.n	10000a46 <irq_remove_handler+0x162>
100009d8:	2380      	movs	r3, #128	@ 0x80
100009da:	492f      	ldr	r1, [pc, #188]	@ (10000a98 <irq_remove_handler+0x1b4>)
100009dc:	9801      	ldr	r0, [sp, #4]
100009de:	50c8      	str	r0, [r1, r3]
100009e0:	e7d8      	b.n	10000994 <irq_remove_handler+0xb0>
100009e2:	2606      	movs	r6, #6
100009e4:	579e      	ldrsb	r6, [r3, r6]
100009e6:	2e00      	cmp	r6, #0
100009e8:	db26      	blt.n	10000a38 <irq_remove_handler+0x154>
100009ea:	0071      	lsls	r1, r6, #1
100009ec:	1988      	adds	r0, r1, r6
100009ee:	0080      	lsls	r0, r0, #2
100009f0:	1827      	adds	r7, r4, r0
100009f2:	46b8      	mov	r8, r7
100009f4:	68bf      	ldr	r7, [r7, #8]
100009f6:	609f      	str	r7, [r3, #8]
100009f8:	4647      	mov	r7, r8
100009fa:	79ff      	ldrb	r7, [r7, #7]
100009fc:	71df      	strb	r7, [r3, #7]
100009fe:	4647      	mov	r7, r8
10000a00:	79bf      	ldrb	r7, [r7, #6]
10000a02:	b27f      	sxtb	r7, r7
10000a04:	719f      	strb	r7, [r3, #6]
10000a06:	2f00      	cmp	r7, #0
10000a08:	db27      	blt.n	10000a5a <irq_remove_handler+0x176>
10000a0a:	4647      	mov	r7, r8
10000a0c:	88bf      	ldrh	r7, [r7, #4]
10000a0e:	057f      	lsls	r7, r7, #21
10000a10:	153f      	asrs	r7, r7, #20
10000a12:	46b8      	mov	r8, r7
10000a14:	27e0      	movs	r7, #224	@ 0xe0
10000a16:	4480      	add	r8, r0
10000a18:	1ae0      	subs	r0, r4, r3
10000a1a:	4440      	add	r0, r8
10000a1c:	0500      	lsls	r0, r0, #20
10000a1e:	0d40      	lsrs	r0, r0, #21
10000a20:	023f      	lsls	r7, r7, #8
10000a22:	4338      	orrs	r0, r7
10000a24:	8098      	strh	r0, [r3, #4]
10000a26:	198b      	adds	r3, r1, r6
10000a28:	491c      	ldr	r1, [pc, #112]	@ (10000a9c <irq_remove_handler+0x1b8>)
10000a2a:	009b      	lsls	r3, r3, #2
10000a2c:	7808      	ldrb	r0, [r1, #0]
10000a2e:	18e3      	adds	r3, r4, r3
10000a30:	7198      	strb	r0, [r3, #6]
10000a32:	700e      	strb	r6, [r1, #0]
10000a34:	e7a5      	b.n	10000982 <irq_remove_handler+0x9e>
10000a36:	0003      	movs	r3, r0
10000a38:	4641      	mov	r1, r8
10000a3a:	2900      	cmp	r1, #0
10000a3c:	d114      	bne.n	10000a68 <irq_remove_handler+0x184>
10000a3e:	31ff      	adds	r1, #255	@ 0xff
10000a40:	7181      	strb	r1, [r0, #6]
10000a42:	4917      	ldr	r1, [pc, #92]	@ (10000aa0 <irq_remove_handler+0x1bc>)
10000a44:	8081      	strh	r1, [r0, #4]
10000a46:	4815      	ldr	r0, [pc, #84]	@ (10000a9c <irq_remove_handler+0x1b8>)
10000a48:	7801      	ldrb	r1, [r0, #0]
10000a4a:	7199      	strb	r1, [r3, #6]
10000a4c:	4915      	ldr	r1, [pc, #84]	@ (10000aa4 <irq_remove_handler+0x1c0>)
10000a4e:	1b1b      	subs	r3, r3, r4
10000a50:	415b      	adcs	r3, r3
10000a52:	4359      	muls	r1, r3
10000a54:	0d09      	lsrs	r1, r1, #20
10000a56:	7001      	strb	r1, [r0, #0]
10000a58:	e793      	b.n	10000982 <irq_remove_handler+0x9e>
10000a5a:	4813      	ldr	r0, [pc, #76]	@ (10000aa8 <irq_remove_handler+0x1c4>)
10000a5c:	e7e2      	b.n	10000a24 <irq_remove_handler+0x140>
10000a5e:	2606      	movs	r6, #6
10000a60:	5786      	ldrsb	r6, [r0, r6]
10000a62:	0003      	movs	r3, r0
10000a64:	2e00      	cmp	r6, #0
10000a66:	dac0      	bge.n	100009ea <irq_remove_handler+0x106>
10000a68:	4910      	ldr	r1, [pc, #64]	@ (10000aac <irq_remove_handler+0x1c8>)
10000a6a:	4811      	ldr	r0, [pc, #68]	@ (10000ab0 <irq_remove_handler+0x1cc>)
10000a6c:	1ac9      	subs	r1, r1, r3
10000a6e:	3908      	subs	r1, #8
10000a70:	024c      	lsls	r4, r1, #9
10000a72:	0d64      	lsrs	r4, r4, #21
10000a74:	4320      	orrs	r0, r4
10000a76:	8098      	strh	r0, [r3, #4]
10000a78:	480e      	ldr	r0, [pc, #56]	@ (10000ab4 <irq_remove_handler+0x1d0>)
10000a7a:	0849      	lsrs	r1, r1, #1
10000a7c:	4301      	orrs	r1, r0
10000a7e:	80d9      	strh	r1, [r3, #6]
10000a80:	e77f      	b.n	10000982 <irq_remove_handler+0x9e>
10000a82:	f001 f825 	bl	10001ad0 <hard_assertion_failure>
10000a86:	46c0      	nop			@ (mov r8, r8)
10000a88:	d0000124 	.word	0xd0000124
10000a8c:	e000ed00 	.word	0xe000ed00
10000a90:	100001c1 	.word	0x100001c1
10000a94:	200005fc 	.word	0x200005fc
10000a98:	e000e100 	.word	0xe000e100
10000a9c:	20021fd9 	.word	0x20021fd9
10000aa0:	ffffbd01 	.word	0xffffbd01
10000aa4:	0000aaaa 	.word	0x0000aaaa
10000aa8:	0000bd01 	.word	0x0000bd01
10000aac:	20000636 	.word	0x20000636
10000ab0:	fffff000 	.word	0xfffff000
10000ab4:	fffff800 	.word	0xfffff800

10000ab8 <irq_set_priority>:
10000ab8:	b510      	push	{r4, lr}
10000aba:	0883      	lsrs	r3, r0, #2
10000abc:	0004      	movs	r4, r0
10000abe:	2003      	movs	r0, #3
10000ac0:	4020      	ands	r0, r4
10000ac2:	24ff      	movs	r4, #255	@ 0xff
10000ac4:	4a05      	ldr	r2, [pc, #20]	@ (10000adc <irq_set_priority+0x24>)
10000ac6:	00c0      	lsls	r0, r0, #3
10000ac8:	4694      	mov	ip, r2
10000aca:	4084      	lsls	r4, r0
10000acc:	4081      	lsls	r1, r0
10000ace:	009b      	lsls	r3, r3, #2
10000ad0:	4463      	add	r3, ip
10000ad2:	681a      	ldr	r2, [r3, #0]
10000ad4:	43a2      	bics	r2, r4
10000ad6:	430a      	orrs	r2, r1
10000ad8:	601a      	str	r2, [r3, #0]
10000ada:	bd10      	pop	{r4, pc}
10000adc:	e000e400 	.word	0xe000e400

10000ae0 <irq_add_tail_to_free_list>:
10000ae0:	b570      	push	{r4, r5, r6, lr}
10000ae2:	2401      	movs	r4, #1
10000ae4:	4304      	orrs	r4, r0
10000ae6:	f3ef 8105 	mrs	r1, IPSR
10000aea:	f3ef 8c10 	mrs	ip, PRIMASK
10000aee:	b672      	cpsid	i
10000af0:	4a21      	ldr	r2, [pc, #132]	@ (10000b78 <irq_add_tail_to_free_list+0x98>)
10000af2:	6813      	ldr	r3, [r2, #0]
10000af4:	2b00      	cmp	r3, #0
10000af6:	d0fc      	beq.n	10000af2 <irq_add_tail_to_free_list+0x12>
10000af8:	f3bf 8f5f 	dmb	sy
10000afc:	4b1f      	ldr	r3, [pc, #124]	@ (10000b7c <irq_add_tail_to_free_list+0x9c>)
10000afe:	0005      	movs	r5, r0
10000b00:	4a1f      	ldr	r2, [pc, #124]	@ (10000b80 <irq_add_tail_to_free_list+0xa0>)
10000b02:	1aed      	subs	r5, r5, r3
10000b04:	416d      	adcs	r5, r5
10000b06:	436a      	muls	r2, r5
10000b08:	0d12      	lsrs	r2, r2, #20
10000b0a:	4d1e      	ldr	r5, [pc, #120]	@ (10000b84 <irq_add_tail_to_free_list+0xa4>)
10000b0c:	0089      	lsls	r1, r1, #2
10000b0e:	68ae      	ldr	r6, [r5, #8]
10000b10:	b252      	sxtb	r2, r2
10000b12:	5876      	ldr	r6, [r6, r1]
10000b14:	42a6      	cmp	r6, r4
10000b16:	d01c      	beq.n	10000b52 <irq_add_tail_to_free_list+0x72>
10000b18:	2106      	movs	r1, #6
10000b1a:	5659      	ldrsb	r1, [r3, r1]
10000b1c:	4291      	cmp	r1, r2
10000b1e:	d01c      	beq.n	10000b5a <irq_add_tail_to_free_list+0x7a>
10000b20:	2112      	movs	r1, #18
10000b22:	5659      	ldrsb	r1, [r3, r1]
10000b24:	4291      	cmp	r1, r2
10000b26:	d022      	beq.n	10000b6e <irq_add_tail_to_free_list+0x8e>
10000b28:	211e      	movs	r1, #30
10000b2a:	5659      	ldrsb	r1, [r3, r1]
10000b2c:	4291      	cmp	r1, r2
10000b2e:	d020      	beq.n	10000b72 <irq_add_tail_to_free_list+0x92>
10000b30:	212a      	movs	r1, #42	@ 0x2a
10000b32:	5659      	ldrsb	r1, [r3, r1]
10000b34:	2403      	movs	r4, #3
10000b36:	4291      	cmp	r1, r2
10000b38:	d010      	beq.n	10000b5c <irq_add_tail_to_free_list+0x7c>
10000b3a:	4b13      	ldr	r3, [pc, #76]	@ (10000b88 <irq_add_tail_to_free_list+0xa8>)
10000b3c:	7819      	ldrb	r1, [r3, #0]
10000b3e:	701a      	strb	r2, [r3, #0]
10000b40:	7181      	strb	r1, [r0, #6]
10000b42:	f3bf 8f5f 	dmb	sy
10000b46:	2200      	movs	r2, #0
10000b48:	4b0b      	ldr	r3, [pc, #44]	@ (10000b78 <irq_add_tail_to_free_list+0x98>)
10000b4a:	601a      	str	r2, [r3, #0]
10000b4c:	f38c 8810 	msr	PRIMASK, ip
10000b50:	bd70      	pop	{r4, r5, r6, pc}
10000b52:	68ab      	ldr	r3, [r5, #8]
10000b54:	4c0d      	ldr	r4, [pc, #52]	@ (10000b8c <irq_add_tail_to_free_list+0xac>)
10000b56:	505c      	str	r4, [r3, r1]
10000b58:	e7ef      	b.n	10000b3a <irq_add_tail_to_free_list+0x5a>
10000b5a:	2400      	movs	r4, #0
10000b5c:	0061      	lsls	r1, r4, #1
10000b5e:	1909      	adds	r1, r1, r4
10000b60:	0089      	lsls	r1, r1, #2
10000b62:	185b      	adds	r3, r3, r1
10000b64:	21ff      	movs	r1, #255	@ 0xff
10000b66:	7199      	strb	r1, [r3, #6]
10000b68:	4909      	ldr	r1, [pc, #36]	@ (10000b90 <irq_add_tail_to_free_list+0xb0>)
10000b6a:	8099      	strh	r1, [r3, #4]
10000b6c:	e7e5      	b.n	10000b3a <irq_add_tail_to_free_list+0x5a>
10000b6e:	2401      	movs	r4, #1
10000b70:	e7f4      	b.n	10000b5c <irq_add_tail_to_free_list+0x7c>
10000b72:	2402      	movs	r4, #2
10000b74:	e7f2      	b.n	10000b5c <irq_add_tail_to_free_list+0x7c>
10000b76:	46c0      	nop			@ (mov r8, r8)
10000b78:	d0000124 	.word	0xd0000124
10000b7c:	200005fc 	.word	0x200005fc
10000b80:	0000aaaa 	.word	0x0000aaaa
10000b84:	e000ed00 	.word	0xe000ed00
10000b88:	20021fd9 	.word	0x20021fd9
10000b8c:	100001c1 	.word	0x100001c1
10000b90:	ffffbd01 	.word	0xffffbd01

10000b94 <user_irq_unclaim>:
10000b94:	211f      	movs	r1, #31
10000b96:	b510      	push	{r4, lr}
10000b98:	1a09      	subs	r1, r1, r0
10000b9a:	4802      	ldr	r0, [pc, #8]	@ (10000ba4 <user_irq_unclaim+0x10>)
10000b9c:	f7ff fd2a 	bl	100005f4 <hw_claim_clear>
10000ba0:	bd10      	pop	{r4, pc}
10000ba2:	46c0      	nop			@ (mov r8, r8)
10000ba4:	20021fdb 	.word	0x20021fdb

10000ba8 <user_irq_claim_unused>:
10000ba8:	b510      	push	{r4, lr}
10000baa:	4b08      	ldr	r3, [pc, #32]	@ (10000bcc <user_irq_claim_unused+0x24>)
10000bac:	4c08      	ldr	r4, [pc, #32]	@ (10000bd0 <user_irq_claim_unused+0x28>)
10000bae:	b082      	sub	sp, #8
10000bb0:	0001      	movs	r1, r0
10000bb2:	9300      	str	r3, [sp, #0]
10000bb4:	2200      	movs	r2, #0
10000bb6:	2305      	movs	r3, #5
10000bb8:	0020      	movs	r0, r4
10000bba:	f7ff fccd 	bl	10000558 <hw_claim_unused_from_range>
10000bbe:	2800      	cmp	r0, #0
10000bc0:	db01      	blt.n	10000bc6 <user_irq_claim_unused+0x1e>
10000bc2:	231f      	movs	r3, #31
10000bc4:	1a18      	subs	r0, r3, r0
10000bc6:	b002      	add	sp, #8
10000bc8:	bd10      	pop	{r4, pc}
10000bca:	46c0      	nop			@ (mov r8, r8)
10000bcc:	1000b0b8 	.word	0x1000b0b8
10000bd0:	20021fdb 	.word	0x20021fdb

10000bd4 <sem_init>:
10000bd4:	b570      	push	{r4, r5, r6, lr}
10000bd6:	0004      	movs	r4, r0
10000bd8:	000e      	movs	r6, r1
10000bda:	0015      	movs	r5, r2
10000bdc:	f7ff fd26 	bl	1000062c <next_striped_spin_lock_num>
10000be0:	0001      	movs	r1, r0
10000be2:	0020      	movs	r0, r4
10000be4:	f000 f806 	bl	10000bf4 <lock_init>
10000be8:	80a6      	strh	r6, [r4, #4]
10000bea:	80e5      	strh	r5, [r4, #6]
10000bec:	f3bf 8f5f 	dmb	sy
10000bf0:	bd70      	pop	{r4, r5, r6, pc}
10000bf2:	46c0      	nop			@ (mov r8, r8)

10000bf4 <lock_init>:
10000bf4:	4b02      	ldr	r3, [pc, #8]	@ (10000c00 <lock_init+0xc>)
10000bf6:	469c      	mov	ip, r3
10000bf8:	4461      	add	r1, ip
10000bfa:	0089      	lsls	r1, r1, #2
10000bfc:	6001      	str	r1, [r0, #0]
10000bfe:	4770      	bx	lr
10000c00:	34000040 	.word	0x34000040

10000c04 <runtime_init_mutex>:
10000c04:	b5f8      	push	{r3, r4, r5, r6, r7, lr}
10000c06:	4c12      	ldr	r4, [pc, #72]	@ (10000c50 <runtime_init_mutex+0x4c>)
10000c08:	4d12      	ldr	r5, [pc, #72]	@ (10000c54 <runtime_init_mutex+0x50>)
10000c0a:	42ac      	cmp	r4, r5
10000c0c:	d212      	bcs.n	10000c34 <runtime_init_mutex+0x30>
10000c0e:	2601      	movs	r6, #1
10000c10:	2700      	movs	r7, #0
10000c12:	4276      	negs	r6, r6
10000c14:	6823      	ldr	r3, [r4, #0]
10000c16:	2b00      	cmp	r3, #0
10000c18:	d00d      	beq.n	10000c36 <runtime_init_mutex+0x32>
10000c1a:	f7ff fd07 	bl	1000062c <next_striped_spin_lock_num>
10000c1e:	0001      	movs	r1, r0
10000c20:	0020      	movs	r0, r4
10000c22:	f7ff ffe7 	bl	10000bf4 <lock_init>
10000c26:	6066      	str	r6, [r4, #4]
10000c28:	7227      	strb	r7, [r4, #8]
10000c2a:	f3bf 8f5f 	dmb	sy
10000c2e:	340c      	adds	r4, #12
10000c30:	42ac      	cmp	r4, r5
10000c32:	d3ef      	bcc.n	10000c14 <runtime_init_mutex+0x10>
10000c34:	bdf8      	pop	{r3, r4, r5, r6, r7, pc}
10000c36:	f7ff fcf9 	bl	1000062c <next_striped_spin_lock_num>
10000c3a:	0001      	movs	r1, r0
10000c3c:	0020      	movs	r0, r4
10000c3e:	f7ff ffd9 	bl	10000bf4 <lock_init>
10000c42:	6066      	str	r6, [r4, #4]
10000c44:	f3bf 8f5f 	dmb	sy
10000c48:	3408      	adds	r4, #8
10000c4a:	42ac      	cmp	r4, r5
10000c4c:	d3e2      	bcc.n	10000c14 <runtime_init_mutex+0x10>
10000c4e:	e7f1      	b.n	10000c34 <runtime_init_mutex+0x30>
10000c50:	20000c10 	.word	0x20000c10
10000c54:	20000c20 	.word	0x20000c20

10000c58 <recursive_mutex_init>:
10000c58:	b510      	push	{r4, lr}
10000c5a:	0004      	movs	r4, r0
10000c5c:	f7ff fce6 	bl	1000062c <next_striped_spin_lock_num>
10000c60:	0001      	movs	r1, r0
10000c62:	0020      	movs	r0, r4
10000c64:	f7ff ffc6 	bl	10000bf4 <lock_init>
10000c68:	2301      	movs	r3, #1
10000c6a:	425b      	negs	r3, r3
10000c6c:	6063      	str	r3, [r4, #4]
10000c6e:	2300      	movs	r3, #0
10000c70:	7223      	strb	r3, [r4, #8]
10000c72:	f3bf 8f5f 	dmb	sy
10000c76:	bd10      	pop	{r4, pc}

10000c78 <alarm_pool_irq_handler>:
10000c78:	b5f0      	push	{r4, r5, r6, r7, lr}
10000c7a:	46de      	mov	lr, fp
10000c7c:	4657      	mov	r7, sl
10000c7e:	464e      	mov	r6, r9
10000c80:	4645      	mov	r5, r8
10000c82:	b5e0      	push	{r5, r6, r7, lr}
10000c84:	b083      	sub	sp, #12
10000c86:	f3ef 8205 	mrs	r2, IPSR
10000c8a:	2303      	movs	r3, #3
10000c8c:	4013      	ands	r3, r2
10000c8e:	4ab5      	ldr	r2, [pc, #724]	@ (10000f64 <alarm_pool_irq_handler+0x2ec>)
10000c90:	0099      	lsls	r1, r3, #2
10000c92:	5852      	ldr	r2, [r2, r1]
10000c94:	9100      	str	r1, [sp, #0]
10000c96:	4690      	mov	r8, r2
10000c98:	2201      	movs	r2, #1
10000c9a:	409a      	lsls	r2, r3
10000c9c:	4693      	mov	fp, r2
10000c9e:	4bb2      	ldr	r3, [pc, #712]	@ (10000f68 <alarm_pool_irq_handler+0x2f0>)
10000ca0:	601a      	str	r2, [r3, #0]
10000ca2:	4bb2      	ldr	r3, [pc, #712]	@ (10000f6c <alarm_pool_irq_handler+0x2f4>)
10000ca4:	9301      	str	r3, [sp, #4]
10000ca6:	465b      	mov	r3, fp
10000ca8:	48b1      	ldr	r0, [pc, #708]	@ (10000f70 <alarm_pool_irq_handler+0x2f8>)
10000caa:	6343      	str	r3, [r0, #52]	@ 0x34
10000cac:	4643      	mov	r3, r8
10000cae:	2208      	movs	r2, #8
10000cb0:	5e9b      	ldrsh	r3, [r3, r2]
10000cb2:	4699      	mov	r9, r3
10000cb4:	2b00      	cmp	r3, #0
10000cb6:	da3a      	bge.n	10000d2e <alarm_pool_irq_handler+0xb6>
10000cb8:	4643      	mov	r3, r8
10000cba:	889b      	ldrh	r3, [r3, #4]
10000cbc:	b21b      	sxth	r3, r3
10000cbe:	2b00      	cmp	r3, #0
10000cc0:	db00      	blt.n	10000cc4 <alarm_pool_irq_handler+0x4c>
10000cc2:	e09d      	b.n	10000e00 <alarm_pool_irq_handler+0x188>
10000cc4:	4643      	mov	r3, r8
10000cc6:	799b      	ldrb	r3, [r3, #6]
10000cc8:	2b00      	cmp	r3, #0
10000cca:	d000      	beq.n	10000cce <alarm_pool_irq_handler+0x56>
10000ccc:	e0e1      	b.n	10000e92 <alarm_pool_irq_handler+0x21a>
10000cce:	4643      	mov	r3, r8
10000cd0:	2408      	movs	r4, #8
10000cd2:	5f1c      	ldrsh	r4, [r3, r4]
10000cd4:	2c00      	cmp	r4, #0
10000cd6:	db20      	blt.n	10000d1a <alarm_pool_irq_handler+0xa2>
10000cd8:	4643      	mov	r3, r8
10000cda:	695a      	ldr	r2, [r3, #20]
10000cdc:	0063      	lsls	r3, r4, #1
10000cde:	191b      	adds	r3, r3, r4
10000ce0:	00db      	lsls	r3, r3, #3
10000ce2:	18d3      	adds	r3, r2, r3
10000ce4:	689d      	ldr	r5, [r3, #8]
10000ce6:	68dc      	ldr	r4, [r3, #12]
10000ce8:	1c6b      	adds	r3, r5, #1
10000cea:	d100      	bne.n	10000cee <alarm_pool_irq_handler+0x76>
10000cec:	e103      	b.n	10000ef6 <alarm_pool_irq_handler+0x27e>
10000cee:	48a0      	ldr	r0, [pc, #640]	@ (10000f70 <alarm_pool_irq_handler+0x2f8>)
10000cf0:	9900      	ldr	r1, [sp, #0]
10000cf2:	4684      	mov	ip, r0
10000cf4:	4461      	add	r1, ip
10000cf6:	6a82      	ldr	r2, [r0, #40]	@ 0x28
10000cf8:	690b      	ldr	r3, [r1, #16]
10000cfa:	1aae      	subs	r6, r5, r2
10000cfc:	1a9b      	subs	r3, r3, r2
10000cfe:	429e      	cmp	r6, r3
10000d00:	d313      	bcc.n	10000d2a <alarm_pool_irq_handler+0xb2>
10000d02:	465a      	mov	r2, fp
10000d04:	6a03      	ldr	r3, [r0, #32]
10000d06:	421a      	tst	r2, r3
10000d08:	d00f      	beq.n	10000d2a <alarm_pool_irq_handler+0xb2>
10000d0a:	4899      	ldr	r0, [pc, #612]	@ (10000f70 <alarm_pool_irq_handler+0x2f8>)
10000d0c:	f000 fc54 	bl	100015b8 <timer_time_us_64>
10000d10:	428c      	cmp	r4, r1
10000d12:	dc02      	bgt.n	10000d1a <alarm_pool_irq_handler+0xa2>
10000d14:	d1c7      	bne.n	10000ca6 <alarm_pool_irq_handler+0x2e>
10000d16:	4285      	cmp	r5, r0
10000d18:	d9c5      	bls.n	10000ca6 <alarm_pool_irq_handler+0x2e>
10000d1a:	bf40      	sev
10000d1c:	b003      	add	sp, #12
10000d1e:	bcf0      	pop	{r4, r5, r6, r7}
10000d20:	46bb      	mov	fp, r7
10000d22:	46b2      	mov	sl, r6
10000d24:	46a9      	mov	r9, r5
10000d26:	46a0      	mov	r8, r4
10000d28:	bdf0      	pop	{r4, r5, r6, r7, pc}
10000d2a:	610d      	str	r5, [r1, #16]
10000d2c:	e7ed      	b.n	10000d0a <alarm_pool_irq_handler+0x92>
10000d2e:	4642      	mov	r2, r8
10000d30:	6952      	ldr	r2, [r2, #20]
10000d32:	005b      	lsls	r3, r3, #1
10000d34:	4692      	mov	sl, r2
10000d36:	444b      	add	r3, r9
10000d38:	00db      	lsls	r3, r3, #3
10000d3a:	449a      	add	sl, r3
10000d3c:	4653      	mov	r3, sl
10000d3e:	689e      	ldr	r6, [r3, #8]
10000d40:	68df      	ldr	r7, [r3, #12]
10000d42:	f000 fc39 	bl	100015b8 <timer_time_us_64>
10000d46:	428f      	cmp	r7, r1
10000d48:	dcb6      	bgt.n	10000cb8 <alarm_pool_irq_handler+0x40>
10000d4a:	d100      	bne.n	10000d4e <alarm_pool_irq_handler+0xd6>
10000d4c:	e0f8      	b.n	10000f40 <alarm_pool_irq_handler+0x2c8>
10000d4e:	2f00      	cmp	r7, #0
10000d50:	da00      	bge.n	10000d54 <alarm_pool_irq_handler+0xdc>
10000d52:	e0d9      	b.n	10000f08 <alarm_pool_irq_handler+0x290>
10000d54:	4652      	mov	r2, sl
10000d56:	4653      	mov	r3, sl
10000d58:	6954      	ldr	r4, [r2, #20]
10000d5a:	691b      	ldr	r3, [r3, #16]
10000d5c:	9a01      	ldr	r2, [sp, #4]
10000d5e:	4293      	cmp	r3, r2
10000d60:	d100      	bne.n	10000d64 <alarm_pool_irq_handler+0xec>
10000d62:	e0cc      	b.n	10000efe <alarm_pool_irq_handler+0x286>
10000d64:	4641      	mov	r1, r8
10000d66:	4652      	mov	r2, sl
10000d68:	2008      	movs	r0, #8
10000d6a:	5e08      	ldrsh	r0, [r1, r0]
10000d6c:	8852      	ldrh	r2, [r2, #2]
10000d6e:	0400      	lsls	r0, r0, #16
10000d70:	0021      	movs	r1, r4
10000d72:	4310      	orrs	r0, r2
10000d74:	4798      	blx	r3
10000d76:	0004      	movs	r4, r0
10000d78:	000d      	movs	r5, r1
10000d7a:	0023      	movs	r3, r4
10000d7c:	432b      	orrs	r3, r5
10000d7e:	d100      	bne.n	10000d82 <alarm_pool_irq_handler+0x10a>
10000d80:	e0c2      	b.n	10000f08 <alarm_pool_irq_handler+0x290>
10000d82:	2d00      	cmp	r5, #0
10000d84:	db00      	blt.n	10000d88 <alarm_pool_irq_handler+0x110>
10000d86:	e0df      	b.n	10000f48 <alarm_pool_irq_handler+0x2d0>
10000d88:	0030      	movs	r0, r6
10000d8a:	0039      	movs	r1, r7
10000d8c:	1b00      	subs	r0, r0, r4
10000d8e:	41a9      	sbcs	r1, r5
10000d90:	4653      	mov	r3, sl
10000d92:	6098      	str	r0, [r3, #8]
10000d94:	60d9      	str	r1, [r3, #12]
10000d96:	2200      	movs	r2, #0
10000d98:	5e9a      	ldrsh	r2, [r3, r2]
10000d9a:	2a00      	cmp	r2, #0
10000d9c:	da00      	bge.n	10000da0 <alarm_pool_irq_handler+0x128>
10000d9e:	e78b      	b.n	10000cb8 <alarm_pool_irq_handler+0x40>
10000da0:	4643      	mov	r3, r8
10000da2:	695d      	ldr	r5, [r3, #20]
10000da4:	0053      	lsls	r3, r2, #1
10000da6:	189c      	adds	r4, r3, r2
10000da8:	00e4      	lsls	r4, r4, #3
10000daa:	192c      	adds	r4, r5, r4
10000dac:	68a7      	ldr	r7, [r4, #8]
10000dae:	68e4      	ldr	r4, [r4, #12]
10000db0:	428c      	cmp	r4, r1
10000db2:	dd00      	ble.n	10000db6 <alarm_pool_irq_handler+0x13e>
10000db4:	e780      	b.n	10000cb8 <alarm_pool_irq_handler+0x40>
10000db6:	d102      	bne.n	10000dbe <alarm_pool_irq_handler+0x146>
10000db8:	4287      	cmp	r7, r0
10000dba:	d900      	bls.n	10000dbe <alarm_pool_irq_handler+0x146>
10000dbc:	e77c      	b.n	10000cb8 <alarm_pool_irq_handler+0x40>
10000dbe:	4646      	mov	r6, r8
10000dc0:	8132      	strh	r2, [r6, #8]
10000dc2:	3608      	adds	r6, #8
10000dc4:	e00d      	b.n	10000de2 <alarm_pool_irq_handler+0x16a>
10000dc6:	428c      	cmp	r4, r1
10000dc8:	d100      	bne.n	10000dcc <alarm_pool_irq_handler+0x154>
10000dca:	e0c6      	b.n	10000f5a <alarm_pool_irq_handler+0x2e2>
10000dcc:	001e      	movs	r6, r3
10000dce:	2300      	movs	r3, #0
10000dd0:	5ef2      	ldrsh	r2, [r6, r3]
10000dd2:	2a00      	cmp	r2, #0
10000dd4:	db0a      	blt.n	10000dec <alarm_pool_irq_handler+0x174>
10000dd6:	0053      	lsls	r3, r2, #1
10000dd8:	189c      	adds	r4, r3, r2
10000dda:	00e4      	lsls	r4, r4, #3
10000ddc:	192c      	adds	r4, r5, r4
10000dde:	68a7      	ldr	r7, [r4, #8]
10000de0:	68e4      	ldr	r4, [r4, #12]
10000de2:	189b      	adds	r3, r3, r2
10000de4:	00db      	lsls	r3, r3, #3
10000de6:	18eb      	adds	r3, r5, r3
10000de8:	428c      	cmp	r4, r1
10000dea:	ddec      	ble.n	10000dc6 <alarm_pool_irq_handler+0x14e>
10000dec:	4653      	mov	r3, sl
10000dee:	801a      	strh	r2, [r3, #0]
10000df0:	464b      	mov	r3, r9
10000df2:	8033      	strh	r3, [r6, #0]
10000df4:	4643      	mov	r3, r8
10000df6:	889b      	ldrh	r3, [r3, #4]
10000df8:	b21b      	sxth	r3, r3
10000dfa:	2b00      	cmp	r3, #0
10000dfc:	da00      	bge.n	10000e00 <alarm_pool_irq_handler+0x188>
10000dfe:	e761      	b.n	10000cc4 <alarm_pool_irq_handler+0x4c>
10000e00:	4643      	mov	r3, r8
10000e02:	691a      	ldr	r2, [r3, #16]
10000e04:	f3ef 8110 	mrs	r1, PRIMASK
10000e08:	b672      	cpsid	i
10000e0a:	6813      	ldr	r3, [r2, #0]
10000e0c:	2b00      	cmp	r3, #0
10000e0e:	d0fc      	beq.n	10000e0a <alarm_pool_irq_handler+0x192>
10000e10:	f3bf 8f5f 	dmb	sy
10000e14:	4643      	mov	r3, r8
10000e16:	889e      	ldrh	r6, [r3, #4]
10000e18:	2301      	movs	r3, #1
10000e1a:	4642      	mov	r2, r8
10000e1c:	425b      	negs	r3, r3
10000e1e:	8093      	strh	r3, [r2, #4]
10000e20:	b236      	sxth	r6, r6
10000e22:	6913      	ldr	r3, [r2, #16]
10000e24:	f3bf 8f5f 	dmb	sy
10000e28:	2200      	movs	r2, #0
10000e2a:	601a      	str	r2, [r3, #0]
10000e2c:	f381 8810 	msr	PRIMASK, r1
10000e30:	2e00      	cmp	r6, #0
10000e32:	da00      	bge.n	10000e36 <alarm_pool_irq_handler+0x1be>
10000e34:	e746      	b.n	10000cc4 <alarm_pool_irq_handler+0x4c>
10000e36:	4643      	mov	r3, r8
10000e38:	695d      	ldr	r5, [r3, #20]
10000e3a:	3308      	adds	r3, #8
10000e3c:	4642      	mov	r2, r8
10000e3e:	469c      	mov	ip, r3
10000e40:	0077      	lsls	r7, r6, #1
10000e42:	19bf      	adds	r7, r7, r6
10000e44:	00ff      	lsls	r7, r7, #3
10000e46:	19ef      	adds	r7, r5, r7
10000e48:	68bb      	ldr	r3, [r7, #8]
10000e4a:	4660      	mov	r0, ip
10000e4c:	4698      	mov	r8, r3
10000e4e:	2308      	movs	r3, #8
10000e50:	5ed1      	ldrsh	r1, [r2, r3]
10000e52:	4692      	mov	sl, r2
10000e54:	68fc      	ldr	r4, [r7, #12]
10000e56:	2900      	cmp	r1, #0
10000e58:	da07      	bge.n	10000e6a <alarm_pool_irq_handler+0x1f2>
10000e5a:	e00e      	b.n	10000e7a <alarm_pool_irq_handler+0x202>
10000e5c:	42a2      	cmp	r2, r4
10000e5e:	d046      	beq.n	10000eee <alarm_pool_irq_handler+0x276>
10000e60:	0018      	movs	r0, r3
10000e62:	2300      	movs	r3, #0
10000e64:	5ec1      	ldrsh	r1, [r0, r3]
10000e66:	2900      	cmp	r1, #0
10000e68:	db06      	blt.n	10000e78 <alarm_pool_irq_handler+0x200>
10000e6a:	004b      	lsls	r3, r1, #1
10000e6c:	185b      	adds	r3, r3, r1
10000e6e:	00db      	lsls	r3, r3, #3
10000e70:	18eb      	adds	r3, r5, r3
10000e72:	68da      	ldr	r2, [r3, #12]
10000e74:	42a2      	cmp	r2, r4
10000e76:	ddf1      	ble.n	10000e5c <alarm_pool_irq_handler+0x1e4>
10000e78:	4652      	mov	r2, sl
10000e7a:	8006      	strh	r6, [r0, #0]
10000e7c:	2300      	movs	r3, #0
10000e7e:	5efe      	ldrsh	r6, [r7, r3]
10000e80:	8039      	strh	r1, [r7, #0]
10000e82:	2e00      	cmp	r6, #0
10000e84:	dadc      	bge.n	10000e40 <alarm_pool_irq_handler+0x1c8>
10000e86:	4690      	mov	r8, r2
10000e88:	4643      	mov	r3, r8
10000e8a:	799b      	ldrb	r3, [r3, #6]
10000e8c:	2b00      	cmp	r3, #0
10000e8e:	d100      	bne.n	10000e92 <alarm_pool_irq_handler+0x21a>
10000e90:	e71d      	b.n	10000cce <alarm_pool_irq_handler+0x56>
10000e92:	2300      	movs	r3, #0
10000e94:	4642      	mov	r2, r8
10000e96:	7193      	strb	r3, [r2, #6]
10000e98:	4643      	mov	r3, r8
10000e9a:	4646      	mov	r6, r8
10000e9c:	2108      	movs	r1, #8
10000e9e:	5e59      	ldrsh	r1, [r3, r1]
10000ea0:	3608      	adds	r6, #8
10000ea2:	1c4b      	adds	r3, r1, #1
10000ea4:	d100      	bne.n	10000ea8 <alarm_pool_irq_handler+0x230>
10000ea6:	e738      	b.n	10000d1a <alarm_pool_irq_handler+0xa2>
10000ea8:	4647      	mov	r7, r8
10000eaa:	4689      	mov	r9, r1
10000eac:	6955      	ldr	r5, [r2, #20]
10000eae:	e002      	b.n	10000eb6 <alarm_pool_irq_handler+0x23e>
10000eb0:	0006      	movs	r6, r0
10000eb2:	1c4b      	adds	r3, r1, #1
10000eb4:	d018      	beq.n	10000ee8 <alarm_pool_irq_handler+0x270>
10000eb6:	004b      	lsls	r3, r1, #1
10000eb8:	185b      	adds	r3, r3, r1
10000eba:	00db      	lsls	r3, r3, #3
10000ebc:	18e8      	adds	r0, r5, r3
10000ebe:	000a      	movs	r2, r1
10000ec0:	468c      	mov	ip, r1
10000ec2:	5ee9      	ldrsh	r1, [r5, r3]
10000ec4:	8843      	ldrh	r3, [r0, #2]
10000ec6:	b21b      	sxth	r3, r3
10000ec8:	2b00      	cmp	r3, #0
10000eca:	daf1      	bge.n	10000eb0 <alarm_pool_irq_handler+0x238>
10000ecc:	2301      	movs	r3, #1
10000ece:	425b      	negs	r3, r3
10000ed0:	17dc      	asrs	r4, r3, #31
10000ed2:	6083      	str	r3, [r0, #8]
10000ed4:	60c4      	str	r4, [r0, #12]
10000ed6:	454a      	cmp	r2, r9
10000ed8:	d003      	beq.n	10000ee2 <alarm_pool_irq_handler+0x26a>
10000eda:	8031      	strh	r1, [r6, #0]
10000edc:	893b      	ldrh	r3, [r7, #8]
10000ede:	8003      	strh	r3, [r0, #0]
10000ee0:	813a      	strh	r2, [r7, #8]
10000ee2:	46e1      	mov	r9, ip
10000ee4:	1c4b      	adds	r3, r1, #1
10000ee6:	d1e6      	bne.n	10000eb6 <alarm_pool_irq_handler+0x23e>
10000ee8:	46b8      	mov	r8, r7
10000eea:	464c      	mov	r4, r9
10000eec:	e6f2      	b.n	10000cd4 <alarm_pool_irq_handler+0x5c>
10000eee:	689a      	ldr	r2, [r3, #8]
10000ef0:	4542      	cmp	r2, r8
10000ef2:	d9b5      	bls.n	10000e60 <alarm_pool_irq_handler+0x1e8>
10000ef4:	e7c0      	b.n	10000e78 <alarm_pool_irq_handler+0x200>
10000ef6:	1c63      	adds	r3, r4, #1
10000ef8:	d000      	beq.n	10000efc <alarm_pool_irq_handler+0x284>
10000efa:	e6f8      	b.n	10000cee <alarm_pool_irq_handler+0x76>
10000efc:	e705      	b.n	10000d0a <alarm_pool_irq_handler+0x92>
10000efe:	0020      	movs	r0, r4
10000f00:	6923      	ldr	r3, [r4, #16]
10000f02:	4798      	blx	r3
10000f04:	2800      	cmp	r0, #0
10000f06:	d125      	bne.n	10000f54 <alarm_pool_irq_handler+0x2dc>
10000f08:	4653      	mov	r3, sl
10000f0a:	4642      	mov	r2, r8
10000f0c:	881b      	ldrh	r3, [r3, #0]
10000f0e:	8113      	strh	r3, [r2, #8]
10000f10:	6912      	ldr	r2, [r2, #16]
10000f12:	f3ef 8310 	mrs	r3, PRIMASK
10000f16:	b672      	cpsid	i
10000f18:	6811      	ldr	r1, [r2, #0]
10000f1a:	2900      	cmp	r1, #0
10000f1c:	d0fc      	beq.n	10000f18 <alarm_pool_irq_handler+0x2a0>
10000f1e:	f3bf 8f5f 	dmb	sy
10000f22:	4642      	mov	r2, r8
10000f24:	4651      	mov	r1, sl
10000f26:	8852      	ldrh	r2, [r2, #2]
10000f28:	800a      	strh	r2, [r1, #0]
10000f2a:	4642      	mov	r2, r8
10000f2c:	4649      	mov	r1, r9
10000f2e:	8051      	strh	r1, [r2, #2]
10000f30:	6912      	ldr	r2, [r2, #16]
10000f32:	f3bf 8f5f 	dmb	sy
10000f36:	2100      	movs	r1, #0
10000f38:	6011      	str	r1, [r2, #0]
10000f3a:	f383 8810 	msr	PRIMASK, r3
10000f3e:	e6bb      	b.n	10000cb8 <alarm_pool_irq_handler+0x40>
10000f40:	4286      	cmp	r6, r0
10000f42:	d800      	bhi.n	10000f46 <alarm_pool_irq_handler+0x2ce>
10000f44:	e703      	b.n	10000d4e <alarm_pool_irq_handler+0xd6>
10000f46:	e6b7      	b.n	10000cb8 <alarm_pool_irq_handler+0x40>
10000f48:	4809      	ldr	r0, [pc, #36]	@ (10000f70 <alarm_pool_irq_handler+0x2f8>)
10000f4a:	f000 fb35 	bl	100015b8 <timer_time_us_64>
10000f4e:	1900      	adds	r0, r0, r4
10000f50:	4169      	adcs	r1, r5
10000f52:	e71d      	b.n	10000d90 <alarm_pool_irq_handler+0x118>
10000f54:	6865      	ldr	r5, [r4, #4]
10000f56:	6824      	ldr	r4, [r4, #0]
10000f58:	e70f      	b.n	10000d7a <alarm_pool_irq_handler+0x102>
10000f5a:	4287      	cmp	r7, r0
10000f5c:	d800      	bhi.n	10000f60 <alarm_pool_irq_handler+0x2e8>
10000f5e:	e735      	b.n	10000dcc <alarm_pool_irq_handler+0x154>
10000f60:	e744      	b.n	10000dec <alarm_pool_irq_handler+0x174>
10000f62:	46c0      	nop			@ (mov r8, r8)
10000f64:	20001b14 	.word	0x20001b14
10000f68:	4005703c 	.word	0x4005703c
10000f6c:	10000c79 	.word	0x10000c79
10000f70:	40054000 	.word	0x40054000

10000f74 <sleep_until_callback>:
10000f74:	4807      	ldr	r0, [pc, #28]	@ (10000f94 <sleep_until_callback+0x20>)
10000f76:	b510      	push	{r4, lr}
10000f78:	6802      	ldr	r2, [r0, #0]
10000f7a:	f3ef 8110 	mrs	r1, PRIMASK
10000f7e:	b672      	cpsid	i
10000f80:	6813      	ldr	r3, [r2, #0]
10000f82:	2b00      	cmp	r3, #0
10000f84:	d0fc      	beq.n	10000f80 <sleep_until_callback+0xc>
10000f86:	f3bf 8f5f 	dmb	sy
10000f8a:	f003 fdb9 	bl	10004b00 <vPortLockInternalSpinUnlockWithNotify>
10000f8e:	2000      	movs	r0, #0
10000f90:	2100      	movs	r1, #0
10000f92:	bd10      	pop	{r4, pc}
10000f94:	20001ed8 	.word	0x20001ed8

10000f98 <runtime_init_default_alarm_pool>:
10000f98:	b570      	push	{r4, r5, r6, lr}
10000f9a:	4c2e      	ldr	r4, [pc, #184]	@ (10001054 <runtime_init_default_alarm_pool+0xbc>)
10000f9c:	6925      	ldr	r5, [r4, #16]
10000f9e:	2d00      	cmp	r5, #0
10000fa0:	d004      	beq.n	10000fac <runtime_init_default_alarm_pool+0x14>
10000fa2:	210a      	movs	r1, #10
10000fa4:	482c      	ldr	r0, [pc, #176]	@ (10001058 <runtime_init_default_alarm_pool+0xc0>)
10000fa6:	f7ff fe25 	bl	10000bf4 <lock_init>
10000faa:	bd70      	pop	{r4, r5, r6, pc}
10000fac:	4e2b      	ldr	r6, [pc, #172]	@ (1000105c <runtime_init_default_alarm_pool+0xc4>)
10000fae:	2103      	movs	r1, #3
10000fb0:	0030      	movs	r0, r6
10000fb2:	f000 fadf 	bl	10001574 <timer_hardware_alarm_claim>
10000fb6:	60e6      	str	r6, [r4, #12]
10000fb8:	f7ff fb38 	bl	1000062c <next_striped_spin_lock_num>
10000fbc:	4b28      	ldr	r3, [pc, #160]	@ (10001060 <runtime_init_default_alarm_pool+0xc8>)
10000fbe:	2203      	movs	r2, #3
10000fc0:	469c      	mov	ip, r3
10000fc2:	23d0      	movs	r3, #208	@ 0xd0
10000fc4:	7022      	strb	r2, [r4, #0]
10000fc6:	061b      	lsls	r3, r3, #24
10000fc8:	681b      	ldr	r3, [r3, #0]
10000fca:	2101      	movs	r1, #1
10000fcc:	7063      	strb	r3, [r4, #1]
10000fce:	4b25      	ldr	r3, [pc, #148]	@ (10001064 <runtime_init_default_alarm_pool+0xcc>)
10000fd0:	4460      	add	r0, ip
10000fd2:	60a3      	str	r3, [r4, #8]
10000fd4:	230f      	movs	r3, #15
10000fd6:	0080      	lsls	r0, r0, #2
10000fd8:	6120      	str	r0, [r4, #16]
10000fda:	2002      	movs	r0, #2
10000fdc:	8063      	strh	r3, [r4, #2]
10000fde:	6963      	ldr	r3, [r4, #20]
10000fe0:	4249      	negs	r1, r1
10000fe2:	80a1      	strh	r1, [r4, #4]
10000fe4:	8019      	strh	r1, [r3, #0]
10000fe6:	3102      	adds	r1, #2
10000fe8:	8619      	strh	r1, [r3, #48]	@ 0x30
10000fea:	3147      	adds	r1, #71	@ 0x47
10000fec:	831d      	strh	r5, [r3, #24]
10000fee:	5258      	strh	r0, [r3, r1]
10000ff0:	3118      	adds	r1, #24
10000ff2:	525a      	strh	r2, [r3, r1]
10000ff4:	3275      	adds	r2, #117	@ 0x75
10000ff6:	395c      	subs	r1, #92	@ 0x5c
10000ff8:	5299      	strh	r1, [r3, r2]
10000ffa:	3218      	adds	r2, #24
10000ffc:	3101      	adds	r1, #1
10000ffe:	5299      	strh	r1, [r3, r2]
10001000:	3218      	adds	r2, #24
10001002:	3101      	adds	r1, #1
10001004:	5299      	strh	r1, [r3, r2]
10001006:	3218      	adds	r2, #24
10001008:	3101      	adds	r1, #1
1000100a:	5299      	strh	r1, [r3, r2]
1000100c:	3508      	adds	r5, #8
1000100e:	3218      	adds	r2, #24
10001010:	529d      	strh	r5, [r3, r2]
10001012:	3102      	adds	r1, #2
10001014:	3218      	adds	r2, #24
10001016:	5299      	strh	r1, [r3, r2]
10001018:	3218      	adds	r2, #24
1000101a:	3101      	adds	r1, #1
1000101c:	5299      	strh	r1, [r3, r2]
1000101e:	3218      	adds	r2, #24
10001020:	3101      	adds	r1, #1
10001022:	5299      	strh	r1, [r3, r2]
10001024:	3218      	adds	r2, #24
10001026:	3101      	adds	r1, #1
10001028:	5299      	strh	r1, [r3, r2]
1000102a:	3218      	adds	r2, #24
1000102c:	3101      	adds	r1, #1
1000102e:	5299      	strh	r1, [r3, r2]
10001030:	3218      	adds	r2, #24
10001032:	3101      	adds	r1, #1
10001034:	5299      	strh	r1, [r3, r2]
10001036:	4b0c      	ldr	r3, [pc, #48]	@ (10001068 <runtime_init_default_alarm_pool+0xd0>)
10001038:	490c      	ldr	r1, [pc, #48]	@ (1000106c <runtime_init_default_alarm_pool+0xd4>)
1000103a:	60dc      	str	r4, [r3, #12]
1000103c:	3001      	adds	r0, #1
1000103e:	6235      	str	r5, [r6, #32]
10001040:	f7ff fb3a 	bl	100006b8 <irq_set_exclusive_handler>
10001044:	2101      	movs	r1, #1
10001046:	2003      	movs	r0, #3
10001048:	f7ff fb1c 	bl	10000684 <irq_set_enabled>
1000104c:	4b08      	ldr	r3, [pc, #32]	@ (10001070 <runtime_init_default_alarm_pool+0xd8>)
1000104e:	601d      	str	r5, [r3, #0]
10001050:	e7a7      	b.n	10000fa2 <runtime_init_default_alarm_pool+0xa>
10001052:	46c0      	nop			@ (mov r8, r8)
10001054:	20000650 	.word	0x20000650
10001058:	20001ed8 	.word	0x20001ed8
1000105c:	40054000 	.word	0x40054000
10001060:	34000040 	.word	0x34000040
10001064:	0010ffff 	.word	0x0010ffff
10001068:	20001b14 	.word	0x20001b14
1000106c:	10000c79 	.word	0x10000c79
10001070:	40056038 	.word	0x40056038

10001074 <alarm_pool_get_default>:
10001074:	4800      	ldr	r0, [pc, #0]	@ (10001078 <alarm_pool_get_default+0x4>)
10001076:	4770      	bx	lr
10001078:	20000650 	.word	0x20000650

1000107c <alarm_pool_create_on_timer_with_unused_hardware_alarm>:
1000107c:	b5f8      	push	{r3, r4, r5, r6, r7, lr}
1000107e:	0005      	movs	r5, r0
10001080:	2018      	movs	r0, #24
10001082:	000f      	movs	r7, r1
10001084:	f001 fa3c 	bl	10002500 <__wrap_malloc>
10001088:	1e04      	subs	r4, r0, #0
1000108a:	d045      	beq.n	10001118 <alarm_pool_create_on_timer_with_unused_hardware_alarm+0x9c>
1000108c:	2118      	movs	r1, #24
1000108e:	0038      	movs	r0, r7
10001090:	f001 fa54 	bl	1000253c <__wrap_calloc>
10001094:	6160      	str	r0, [r4, #20]
10001096:	2800      	cmp	r0, #0
10001098:	d03b      	beq.n	10001112 <alarm_pool_create_on_timer_with_unused_hardware_alarm+0x96>
1000109a:	2101      	movs	r1, #1
1000109c:	0028      	movs	r0, r5
1000109e:	f000 fa7b 	bl	10001598 <timer_hardware_alarm_claim_unused>
100010a2:	60e5      	str	r5, [r4, #12]
100010a4:	0006      	movs	r6, r0
100010a6:	f7ff fac1 	bl	1000062c <next_striped_spin_lock_num>
100010aa:	22d0      	movs	r2, #208	@ 0xd0
100010ac:	7026      	strb	r6, [r4, #0]
100010ae:	0612      	lsls	r2, r2, #24
100010b0:	6812      	ldr	r2, [r2, #0]
100010b2:	4b1a      	ldr	r3, [pc, #104]	@ (1000111c <alarm_pool_create_on_timer_with_unused_hardware_alarm+0xa0>)
100010b4:	7062      	strb	r2, [r4, #1]
100010b6:	469c      	mov	ip, r3
100010b8:	2201      	movs	r2, #1
100010ba:	b2bb      	uxth	r3, r7
100010bc:	4252      	negs	r2, r2
100010be:	4460      	add	r0, ip
100010c0:	0080      	lsls	r0, r0, #2
100010c2:	8163      	strh	r3, [r4, #10]
100010c4:	189b      	adds	r3, r3, r2
100010c6:	6120      	str	r0, [r4, #16]
100010c8:	8122      	strh	r2, [r4, #8]
100010ca:	80a2      	strh	r2, [r4, #4]
100010cc:	8063      	strh	r3, [r4, #2]
100010ce:	2f00      	cmp	r7, #0
100010d0:	d00b      	beq.n	100010ea <alarm_pool_create_on_timer_with_unused_hardware_alarm+0x6e>
100010d2:	0079      	lsls	r1, r7, #1
100010d4:	6962      	ldr	r2, [r4, #20]
100010d6:	19c9      	adds	r1, r1, r7
100010d8:	00c9      	lsls	r1, r1, #3
100010da:	4b11      	ldr	r3, [pc, #68]	@ (10001120 <alarm_pool_create_on_timer_with_unused_hardware_alarm+0xa4>)
100010dc:	1889      	adds	r1, r1, r2
100010de:	8013      	strh	r3, [r2, #0]
100010e0:	3301      	adds	r3, #1
100010e2:	3218      	adds	r2, #24
100010e4:	b29b      	uxth	r3, r3
100010e6:	428a      	cmp	r2, r1
100010e8:	d1f9      	bne.n	100010de <alarm_pool_create_on_timer_with_unused_hardware_alarm+0x62>
100010ea:	2701      	movs	r7, #1
100010ec:	40b7      	lsls	r7, r6
100010ee:	4b0d      	ldr	r3, [pc, #52]	@ (10001124 <alarm_pool_create_on_timer_with_unused_hardware_alarm+0xa8>)
100010f0:	00b2      	lsls	r2, r6, #2
100010f2:	0030      	movs	r0, r6
100010f4:	490c      	ldr	r1, [pc, #48]	@ (10001128 <alarm_pool_create_on_timer_with_unused_hardware_alarm+0xac>)
100010f6:	622f      	str	r7, [r5, #32]
100010f8:	50d4      	str	r4, [r2, r3]
100010fa:	f7ff fadd 	bl	100006b8 <irq_set_exclusive_handler>
100010fe:	2101      	movs	r1, #1
10001100:	0030      	movs	r0, r6
10001102:	f7ff fabf 	bl	10000684 <irq_set_enabled>
10001106:	4b09      	ldr	r3, [pc, #36]	@ (1000112c <alarm_pool_create_on_timer_with_unused_hardware_alarm+0xb0>)
10001108:	469c      	mov	ip, r3
1000110a:	4465      	add	r5, ip
1000110c:	602f      	str	r7, [r5, #0]
1000110e:	0020      	movs	r0, r4
10001110:	bdf8      	pop	{r3, r4, r5, r6, r7, pc}
10001112:	0020      	movs	r0, r4
10001114:	f001 fa34 	bl	10002580 <__wrap_free>
10001118:	2400      	movs	r4, #0
1000111a:	e7f8      	b.n	1000110e <alarm_pool_create_on_timer_with_unused_hardware_alarm+0x92>
1000111c:	34000040 	.word	0x34000040
10001120:	0000ffff 	.word	0x0000ffff
10001124:	20001b14 	.word	0x20001b14
10001128:	10000c79 	.word	0x10000c79
1000112c:	00002038 	.word	0x00002038

10001130 <alarm_pool_destroy>:
10001130:	4b12      	ldr	r3, [pc, #72]	@ (1000117c <alarm_pool_destroy+0x4c>)
10001132:	b570      	push	{r4, r5, r6, lr}
10001134:	0004      	movs	r4, r0
10001136:	4298      	cmp	r0, r3
10001138:	d01e      	beq.n	10001178 <alarm_pool_destroy+0x48>
1000113a:	2301      	movs	r3, #1
1000113c:	7805      	ldrb	r5, [r0, #0]
1000113e:	68c6      	ldr	r6, [r0, #12]
10001140:	40ab      	lsls	r3, r5
10001142:	4a0f      	ldr	r2, [pc, #60]	@ (10001180 <alarm_pool_destroy+0x50>)
10001144:	6233      	str	r3, [r6, #32]
10001146:	18b2      	adds	r2, r6, r2
10001148:	6013      	str	r3, [r2, #0]
1000114a:	2101      	movs	r1, #1
1000114c:	0028      	movs	r0, r5
1000114e:	f7ff fa99 	bl	10000684 <irq_set_enabled>
10001152:	0028      	movs	r0, r5
10001154:	490b      	ldr	r1, [pc, #44]	@ (10001184 <alarm_pool_destroy+0x54>)
10001156:	f7ff fbc5 	bl	100008e4 <irq_remove_handler>
1000115a:	0029      	movs	r1, r5
1000115c:	0030      	movs	r0, r6
1000115e:	f000 fa13 	bl	10001588 <timer_hardware_alarm_unclaim>
10001162:	2100      	movs	r1, #0
10001164:	7822      	ldrb	r2, [r4, #0]
10001166:	4b08      	ldr	r3, [pc, #32]	@ (10001188 <alarm_pool_destroy+0x58>)
10001168:	6960      	ldr	r0, [r4, #20]
1000116a:	0092      	lsls	r2, r2, #2
1000116c:	50d1      	str	r1, [r2, r3]
1000116e:	f001 fa07 	bl	10002580 <__wrap_free>
10001172:	0020      	movs	r0, r4
10001174:	f001 fa04 	bl	10002580 <__wrap_free>
10001178:	bd70      	pop	{r4, r5, r6, pc}
1000117a:	46c0      	nop			@ (mov r8, r8)
1000117c:	20000650 	.word	0x20000650
10001180:	00003038 	.word	0x00003038
10001184:	10000c79 	.word	0x10000c79
10001188:	20001b14 	.word	0x20001b14

1000118c <alarm_pool_add_alarm_at>:
1000118c:	b5f8      	push	{r3, r4, r5, r6, r7, lr}
1000118e:	001f      	movs	r7, r3
10001190:	ab08      	add	r3, sp, #32
10001192:	781b      	ldrb	r3, [r3, #0]
10001194:	0004      	movs	r4, r0
10001196:	0016      	movs	r6, r2
10001198:	2b00      	cmp	r3, #0
1000119a:	d108      	bne.n	100011ae <alarm_pool_add_alarm_at+0x22>
1000119c:	f000 fa14 	bl	100015c8 <time_us_64>
100011a0:	0032      	movs	r2, r6
100011a2:	003b      	movs	r3, r7
100011a4:	1a12      	subs	r2, r2, r0
100011a6:	418b      	sbcs	r3, r1
100011a8:	2b00      	cmp	r3, #0
100011aa:	da00      	bge.n	100011ae <alarm_pool_add_alarm_at+0x22>
100011ac:	e053      	b.n	10001256 <alarm_pool_add_alarm_at+0xca>
100011ae:	6922      	ldr	r2, [r4, #16]
100011b0:	f3ef 8010 	mrs	r0, PRIMASK
100011b4:	b672      	cpsid	i
100011b6:	6813      	ldr	r3, [r2, #0]
100011b8:	2b00      	cmp	r3, #0
100011ba:	d0fc      	beq.n	100011b6 <alarm_pool_add_alarm_at+0x2a>
100011bc:	f3bf 8f5f 	dmb	sy
100011c0:	2302      	movs	r3, #2
100011c2:	5ee1      	ldrsh	r1, [r4, r3]
100011c4:	6963      	ldr	r3, [r4, #20]
100011c6:	004a      	lsls	r2, r1, #1
100011c8:	1852      	adds	r2, r2, r1
100011ca:	00d2      	lsls	r2, r2, #3
100011cc:	189b      	adds	r3, r3, r2
100011ce:	2900      	cmp	r1, #0
100011d0:	db37      	blt.n	10001242 <alarm_pool_add_alarm_at+0xb6>
100011d2:	881a      	ldrh	r2, [r3, #0]
100011d4:	8062      	strh	r2, [r4, #2]
100011d6:	6922      	ldr	r2, [r4, #16]
100011d8:	f3bf 8f5f 	dmb	sy
100011dc:	2500      	movs	r5, #0
100011de:	6015      	str	r5, [r2, #0]
100011e0:	f380 8810 	msr	PRIMASK, r0
100011e4:	9a06      	ldr	r2, [sp, #24]
100011e6:	609e      	str	r6, [r3, #8]
100011e8:	60df      	str	r7, [r3, #12]
100011ea:	611a      	str	r2, [r3, #16]
100011ec:	9a07      	ldr	r2, [sp, #28]
100011ee:	615a      	str	r2, [r3, #20]
100011f0:	885a      	ldrh	r2, [r3, #2]
100011f2:	3201      	adds	r2, #1
100011f4:	0452      	lsls	r2, r2, #17
100011f6:	0c52      	lsrs	r2, r2, #17
100011f8:	1c10      	adds	r0, r2, #0
100011fa:	2a00      	cmp	r2, #0
100011fc:	d01f      	beq.n	1000123e <alarm_pool_add_alarm_at+0xb2>
100011fe:	b282      	uxth	r2, r0
10001200:	8058      	strh	r0, [r3, #2]
10001202:	0408      	lsls	r0, r1, #16
10001204:	4310      	orrs	r0, r2
10001206:	6926      	ldr	r6, [r4, #16]
10001208:	f3ef 8710 	mrs	r7, PRIMASK
1000120c:	b672      	cpsid	i
1000120e:	6832      	ldr	r2, [r6, #0]
10001210:	2a00      	cmp	r2, #0
10001212:	d0fc      	beq.n	1000120e <alarm_pool_add_alarm_at+0x82>
10001214:	f3bf 8f5f 	dmb	sy
10001218:	88a2      	ldrh	r2, [r4, #4]
1000121a:	801a      	strh	r2, [r3, #0]
1000121c:	80a1      	strh	r1, [r4, #4]
1000121e:	6923      	ldr	r3, [r4, #16]
10001220:	f3bf 8f5f 	dmb	sy
10001224:	2200      	movs	r2, #0
10001226:	601a      	str	r2, [r3, #0]
10001228:	f387 8810 	msr	PRIMASK, r7
1000122c:	490b      	ldr	r1, [pc, #44]	@ (1000125c <alarm_pool_add_alarm_at+0xd0>)
1000122e:	7823      	ldrb	r3, [r4, #0]
10001230:	468c      	mov	ip, r1
10001232:	3201      	adds	r2, #1
10001234:	409a      	lsls	r2, r3
10001236:	68e3      	ldr	r3, [r4, #12]
10001238:	4463      	add	r3, ip
1000123a:	601a      	str	r2, [r3, #0]
1000123c:	bdf8      	pop	{r3, r4, r5, r6, r7, pc}
1000123e:	2001      	movs	r0, #1
10001240:	e7dd      	b.n	100011fe <alarm_pool_add_alarm_at+0x72>
10001242:	6923      	ldr	r3, [r4, #16]
10001244:	f3bf 8f5f 	dmb	sy
10001248:	2200      	movs	r2, #0
1000124a:	601a      	str	r2, [r3, #0]
1000124c:	f380 8810 	msr	PRIMASK, r0
10001250:	2001      	movs	r0, #1
10001252:	4240      	negs	r0, r0
10001254:	e7f2      	b.n	1000123c <alarm_pool_add_alarm_at+0xb0>
10001256:	2000      	movs	r0, #0
10001258:	e7f0      	b.n	1000123c <alarm_pool_add_alarm_at+0xb0>
1000125a:	46c0      	nop			@ (mov r8, r8)
1000125c:	0000203c 	.word	0x0000203c

10001260 <alarm_pool_add_alarm_at_force_in_context>:
10001260:	b570      	push	{r4, r5, r6, lr}
10001262:	0001      	movs	r1, r0
10001264:	6904      	ldr	r4, [r0, #16]
10001266:	f3ef 8c10 	mrs	ip, PRIMASK
1000126a:	b672      	cpsid	i
1000126c:	6820      	ldr	r0, [r4, #0]
1000126e:	2800      	cmp	r0, #0
10001270:	d0fc      	beq.n	1000126c <alarm_pool_add_alarm_at_force_in_context+0xc>
10001272:	f3bf 8f5f 	dmb	sy
10001276:	2002      	movs	r0, #2
10001278:	5e0d      	ldrsh	r5, [r1, r0]
1000127a:	694c      	ldr	r4, [r1, #20]
1000127c:	0068      	lsls	r0, r5, #1
1000127e:	1940      	adds	r0, r0, r5
10001280:	00c0      	lsls	r0, r0, #3
10001282:	1824      	adds	r4, r4, r0
10001284:	2d00      	cmp	r5, #0
10001286:	db37      	blt.n	100012f8 <alarm_pool_add_alarm_at_force_in_context+0x98>
10001288:	8820      	ldrh	r0, [r4, #0]
1000128a:	8048      	strh	r0, [r1, #2]
1000128c:	6908      	ldr	r0, [r1, #16]
1000128e:	f3bf 8f5f 	dmb	sy
10001292:	2600      	movs	r6, #0
10001294:	6006      	str	r6, [r0, #0]
10001296:	f38c 8810 	msr	PRIMASK, ip
1000129a:	60e3      	str	r3, [r4, #12]
1000129c:	8863      	ldrh	r3, [r4, #2]
1000129e:	9804      	ldr	r0, [sp, #16]
100012a0:	3301      	adds	r3, #1
100012a2:	6120      	str	r0, [r4, #16]
100012a4:	045b      	lsls	r3, r3, #17
100012a6:	9805      	ldr	r0, [sp, #20]
100012a8:	0c5b      	lsrs	r3, r3, #17
100012aa:	60a2      	str	r2, [r4, #8]
100012ac:	6160      	str	r0, [r4, #20]
100012ae:	1c1a      	adds	r2, r3, #0
100012b0:	2b00      	cmp	r3, #0
100012b2:	d01f      	beq.n	100012f4 <alarm_pool_add_alarm_at_force_in_context+0x94>
100012b4:	b293      	uxth	r3, r2
100012b6:	0428      	lsls	r0, r5, #16
100012b8:	8062      	strh	r2, [r4, #2]
100012ba:	4318      	orrs	r0, r3
100012bc:	690a      	ldr	r2, [r1, #16]
100012be:	f3ef 8c10 	mrs	ip, PRIMASK
100012c2:	b672      	cpsid	i
100012c4:	6813      	ldr	r3, [r2, #0]
100012c6:	2b00      	cmp	r3, #0
100012c8:	d0fc      	beq.n	100012c4 <alarm_pool_add_alarm_at_force_in_context+0x64>
100012ca:	f3bf 8f5f 	dmb	sy
100012ce:	888b      	ldrh	r3, [r1, #4]
100012d0:	8023      	strh	r3, [r4, #0]
100012d2:	808d      	strh	r5, [r1, #4]
100012d4:	690b      	ldr	r3, [r1, #16]
100012d6:	f3bf 8f5f 	dmb	sy
100012da:	2200      	movs	r2, #0
100012dc:	601a      	str	r2, [r3, #0]
100012de:	f38c 8810 	msr	PRIMASK, ip
100012e2:	780b      	ldrb	r3, [r1, #0]
100012e4:	3201      	adds	r2, #1
100012e6:	409a      	lsls	r2, r3
100012e8:	68cb      	ldr	r3, [r1, #12]
100012ea:	4908      	ldr	r1, [pc, #32]	@ (1000130c <alarm_pool_add_alarm_at_force_in_context+0xac>)
100012ec:	468c      	mov	ip, r1
100012ee:	4463      	add	r3, ip
100012f0:	601a      	str	r2, [r3, #0]
100012f2:	bd70      	pop	{r4, r5, r6, pc}
100012f4:	2201      	movs	r2, #1
100012f6:	e7dd      	b.n	100012b4 <alarm_pool_add_alarm_at_force_in_context+0x54>
100012f8:	690b      	ldr	r3, [r1, #16]
100012fa:	f3bf 8f5f 	dmb	sy
100012fe:	2200      	movs	r2, #0
10001300:	601a      	str	r2, [r3, #0]
10001302:	f38c 8810 	msr	PRIMASK, ip
10001306:	2001      	movs	r0, #1
10001308:	4240      	negs	r0, r0
1000130a:	e7f2      	b.n	100012f2 <alarm_pool_add_alarm_at_force_in_context+0x92>
1000130c:	0000203c 	.word	0x0000203c

10001310 <alarm_pool_cancel_alarm>:
10001310:	b510      	push	{r4, lr}
10001312:	8943      	ldrh	r3, [r0, #10]
10001314:	140a      	asrs	r2, r1, #16
10001316:	4293      	cmp	r3, r2
10001318:	dd1a      	ble.n	10001350 <alarm_pool_cancel_alarm+0x40>
1000131a:	0053      	lsls	r3, r2, #1
1000131c:	189b      	adds	r3, r3, r2
1000131e:	6942      	ldr	r2, [r0, #20]
10001320:	00db      	lsls	r3, r3, #3
10001322:	18d3      	adds	r3, r2, r3
10001324:	6904      	ldr	r4, [r0, #16]
10001326:	f3ef 8c10 	mrs	ip, PRIMASK
1000132a:	b672      	cpsid	i
1000132c:	6822      	ldr	r2, [r4, #0]
1000132e:	2a00      	cmp	r2, #0
10001330:	d0fc      	beq.n	1000132c <alarm_pool_cancel_alarm+0x1c>
10001332:	f3bf 8f5f 	dmb	sy
10001336:	885a      	ldrh	r2, [r3, #2]
10001338:	0409      	lsls	r1, r1, #16
1000133a:	b294      	uxth	r4, r2
1000133c:	0c09      	lsrs	r1, r1, #16
1000133e:	428a      	cmp	r2, r1
10001340:	d008      	beq.n	10001354 <alarm_pool_cancel_alarm+0x44>
10001342:	6903      	ldr	r3, [r0, #16]
10001344:	f3bf 8f5f 	dmb	sy
10001348:	2200      	movs	r2, #0
1000134a:	601a      	str	r2, [r3, #0]
1000134c:	f38c 8810 	msr	PRIMASK, ip
10001350:	2000      	movs	r0, #0
10001352:	bd10      	pop	{r4, pc}
10001354:	2280      	movs	r2, #128	@ 0x80
10001356:	0212      	lsls	r2, r2, #8
10001358:	4314      	orrs	r4, r2
1000135a:	805c      	strh	r4, [r3, #2]
1000135c:	2301      	movs	r3, #1
1000135e:	6902      	ldr	r2, [r0, #16]
10001360:	7183      	strb	r3, [r0, #6]
10001362:	f3bf 8f5f 	dmb	sy
10001366:	2100      	movs	r1, #0
10001368:	6011      	str	r1, [r2, #0]
1000136a:	f38c 8810 	msr	PRIMASK, ip
1000136e:	4904      	ldr	r1, [pc, #16]	@ (10001380 <alarm_pool_cancel_alarm+0x70>)
10001370:	7802      	ldrb	r2, [r0, #0]
10001372:	468c      	mov	ip, r1
10001374:	4093      	lsls	r3, r2
10001376:	68c2      	ldr	r2, [r0, #12]
10001378:	2001      	movs	r0, #1
1000137a:	4462      	add	r2, ip
1000137c:	6013      	str	r3, [r2, #0]
1000137e:	e7e8      	b.n	10001352 <alarm_pool_cancel_alarm+0x42>
10001380:	0000203c 	.word	0x0000203c

10001384 <alarm_pool_core_num>:
10001384:	7840      	ldrb	r0, [r0, #1]
10001386:	4770      	bx	lr

10001388 <sleep_until>:
10001388:	b5f0      	push	{r4, r5, r6, r7, lr}
1000138a:	4647      	mov	r7, r8
1000138c:	46ce      	mov	lr, r9
1000138e:	0004      	movs	r4, r0
10001390:	b580      	push	{r7, lr}
10001392:	000d      	movs	r5, r1
10001394:	2696      	movs	r6, #150	@ 0x96
10001396:	4276      	negs	r6, r6
10001398:	17f7      	asrs	r7, r6, #31
1000139a:	1936      	adds	r6, r6, r4
1000139c:	416f      	adcs	r7, r5
1000139e:	b083      	sub	sp, #12
100013a0:	428f      	cmp	r7, r1
100013a2:	d815      	bhi.n	100013d0 <sleep_until+0x48>
100013a4:	d012      	beq.n	100013cc <sleep_until+0x44>
100013a6:	f000 f90f 	bl	100015c8 <time_us_64>
100013aa:	0032      	movs	r2, r6
100013ac:	003b      	movs	r3, r7
100013ae:	1a12      	subs	r2, r2, r0
100013b0:	418b      	sbcs	r3, r1
100013b2:	2b00      	cmp	r3, #0
100013b4:	dc16      	bgt.n	100013e4 <sleep_until+0x5c>
100013b6:	2b00      	cmp	r3, #0
100013b8:	d040      	beq.n	1000143c <sleep_until+0xb4>
100013ba:	0020      	movs	r0, r4
100013bc:	0029      	movs	r1, r5
100013be:	f000 f941 	bl	10001644 <busy_wait_until>
100013c2:	b003      	add	sp, #12
100013c4:	bcc0      	pop	{r6, r7}
100013c6:	46b9      	mov	r9, r7
100013c8:	46b0      	mov	r8, r6
100013ca:	bdf0      	pop	{r4, r5, r6, r7, pc}
100013cc:	4286      	cmp	r6, r0
100013ce:	d9ea      	bls.n	100013a6 <sleep_until+0x1e>
100013d0:	2600      	movs	r6, #0
100013d2:	2700      	movs	r7, #0
100013d4:	f000 f8f8 	bl	100015c8 <time_us_64>
100013d8:	0032      	movs	r2, r6
100013da:	003b      	movs	r3, r7
100013dc:	1a12      	subs	r2, r2, r0
100013de:	418b      	sbcs	r3, r1
100013e0:	2b00      	cmp	r3, #0
100013e2:	dde8      	ble.n	100013b6 <sleep_until+0x2e>
100013e4:	f000 f8f0 	bl	100015c8 <time_us_64>
100013e8:	0032      	movs	r2, r6
100013ea:	003b      	movs	r3, r7
100013ec:	1a12      	subs	r2, r2, r0
100013ee:	418b      	sbcs	r3, r1
100013f0:	2b00      	cmp	r3, #0
100013f2:	db0a      	blt.n	1000140a <sleep_until+0x82>
100013f4:	2300      	movs	r3, #0
100013f6:	9301      	str	r3, [sp, #4]
100013f8:	4b12      	ldr	r3, [pc, #72]	@ (10001444 <sleep_until+0xbc>)
100013fa:	0032      	movs	r2, r6
100013fc:	9300      	str	r3, [sp, #0]
100013fe:	4812      	ldr	r0, [pc, #72]	@ (10001448 <sleep_until+0xc0>)
10001400:	003b      	movs	r3, r7
10001402:	f7ff ff2d 	bl	10001260 <alarm_pool_add_alarm_at_force_in_context>
10001406:	2800      	cmp	r0, #0
10001408:	dbd7      	blt.n	100013ba <sleep_until+0x32>
1000140a:	46b8      	mov	r8, r7
1000140c:	46b1      	mov	r9, r6
1000140e:	4f0f      	ldr	r7, [pc, #60]	@ (1000144c <sleep_until+0xc4>)
10001410:	4e0f      	ldr	r6, [pc, #60]	@ (10001450 <sleep_until+0xc8>)
10001412:	6a7b      	ldr	r3, [r7, #36]	@ 0x24
10001414:	4598      	cmp	r8, r3
10001416:	d804      	bhi.n	10001422 <sleep_until+0x9a>
10001418:	6aba      	ldr	r2, [r7, #40]	@ 0x28
1000141a:	4591      	cmp	r9, r2
1000141c:	d9cd      	bls.n	100013ba <sleep_until+0x32>
1000141e:	4598      	cmp	r8, r3
10001420:	d1cb      	bne.n	100013ba <sleep_until+0x32>
10001422:	6832      	ldr	r2, [r6, #0]
10001424:	f3ef 8110 	mrs	r1, PRIMASK
10001428:	b672      	cpsid	i
1000142a:	6813      	ldr	r3, [r2, #0]
1000142c:	2b00      	cmp	r3, #0
1000142e:	d0fc      	beq.n	1000142a <sleep_until+0xa2>
10001430:	f3bf 8f5f 	dmb	sy
10001434:	0030      	movs	r0, r6
10001436:	f003 fb2f 	bl	10004a98 <vPortLockInternalSpinUnlockWithWait>
1000143a:	e7ea      	b.n	10001412 <sleep_until+0x8a>
1000143c:	2a00      	cmp	r2, #0
1000143e:	d0bc      	beq.n	100013ba <sleep_until+0x32>
10001440:	e7d0      	b.n	100013e4 <sleep_until+0x5c>
10001442:	46c0      	nop			@ (mov r8, r8)
10001444:	10000f75 	.word	0x10000f75
10001448:	20000650 	.word	0x20000650
1000144c:	40054000 	.word	0x40054000
10001450:	20001ed8 	.word	0x20001ed8

10001454 <best_effort_wfe_or_timeout>:
10001454:	b5f0      	push	{r4, r5, r6, r7, lr}
10001456:	46d6      	mov	lr, sl
10001458:	464f      	mov	r7, r9
1000145a:	4646      	mov	r6, r8
1000145c:	b5c0      	push	{r6, r7, lr}
1000145e:	0004      	movs	r4, r0
10001460:	000d      	movs	r5, r1
10001462:	b082      	sub	sp, #8
10001464:	f3ef 8305 	mrs	r3, IPSR
10001468:	000f      	movs	r7, r1
1000146a:	2b00      	cmp	r3, #0
1000146c:	d131      	bne.n	100014d2 <best_effort_wfe_or_timeout+0x7e>
1000146e:	4b3b      	ldr	r3, [pc, #236]	@ (1000155c <best_effort_wfe_or_timeout+0x108>)
10001470:	4698      	mov	r8, r3
10001472:	681b      	ldr	r3, [r3, #0]
10001474:	4283      	cmp	r3, r0
10001476:	d027      	beq.n	100014c8 <best_effort_wfe_or_timeout+0x74>
10001478:	4b39      	ldr	r3, [pc, #228]	@ (10001560 <best_effort_wfe_or_timeout+0x10c>)
1000147a:	4699      	mov	r9, r3
1000147c:	68db      	ldr	r3, [r3, #12]
1000147e:	469a      	mov	sl, r3
10001480:	464b      	mov	r3, r9
10001482:	4650      	mov	r0, sl
10001484:	781e      	ldrb	r6, [r3, #0]
10001486:	f000 f897 	bl	100015b8 <timer_time_us_64>
1000148a:	000b      	movs	r3, r1
1000148c:	4651      	mov	r1, sl
1000148e:	0002      	movs	r2, r0
10001490:	3604      	adds	r6, #4
10001492:	00b6      	lsls	r6, r6, #2
10001494:	5871      	ldr	r1, [r6, r1]
10001496:	0020      	movs	r0, r4
10001498:	1a89      	subs	r1, r1, r2
1000149a:	468c      	mov	ip, r1
1000149c:	0029      	movs	r1, r5
1000149e:	2600      	movs	r6, #0
100014a0:	1a80      	subs	r0, r0, r2
100014a2:	4199      	sbcs	r1, r3
100014a4:	428e      	cmp	r6, r1
100014a6:	dc24      	bgt.n	100014f2 <best_effort_wfe_or_timeout+0x9e>
100014a8:	d021      	beq.n	100014ee <best_effort_wfe_or_timeout+0x9a>
100014aa:	bf20      	wfe
100014ac:	4a2d      	ldr	r2, [pc, #180]	@ (10001564 <best_effort_wfe_or_timeout+0x110>)
100014ae:	6a53      	ldr	r3, [r2, #36]	@ 0x24
100014b0:	42bb      	cmp	r3, r7
100014b2:	d32a      	bcc.n	1000150a <best_effort_wfe_or_timeout+0xb6>
100014b4:	6a92      	ldr	r2, [r2, #40]	@ 0x28
100014b6:	2001      	movs	r0, #1
100014b8:	42a2      	cmp	r2, r4
100014ba:	d313      	bcc.n	100014e4 <best_effort_wfe_or_timeout+0x90>
100014bc:	b002      	add	sp, #8
100014be:	bce0      	pop	{r5, r6, r7}
100014c0:	46ba      	mov	sl, r7
100014c2:	46b1      	mov	r9, r6
100014c4:	46a8      	mov	r8, r5
100014c6:	bdf0      	pop	{r4, r5, r6, r7, pc}
100014c8:	4643      	mov	r3, r8
100014ca:	685b      	ldr	r3, [r3, #4]
100014cc:	428b      	cmp	r3, r1
100014ce:	d1d3      	bne.n	10001478 <best_effort_wfe_or_timeout+0x24>
100014d0:	e7eb      	b.n	100014aa <best_effort_wfe_or_timeout+0x56>
100014d2:	4924      	ldr	r1, [pc, #144]	@ (10001564 <best_effort_wfe_or_timeout+0x110>)
100014d4:	2000      	movs	r0, #0
100014d6:	6a4b      	ldr	r3, [r1, #36]	@ 0x24
100014d8:	42ab      	cmp	r3, r5
100014da:	d3ef      	bcc.n	100014bc <best_effort_wfe_or_timeout+0x68>
100014dc:	6a8a      	ldr	r2, [r1, #40]	@ 0x28
100014de:	3001      	adds	r0, #1
100014e0:	42a2      	cmp	r2, r4
100014e2:	d2eb      	bcs.n	100014bc <best_effort_wfe_or_timeout+0x68>
100014e4:	1b5b      	subs	r3, r3, r5
100014e6:	1e5a      	subs	r2, r3, #1
100014e8:	4193      	sbcs	r3, r2
100014ea:	b2d8      	uxtb	r0, r3
100014ec:	e7e6      	b.n	100014bc <best_effort_wfe_or_timeout+0x68>
100014ee:	4584      	cmp	ip, r0
100014f0:	d9db      	bls.n	100014aa <best_effort_wfe_or_timeout+0x56>
100014f2:	f000 f869 	bl	100015c8 <time_us_64>
100014f6:	0022      	movs	r2, r4
100014f8:	002b      	movs	r3, r5
100014fa:	1a12      	subs	r2, r2, r0
100014fc:	418b      	sbcs	r3, r1
100014fe:	2b00      	cmp	r3, #0
10001500:	da05      	bge.n	1000150e <best_effort_wfe_or_timeout+0xba>
10001502:	4a18      	ldr	r2, [pc, #96]	@ (10001564 <best_effort_wfe_or_timeout+0x110>)
10001504:	6a53      	ldr	r3, [r2, #36]	@ 0x24
10001506:	42bb      	cmp	r3, r7
10001508:	d2d4      	bcs.n	100014b4 <best_effort_wfe_or_timeout+0x60>
1000150a:	2000      	movs	r0, #0
1000150c:	e7d6      	b.n	100014bc <best_effort_wfe_or_timeout+0x68>
1000150e:	2300      	movs	r3, #0
10001510:	9301      	str	r3, [sp, #4]
10001512:	4b15      	ldr	r3, [pc, #84]	@ (10001568 <best_effort_wfe_or_timeout+0x114>)
10001514:	0022      	movs	r2, r4
10001516:	9300      	str	r3, [sp, #0]
10001518:	4648      	mov	r0, r9
1000151a:	002b      	movs	r3, r5
1000151c:	f7ff fea0 	bl	10001260 <alarm_pool_add_alarm_at_force_in_context>
10001520:	1e01      	subs	r1, r0, #0
10001522:	ddee      	ble.n	10001502 <best_effort_wfe_or_timeout+0xae>
10001524:	4643      	mov	r3, r8
10001526:	601c      	str	r4, [r3, #0]
10001528:	605d      	str	r5, [r3, #4]
1000152a:	4b0e      	ldr	r3, [pc, #56]	@ (10001564 <best_effort_wfe_or_timeout+0x110>)
1000152c:	6a5a      	ldr	r2, [r3, #36]	@ 0x24
1000152e:	42ba      	cmp	r2, r7
10001530:	d311      	bcc.n	10001556 <best_effort_wfe_or_timeout+0x102>
10001532:	6a9b      	ldr	r3, [r3, #40]	@ 0x28
10001534:	42a3      	cmp	r3, r4
10001536:	d30c      	bcc.n	10001552 <best_effort_wfe_or_timeout+0xfe>
10001538:	4648      	mov	r0, r9
1000153a:	f7ff fee9 	bl	10001310 <alarm_pool_cancel_alarm>
1000153e:	4a09      	ldr	r2, [pc, #36]	@ (10001564 <best_effort_wfe_or_timeout+0x110>)
10001540:	2000      	movs	r0, #0
10001542:	6a53      	ldr	r3, [r2, #36]	@ 0x24
10001544:	42bb      	cmp	r3, r7
10001546:	d3b9      	bcc.n	100014bc <best_effort_wfe_or_timeout+0x68>
10001548:	6a92      	ldr	r2, [r2, #40]	@ 0x28
1000154a:	3001      	adds	r0, #1
1000154c:	42a2      	cmp	r2, r4
1000154e:	d2b5      	bcs.n	100014bc <best_effort_wfe_or_timeout+0x68>
10001550:	e7c8      	b.n	100014e4 <best_effort_wfe_or_timeout+0x90>
10001552:	42ba      	cmp	r2, r7
10001554:	d1f0      	bne.n	10001538 <best_effort_wfe_or_timeout+0xe4>
10001556:	bf20      	wfe
10001558:	e7ee      	b.n	10001538 <best_effort_wfe_or_timeout+0xe4>
1000155a:	46c0      	nop			@ (mov r8, r8)
1000155c:	20000648 	.word	0x20000648
10001560:	20000650 	.word	0x20000650
10001564:	40054000 	.word	0x40054000
10001568:	10000f75 	.word	0x10000f75

1000156c <alarm_pool_get_default_timer>:
1000156c:	4800      	ldr	r0, [pc, #0]	@ (10001570 <alarm_pool_get_default_timer+0x4>)
1000156e:	4770      	bx	lr
10001570:	40054000 	.word	0x40054000

10001574 <timer_hardware_alarm_claim>:
10001574:	b510      	push	{r4, lr}
10001576:	4a02      	ldr	r2, [pc, #8]	@ (10001580 <timer_hardware_alarm_claim+0xc>)
10001578:	4802      	ldr	r0, [pc, #8]	@ (10001584 <timer_hardware_alarm_claim+0x10>)
1000157a:	f7fe ffcb 	bl	10000514 <hw_claim_or_assert>
1000157e:	bd10      	pop	{r4, pc}
10001580:	1000b0d4 	.word	0x1000b0d4
10001584:	200011e8 	.word	0x200011e8

10001588 <timer_hardware_alarm_unclaim>:
10001588:	b510      	push	{r4, lr}
1000158a:	4802      	ldr	r0, [pc, #8]	@ (10001594 <timer_hardware_alarm_unclaim+0xc>)
1000158c:	f7ff f832 	bl	100005f4 <hw_claim_clear>
10001590:	bd10      	pop	{r4, pc}
10001592:	46c0      	nop			@ (mov r8, r8)
10001594:	200011e8 	.word	0x200011e8

10001598 <timer_hardware_alarm_claim_unused>:
10001598:	b500      	push	{lr}
1000159a:	4b05      	ldr	r3, [pc, #20]	@ (100015b0 <timer_hardware_alarm_claim_unused+0x18>)
1000159c:	b083      	sub	sp, #12
1000159e:	9300      	str	r3, [sp, #0]
100015a0:	2200      	movs	r2, #0
100015a2:	2303      	movs	r3, #3
100015a4:	4803      	ldr	r0, [pc, #12]	@ (100015b4 <timer_hardware_alarm_claim_unused+0x1c>)
100015a6:	f7fe ffd7 	bl	10000558 <hw_claim_unused_from_range>
100015aa:	b003      	add	sp, #12
100015ac:	bd00      	pop	{pc}
100015ae:	46c0      	nop			@ (mov r8, r8)
100015b0:	1000b0f8 	.word	0x1000b0f8
100015b4:	200011e8 	.word	0x200011e8

100015b8 <timer_time_us_64>:
100015b8:	0003      	movs	r3, r0
100015ba:	6a41      	ldr	r1, [r0, #36]	@ 0x24
100015bc:	000a      	movs	r2, r1
100015be:	6a98      	ldr	r0, [r3, #40]	@ 0x28
100015c0:	6a59      	ldr	r1, [r3, #36]	@ 0x24
100015c2:	428a      	cmp	r2, r1
100015c4:	d1fa      	bne.n	100015bc <timer_time_us_64+0x4>
100015c6:	4770      	bx	lr

100015c8 <time_us_64>:
100015c8:	4b03      	ldr	r3, [pc, #12]	@ (100015d8 <time_us_64+0x10>)
100015ca:	6a59      	ldr	r1, [r3, #36]	@ 0x24
100015cc:	000a      	movs	r2, r1
100015ce:	6a98      	ldr	r0, [r3, #40]	@ 0x28
100015d0:	6a59      	ldr	r1, [r3, #36]	@ 0x24
100015d2:	4291      	cmp	r1, r2
100015d4:	d1fa      	bne.n	100015cc <time_us_64+0x4>
100015d6:	4770      	bx	lr
100015d8:	40054000 	.word	0x40054000

100015dc <busy_wait_us>:
100015dc:	b570      	push	{r4, r5, r6, lr}
100015de:	0004      	movs	r4, r0
100015e0:	000d      	movs	r5, r1
100015e2:	4a17      	ldr	r2, [pc, #92]	@ (10001640 <busy_wait_us+0x64>)
100015e4:	6a53      	ldr	r3, [r2, #36]	@ 0x24
100015e6:	0019      	movs	r1, r3
100015e8:	6a96      	ldr	r6, [r2, #40]	@ 0x28
100015ea:	6a53      	ldr	r3, [r2, #36]	@ 0x24
100015ec:	428b      	cmp	r3, r1
100015ee:	d1fa      	bne.n	100015e6 <busy_wait_us+0xa>
100015f0:	0030      	movs	r0, r6
100015f2:	0019      	movs	r1, r3
100015f4:	1824      	adds	r4, r4, r0
100015f6:	414d      	adcs	r5, r1
100015f8:	42ab      	cmp	r3, r5
100015fa:	d816      	bhi.n	1000162a <busy_wait_us+0x4e>
100015fc:	d013      	beq.n	10001626 <busy_wait_us+0x4a>
100015fe:	4a10      	ldr	r2, [pc, #64]	@ (10001640 <busy_wait_us+0x64>)
10001600:	002b      	movs	r3, r5
10001602:	6a52      	ldr	r2, [r2, #36]	@ 0x24
10001604:	4295      	cmp	r5, r2
10001606:	d903      	bls.n	10001610 <busy_wait_us+0x34>
10001608:	490d      	ldr	r1, [pc, #52]	@ (10001640 <busy_wait_us+0x64>)
1000160a:	6a4a      	ldr	r2, [r1, #36]	@ 0x24
1000160c:	429a      	cmp	r2, r3
1000160e:	d3fc      	bcc.n	1000160a <busy_wait_us+0x2e>
10001610:	429a      	cmp	r2, r3
10001612:	d107      	bne.n	10001624 <busy_wait_us+0x48>
10001614:	4a0a      	ldr	r2, [pc, #40]	@ (10001640 <busy_wait_us+0x64>)
10001616:	e002      	b.n	1000161e <busy_wait_us+0x42>
10001618:	6a51      	ldr	r1, [r2, #36]	@ 0x24
1000161a:	4299      	cmp	r1, r3
1000161c:	d102      	bne.n	10001624 <busy_wait_us+0x48>
1000161e:	6a91      	ldr	r1, [r2, #40]	@ 0x28
10001620:	42a1      	cmp	r1, r4
10001622:	d3f9      	bcc.n	10001618 <busy_wait_us+0x3c>
10001624:	bd70      	pop	{r4, r5, r6, pc}
10001626:	42a6      	cmp	r6, r4
10001628:	d9e9      	bls.n	100015fe <busy_wait_us+0x22>
1000162a:	4b05      	ldr	r3, [pc, #20]	@ (10001640 <busy_wait_us+0x64>)
1000162c:	6a5b      	ldr	r3, [r3, #36]	@ 0x24
1000162e:	001c      	movs	r4, r3
10001630:	1c5a      	adds	r2, r3, #1
10001632:	d0ef      	beq.n	10001614 <busy_wait_us+0x38>
10001634:	2301      	movs	r3, #1
10001636:	2401      	movs	r4, #1
10001638:	4264      	negs	r4, r4
1000163a:	17e5      	asrs	r5, r4, #31
1000163c:	425b      	negs	r3, r3
1000163e:	e7e3      	b.n	10001608 <busy_wait_us+0x2c>
10001640:	40054000 	.word	0x40054000

10001644 <busy_wait_until>:
10001644:	4a06      	ldr	r2, [pc, #24]	@ (10001660 <busy_wait_until+0x1c>)
10001646:	6a53      	ldr	r3, [r2, #36]	@ 0x24
10001648:	4299      	cmp	r1, r3
1000164a:	d8fc      	bhi.n	10001646 <busy_wait_until+0x2>
1000164c:	d107      	bne.n	1000165e <busy_wait_until+0x1a>
1000164e:	4b04      	ldr	r3, [pc, #16]	@ (10001660 <busy_wait_until+0x1c>)
10001650:	e002      	b.n	10001658 <busy_wait_until+0x14>
10001652:	6a5a      	ldr	r2, [r3, #36]	@ 0x24
10001654:	4291      	cmp	r1, r2
10001656:	d102      	bne.n	1000165e <busy_wait_until+0x1a>
10001658:	6a9a      	ldr	r2, [r3, #40]	@ 0x28
1000165a:	4282      	cmp	r2, r0
1000165c:	d3f9      	bcc.n	10001652 <busy_wait_until+0xe>
1000165e:	4770      	bx	lr
10001660:	40054000 	.word	0x40054000

10001664 <uart_init>:
10001664:	b5f8      	push	{r3, r4, r5, r6, r7, lr}
10001666:	0004      	movs	r4, r0
10001668:	2006      	movs	r0, #6
1000166a:	000d      	movs	r5, r1
1000166c:	f000 f978 	bl	10001960 <clock_get_hz>
10001670:	2800      	cmp	r0, #0
10001672:	d044      	beq.n	100016fe <uart_init+0x9a>
10001674:	4b37      	ldr	r3, [pc, #220]	@ (10001754 <uart_init+0xf0>)
10001676:	4938      	ldr	r1, [pc, #224]	@ (10001758 <uart_init+0xf4>)
10001678:	18e3      	adds	r3, r4, r3
1000167a:	1e5a      	subs	r2, r3, #1
1000167c:	4193      	sbcs	r3, r2
1000167e:	2280      	movs	r2, #128	@ 0x80
10001680:	0412      	lsls	r2, r2, #16
10001682:	4694      	mov	ip, r2
10001684:	425b      	negs	r3, r3
10001686:	0d9b      	lsrs	r3, r3, #22
10001688:	4a34      	ldr	r2, [pc, #208]	@ (1000175c <uart_init+0xf8>)
1000168a:	059b      	lsls	r3, r3, #22
1000168c:	4463      	add	r3, ip
1000168e:	6013      	str	r3, [r2, #0]
10001690:	4a33      	ldr	r2, [pc, #204]	@ (10001760 <uart_init+0xfc>)
10001692:	6013      	str	r3, [r2, #0]
10001694:	0018      	movs	r0, r3
10001696:	680a      	ldr	r2, [r1, #0]
10001698:	4390      	bics	r0, r2
1000169a:	d1fb      	bne.n	10001694 <uart_init+0x30>
1000169c:	4b2d      	ldr	r3, [pc, #180]	@ (10001754 <uart_init+0xf0>)
1000169e:	4a31      	ldr	r2, [pc, #196]	@ (10001764 <uart_init+0x100>)
100016a0:	18e3      	adds	r3, r4, r3
100016a2:	4259      	negs	r1, r3
100016a4:	414b      	adcs	r3, r1
100016a6:	2180      	movs	r1, #128	@ 0x80
100016a8:	005b      	lsls	r3, r3, #1
100016aa:	0049      	lsls	r1, r1, #1
100016ac:	2006      	movs	r0, #6
100016ae:	5299      	strh	r1, [r3, r2]
100016b0:	f000 f956 	bl	10001960 <clock_get_hz>
100016b4:	0029      	movs	r1, r5
100016b6:	00c0      	lsls	r0, r0, #3
100016b8:	f000 fb62 	bl	10001d80 <__wrap___aeabi_uidiv>
100016bc:	3001      	adds	r0, #1
100016be:	09c3      	lsrs	r3, r0, #7
100016c0:	d11e      	bne.n	10001700 <uart_init+0x9c>
100016c2:	2740      	movs	r7, #64	@ 0x40
100016c4:	2201      	movs	r2, #1
100016c6:	6262      	str	r2, [r4, #36]	@ 0x24
100016c8:	62a3      	str	r3, [r4, #40]	@ 0x28
100016ca:	6b26      	ldr	r6, [r4, #48]	@ 0x30
100016cc:	07f3      	lsls	r3, r6, #31
100016ce:	d422      	bmi.n	10001716 <uart_init+0xb2>
100016d0:	6ae3      	ldr	r3, [r4, #44]	@ 0x2c
100016d2:	4b25      	ldr	r3, [pc, #148]	@ (10001768 <uart_init+0x104>)
100016d4:	2006      	movs	r0, #6
100016d6:	18e5      	adds	r5, r4, r3
100016d8:	2300      	movs	r3, #0
100016da:	602b      	str	r3, [r5, #0]
100016dc:	6326      	str	r6, [r4, #48]	@ 0x30
100016de:	f000 f93f 	bl	10001960 <clock_get_hz>
100016e2:	0039      	movs	r1, r7
100016e4:	0080      	lsls	r0, r0, #2
100016e6:	f000 fb4b 	bl	10001d80 <__wrap___aeabi_uidiv>
100016ea:	2370      	movs	r3, #112	@ 0x70
100016ec:	6ae2      	ldr	r2, [r4, #44]	@ 0x2c
100016ee:	405a      	eors	r2, r3
100016f0:	330e      	adds	r3, #14
100016f2:	4013      	ands	r3, r2
100016f4:	602b      	str	r3, [r5, #0]
100016f6:	4b1d      	ldr	r3, [pc, #116]	@ (1000176c <uart_init+0x108>)
100016f8:	6323      	str	r3, [r4, #48]	@ 0x30
100016fa:	2303      	movs	r3, #3
100016fc:	64a3      	str	r3, [r4, #72]	@ 0x48
100016fe:	bdf8      	pop	{r3, r4, r5, r6, r7, pc}
10001700:	4a1b      	ldr	r2, [pc, #108]	@ (10001770 <uart_init+0x10c>)
10001702:	4293      	cmp	r3, r2
10001704:	d91e      	bls.n	10001744 <uart_init+0xe0>
10001706:	2300      	movs	r3, #0
10001708:	4a1a      	ldr	r2, [pc, #104]	@ (10001774 <uart_init+0x110>)
1000170a:	4f1b      	ldr	r7, [pc, #108]	@ (10001778 <uart_init+0x114>)
1000170c:	6262      	str	r2, [r4, #36]	@ 0x24
1000170e:	62a3      	str	r3, [r4, #40]	@ 0x28
10001710:	6b26      	ldr	r6, [r4, #48]	@ 0x30
10001712:	07f3      	lsls	r3, r6, #31
10001714:	d5dc      	bpl.n	100016d0 <uart_init+0x6c>
10001716:	4b19      	ldr	r3, [pc, #100]	@ (1000177c <uart_init+0x118>)
10001718:	4a14      	ldr	r2, [pc, #80]	@ (1000176c <uart_init+0x108>)
1000171a:	18e3      	adds	r3, r4, r3
1000171c:	601a      	str	r2, [r3, #0]
1000171e:	6a65      	ldr	r5, [r4, #36]	@ 0x24
10001720:	6aa3      	ldr	r3, [r4, #40]	@ 0x28
10001722:	2006      	movs	r0, #6
10001724:	01ad      	lsls	r5, r5, #6
10001726:	18ed      	adds	r5, r5, r3
10001728:	f000 f91a 	bl	10001960 <clock_get_hz>
1000172c:	4914      	ldr	r1, [pc, #80]	@ (10001780 <uart_init+0x11c>)
1000172e:	f000 fb27 	bl	10001d80 <__wrap___aeabi_uidiv>
10001732:	02ad      	lsls	r5, r5, #10
10001734:	0001      	movs	r1, r0
10001736:	0028      	movs	r0, r5
10001738:	f000 fb22 	bl	10001d80 <__wrap___aeabi_uidiv>
1000173c:	2100      	movs	r1, #0
1000173e:	f7ff ff4d 	bl	100015dc <busy_wait_us>
10001742:	e7c5      	b.n	100016d0 <uart_init+0x6c>
10001744:	0640      	lsls	r0, r0, #25
10001746:	0e80      	lsrs	r0, r0, #26
10001748:	019f      	lsls	r7, r3, #6
1000174a:	001a      	movs	r2, r3
1000174c:	183f      	adds	r7, r7, r0
1000174e:	0003      	movs	r3, r0
10001750:	e7b9      	b.n	100016c6 <uart_init+0x62>
10001752:	46c0      	nop			@ (mov r8, r8)
10001754:	bffc8000 	.word	0xbffc8000
10001758:	4000c008 	.word	0x4000c008
1000175c:	4000e000 	.word	0x4000e000
10001760:	4000f000 	.word	0x4000f000
10001764:	20001edc 	.word	0x20001edc
10001768:	0000102c 	.word	0x0000102c
1000176c:	00000301 	.word	0x00000301
10001770:	0000fffe 	.word	0x0000fffe
10001774:	0000ffff 	.word	0x0000ffff
10001778:	003fffc0 	.word	0x003fffc0
1000177c:	00003030 	.word	0x00003030
10001780:	00000e4e 	.word	0x00000e4e

10001784 <clock_configure_int_divider>:
10001784:	b5f8      	push	{r3, r4, r5, r6, r7, lr}
10001786:	46de      	mov	lr, fp
10001788:	464e      	mov	r6, r9
1000178a:	4657      	mov	r7, sl
1000178c:	4645      	mov	r5, r8
1000178e:	b5e0      	push	{r5, r6, r7, lr}
10001790:	468b      	mov	fp, r1
10001792:	0005      	movs	r5, r0
10001794:	990a      	ldr	r1, [sp, #40]	@ 0x28
10001796:	0018      	movs	r0, r3
10001798:	0016      	movs	r6, r2
1000179a:	f000 faf1 	bl	10001d80 <__wrap___aeabi_uidiv>
1000179e:	9b0a      	ldr	r3, [sp, #40]	@ 0x28
100017a0:	006c      	lsls	r4, r5, #1
100017a2:	021f      	lsls	r7, r3, #8
100017a4:	4b32      	ldr	r3, [pc, #200]	@ (10001870 <clock_configure_int_divider+0xec>)
100017a6:	1964      	adds	r4, r4, r5
100017a8:	469c      	mov	ip, r3
100017aa:	00a4      	lsls	r4, r4, #2
100017ac:	4464      	add	r4, ip
100017ae:	6863      	ldr	r3, [r4, #4]
100017b0:	4681      	mov	r9, r0
100017b2:	429f      	cmp	r7, r3
100017b4:	d900      	bls.n	100017b8 <clock_configure_int_divider+0x34>
100017b6:	6067      	str	r7, [r4, #4]
100017b8:	1f2b      	subs	r3, r5, #4
100017ba:	b2db      	uxtb	r3, r3
100017bc:	4698      	mov	r8, r3
100017be:	2b01      	cmp	r3, #1
100017c0:	d930      	bls.n	10001824 <clock_configure_int_divider+0xa0>
100017c2:	23c0      	movs	r3, #192	@ 0xc0
100017c4:	2280      	movs	r2, #128	@ 0x80
100017c6:	019b      	lsls	r3, r3, #6
100017c8:	18e3      	adds	r3, r4, r3
100017ca:	0112      	lsls	r2, r2, #4
100017cc:	601a      	str	r2, [r3, #0]
100017ce:	4b29      	ldr	r3, [pc, #164]	@ (10001874 <clock_configure_int_divider+0xf0>)
100017d0:	00ad      	lsls	r5, r5, #2
100017d2:	5959      	ldr	r1, [r3, r5]
100017d4:	469a      	mov	sl, r3
100017d6:	2900      	cmp	r1, #0
100017d8:	d11b      	bne.n	10001812 <clock_configure_int_divider+0x8e>
100017da:	0173      	lsls	r3, r6, #5
100017dc:	26e0      	movs	r6, #224	@ 0xe0
100017de:	6822      	ldr	r2, [r4, #0]
100017e0:	4053      	eors	r3, r2
100017e2:	401e      	ands	r6, r3
100017e4:	2380      	movs	r3, #128	@ 0x80
100017e6:	4642      	mov	r2, r8
100017e8:	015b      	lsls	r3, r3, #5
100017ea:	18e3      	adds	r3, r4, r3
100017ec:	601e      	str	r6, [r3, #0]
100017ee:	2a01      	cmp	r2, #1
100017f0:	d930      	bls.n	10001854 <clock_configure_int_divider+0xd0>
100017f2:	2380      	movs	r3, #128	@ 0x80
100017f4:	2280      	movs	r2, #128	@ 0x80
100017f6:	019b      	lsls	r3, r3, #6
100017f8:	18e3      	adds	r3, r4, r3
100017fa:	0112      	lsls	r2, r2, #4
100017fc:	601a      	str	r2, [r3, #0]
100017fe:	4653      	mov	r3, sl
10001800:	464a      	mov	r2, r9
10001802:	6067      	str	r7, [r4, #4]
10001804:	515a      	str	r2, [r3, r5]
10001806:	bcf0      	pop	{r4, r5, r6, r7}
10001808:	46bb      	mov	fp, r7
1000180a:	46b2      	mov	sl, r6
1000180c:	46a9      	mov	r9, r5
1000180e:	46a0      	mov	r8, r4
10001810:	bdf8      	pop	{r3, r4, r5, r6, r7, pc}
10001812:	6958      	ldr	r0, [r3, #20]
10001814:	f000 fab4 	bl	10001d80 <__wrap___aeabi_uidiv>
10001818:	3001      	adds	r0, #1
1000181a:	0043      	lsls	r3, r0, #1
1000181c:	181b      	adds	r3, r3, r0
1000181e:	3b03      	subs	r3, #3
10001820:	d2fd      	bcs.n	1000181e <clock_configure_int_divider+0x9a>
10001822:	e7da      	b.n	100017da <clock_configure_int_divider+0x56>
10001824:	465b      	mov	r3, fp
10001826:	2b01      	cmp	r3, #1
10001828:	d1cb      	bne.n	100017c2 <clock_configure_int_divider+0x3e>
1000182a:	23c0      	movs	r3, #192	@ 0xc0
1000182c:	2203      	movs	r2, #3
1000182e:	019b      	lsls	r3, r3, #6
10001830:	18e3      	adds	r3, r4, r3
10001832:	601a      	str	r2, [r3, #0]
10001834:	3a02      	subs	r2, #2
10001836:	68a3      	ldr	r3, [r4, #8]
10001838:	421a      	tst	r2, r3
1000183a:	d0fc      	beq.n	10001836 <clock_configure_int_divider+0xb2>
1000183c:	0173      	lsls	r3, r6, #5
1000183e:	26e0      	movs	r6, #224	@ 0xe0
10001840:	6822      	ldr	r2, [r4, #0]
10001842:	00ad      	lsls	r5, r5, #2
10001844:	4053      	eors	r3, r2
10001846:	401e      	ands	r6, r3
10001848:	2380      	movs	r3, #128	@ 0x80
1000184a:	4a0a      	ldr	r2, [pc, #40]	@ (10001874 <clock_configure_int_divider+0xf0>)
1000184c:	015b      	lsls	r3, r3, #5
1000184e:	4692      	mov	sl, r2
10001850:	18e3      	adds	r3, r4, r3
10001852:	601e      	str	r6, [r3, #0]
10001854:	465a      	mov	r2, fp
10001856:	6821      	ldr	r1, [r4, #0]
10001858:	4051      	eors	r1, r2
1000185a:	2203      	movs	r2, #3
1000185c:	400a      	ands	r2, r1
1000185e:	601a      	str	r2, [r3, #0]
10001860:	2201      	movs	r2, #1
10001862:	465b      	mov	r3, fp
10001864:	409a      	lsls	r2, r3
10001866:	68a3      	ldr	r3, [r4, #8]
10001868:	421a      	tst	r2, r3
1000186a:	d0fc      	beq.n	10001866 <clock_configure_int_divider+0xe2>
1000186c:	e7c1      	b.n	100017f2 <clock_configure_int_divider+0x6e>
1000186e:	46c0      	nop			@ (mov r8, r8)
10001870:	40008000 	.word	0x40008000
10001874:	200011f0 	.word	0x200011f0

10001878 <clock_configure_undivided>:
10001878:	b5f0      	push	{r4, r5, r6, r7, lr}
1000187a:	4646      	mov	r6, r8
1000187c:	464f      	mov	r7, r9
1000187e:	46d6      	mov	lr, sl
10001880:	b5c0      	push	{r6, r7, lr}
10001882:	001f      	movs	r7, r3
10001884:	4b34      	ldr	r3, [pc, #208]	@ (10001958 <clock_configure_undivided+0xe0>)
10001886:	0044      	lsls	r4, r0, #1
10001888:	469c      	mov	ip, r3
1000188a:	1824      	adds	r4, r4, r0
1000188c:	00a4      	lsls	r4, r4, #2
1000188e:	4464      	add	r4, ip
10001890:	6863      	ldr	r3, [r4, #4]
10001892:	4688      	mov	r8, r1
10001894:	0016      	movs	r6, r2
10001896:	2bff      	cmp	r3, #255	@ 0xff
10001898:	d802      	bhi.n	100018a0 <clock_configure_undivided+0x28>
1000189a:	2380      	movs	r3, #128	@ 0x80
1000189c:	005b      	lsls	r3, r3, #1
1000189e:	6063      	str	r3, [r4, #4]
100018a0:	1f03      	subs	r3, r0, #4
100018a2:	b2db      	uxtb	r3, r3
100018a4:	469a      	mov	sl, r3
100018a6:	2b01      	cmp	r3, #1
100018a8:	d930      	bls.n	1000190c <clock_configure_undivided+0x94>
100018aa:	23c0      	movs	r3, #192	@ 0xc0
100018ac:	2280      	movs	r2, #128	@ 0x80
100018ae:	019b      	lsls	r3, r3, #6
100018b0:	18e3      	adds	r3, r4, r3
100018b2:	0112      	lsls	r2, r2, #4
100018b4:	601a      	str	r2, [r3, #0]
100018b6:	4b29      	ldr	r3, [pc, #164]	@ (1000195c <clock_configure_undivided+0xe4>)
100018b8:	0085      	lsls	r5, r0, #2
100018ba:	5959      	ldr	r1, [r3, r5]
100018bc:	4699      	mov	r9, r3
100018be:	2900      	cmp	r1, #0
100018c0:	d11b      	bne.n	100018fa <clock_configure_undivided+0x82>
100018c2:	0173      	lsls	r3, r6, #5
100018c4:	26e0      	movs	r6, #224	@ 0xe0
100018c6:	6822      	ldr	r2, [r4, #0]
100018c8:	4053      	eors	r3, r2
100018ca:	401e      	ands	r6, r3
100018cc:	2380      	movs	r3, #128	@ 0x80
100018ce:	4652      	mov	r2, sl
100018d0:	015b      	lsls	r3, r3, #5
100018d2:	18e3      	adds	r3, r4, r3
100018d4:	601e      	str	r6, [r3, #0]
100018d6:	2a01      	cmp	r2, #1
100018d8:	d930      	bls.n	1000193c <clock_configure_undivided+0xc4>
100018da:	2380      	movs	r3, #128	@ 0x80
100018dc:	2280      	movs	r2, #128	@ 0x80
100018de:	019b      	lsls	r3, r3, #6
100018e0:	18e3      	adds	r3, r4, r3
100018e2:	0112      	lsls	r2, r2, #4
100018e4:	601a      	str	r2, [r3, #0]
100018e6:	2380      	movs	r3, #128	@ 0x80
100018e8:	005b      	lsls	r3, r3, #1
100018ea:	6063      	str	r3, [r4, #4]
100018ec:	464b      	mov	r3, r9
100018ee:	515f      	str	r7, [r3, r5]
100018f0:	bce0      	pop	{r5, r6, r7}
100018f2:	46ba      	mov	sl, r7
100018f4:	46b1      	mov	r9, r6
100018f6:	46a8      	mov	r8, r5
100018f8:	bdf0      	pop	{r4, r5, r6, r7, pc}
100018fa:	6958      	ldr	r0, [r3, #20]
100018fc:	f000 fa40 	bl	10001d80 <__wrap___aeabi_uidiv>
10001900:	3001      	adds	r0, #1
10001902:	0043      	lsls	r3, r0, #1
10001904:	181b      	adds	r3, r3, r0
10001906:	3b03      	subs	r3, #3
10001908:	d2fd      	bcs.n	10001906 <clock_configure_undivided+0x8e>
1000190a:	e7da      	b.n	100018c2 <clock_configure_undivided+0x4a>
1000190c:	4643      	mov	r3, r8
1000190e:	2b01      	cmp	r3, #1
10001910:	d1cb      	bne.n	100018aa <clock_configure_undivided+0x32>
10001912:	23c0      	movs	r3, #192	@ 0xc0
10001914:	2203      	movs	r2, #3
10001916:	019b      	lsls	r3, r3, #6
10001918:	18e3      	adds	r3, r4, r3
1000191a:	601a      	str	r2, [r3, #0]
1000191c:	3a02      	subs	r2, #2
1000191e:	68a3      	ldr	r3, [r4, #8]
10001920:	421a      	tst	r2, r3
10001922:	d0fc      	beq.n	1000191e <clock_configure_undivided+0xa6>
10001924:	0173      	lsls	r3, r6, #5
10001926:	26e0      	movs	r6, #224	@ 0xe0
10001928:	6822      	ldr	r2, [r4, #0]
1000192a:	0085      	lsls	r5, r0, #2
1000192c:	4053      	eors	r3, r2
1000192e:	401e      	ands	r6, r3
10001930:	2380      	movs	r3, #128	@ 0x80
10001932:	4a0a      	ldr	r2, [pc, #40]	@ (1000195c <clock_configure_undivided+0xe4>)
10001934:	015b      	lsls	r3, r3, #5
10001936:	4691      	mov	r9, r2
10001938:	18e3      	adds	r3, r4, r3
1000193a:	601e      	str	r6, [r3, #0]
1000193c:	4642      	mov	r2, r8
1000193e:	6821      	ldr	r1, [r4, #0]
10001940:	4051      	eors	r1, r2
10001942:	2203      	movs	r2, #3
10001944:	400a      	ands	r2, r1
10001946:	601a      	str	r2, [r3, #0]
10001948:	2301      	movs	r3, #1
1000194a:	4642      	mov	r2, r8
1000194c:	4093      	lsls	r3, r2
1000194e:	68a2      	ldr	r2, [r4, #8]
10001950:	4213      	tst	r3, r2
10001952:	d0fc      	beq.n	1000194e <clock_configure_undivided+0xd6>
10001954:	e7c1      	b.n	100018da <clock_configure_undivided+0x62>
10001956:	46c0      	nop			@ (mov r8, r8)
10001958:	40008000 	.word	0x40008000
1000195c:	200011f0 	.word	0x200011f0

10001960 <clock_get_hz>:
10001960:	4b01      	ldr	r3, [pc, #4]	@ (10001968 <clock_get_hz+0x8>)
10001962:	0080      	lsls	r0, r0, #2
10001964:	58c0      	ldr	r0, [r0, r3]
10001966:	4770      	bx	lr
10001968:	200011f0 	.word	0x200011f0

1000196c <pll_init>:
1000196c:	b5f8      	push	{r3, r4, r5, r6, r7, lr}
1000196e:	0004      	movs	r4, r0
10001970:	4821      	ldr	r0, [pc, #132]	@ (100019f8 <pll_init+0x8c>)
10001972:	001e      	movs	r6, r3
10001974:	0017      	movs	r7, r2
10001976:	000d      	movs	r5, r1
10001978:	f000 fa02 	bl	10001d80 <__wrap___aeabi_uidiv>
1000197c:	0001      	movs	r1, r0
1000197e:	0038      	movs	r0, r7
10001980:	f000 f9fe 	bl	10001d80 <__wrap___aeabi_uidiv>
10001984:	9b06      	ldr	r3, [sp, #24]
10001986:	0436      	lsls	r6, r6, #16
10001988:	031b      	lsls	r3, r3, #12
1000198a:	431e      	orrs	r6, r3
1000198c:	6823      	ldr	r3, [r4, #0]
1000198e:	2b00      	cmp	r3, #0
10001990:	db20      	blt.n	100019d4 <pll_init+0x68>
10001992:	4b1a      	ldr	r3, [pc, #104]	@ (100019fc <pll_init+0x90>)
10001994:	491a      	ldr	r1, [pc, #104]	@ (10001a00 <pll_init+0x94>)
10001996:	18e3      	adds	r3, r4, r3
10001998:	1e5a      	subs	r2, r3, #1
1000199a:	4193      	sbcs	r3, r2
1000199c:	2280      	movs	r2, #128	@ 0x80
1000199e:	0192      	lsls	r2, r2, #6
100019a0:	4694      	mov	ip, r2
100019a2:	425b      	negs	r3, r3
100019a4:	0b1b      	lsrs	r3, r3, #12
100019a6:	4a17      	ldr	r2, [pc, #92]	@ (10001a04 <pll_init+0x98>)
100019a8:	031b      	lsls	r3, r3, #12
100019aa:	4463      	add	r3, ip
100019ac:	6013      	str	r3, [r2, #0]
100019ae:	4a16      	ldr	r2, [pc, #88]	@ (10001a08 <pll_init+0x9c>)
100019b0:	6013      	str	r3, [r2, #0]
100019b2:	001f      	movs	r7, r3
100019b4:	680a      	ldr	r2, [r1, #0]
100019b6:	4397      	bics	r7, r2
100019b8:	d1fb      	bne.n	100019b2 <pll_init+0x46>
100019ba:	4b14      	ldr	r3, [pc, #80]	@ (10001a0c <pll_init+0xa0>)
100019bc:	6025      	str	r5, [r4, #0]
100019be:	18e2      	adds	r2, r4, r3
100019c0:	2321      	movs	r3, #33	@ 0x21
100019c2:	60a0      	str	r0, [r4, #8]
100019c4:	6013      	str	r3, [r2, #0]
100019c6:	6823      	ldr	r3, [r4, #0]
100019c8:	2b00      	cmp	r3, #0
100019ca:	dafc      	bge.n	100019c6 <pll_init+0x5a>
100019cc:	2308      	movs	r3, #8
100019ce:	60e6      	str	r6, [r4, #12]
100019d0:	6013      	str	r3, [r2, #0]
100019d2:	bdf8      	pop	{r3, r4, r5, r6, r7, pc}
100019d4:	233f      	movs	r3, #63	@ 0x3f
100019d6:	6822      	ldr	r2, [r4, #0]
100019d8:	4013      	ands	r3, r2
100019da:	42ab      	cmp	r3, r5
100019dc:	d1d9      	bne.n	10001992 <pll_init+0x26>
100019de:	68a3      	ldr	r3, [r4, #8]
100019e0:	051b      	lsls	r3, r3, #20
100019e2:	0d1b      	lsrs	r3, r3, #20
100019e4:	4283      	cmp	r3, r0
100019e6:	d1d4      	bne.n	10001992 <pll_init+0x26>
100019e8:	22ee      	movs	r2, #238	@ 0xee
100019ea:	68e3      	ldr	r3, [r4, #12]
100019ec:	02d2      	lsls	r2, r2, #11
100019ee:	4013      	ands	r3, r2
100019f0:	42b3      	cmp	r3, r6
100019f2:	d1ce      	bne.n	10001992 <pll_init+0x26>
100019f4:	e7ed      	b.n	100019d2 <pll_init+0x66>
100019f6:	46c0      	nop			@ (mov r8, r8)
100019f8:	00b71b00 	.word	0x00b71b00
100019fc:	bffd4000 	.word	0xbffd4000
10001a00:	4000c008 	.word	0x4000c008
10001a04:	4000e000 	.word	0x4000e000
10001a08:	4000f000 	.word	0x4000f000
10001a0c:	00003004 	.word	0x00003004

10001a10 <tick_start>:
10001a10:	2380      	movs	r3, #128	@ 0x80
10001a12:	4a02      	ldr	r2, [pc, #8]	@ (10001a1c <tick_start+0xc>)
10001a14:	009b      	lsls	r3, r3, #2
10001a16:	430b      	orrs	r3, r1
10001a18:	62d3      	str	r3, [r2, #44]	@ 0x2c
10001a1a:	4770      	bx	lr
10001a1c:	40058000 	.word	0x40058000

10001a20 <rom_func_lookup>:
10001a20:	2314      	movs	r3, #20
10001a22:	b510      	push	{r4, lr}
10001a24:	0001      	movs	r1, r0
10001a26:	8818      	ldrh	r0, [r3, #0]
10001a28:	3304      	adds	r3, #4
10001a2a:	881b      	ldrh	r3, [r3, #0]
10001a2c:	4798      	blx	r3
10001a2e:	bd10      	pop	{r4, pc}

10001a30 <rom_data_lookup>:
10001a30:	2316      	movs	r3, #22
10001a32:	b510      	push	{r4, lr}
10001a34:	0001      	movs	r1, r0
10001a36:	8818      	ldrh	r0, [r3, #0]
10001a38:	3302      	adds	r3, #2
10001a3a:	881b      	ldrh	r3, [r3, #0]
10001a3c:	4798      	blx	r3
10001a3e:	bd10      	pop	{r4, pc}

10001a40 <rom_funcs_lookup>:
10001a40:	b5f8      	push	{r3, r4, r5, r6, r7, lr}
10001a42:	4647      	mov	r7, r8
10001a44:	46ce      	mov	lr, r9
10001a46:	b580      	push	{r7, lr}
10001a48:	1e0f      	subs	r7, r1, #0
10001a4a:	d019      	beq.n	10001a80 <rom_funcs_lookup+0x40>
10001a4c:	2314      	movs	r3, #20
10001a4e:	4699      	mov	r9, r3
10001a50:	3304      	adds	r3, #4
10001a52:	0004      	movs	r4, r0
10001a54:	2500      	movs	r5, #0
10001a56:	2601      	movs	r6, #1
10001a58:	4698      	mov	r8, r3
10001a5a:	464b      	mov	r3, r9
10001a5c:	8818      	ldrh	r0, [r3, #0]
10001a5e:	4643      	mov	r3, r8
10001a60:	6821      	ldr	r1, [r4, #0]
10001a62:	881b      	ldrh	r3, [r3, #0]
10001a64:	4798      	blx	r3
10001a66:	c401      	stmia	r4!, {r0}
10001a68:	1e43      	subs	r3, r0, #1
10001a6a:	4198      	sbcs	r0, r3
10001a6c:	3501      	adds	r5, #1
10001a6e:	4240      	negs	r0, r0
10001a70:	4006      	ands	r6, r0
10001a72:	42af      	cmp	r7, r5
10001a74:	d1f1      	bne.n	10001a5a <rom_funcs_lookup+0x1a>
10001a76:	0030      	movs	r0, r6
10001a78:	bcc0      	pop	{r6, r7}
10001a7a:	46b9      	mov	r9, r7
10001a7c:	46b0      	mov	r8, r6
10001a7e:	bdf8      	pop	{r3, r4, r5, r6, r7, pc}
10001a80:	2601      	movs	r6, #1
10001a82:	e7f8      	b.n	10001a76 <rom_funcs_lookup+0x36>

10001a84 <rom_reset_usb_boot>:
10001a84:	2314      	movs	r3, #20
10001a86:	b570      	push	{r4, r5, r6, lr}
10001a88:	0004      	movs	r4, r0
10001a8a:	8818      	ldrh	r0, [r3, #0]
10001a8c:	3304      	adds	r3, #4
10001a8e:	000d      	movs	r5, r1
10001a90:	881b      	ldrh	r3, [r3, #0]
10001a92:	4903      	ldr	r1, [pc, #12]	@ (10001aa0 <rom_reset_usb_boot+0x1c>)
10001a94:	4798      	blx	r3
10001a96:	0029      	movs	r1, r5
10001a98:	0003      	movs	r3, r0
10001a9a:	0020      	movs	r0, r4
10001a9c:	4798      	blx	r3
10001a9e:	46c0      	nop			@ (mov r8, r8)
10001aa0:	00004255 	.word	0x00004255

10001aa4 <xosc_init>:
10001aa4:	23aa      	movs	r3, #170	@ 0xaa
10001aa6:	4a06      	ldr	r2, [pc, #24]	@ (10001ac0 <xosc_init+0x1c>)
10001aa8:	011b      	lsls	r3, r3, #4
10001aaa:	6013      	str	r3, [r2, #0]
10001aac:	238d      	movs	r3, #141	@ 0x8d
10001aae:	005b      	lsls	r3, r3, #1
10001ab0:	60d3      	str	r3, [r2, #12]
10001ab2:	4904      	ldr	r1, [pc, #16]	@ (10001ac4 <xosc_init+0x20>)
10001ab4:	4b04      	ldr	r3, [pc, #16]	@ (10001ac8 <xosc_init+0x24>)
10001ab6:	6019      	str	r1, [r3, #0]
10001ab8:	6853      	ldr	r3, [r2, #4]
10001aba:	2b00      	cmp	r3, #0
10001abc:	dafc      	bge.n	10001ab8 <xosc_init+0x14>
10001abe:	4770      	bx	lr
10001ac0:	40024000 	.word	0x40024000
10001ac4:	00fab000 	.word	0x00fab000
10001ac8:	40026000 	.word	0x40026000

10001acc <first_per_core_initializer>:
10001acc:	4770      	bx	lr
10001ace:	46c0      	nop			@ (mov r8, r8)

10001ad0 <hard_assertion_failure>:
10001ad0:	b510      	push	{r4, lr}
10001ad2:	4801      	ldr	r0, [pc, #4]	@ (10001ad8 <hard_assertion_failure+0x8>)
10001ad4:	f7fe fcea 	bl	100004ac <panic>
10001ad8:	1000b10c 	.word	0x1000b10c

10001adc <runtime_run_initializers>:
10001adc:	b570      	push	{r4, r5, r6, lr}
10001ade:	4d07      	ldr	r5, [pc, #28]	@ (10001afc <runtime_run_initializers+0x20>)
10001ae0:	4e07      	ldr	r6, [pc, #28]	@ (10001b00 <runtime_run_initializers+0x24>)
10001ae2:	42b5      	cmp	r5, r6
10001ae4:	d209      	bcs.n	10001afa <runtime_run_initializers+0x1e>
10001ae6:	2400      	movs	r4, #0
10001ae8:	3e01      	subs	r6, #1
10001aea:	1b76      	subs	r6, r6, r5
10001aec:	08b6      	lsrs	r6, r6, #2
10001aee:	cd08      	ldmia	r5!, {r3}
10001af0:	4798      	blx	r3
10001af2:	0023      	movs	r3, r4
10001af4:	3401      	adds	r4, #1
10001af6:	42b3      	cmp	r3, r6
10001af8:	d1f9      	bne.n	10001aee <runtime_run_initializers+0x12>
10001afa:	bd70      	pop	{r4, r5, r6, pc}
10001afc:	1000b038 	.word	0x1000b038
10001b00:	1000b078 	.word	0x1000b078

10001b04 <runtime_init_early_resets>:
10001b04:	4b05      	ldr	r3, [pc, #20]	@ (10001b1c <runtime_init_early_resets+0x18>)
10001b06:	4a06      	ldr	r2, [pc, #24]	@ (10001b20 <runtime_init_early_resets+0x1c>)
10001b08:	4906      	ldr	r1, [pc, #24]	@ (10001b24 <runtime_init_early_resets+0x20>)
10001b0a:	601a      	str	r2, [r3, #0]
10001b0c:	4a06      	ldr	r2, [pc, #24]	@ (10001b28 <runtime_init_early_resets+0x24>)
10001b0e:	4b07      	ldr	r3, [pc, #28]	@ (10001b2c <runtime_init_early_resets+0x28>)
10001b10:	601a      	str	r2, [r3, #0]
10001b12:	0010      	movs	r0, r2
10001b14:	680b      	ldr	r3, [r1, #0]
10001b16:	4398      	bics	r0, r3
10001b18:	d1fb      	bne.n	10001b12 <runtime_init_early_resets+0xe>
10001b1a:	4770      	bx	lr
10001b1c:	4000e000 	.word	0x4000e000
10001b20:	fefbcdbf 	.word	0xfefbcdbf
10001b24:	4000c008 	.word	0x4000c008
10001b28:	003c7ffe 	.word	0x003c7ffe
10001b2c:	4000f000 	.word	0x4000f000

10001b30 <runtime_init_usb_power_down>:
10001b30:	4b04      	ldr	r3, [pc, #16]	@ (10001b44 <runtime_init_usb_power_down+0x14>)
10001b32:	6cdb      	ldr	r3, [r3, #76]	@ 0x4c
10001b34:	2b00      	cmp	r3, #0
10001b36:	d103      	bne.n	10001b40 <runtime_init_usb_power_down+0x10>
10001b38:	2280      	movs	r2, #128	@ 0x80
10001b3a:	4b03      	ldr	r3, [pc, #12]	@ (10001b48 <runtime_init_usb_power_down+0x18>)
10001b3c:	02d2      	lsls	r2, r2, #11
10001b3e:	601a      	str	r2, [r3, #0]
10001b40:	4770      	bx	lr
10001b42:	46c0      	nop			@ (mov r8, r8)
10001b44:	50110000 	.word	0x50110000
10001b48:	5011204c 	.word	0x5011204c

10001b4c <runtime_init_post_clock_resets>:
10001b4c:	4a04      	ldr	r2, [pc, #16]	@ (10001b60 <runtime_init_post_clock_resets+0x14>)
10001b4e:	4b05      	ldr	r3, [pc, #20]	@ (10001b64 <runtime_init_post_clock_resets+0x18>)
10001b50:	601a      	str	r2, [r3, #0]
10001b52:	4a05      	ldr	r2, [pc, #20]	@ (10001b68 <runtime_init_post_clock_resets+0x1c>)
10001b54:	6813      	ldr	r3, [r2, #0]
10001b56:	01db      	lsls	r3, r3, #7
10001b58:	3380      	adds	r3, #128	@ 0x80
10001b5a:	d1fb      	bne.n	10001b54 <runtime_init_post_clock_resets+0x8>
10001b5c:	4770      	bx	lr
10001b5e:	46c0      	nop			@ (mov r8, r8)
10001b60:	01ffffff 	.word	0x01ffffff
10001b64:	4000f000 	.word	0x4000f000
10001b68:	4000c008 	.word	0x4000c008

10001b6c <runtime_init_rp2040_gpio_ie_disable>:
10001b6c:	2240      	movs	r2, #64	@ 0x40
10001b6e:	4b03      	ldr	r3, [pc, #12]	@ (10001b7c <runtime_init_rp2040_gpio_ie_disable+0x10>)
10001b70:	679a      	str	r2, [r3, #120]	@ 0x78
10001b72:	675a      	str	r2, [r3, #116]	@ 0x74
10001b74:	671a      	str	r2, [r3, #112]	@ 0x70
10001b76:	66da      	str	r2, [r3, #108]	@ 0x6c
10001b78:	4770      	bx	lr
10001b7a:	46c0      	nop			@ (mov r8, r8)
10001b7c:	4001f000 	.word	0x4001f000

10001b80 <runtime_init_spin_locks_reset>:
10001b80:	b510      	push	{r4, lr}
10001b82:	f7fe fd5f 	bl	10000644 <spin_locks_reset>
10001b86:	bd10      	pop	{r4, pc}

10001b88 <runtime_init_install_ram_vector_table>:
10001b88:	b5f8      	push	{r3, r4, r5, r6, r7, lr}
10001b8a:	4927      	ldr	r1, [pc, #156]	@ (10001c28 <runtime_init_install_ram_vector_table+0xa0>)
10001b8c:	4c27      	ldr	r4, [pc, #156]	@ (10001c2c <runtime_init_install_ram_vector_table+0xa4>)
10001b8e:	4d28      	ldr	r5, [pc, #160]	@ (10001c30 <runtime_init_install_ram_vector_table+0xa8>)
10001b90:	1a64      	subs	r4, r4, r1
10001b92:	08a4      	lsrs	r4, r4, #2
10001b94:	0022      	movs	r2, r4
10001b96:	2c30      	cmp	r4, #48	@ 0x30
10001b98:	d900      	bls.n	10001b9c <runtime_init_install_ram_vector_table+0x14>
10001b9a:	2230      	movs	r2, #48	@ 0x30
10001b9c:	0028      	movs	r0, r5
10001b9e:	0092      	lsls	r2, r2, #2
10001ba0:	f000 fd0c 	bl	100025bc <__wrap___aeabi_memcpy>
10001ba4:	2c2f      	cmp	r4, #47	@ 0x2f
10001ba6:	d83b      	bhi.n	10001c20 <runtime_init_install_ram_vector_table+0x98>
10001ba8:	2030      	movs	r0, #48	@ 0x30
10001baa:	212f      	movs	r1, #47	@ 0x2f
10001bac:	00a7      	lsls	r7, r4, #2
10001bae:	19eb      	adds	r3, r5, r7
10001bb0:	075b      	lsls	r3, r3, #29
10001bb2:	4a20      	ldr	r2, [pc, #128]	@ (10001c34 <runtime_init_install_ram_vector_table+0xac>)
10001bb4:	1b00      	subs	r0, r0, r4
10001bb6:	0fdb      	lsrs	r3, r3, #31
10001bb8:	1b09      	subs	r1, r1, r4
10001bba:	2905      	cmp	r1, #5
10001bbc:	d916      	bls.n	10001bec <runtime_init_install_ram_vector_table+0x64>
10001bbe:	0026      	movs	r6, r4
10001bc0:	2b00      	cmp	r3, #0
10001bc2:	d001      	beq.n	10001bc8 <runtime_init_install_ram_vector_table+0x40>
10001bc4:	51ea      	str	r2, [r5, r7]
10001bc6:	1c66      	adds	r6, r4, #1
10001bc8:	1ac0      	subs	r0, r0, r3
10001bca:	18e3      	adds	r3, r4, r3
10001bcc:	009b      	lsls	r3, r3, #2
10001bce:	0841      	lsrs	r1, r0, #1
10001bd0:	18eb      	adds	r3, r5, r3
10001bd2:	00c9      	lsls	r1, r1, #3
10001bd4:	18c9      	adds	r1, r1, r3
10001bd6:	601a      	str	r2, [r3, #0]
10001bd8:	605a      	str	r2, [r3, #4]
10001bda:	3308      	adds	r3, #8
10001bdc:	428b      	cmp	r3, r1
10001bde:	d1fa      	bne.n	10001bd6 <runtime_init_install_ram_vector_table+0x4e>
10001be0:	2301      	movs	r3, #1
10001be2:	4203      	tst	r3, r0
10001be4:	d01c      	beq.n	10001c20 <runtime_init_install_ram_vector_table+0x98>
10001be6:	4398      	bics	r0, r3
10001be8:	1984      	adds	r4, r0, r6
10001bea:	00a7      	lsls	r7, r4, #2
10001bec:	51ea      	str	r2, [r5, r7]
10001bee:	1c63      	adds	r3, r4, #1
10001bf0:	2c2f      	cmp	r4, #47	@ 0x2f
10001bf2:	d015      	beq.n	10001c20 <runtime_init_install_ram_vector_table+0x98>
10001bf4:	009b      	lsls	r3, r3, #2
10001bf6:	50ea      	str	r2, [r5, r3]
10001bf8:	1ca3      	adds	r3, r4, #2
10001bfa:	2c2e      	cmp	r4, #46	@ 0x2e
10001bfc:	d010      	beq.n	10001c20 <runtime_init_install_ram_vector_table+0x98>
10001bfe:	009b      	lsls	r3, r3, #2
10001c00:	50ea      	str	r2, [r5, r3]
10001c02:	1ce3      	adds	r3, r4, #3
10001c04:	2c2d      	cmp	r4, #45	@ 0x2d
10001c06:	d00b      	beq.n	10001c20 <runtime_init_install_ram_vector_table+0x98>
10001c08:	009b      	lsls	r3, r3, #2
10001c0a:	50ea      	str	r2, [r5, r3]
10001c0c:	1d23      	adds	r3, r4, #4
10001c0e:	2c2c      	cmp	r4, #44	@ 0x2c
10001c10:	d006      	beq.n	10001c20 <runtime_init_install_ram_vector_table+0x98>
10001c12:	009b      	lsls	r3, r3, #2
10001c14:	50ea      	str	r2, [r5, r3]
10001c16:	1d63      	adds	r3, r4, #5
10001c18:	2c2b      	cmp	r4, #43	@ 0x2b
10001c1a:	d001      	beq.n	10001c20 <runtime_init_install_ram_vector_table+0x98>
10001c1c:	009b      	lsls	r3, r3, #2
10001c1e:	50ea      	str	r2, [r5, r3]
10001c20:	4b05      	ldr	r3, [pc, #20]	@ (10001c38 <runtime_init_install_ram_vector_table+0xb0>)
10001c22:	609d      	str	r5, [r3, #8]
10001c24:	bdf8      	pop	{r3, r4, r5, r6, r7, pc}
10001c26:	46c0      	nop			@ (mov r8, r8)
10001c28:	10000100 	.word	0x10000100
10001c2c:	100001c0 	.word	0x100001c0
10001c30:	20000000 	.word	0x20000000
10001c34:	100001c1 	.word	0x100001c1
10001c38:	e000ed00 	.word	0xe000ed00

10001c3c <runtime_init_clocks>:
10001c3c:	2300      	movs	r3, #0
10001c3e:	b510      	push	{r4, lr}
10001c40:	4c29      	ldr	r4, [pc, #164]	@ (10001ce8 <runtime_init_clocks+0xac>)
10001c42:	b082      	sub	sp, #8
10001c44:	67a3      	str	r3, [r4, #120]	@ 0x78
10001c46:	f7ff ff2d 	bl	10001aa4 <xosc_init>
10001c4a:	2201      	movs	r2, #1
10001c4c:	4b27      	ldr	r3, [pc, #156]	@ (10001cec <runtime_init_clocks+0xb0>)
10001c4e:	601a      	str	r2, [r3, #0]
10001c50:	6c63      	ldr	r3, [r4, #68]	@ 0x44
10001c52:	2b01      	cmp	r3, #1
10001c54:	d1fc      	bne.n	10001c50 <runtime_init_clocks+0x14>
10001c56:	2203      	movs	r2, #3
10001c58:	4b25      	ldr	r3, [pc, #148]	@ (10001cf0 <runtime_init_clocks+0xb4>)
10001c5a:	601a      	str	r2, [r3, #0]
10001c5c:	4a22      	ldr	r2, [pc, #136]	@ (10001ce8 <runtime_init_clocks+0xac>)
10001c5e:	6b93      	ldr	r3, [r2, #56]	@ 0x38
10001c60:	2b01      	cmp	r3, #1
10001c62:	d1fc      	bne.n	10001c5e <runtime_init_clocks+0x22>
10001c64:	3301      	adds	r3, #1
10001c66:	9300      	str	r3, [sp, #0]
10001c68:	2101      	movs	r1, #1
10001c6a:	4a22      	ldr	r2, [pc, #136]	@ (10001cf4 <runtime_init_clocks+0xb8>)
10001c6c:	4822      	ldr	r0, [pc, #136]	@ (10001cf8 <runtime_init_clocks+0xbc>)
10001c6e:	3304      	adds	r3, #4
10001c70:	f7ff fe7c 	bl	1000196c <pll_init>
10001c74:	2305      	movs	r3, #5
10001c76:	2101      	movs	r1, #1
10001c78:	9300      	str	r3, [sp, #0]
10001c7a:	4a20      	ldr	r2, [pc, #128]	@ (10001cfc <runtime_init_clocks+0xc0>)
10001c7c:	4820      	ldr	r0, [pc, #128]	@ (10001d00 <runtime_init_clocks+0xc4>)
10001c7e:	f7ff fe75 	bl	1000196c <pll_init>
10001c82:	2200      	movs	r2, #0
10001c84:	2102      	movs	r1, #2
10001c86:	2004      	movs	r0, #4
10001c88:	4b1e      	ldr	r3, [pc, #120]	@ (10001d04 <runtime_init_clocks+0xc8>)
10001c8a:	f7ff fdf5 	bl	10001878 <clock_configure_undivided>
10001c8e:	2200      	movs	r2, #0
10001c90:	2101      	movs	r1, #1
10001c92:	2005      	movs	r0, #5
10001c94:	4b1c      	ldr	r3, [pc, #112]	@ (10001d08 <runtime_init_clocks+0xcc>)
10001c96:	f7ff fdef 	bl	10001878 <clock_configure_undivided>
10001c9a:	2200      	movs	r2, #0
10001c9c:	2100      	movs	r1, #0
10001c9e:	2007      	movs	r0, #7
10001ca0:	4b1a      	ldr	r3, [pc, #104]	@ (10001d0c <runtime_init_clocks+0xd0>)
10001ca2:	f7ff fde9 	bl	10001878 <clock_configure_undivided>
10001ca6:	2200      	movs	r2, #0
10001ca8:	2100      	movs	r1, #0
10001caa:	2008      	movs	r0, #8
10001cac:	4b17      	ldr	r3, [pc, #92]	@ (10001d0c <runtime_init_clocks+0xd0>)
10001cae:	f7ff fde3 	bl	10001878 <clock_configure_undivided>
10001cb2:	2380      	movs	r3, #128	@ 0x80
10001cb4:	00db      	lsls	r3, r3, #3
10001cb6:	9300      	str	r3, [sp, #0]
10001cb8:	2200      	movs	r2, #0
10001cba:	2100      	movs	r1, #0
10001cbc:	2009      	movs	r0, #9
10001cbe:	4b13      	ldr	r3, [pc, #76]	@ (10001d0c <runtime_init_clocks+0xd0>)
10001cc0:	f7ff fd60 	bl	10001784 <clock_configure_int_divider>
10001cc4:	2200      	movs	r2, #0
10001cc6:	4b10      	ldr	r3, [pc, #64]	@ (10001d08 <runtime_init_clocks+0xcc>)
10001cc8:	2100      	movs	r1, #0
10001cca:	2006      	movs	r0, #6
10001ccc:	f7ff fdd4 	bl	10001878 <clock_configure_undivided>
10001cd0:	2004      	movs	r0, #4
10001cd2:	f7ff fe45 	bl	10001960 <clock_get_hz>
10001cd6:	490e      	ldr	r1, [pc, #56]	@ (10001d10 <runtime_init_clocks+0xd4>)
10001cd8:	f000 f852 	bl	10001d80 <__wrap___aeabi_uidiv>
10001cdc:	0001      	movs	r1, r0
10001cde:	2000      	movs	r0, #0
10001ce0:	f7ff fe96 	bl	10001a10 <tick_start>
10001ce4:	b002      	add	sp, #8
10001ce6:	bd10      	pop	{r4, pc}
10001ce8:	40008000 	.word	0x40008000
10001cec:	4000b03c 	.word	0x4000b03c
10001cf0:	4000b030 	.word	0x4000b030
10001cf4:	59682f00 	.word	0x59682f00
10001cf8:	40028000 	.word	0x40028000
10001cfc:	47868c00 	.word	0x47868c00
10001d00:	4002c000 	.word	0x4002c000
10001d04:	00b71b00 	.word	0x00b71b00
10001d08:	07735940 	.word	0x07735940
10001d0c:	02dc6c00 	.word	0x02dc6c00
10001d10:	000f4240 	.word	0x000f4240

10001d14 <__aeabi_bits_init>:
10001d14:	4801      	ldr	r0, [pc, #4]	@ (10001d1c <__aeabi_bits_init+0x8>)
10001d16:	2104      	movs	r1, #4
10001d18:	4b01      	ldr	r3, [pc, #4]	@ (10001d20 <__aeabi_bits_init+0xc>)
10001d1a:	4718      	bx	r3
10001d1c:	20000670 	.word	0x20000670
10001d20:	10001a41 	.word	0x10001a41

10001d24 <__wrap___ctzsi2>:
10001d24:	4b01      	ldr	r3, [pc, #4]	@ (10001d2c <__wrap___ctzsi2+0x8>)
10001d26:	689b      	ldr	r3, [r3, #8]
10001d28:	4718      	bx	r3
10001d2a:	0000      	.short	0x0000
10001d2c:	20000670 	.word	0x20000670

10001d30 <__wrap___aeabi_idiv>:
10001d30:	4a12      	ldr	r2, [pc, #72]	@ (10001d7c <divmod_s32s32_savestate+0x18>)
10001d32:	6f93      	ldr	r3, [r2, #120]	@ 0x78
10001d34:	089b      	lsrs	r3, r3, #2
10001d36:	d215      	bcs.n	10001d64 <divmod_s32s32_savestate>

10001d38 <divmod_s32s32_core>:
10001d38:	6690      	str	r0, [r2, #104]	@ 0x68
10001d3a:	66d1      	str	r1, [r2, #108]	@ 0x6c
10001d3c:	2900      	cmp	r1, #0
10001d3e:	d005      	beq.n	10001d4c <divmod_s32s32_core+0x14>
10001d40:	e7ff      	b.n	10001d42 <divmod_s32s32_core+0xa>
10001d42:	e7ff      	b.n	10001d44 <divmod_s32s32_core+0xc>
10001d44:	e7ff      	b.n	10001d46 <divmod_s32s32_core+0xe>
10001d46:	6f51      	ldr	r1, [r2, #116]	@ 0x74
10001d48:	6f10      	ldr	r0, [r2, #112]	@ 0x70
10001d4a:	4770      	bx	lr
10001d4c:	b504      	push	{r2, lr}
10001d4e:	2180      	movs	r1, #128	@ 0x80
10001d50:	0609      	lsls	r1, r1, #24
10001d52:	17c2      	asrs	r2, r0, #31
10001d54:	4051      	eors	r1, r2
10001d56:	2800      	cmp	r0, #0
10001d58:	d000      	beq.n	10001d5c <divmod_s32s32_core+0x24>
10001d5a:	43c8      	mvns	r0, r1
10001d5c:	f009 f904 	bl	1000af68 <____aeabi_idiv0_veneer>
10001d60:	2100      	movs	r1, #0
10001d62:	bd04      	pop	{r2, pc}

10001d64 <divmod_s32s32_savestate>:
10001d64:	b5f0      	push	{r4, r5, r6, r7, lr}
10001d66:	6e14      	ldr	r4, [r2, #96]	@ 0x60
10001d68:	6e55      	ldr	r5, [r2, #100]	@ 0x64
10001d6a:	6f57      	ldr	r7, [r2, #116]	@ 0x74
10001d6c:	6f16      	ldr	r6, [r2, #112]	@ 0x70
10001d6e:	f7ff ffe3 	bl	10001d38 <divmod_s32s32_core>
10001d72:	6614      	str	r4, [r2, #96]	@ 0x60
10001d74:	6655      	str	r5, [r2, #100]	@ 0x64
10001d76:	6757      	str	r7, [r2, #116]	@ 0x74
10001d78:	6716      	str	r6, [r2, #112]	@ 0x70
10001d7a:	bdf0      	pop	{r4, r5, r6, r7, pc}
10001d7c:	d0000000 	.word	0xd0000000

10001d80 <__wrap___aeabi_uidiv>:
10001d80:	4a11      	ldr	r2, [pc, #68]	@ (10001dc8 <divmod_u32u32_savestate+0x18>)
10001d82:	6f93      	ldr	r3, [r2, #120]	@ 0x78
10001d84:	089b      	lsrs	r3, r3, #2
10001d86:	d213      	bcs.n	10001db0 <divmod_u32u32_savestate>

10001d88 <divmod_u32u32_core>:
10001d88:	6610      	str	r0, [r2, #96]	@ 0x60
10001d8a:	6651      	str	r1, [r2, #100]	@ 0x64
10001d8c:	2900      	cmp	r1, #0
10001d8e:	d005      	beq.n	10001d9c <divmod_u32u32_core+0x14>
10001d90:	e7ff      	b.n	10001d92 <divmod_u32u32_core+0xa>
10001d92:	e7ff      	b.n	10001d94 <divmod_u32u32_core+0xc>
10001d94:	e7ff      	b.n	10001d96 <divmod_u32u32_core+0xe>
10001d96:	6f51      	ldr	r1, [r2, #116]	@ 0x74
10001d98:	6f10      	ldr	r0, [r2, #112]	@ 0x70
10001d9a:	4770      	bx	lr
10001d9c:	b504      	push	{r2, lr}
10001d9e:	2800      	cmp	r0, #0
10001da0:	d001      	beq.n	10001da6 <divmod_u32u32_core+0x1e>
10001da2:	2000      	movs	r0, #0
10001da4:	43c0      	mvns	r0, r0
10001da6:	f009 f8df 	bl	1000af68 <____aeabi_idiv0_veneer>
10001daa:	2100      	movs	r1, #0
10001dac:	bd04      	pop	{r2, pc}
10001dae:	46c0      	nop			@ (mov r8, r8)

10001db0 <divmod_u32u32_savestate>:
10001db0:	b5f0      	push	{r4, r5, r6, r7, lr}
10001db2:	6e14      	ldr	r4, [r2, #96]	@ 0x60
10001db4:	6e55      	ldr	r5, [r2, #100]	@ 0x64
10001db6:	6f57      	ldr	r7, [r2, #116]	@ 0x74
10001db8:	6f16      	ldr	r6, [r2, #112]	@ 0x70
10001dba:	f7ff ffe5 	bl	10001d88 <divmod_u32u32_core>
10001dbe:	6614      	str	r4, [r2, #96]	@ 0x60
10001dc0:	6655      	str	r5, [r2, #100]	@ 0x64
10001dc2:	6757      	str	r7, [r2, #116]	@ 0x74
10001dc4:	6716      	str	r6, [r2, #112]	@ 0x70
10001dc6:	bdf0      	pop	{r4, r5, r6, r7, pc}
10001dc8:	d0000000 	.word	0xd0000000

10001dcc <__wrap___aeabi_ldivmod>:
10001dcc:	4694      	mov	ip, r2
10001dce:	4a4a      	ldr	r2, [pc, #296]	@ (10001ef8 <udiv0+0x1a>)
10001dd0:	6f92      	ldr	r2, [r2, #120]	@ 0x78
10001dd2:	0892      	lsrs	r2, r2, #2
10001dd4:	4662      	mov	r2, ip
10001dd6:	d201      	bcs.n	10001ddc <divmod_s64s64_savestate>
10001dd8:	e028      	b.n	10001e2c <divmod_s64s64_unsafe>
10001dda:	46c0      	nop			@ (mov r8, r8)

10001ddc <divmod_s64s64_savestate>:
10001ddc:	b5f0      	push	{r4, r5, r6, r7, lr}
10001dde:	4e46      	ldr	r6, [pc, #280]	@ (10001ef8 <udiv0+0x1a>)
10001de0:	6e34      	ldr	r4, [r6, #96]	@ 0x60
10001de2:	6e75      	ldr	r5, [r6, #100]	@ 0x64
10001de4:	6f77      	ldr	r7, [r6, #116]	@ 0x74
10001de6:	6f36      	ldr	r6, [r6, #112]	@ 0x70
10001de8:	f000 f820 	bl	10001e2c <divmod_s64s64_unsafe>
10001dec:	4694      	mov	ip, r2
10001dee:	4a42      	ldr	r2, [pc, #264]	@ (10001ef8 <udiv0+0x1a>)
10001df0:	6614      	str	r4, [r2, #96]	@ 0x60
10001df2:	6655      	str	r5, [r2, #100]	@ 0x64
10001df4:	6757      	str	r7, [r2, #116]	@ 0x74
10001df6:	6716      	str	r6, [r2, #112]	@ 0x70
10001df8:	4662      	mov	r2, ip
10001dfa:	bdf0      	pop	{r4, r5, r6, r7, pc}

10001dfc <__wrap___aeabi_uldivmod>:
10001dfc:	4694      	mov	ip, r2
10001dfe:	4a3e      	ldr	r2, [pc, #248]	@ (10001ef8 <udiv0+0x1a>)
10001e00:	6f92      	ldr	r2, [r2, #120]	@ 0x78
10001e02:	0892      	lsrs	r2, r2, #2
10001e04:	4662      	mov	r2, ip
10001e06:	d201      	bcs.n	10001e0c <divmod_u64u64_savestate>
10001e08:	e054      	b.n	10001eb4 <divmod_u64u64_unsafe>
10001e0a:	46c0      	nop			@ (mov r8, r8)

10001e0c <divmod_u64u64_savestate>:
10001e0c:	b5f0      	push	{r4, r5, r6, r7, lr}
10001e0e:	4e3a      	ldr	r6, [pc, #232]	@ (10001ef8 <udiv0+0x1a>)
10001e10:	6e34      	ldr	r4, [r6, #96]	@ 0x60
10001e12:	6e75      	ldr	r5, [r6, #100]	@ 0x64
10001e14:	6f77      	ldr	r7, [r6, #116]	@ 0x74
10001e16:	6f36      	ldr	r6, [r6, #112]	@ 0x70
10001e18:	f000 f84c 	bl	10001eb4 <divmod_u64u64_unsafe>
10001e1c:	4694      	mov	ip, r2
10001e1e:	4a36      	ldr	r2, [pc, #216]	@ (10001ef8 <udiv0+0x1a>)
10001e20:	6614      	str	r4, [r2, #96]	@ 0x60
10001e22:	6655      	str	r5, [r2, #100]	@ 0x64
10001e24:	6757      	str	r7, [r2, #116]	@ 0x74
10001e26:	6716      	str	r6, [r2, #112]	@ 0x70
10001e28:	4662      	mov	r2, ip
10001e2a:	bdf0      	pop	{r4, r5, r6, r7, pc}

10001e2c <divmod_s64s64_unsafe>:
10001e2c:	2b00      	cmp	r3, #0
10001e2e:	db24      	blt.n	10001e7a <l46_1+0x26>
10001e30:	d011      	beq.n	10001e56 <l46_1+0x2>
10001e32:	2900      	cmp	r1, #0
10001e34:	da3e      	bge.n	10001eb4 <divmod_u64u64_unsafe>
10001e36:	b500      	push	{lr}
10001e38:	43c9      	mvns	r1, r1
10001e3a:	4240      	negs	r0, r0
10001e3c:	d100      	bne.n	10001e40 <l44_1>
10001e3e:	3101      	adds	r1, #1

10001e40 <l44_1>:
10001e40:	f000 f838 	bl	10001eb4 <divmod_u64u64_unsafe>
10001e44:	43c9      	mvns	r1, r1
10001e46:	4240      	negs	r0, r0
10001e48:	d100      	bne.n	10001e4c <l45_1>
10001e4a:	3101      	adds	r1, #1

10001e4c <l45_1>:
10001e4c:	43db      	mvns	r3, r3
10001e4e:	4252      	negs	r2, r2
10001e50:	d100      	bne.n	10001e54 <l46_1>
10001e52:	3301      	adds	r3, #1

10001e54 <l46_1>:
10001e54:	bd00      	pop	{pc}
10001e56:	2a00      	cmp	r2, #0
10001e58:	d1eb      	bne.n	10001e32 <divmod_s64s64_unsafe+0x6>
10001e5a:	2800      	cmp	r0, #0
10001e5c:	d101      	bne.n	10001e62 <l46_1+0xe>
10001e5e:	2900      	cmp	r1, #0
10001e60:	d005      	beq.n	10001e6e <l46_1+0x1a>
10001e62:	2000      	movs	r0, #0
10001e64:	0fc9      	lsrs	r1, r1, #31
10001e66:	07c9      	lsls	r1, r1, #31
10001e68:	d101      	bne.n	10001e6e <l46_1+0x1a>
10001e6a:	43c0      	mvns	r0, r0
10001e6c:	0841      	lsrs	r1, r0, #1
10001e6e:	b500      	push	{lr}
10001e70:	f009 f882 	bl	1000af78 <____aeabi_ldiv0_veneer>
10001e74:	2200      	movs	r2, #0
10001e76:	2300      	movs	r3, #0
10001e78:	bd00      	pop	{pc}
10001e7a:	b500      	push	{lr}
10001e7c:	2900      	cmp	r1, #0
10001e7e:	db0a      	blt.n	10001e96 <l48_1+0x2>
10001e80:	43db      	mvns	r3, r3
10001e82:	4252      	negs	r2, r2
10001e84:	d100      	bne.n	10001e88 <l47_1>
10001e86:	3301      	adds	r3, #1

10001e88 <l47_1>:
10001e88:	f000 f814 	bl	10001eb4 <divmod_u64u64_unsafe>
10001e8c:	43c9      	mvns	r1, r1
10001e8e:	4240      	negs	r0, r0
10001e90:	d100      	bne.n	10001e94 <l48_1>
10001e92:	3101      	adds	r1, #1

10001e94 <l48_1>:
10001e94:	bd00      	pop	{pc}
10001e96:	43c9      	mvns	r1, r1
10001e98:	4240      	negs	r0, r0
10001e9a:	d100      	bne.n	10001e9e <l49_1>
10001e9c:	3101      	adds	r1, #1

10001e9e <l49_1>:
10001e9e:	43db      	mvns	r3, r3
10001ea0:	4252      	negs	r2, r2
10001ea2:	d100      	bne.n	10001ea6 <l50_1>
10001ea4:	3301      	adds	r3, #1

10001ea6 <l50_1>:
10001ea6:	f000 f805 	bl	10001eb4 <divmod_u64u64_unsafe>
10001eaa:	43db      	mvns	r3, r3
10001eac:	4252      	negs	r2, r2
10001eae:	d100      	bne.n	10001eb2 <l51_1>
10001eb0:	3301      	adds	r3, #1

10001eb2 <l51_1>:
10001eb2:	bd00      	pop	{pc}

10001eb4 <divmod_u64u64_unsafe>:
10001eb4:	2900      	cmp	r1, #0
10001eb6:	d123      	bne.n	10001f00 <y64>
10001eb8:	2b00      	cmp	r3, #0
10001eba:	d118      	bne.n	10001eee <udiv0+0x10>
10001ebc:	2a00      	cmp	r2, #0
10001ebe:	d00c      	beq.n	10001eda <divmod_u64u64_unsafe+0x26>
10001ec0:	46bc      	mov	ip, r7
10001ec2:	4f0d      	ldr	r7, [pc, #52]	@ (10001ef8 <udiv0+0x1a>)
10001ec4:	6638      	str	r0, [r7, #96]	@ 0x60
10001ec6:	667a      	str	r2, [r7, #100]	@ 0x64
10001ec8:	2100      	movs	r1, #0
10001eca:	2300      	movs	r3, #0
10001ecc:	e7ff      	b.n	10001ece <divmod_u64u64_unsafe+0x1a>
10001ece:	e7ff      	b.n	10001ed0 <divmod_u64u64_unsafe+0x1c>
10001ed0:	e7ff      	b.n	10001ed2 <divmod_u64u64_unsafe+0x1e>
10001ed2:	6f7a      	ldr	r2, [r7, #116]	@ 0x74
10001ed4:	6f38      	ldr	r0, [r7, #112]	@ 0x70
10001ed6:	4667      	mov	r7, ip
10001ed8:	4770      	bx	lr
10001eda:	2800      	cmp	r0, #0
10001edc:	d001      	beq.n	10001ee2 <udiv0+0x4>

10001ede <udiv0>:
10001ede:	4807      	ldr	r0, [pc, #28]	@ (10001efc <udiv0+0x1e>)
10001ee0:	0001      	movs	r1, r0
10001ee2:	b500      	push	{lr}
10001ee4:	f009 f848 	bl	1000af78 <____aeabi_ldiv0_veneer>
10001ee8:	2200      	movs	r2, #0
10001eea:	2300      	movs	r3, #0
10001eec:	bd00      	pop	{pc}
10001eee:	0002      	movs	r2, r0
10001ef0:	000b      	movs	r3, r1
10001ef2:	2000      	movs	r0, #0
10001ef4:	2100      	movs	r1, #0
10001ef6:	4770      	bx	lr
10001ef8:	d0000000 	.word	0xd0000000
10001efc:	ffffffff 	.word	0xffffffff

10001f00 <y64>:
10001f00:	2b00      	cmp	r3, #0
10001f02:	d000      	beq.n	10001f06 <y64+0x6>
10001f04:	e0bf      	b.n	10002086 <y64_x48>
10001f06:	0c13      	lsrs	r3, r2, #16
10001f08:	d128      	bne.n	10001f5c <y64_x32>
10001f0a:	2a00      	cmp	r2, #0
10001f0c:	d0e7      	beq.n	10001ede <udiv0>
10001f0e:	b480      	push	{r7}
10001f10:	4f11      	ldr	r7, [pc, #68]	@ (10001f58 <y64+0x58>)
10001f12:	6639      	str	r1, [r7, #96]	@ 0x60
10001f14:	667a      	str	r2, [r7, #100]	@ 0x64
10001f16:	e7ff      	b.n	10001f18 <y64+0x18>
10001f18:	e7ff      	b.n	10001f1a <y64+0x1a>
10001f1a:	b430      	push	{r4, r5}
10001f1c:	0c04      	lsrs	r4, r0, #16
10001f1e:	6f7b      	ldr	r3, [r7, #116]	@ 0x74
10001f20:	6f39      	ldr	r1, [r7, #112]	@ 0x70
10001f22:	041b      	lsls	r3, r3, #16
10001f24:	4323      	orrs	r3, r4
10001f26:	663b      	str	r3, [r7, #96]	@ 0x60
10001f28:	667a      	str	r2, [r7, #100]	@ 0x64
10001f2a:	e7ff      	b.n	10001f2c <y64+0x2c>
10001f2c:	e7ff      	b.n	10001f2e <y64+0x2e>
10001f2e:	e7ff      	b.n	10001f30 <y64+0x30>
10001f30:	46c0      	nop			@ (mov r8, r8)
10001f32:	b284      	uxth	r4, r0
10001f34:	6f7b      	ldr	r3, [r7, #116]	@ 0x74
10001f36:	6f3d      	ldr	r5, [r7, #112]	@ 0x70
10001f38:	041b      	lsls	r3, r3, #16
10001f3a:	4323      	orrs	r3, r4
10001f3c:	663b      	str	r3, [r7, #96]	@ 0x60
10001f3e:	667a      	str	r2, [r7, #100]	@ 0x64
10001f40:	e7ff      	b.n	10001f42 <y64+0x42>
10001f42:	e7ff      	b.n	10001f44 <y64+0x44>
10001f44:	46c0      	nop			@ (mov r8, r8)
10001f46:	2300      	movs	r3, #0
10001f48:	042c      	lsls	r4, r5, #16
10001f4a:	0c2d      	lsrs	r5, r5, #16
10001f4c:	6f7a      	ldr	r2, [r7, #116]	@ 0x74
10001f4e:	6f38      	ldr	r0, [r7, #112]	@ 0x70
10001f50:	1900      	adds	r0, r0, r4
10001f52:	4169      	adcs	r1, r5
10001f54:	bcb0      	pop	{r4, r5, r7}
10001f56:	4770      	bx	lr
10001f58:	d0000000 	.word	0xd0000000

10001f5c <y64_x32>:
10001f5c:	b5f0      	push	{r4, r5, r6, r7, lr}
10001f5e:	4694      	mov	ip, r2
10001f60:	2500      	movs	r5, #0
10001f62:	0e14      	lsrs	r4, r2, #24
10001f64:	d101      	bne.n	10001f6a <y64_x32+0xe>
10001f66:	0212      	lsls	r2, r2, #8
10001f68:	3508      	adds	r5, #8
10001f6a:	0f14      	lsrs	r4, r2, #28
10001f6c:	d101      	bne.n	10001f72 <y64_x32+0x16>
10001f6e:	0112      	lsls	r2, r2, #4
10001f70:	3504      	adds	r5, #4
10001f72:	0f94      	lsrs	r4, r2, #30
10001f74:	d101      	bne.n	10001f7a <y64_x32+0x1e>
10001f76:	0092      	lsls	r2, r2, #2
10001f78:	3502      	adds	r5, #2
10001f7a:	0fd4      	lsrs	r4, r2, #31
10001f7c:	d101      	bne.n	10001f82 <y64_x32+0x26>
10001f7e:	0052      	lsls	r2, r2, #1
10001f80:	3501      	adds	r5, #1
10001f82:	0bd4      	lsrs	r4, r2, #15
10001f84:	3401      	adds	r4, #1
10001f86:	4f25      	ldr	r7, [pc, #148]	@ (1000201c <y64_x32+0xc0>)
10001f88:	667c      	str	r4, [r7, #100]	@ 0x64
10001f8a:	4c25      	ldr	r4, [pc, #148]	@ (10002020 <y64_x32+0xc4>)
10001f8c:	663c      	str	r4, [r7, #96]	@ 0x60
10001f8e:	0c0e      	lsrs	r6, r1, #16
10001f90:	b293      	uxth	r3, r2
10001f92:	e7ff      	b.n	10001f94 <y64_x32+0x38>
10001f94:	e7ff      	b.n	10001f96 <y64_x32+0x3a>
10001f96:	e7ff      	b.n	10001f98 <y64_x32+0x3c>
10001f98:	6f3c      	ldr	r4, [r7, #112]	@ 0x70
10001f9a:	4366      	muls	r6, r4
10001f9c:	0c36      	lsrs	r6, r6, #16
10001f9e:	0377      	lsls	r7, r6, #13
10001fa0:	46be      	mov	lr, r7
10001fa2:	4373      	muls	r3, r6
10001fa4:	0bdf      	lsrs	r7, r3, #15
10001fa6:	045b      	lsls	r3, r3, #17
10001fa8:	1ac0      	subs	r0, r0, r3
10001faa:	41b9      	sbcs	r1, r7
10001fac:	0c13      	lsrs	r3, r2, #16
10001fae:	4373      	muls	r3, r6
10001fb0:	18db      	adds	r3, r3, r3
10001fb2:	1ac9      	subs	r1, r1, r3
10001fb4:	08ce      	lsrs	r6, r1, #3
10001fb6:	4366      	muls	r6, r4
10001fb8:	0c36      	lsrs	r6, r6, #16
10001fba:	44b6      	add	lr, r6
10001fbc:	b293      	uxth	r3, r2
10001fbe:	4373      	muls	r3, r6
10001fc0:	0f1f      	lsrs	r7, r3, #28
10001fc2:	011b      	lsls	r3, r3, #4
10001fc4:	1ac0      	subs	r0, r0, r3
10001fc6:	41b9      	sbcs	r1, r7
10001fc8:	0c13      	lsrs	r3, r2, #16
10001fca:	4373      	muls	r3, r6
10001fcc:	0b1f      	lsrs	r7, r3, #12
10001fce:	051b      	lsls	r3, r3, #20
10001fd0:	1ac0      	subs	r0, r0, r3
10001fd2:	41b9      	sbcs	r1, r7
10001fd4:	0d86      	lsrs	r6, r0, #22
10001fd6:	028f      	lsls	r7, r1, #10
10001fd8:	433e      	orrs	r6, r7
10001fda:	4366      	muls	r6, r4
10001fdc:	0c36      	lsrs	r6, r6, #16
10001fde:	2d09      	cmp	r5, #9
10001fe0:	db24      	blt.n	1000202c <last0>
10001fe2:	0a52      	lsrs	r2, r2, #9
10001fe4:	4372      	muls	r2, r6
10001fe6:	1a80      	subs	r0, r0, r2
10001fe8:	0377      	lsls	r7, r6, #13
10001fea:	0a46      	lsrs	r6, r0, #9
10001fec:	4366      	muls	r6, r4
10001fee:	0c36      	lsrs	r6, r6, #16
10001ff0:	2316      	movs	r3, #22
10001ff2:	1b5b      	subs	r3, r3, r5
10001ff4:	40de      	lsrs	r6, r3
10001ff6:	40df      	lsrs	r7, r3
10001ff8:	19bf      	adds	r7, r7, r6
10001ffa:	4664      	mov	r4, ip
10001ffc:	4366      	muls	r6, r4
10001ffe:	1b82      	subs	r2, r0, r6
10002000:	4670      	mov	r0, lr
10002002:	3504      	adds	r5, #4
10002004:	3306      	adds	r3, #6
10002006:	0001      	movs	r1, r0
10002008:	40d9      	lsrs	r1, r3
1000200a:	40a8      	lsls	r0, r5
1000200c:	19c0      	adds	r0, r0, r7
1000200e:	d300      	bcc.n	10002012 <y64_x32+0xb6>
10002010:	3101      	adds	r1, #1
10002012:	42a2      	cmp	r2, r4
10002014:	d206      	bcs.n	10002024 <y64_x32+0xc8>
10002016:	2300      	movs	r3, #0
10002018:	bdf0      	pop	{r4, r5, r6, r7, pc}
1000201a:	0000      	.short	0x0000
1000201c:	d0000000 	.word	0xd0000000
10002020:	ffffffff 	.word	0xffffffff
10002024:	1b12      	subs	r2, r2, r4
10002026:	3001      	adds	r0, #1
10002028:	d3f3      	bcc.n	10002012 <y64_x32+0xb6>
1000202a:	e7f1      	b.n	10002010 <y64_x32+0xb4>

1000202c <last0>:
1000202c:	2709      	movs	r7, #9
1000202e:	1b7f      	subs	r7, r7, r5
10002030:	40fe      	lsrs	r6, r7
10002032:	4664      	mov	r4, ip
10002034:	b2a2      	uxth	r2, r4
10002036:	4372      	muls	r2, r6
10002038:	1a80      	subs	r0, r0, r2
1000203a:	d200      	bcs.n	1000203e <last0+0x12>
1000203c:	3901      	subs	r1, #1
1000203e:	0c22      	lsrs	r2, r4, #16
10002040:	4372      	muls	r2, r6
10002042:	0c13      	lsrs	r3, r2, #16
10002044:	0412      	lsls	r2, r2, #16
10002046:	1a82      	subs	r2, r0, r2
10002048:	4199      	sbcs	r1, r3
1000204a:	000b      	movs	r3, r1
1000204c:	4670      	mov	r0, lr
1000204e:	3504      	adds	r5, #4
10002050:	3713      	adds	r7, #19
10002052:	0001      	movs	r1, r0
10002054:	40f9      	lsrs	r1, r7
10002056:	40a8      	lsls	r0, r5
10002058:	1980      	adds	r0, r0, r6
1000205a:	d300      	bcc.n	1000205e <last0+0x32>
1000205c:	3101      	adds	r1, #1
1000205e:	2b00      	cmp	r3, #0
10002060:	d102      	bne.n	10002068 <last0+0x3c>
10002062:	42a2      	cmp	r2, r4
10002064:	d20a      	bcs.n	1000207c <last0+0x50>
10002066:	bdf0      	pop	{r4, r5, r6, r7, pc}
10002068:	3001      	adds	r0, #1
1000206a:	d300      	bcc.n	1000206e <last0+0x42>
1000206c:	3101      	adds	r1, #1
1000206e:	1b12      	subs	r2, r2, r4
10002070:	d2fa      	bcs.n	10002068 <last0+0x3c>
10002072:	3b01      	subs	r3, #1
10002074:	d1f8      	bne.n	10002068 <last0+0x3c>
10002076:	42a2      	cmp	r2, r4
10002078:	d200      	bcs.n	1000207c <last0+0x50>
1000207a:	bdf0      	pop	{r4, r5, r6, r7, pc}
1000207c:	3001      	adds	r0, #1
1000207e:	d300      	bcc.n	10002082 <last0+0x56>
10002080:	3101      	adds	r1, #1
10002082:	1b12      	subs	r2, r2, r4
10002084:	e7f7      	b.n	10002076 <last0+0x4a>

10002086 <y64_x48>:
10002086:	b5f0      	push	{r4, r5, r6, r7, lr}
10002088:	0c1c      	lsrs	r4, r3, #16
1000208a:	d000      	beq.n	1000208e <y64_x48+0x8>
1000208c:	e080      	b.n	10002190 <y64_x64>
1000208e:	b40c      	push	{r2, r3}
10002090:	2500      	movs	r5, #0
10002092:	0a1c      	lsrs	r4, r3, #8
10002094:	d104      	bne.n	100020a0 <y64_x48+0x1a>
10002096:	021b      	lsls	r3, r3, #8
10002098:	0e16      	lsrs	r6, r2, #24
1000209a:	4333      	orrs	r3, r6
1000209c:	0212      	lsls	r2, r2, #8
1000209e:	3508      	adds	r5, #8
100020a0:	0b1c      	lsrs	r4, r3, #12
100020a2:	d104      	bne.n	100020ae <y64_x48+0x28>
100020a4:	011b      	lsls	r3, r3, #4
100020a6:	0f16      	lsrs	r6, r2, #28
100020a8:	4333      	orrs	r3, r6
100020aa:	0112      	lsls	r2, r2, #4
100020ac:	3504      	adds	r5, #4
100020ae:	0b9c      	lsrs	r4, r3, #14
100020b0:	d104      	bne.n	100020bc <y64_x48+0x36>
100020b2:	009b      	lsls	r3, r3, #2
100020b4:	0f96      	lsrs	r6, r2, #30
100020b6:	4333      	orrs	r3, r6
100020b8:	0092      	lsls	r2, r2, #2
100020ba:	3502      	adds	r5, #2
100020bc:	0bdc      	lsrs	r4, r3, #15
100020be:	d102      	bne.n	100020c6 <y64_x48+0x40>
100020c0:	1892      	adds	r2, r2, r2
100020c2:	415b      	adcs	r3, r3
100020c4:	3501      	adds	r5, #1
100020c6:	001c      	movs	r4, r3
100020c8:	1897      	adds	r7, r2, r2
100020ca:	4164      	adcs	r4, r4
100020cc:	3401      	adds	r4, #1
100020ce:	4f46      	ldr	r7, [pc, #280]	@ (100021e8 <y64_x64+0x58>)
100020d0:	667c      	str	r4, [r7, #100]	@ 0x64
100020d2:	4c46      	ldr	r4, [pc, #280]	@ (100021ec <y64_x64+0x5c>)
100020d4:	663c      	str	r4, [r7, #96]	@ 0x60
100020d6:	0c0e      	lsrs	r6, r1, #16
100020d8:	e7ff      	b.n	100020da <y64_x48+0x54>
100020da:	e7ff      	b.n	100020dc <y64_x48+0x56>
100020dc:	e7ff      	b.n	100020de <y64_x48+0x58>
100020de:	46c0      	nop			@ (mov r8, r8)
100020e0:	6f3c      	ldr	r4, [r7, #112]	@ 0x70
100020e2:	4366      	muls	r6, r4
100020e4:	0c36      	lsrs	r6, r6, #16
100020e6:	0377      	lsls	r7, r6, #13
100020e8:	46be      	mov	lr, r7
100020ea:	b297      	uxth	r7, r2
100020ec:	4377      	muls	r7, r6
100020ee:	1bc0      	subs	r0, r0, r7
100020f0:	d200      	bcs.n	100020f4 <y64_x48+0x6e>
100020f2:	3901      	subs	r1, #1
100020f4:	1bc0      	subs	r0, r0, r7
100020f6:	d200      	bcs.n	100020fa <y64_x48+0x74>
100020f8:	3901      	subs	r1, #1
100020fa:	b29f      	uxth	r7, r3
100020fc:	4377      	muls	r7, r6
100020fe:	1bc9      	subs	r1, r1, r7
10002100:	1bc9      	subs	r1, r1, r7
10002102:	0c17      	lsrs	r7, r2, #16
10002104:	4377      	muls	r7, r6
10002106:	047e      	lsls	r6, r7, #17
10002108:	0bff      	lsrs	r7, r7, #15
1000210a:	1b80      	subs	r0, r0, r6
1000210c:	41b9      	sbcs	r1, r7
1000210e:	08ce      	lsrs	r6, r1, #3
10002110:	4366      	muls	r6, r4
10002112:	0c36      	lsrs	r6, r6, #16
10002114:	2d0c      	cmp	r5, #12
10002116:	db33      	blt.n	10002180 <last1>
10002118:	44b6      	add	lr, r6
1000211a:	0b12      	lsrs	r2, r2, #12
1000211c:	051f      	lsls	r7, r3, #20
1000211e:	433a      	orrs	r2, r7
10002120:	0b1b      	lsrs	r3, r3, #12
10002122:	b297      	uxth	r7, r2
10002124:	4377      	muls	r7, r6
10002126:	1bc0      	subs	r0, r0, r7
10002128:	d200      	bcs.n	1000212c <y64_x48+0xa6>
1000212a:	3901      	subs	r1, #1
1000212c:	b29f      	uxth	r7, r3
1000212e:	4377      	muls	r7, r6
10002130:	1bc9      	subs	r1, r1, r7
10002132:	0c17      	lsrs	r7, r2, #16
10002134:	4377      	muls	r7, r6
10002136:	043e      	lsls	r6, r7, #16
10002138:	0c3f      	lsrs	r7, r7, #16
1000213a:	1b80      	subs	r0, r0, r6
1000213c:	41b9      	sbcs	r1, r7
1000213e:	0d86      	lsrs	r6, r0, #22
10002140:	028f      	lsls	r7, r1, #10
10002142:	433e      	orrs	r6, r7
10002144:	4366      	muls	r6, r4
10002146:	2729      	movs	r7, #41	@ 0x29
10002148:	1b7f      	subs	r7, r7, r5
1000214a:	40fe      	lsrs	r6, r7
1000214c:	3d0c      	subs	r5, #12
1000214e:	4677      	mov	r7, lr
10002150:	40af      	lsls	r7, r5
10002152:	19bf      	adds	r7, r7, r6
10002154:	bc30      	pop	{r4, r5}
10002156:	b2a2      	uxth	r2, r4
10002158:	b2ab      	uxth	r3, r5
1000215a:	4372      	muls	r2, r6
1000215c:	4373      	muls	r3, r6
1000215e:	1a80      	subs	r0, r0, r2
10002160:	4199      	sbcs	r1, r3
10002162:	0c22      	lsrs	r2, r4, #16
10002164:	4372      	muls	r2, r6
10002166:	0c13      	lsrs	r3, r2, #16
10002168:	0412      	lsls	r2, r2, #16
1000216a:	1a80      	subs	r0, r0, r2
1000216c:	4199      	sbcs	r1, r3
1000216e:	0002      	movs	r2, r0
10002170:	000b      	movs	r3, r1
10002172:	3701      	adds	r7, #1
10002174:	1b00      	subs	r0, r0, r4
10002176:	41a9      	sbcs	r1, r5
10002178:	d2f9      	bcs.n	1000216e <y64_x48+0xe8>
1000217a:	1e78      	subs	r0, r7, #1
1000217c:	2100      	movs	r1, #0
1000217e:	bdf0      	pop	{r4, r5, r6, r7, pc}

10002180 <last1>:
10002180:	270c      	movs	r7, #12
10002182:	1b7f      	subs	r7, r7, r5
10002184:	40fe      	lsrs	r6, r7
10002186:	4677      	mov	r7, lr
10002188:	0b7f      	lsrs	r7, r7, #13
1000218a:	40af      	lsls	r7, r5
1000218c:	19ff      	adds	r7, r7, r7
1000218e:	e7e0      	b.n	10002152 <y64_x48+0xcc>

10002190 <y64_x64>:
10002190:	2400      	movs	r4, #0
10002192:	1c5d      	adds	r5, r3, #1
10002194:	d007      	beq.n	100021a6 <y64_x64+0x16>
10002196:	4f14      	ldr	r7, [pc, #80]	@ (100021e8 <y64_x64+0x58>)
10002198:	667d      	str	r5, [r7, #100]	@ 0x64
1000219a:	6639      	str	r1, [r7, #96]	@ 0x60
1000219c:	e7ff      	b.n	1000219e <y64_x64+0xe>
1000219e:	e7ff      	b.n	100021a0 <y64_x64+0x10>
100021a0:	e7ff      	b.n	100021a2 <y64_x64+0x12>
100021a2:	e7ff      	b.n	100021a4 <y64_x64+0x14>
100021a4:	6f3c      	ldr	r4, [r7, #112]	@ 0x70
100021a6:	b295      	uxth	r5, r2
100021a8:	b29e      	uxth	r6, r3
100021aa:	4365      	muls	r5, r4
100021ac:	4366      	muls	r6, r4
100021ae:	1b40      	subs	r0, r0, r5
100021b0:	41b1      	sbcs	r1, r6
100021b2:	0c15      	lsrs	r5, r2, #16
100021b4:	0c1e      	lsrs	r6, r3, #16
100021b6:	4365      	muls	r5, r4
100021b8:	4366      	muls	r6, r4
100021ba:	0436      	lsls	r6, r6, #16
100021bc:	0c2f      	lsrs	r7, r5, #16
100021be:	433e      	orrs	r6, r7
100021c0:	042d      	lsls	r5, r5, #16
100021c2:	1b40      	subs	r0, r0, r5
100021c4:	41b1      	sbcs	r1, r6
100021c6:	4299      	cmp	r1, r3
100021c8:	d204      	bcs.n	100021d4 <y64_x64+0x44>
100021ca:	0002      	movs	r2, r0
100021cc:	000b      	movs	r3, r1
100021ce:	0020      	movs	r0, r4
100021d0:	2100      	movs	r1, #0
100021d2:	bdf0      	pop	{r4, r5, r6, r7, pc}
100021d4:	d101      	bne.n	100021da <y64_x64+0x4a>
100021d6:	4290      	cmp	r0, r2
100021d8:	d3f7      	bcc.n	100021ca <y64_x64+0x3a>
100021da:	1a80      	subs	r0, r0, r2
100021dc:	4199      	sbcs	r1, r3
100021de:	3401      	adds	r4, #1
100021e0:	4299      	cmp	r1, r3
100021e2:	d3f2      	bcc.n	100021ca <y64_x64+0x3a>
100021e4:	e7f6      	b.n	100021d4 <y64_x64+0x44>
100021e6:	0000      	.short	0x0000
100021e8:	d0000000 	.word	0xd0000000
100021ec:	ffffffff 	.word	0xffffffff

100021f0 <__wrap___aeabi_drsub>:
100021f0:	4048      	eors	r0, r1
100021f2:	4041      	eors	r1, r0
100021f4:	4048      	eors	r0, r1

100021f6 <__wrap___aeabi_dsub>:
100021f6:	b418      	push	{r3, r4}
100021f8:	4b13      	ldr	r3, [pc, #76]	@ (10002248 <__wrap___aeabi_dmul+0xa>)
100021fa:	685b      	ldr	r3, [r3, #4]
100021fc:	9301      	str	r3, [sp, #4]
100021fe:	bd08      	pop	{r3, pc}

10002200 <__wrap___aeabi_dadd>:
10002200:	b418      	push	{r3, r4}
10002202:	4b11      	ldr	r3, [pc, #68]	@ (10002248 <__wrap___aeabi_dmul+0xa>)
10002204:	681b      	ldr	r3, [r3, #0]
10002206:	9301      	str	r3, [sp, #4]
10002208:	bd08      	pop	{r3, pc}

1000220a <__wrap___aeabi_ddiv>:
1000220a:	4694      	mov	ip, r2
1000220c:	4a0f      	ldr	r2, [pc, #60]	@ (1000224c <__wrap___aeabi_dmul+0xe>)
1000220e:	6f92      	ldr	r2, [r2, #120]	@ 0x78
10002210:	0892      	lsrs	r2, r2, #2
10002212:	d205      	bcs.n	10002220 <ddiv_save_state>
10002214:	4662      	mov	r2, ip

10002216 <ddiv_shim_call>:
10002216:	b418      	push	{r3, r4}
10002218:	4b0b      	ldr	r3, [pc, #44]	@ (10002248 <__wrap___aeabi_dmul+0xa>)
1000221a:	68db      	ldr	r3, [r3, #12]
1000221c:	9301      	str	r3, [sp, #4]
1000221e:	bd08      	pop	{r3, pc}

10002220 <ddiv_save_state>:
10002220:	4a0a      	ldr	r2, [pc, #40]	@ (1000224c <__wrap___aeabi_dmul+0xe>)
10002222:	b5f0      	push	{r4, r5, r6, r7, lr}
10002224:	6e14      	ldr	r4, [r2, #96]	@ 0x60
10002226:	6e55      	ldr	r5, [r2, #100]	@ 0x64
10002228:	6f57      	ldr	r7, [r2, #116]	@ 0x74
1000222a:	6f16      	ldr	r6, [r2, #112]	@ 0x70
1000222c:	4662      	mov	r2, ip
1000222e:	f7ff fff2 	bl	10002216 <ddiv_shim_call>
10002232:	4a06      	ldr	r2, [pc, #24]	@ (1000224c <__wrap___aeabi_dmul+0xe>)
10002234:	6614      	str	r4, [r2, #96]	@ 0x60
10002236:	6655      	str	r5, [r2, #100]	@ 0x64
10002238:	6757      	str	r7, [r2, #116]	@ 0x74
1000223a:	6716      	str	r6, [r2, #112]	@ 0x70
1000223c:	bdf0      	pop	{r4, r5, r6, r7, pc}

1000223e <__wrap___aeabi_dmul>:
1000223e:	b418      	push	{r3, r4}
10002240:	4b01      	ldr	r3, [pc, #4]	@ (10002248 <__wrap___aeabi_dmul+0xa>)
10002242:	689b      	ldr	r3, [r3, #8]
10002244:	9301      	str	r3, [sp, #4]
10002246:	bd08      	pop	{r3, pc}
10002248:	20000df0 	.word	0x20000df0
1000224c:	d0000000 	.word	0xd0000000

10002250 <__wrap___aeabi_cdrcmple>:
10002250:	b5ff      	push	{r0, r1, r2, r3, r4, r5, r6, r7, lr}
10002252:	4050      	eors	r0, r2
10002254:	4042      	eors	r2, r0
10002256:	4050      	eors	r0, r2
10002258:	4059      	eors	r1, r3
1000225a:	404b      	eors	r3, r1
1000225c:	4059      	eors	r1, r3
1000225e:	e000      	b.n	10002262 <__aeabi_dfcmple_guts>

10002260 <__wrap___aeabi_cdcmpeq>:
10002260:	b5ff      	push	{r0, r1, r2, r3, r4, r5, r6, r7, lr}

10002262 <__aeabi_dfcmple_guts>:
10002262:	4f15      	ldr	r7, [pc, #84]	@ (100022b8 <__aeabi_dfcmple_guts+0x56>)
10002264:	004c      	lsls	r4, r1, #1
10002266:	0d64      	lsrs	r4, r4, #21
10002268:	d003      	beq.n	10002272 <__aeabi_dfcmple_guts+0x10>
1000226a:	42bc      	cmp	r4, r7
1000226c:	d104      	bne.n	10002278 <__aeabi_dfcmple_guts+0x16>
1000226e:	030c      	lsls	r4, r1, #12
10002270:	d814      	bhi.n	1000229c <__aeabi_dfcmple_guts+0x3a>
10002272:	2000      	movs	r0, #0
10002274:	0d09      	lsrs	r1, r1, #20
10002276:	0509      	lsls	r1, r1, #20
10002278:	005c      	lsls	r4, r3, #1
1000227a:	0d64      	lsrs	r4, r4, #21
1000227c:	d003      	beq.n	10002286 <__aeabi_dfcmple_guts+0x24>
1000227e:	42bc      	cmp	r4, r7
10002280:	d104      	bne.n	1000228c <__aeabi_dfcmple_guts+0x2a>
10002282:	031c      	lsls	r4, r3, #12
10002284:	d80a      	bhi.n	1000229c <__aeabi_dfcmple_guts+0x3a>
10002286:	2200      	movs	r2, #0
10002288:	0d1b      	lsrs	r3, r3, #20
1000228a:	051b      	lsls	r3, r3, #20
1000228c:	2601      	movs	r6, #1
1000228e:	404b      	eors	r3, r1
10002290:	d409      	bmi.n	100022a6 <__aeabi_dfcmple_guts+0x44>
10002292:	404b      	eors	r3, r1
10002294:	d503      	bpl.n	1000229e <__aeabi_dfcmple_guts+0x3c>
10002296:	428b      	cmp	r3, r1
10002298:	d100      	bne.n	1000229c <__aeabi_dfcmple_guts+0x3a>
1000229a:	4282      	cmp	r2, r0
1000229c:	bdff      	pop	{r0, r1, r2, r3, r4, r5, r6, r7, pc}
1000229e:	4299      	cmp	r1, r3
100022a0:	d1fc      	bne.n	1000229c <__aeabi_dfcmple_guts+0x3a>
100022a2:	4290      	cmp	r0, r2
100022a4:	bdff      	pop	{r0, r1, r2, r3, r4, r5, r6, r7, pc}
100022a6:	430b      	orrs	r3, r1
100022a8:	18db      	adds	r3, r3, r3
100022aa:	4303      	orrs	r3, r0
100022ac:	4313      	orrs	r3, r2
100022ae:	d0f5      	beq.n	1000229c <__aeabi_dfcmple_guts+0x3a>
100022b0:	43c9      	mvns	r1, r1
100022b2:	1849      	adds	r1, r1, r1
100022b4:	bdff      	pop	{r0, r1, r2, r3, r4, r5, r6, r7, pc}
100022b6:	0000      	.short	0x0000
100022b8:	000007ff 	.word	0x000007ff

100022bc <__wrap___aeabi_dcmplt>:
100022bc:	b500      	push	{lr}
100022be:	f7ff ffcf 	bl	10002260 <__wrap___aeabi_cdcmpeq>
100022c2:	4180      	sbcs	r0, r0
100022c4:	bd00      	pop	{pc}
100022c6:	46c0      	nop			@ (mov r8, r8)

100022c8 <__wrap___aeabi_dcmpge>:
100022c8:	b500      	push	{lr}
100022ca:	f7ff ffc1 	bl	10002250 <__wrap___aeabi_cdrcmple>
100022ce:	d901      	bls.n	100022d4 <__wrap___aeabi_dcmpge+0xc>
100022d0:	2000      	movs	r0, #0
100022d2:	bd00      	pop	{pc}
100022d4:	2001      	movs	r0, #1
100022d6:	bd00      	pop	{pc}

100022d8 <__wrap___aeabi_dcmpgt>:
100022d8:	b500      	push	{lr}
100022da:	f7ff ffb9 	bl	10002250 <__wrap___aeabi_cdrcmple>
100022de:	4180      	sbcs	r0, r0
100022e0:	bd00      	pop	{pc}

100022e2 <__wrap___aeabi_dcmpun>:
100022e2:	2001      	movs	r0, #1
100022e4:	0540      	lsls	r0, r0, #21
100022e6:	004a      	lsls	r2, r1, #1
100022e8:	1812      	adds	r2, r2, r0
100022ea:	d804      	bhi.n	100022f6 <__wrap___aeabi_dcmpun+0x14>
100022ec:	005a      	lsls	r2, r3, #1
100022ee:	1812      	adds	r2, r2, r0
100022f0:	d801      	bhi.n	100022f6 <__wrap___aeabi_dcmpun+0x14>
100022f2:	2000      	movs	r0, #0
100022f4:	4770      	bx	lr
100022f6:	2001      	movs	r0, #1
100022f8:	4770      	bx	lr
	...

100022fc <__wrap___aeabi_ui2d>:
100022fc:	2100      	movs	r1, #0
100022fe:	2800      	cmp	r0, #0
10002300:	d105      	bne.n	1000230e <__wrap___aeabi_i2d+0xa>
10002302:	4770      	bx	lr

10002304 <__wrap___aeabi_i2d>:
10002304:	17c1      	asrs	r1, r0, #31
10002306:	4048      	eors	r0, r1
10002308:	1a40      	subs	r0, r0, r1
1000230a:	d0fa      	beq.n	10002302 <__wrap___aeabi_ui2d+0x6>
1000230c:	07c9      	lsls	r1, r1, #31
1000230e:	b513      	push	{r0, r1, r4, lr}
10002310:	4b06      	ldr	r3, [pc, #24]	@ (1000232c <__wrap___aeabi_i2d+0x28>)
10002312:	681b      	ldr	r3, [r3, #0]
10002314:	4798      	blx	r3
10002316:	bc0c      	pop	{r2, r3}
10002318:	1c44      	adds	r4, r0, #1
1000231a:	40a2      	lsls	r2, r4
1000231c:	0510      	lsls	r0, r2, #20
1000231e:	0b12      	lsrs	r2, r2, #12
10002320:	4903      	ldr	r1, [pc, #12]	@ (10002330 <__wrap___aeabi_i2d+0x2c>)
10002322:	1b09      	subs	r1, r1, r4
10002324:	0509      	lsls	r1, r1, #20
10002326:	4319      	orrs	r1, r3
10002328:	4311      	orrs	r1, r2
1000232a:	bd10      	pop	{r4, pc}
1000232c:	20001dd4 	.word	0x20001dd4
10002330:	0000041f 	.word	0x0000041f

10002334 <__wrap___aeabi_d2iz>:
10002334:	b510      	push	{r4, lr}
10002336:	004c      	lsls	r4, r1, #1
10002338:	0d62      	lsrs	r2, r4, #21
1000233a:	2380      	movs	r3, #128	@ 0x80
1000233c:	18d2      	adds	r2, r2, r3
1000233e:	00db      	lsls	r3, r3, #3
10002340:	1ad2      	subs	r2, r2, r3
10002342:	055b      	lsls	r3, r3, #21
10002344:	2a7e      	cmp	r2, #126	@ 0x7e
10002346:	dd10      	ble.n	1000236a <__wrap___aeabi_d2iz+0x36>
10002348:	3a9e      	subs	r2, #158	@ 0x9e
1000234a:	da13      	bge.n	10002374 <__wrap___aeabi_d2iz+0x40>
1000234c:	17cc      	asrs	r4, r1, #31
1000234e:	0309      	lsls	r1, r1, #12
10002350:	0849      	lsrs	r1, r1, #1
10002352:	4319      	orrs	r1, r3
10002354:	4252      	negs	r2, r2
10002356:	40d1      	lsrs	r1, r2
10002358:	0064      	lsls	r4, r4, #1
1000235a:	3401      	adds	r4, #1
1000235c:	3215      	adds	r2, #21
1000235e:	2a20      	cmp	r2, #32
10002360:	da05      	bge.n	1000236e <__wrap___aeabi_d2iz+0x3a>
10002362:	40d0      	lsrs	r0, r2
10002364:	4308      	orrs	r0, r1
10002366:	4360      	muls	r0, r4
10002368:	bd10      	pop	{r4, pc}
1000236a:	2000      	movs	r0, #0
1000236c:	bd10      	pop	{r4, pc}
1000236e:	4608      	mov	r0, r1
10002370:	4360      	muls	r0, r4
10002372:	bd10      	pop	{r4, pc}
10002374:	0fc8      	lsrs	r0, r1, #31
10002376:	18c0      	adds	r0, r0, r3
10002378:	3801      	subs	r0, #1
1000237a:	bd10      	pop	{r4, pc}

1000237c <__wrap___aeabi_d2uiz>:
1000237c:	b418      	push	{r3, r4}
1000237e:	4b02      	ldr	r3, [pc, #8]	@ (10002388 <__wrap___aeabi_d2uiz+0xc>)
10002380:	6a5b      	ldr	r3, [r3, #36]	@ 0x24
10002382:	9301      	str	r3, [sp, #4]
10002384:	bd08      	pop	{r3, pc}
10002386:	0000      	.short	0x0000
10002388:	20000df0 	.word	0x20000df0

1000238c <missing_double_func_shim>:
1000238c:	b510      	push	{r4, lr}
1000238e:	4801      	ldr	r0, [pc, #4]	@ (10002394 <missing_double_func_shim+0x8>)
10002390:	f7fe f88c 	bl	100004ac <panic>
10002394:	1000b118 	.word	0x1000b118

10002398 <__aeabi_double_init>:
10002398:	2313      	movs	r3, #19
1000239a:	b570      	push	{r4, r5, r6, lr}
1000239c:	781d      	ldrb	r5, [r3, #0]
1000239e:	2d01      	cmp	r5, #1
100023a0:	d019      	beq.n	100023d6 <__aeabi_double_init+0x3e>
100023a2:	dd14      	ble.n	100023ce <__aeabi_double_init+0x36>
100023a4:	481d      	ldr	r0, [pc, #116]	@ (1000241c <__aeabi_double_init+0x84>)
100023a6:	f7ff fb43 	bl	10001a30 <rom_data_lookup>
100023aa:	0006      	movs	r6, r0
100023ac:	481c      	ldr	r0, [pc, #112]	@ (10002420 <__aeabi_double_init+0x88>)
100023ae:	f7ff fb3f 	bl	10001a30 <rom_data_lookup>
100023b2:	4c1c      	ldr	r4, [pc, #112]	@ (10002424 <__aeabi_double_init+0x8c>)
100023b4:	2280      	movs	r2, #128	@ 0x80
100023b6:	0031      	movs	r1, r6
100023b8:	0020      	movs	r0, r4
100023ba:	f000 f8ff 	bl	100025bc <__wrap___aeabi_memcpy>
100023be:	2d02      	cmp	r5, #2
100023c0:	d006      	beq.n	100023d0 <__aeabi_double_init+0x38>
100023c2:	4819      	ldr	r0, [pc, #100]	@ (10002428 <__aeabi_double_init+0x90>)
100023c4:	f7ff fb2c 	bl	10001a20 <rom_func_lookup>
100023c8:	4b18      	ldr	r3, [pc, #96]	@ (1000242c <__aeabi_double_init+0x94>)
100023ca:	6018      	str	r0, [r3, #0]
100023cc:	bd70      	pop	{r4, r5, r6, pc}
100023ce:	4c15      	ldr	r4, [pc, #84]	@ (10002424 <__aeabi_double_init+0x8c>)
100023d0:	4b17      	ldr	r3, [pc, #92]	@ (10002430 <__aeabi_double_init+0x98>)
100023d2:	64a3      	str	r3, [r4, #72]	@ 0x48
100023d4:	e7f5      	b.n	100023c2 <__aeabi_double_init+0x2a>
100023d6:	4b17      	ldr	r3, [pc, #92]	@ (10002434 <__aeabi_double_init+0x9c>)
100023d8:	4c12      	ldr	r4, [pc, #72]	@ (10002424 <__aeabi_double_init+0x8c>)
100023da:	6023      	str	r3, [r4, #0]
100023dc:	6063      	str	r3, [r4, #4]
100023de:	60a3      	str	r3, [r4, #8]
100023e0:	60e3      	str	r3, [r4, #12]
100023e2:	6123      	str	r3, [r4, #16]
100023e4:	6163      	str	r3, [r4, #20]
100023e6:	61a3      	str	r3, [r4, #24]
100023e8:	61e3      	str	r3, [r4, #28]
100023ea:	6223      	str	r3, [r4, #32]
100023ec:	6263      	str	r3, [r4, #36]	@ 0x24
100023ee:	62a3      	str	r3, [r4, #40]	@ 0x28
100023f0:	62e3      	str	r3, [r4, #44]	@ 0x2c
100023f2:	6323      	str	r3, [r4, #48]	@ 0x30
100023f4:	6363      	str	r3, [r4, #52]	@ 0x34
100023f6:	63a3      	str	r3, [r4, #56]	@ 0x38
100023f8:	63e3      	str	r3, [r4, #60]	@ 0x3c
100023fa:	6423      	str	r3, [r4, #64]	@ 0x40
100023fc:	6463      	str	r3, [r4, #68]	@ 0x44
100023fe:	64a3      	str	r3, [r4, #72]	@ 0x48
10002400:	64e3      	str	r3, [r4, #76]	@ 0x4c
10002402:	6523      	str	r3, [r4, #80]	@ 0x50
10002404:	6563      	str	r3, [r4, #84]	@ 0x54
10002406:	65a3      	str	r3, [r4, #88]	@ 0x58
10002408:	65e3      	str	r3, [r4, #92]	@ 0x5c
1000240a:	6623      	str	r3, [r4, #96]	@ 0x60
1000240c:	6663      	str	r3, [r4, #100]	@ 0x64
1000240e:	66a3      	str	r3, [r4, #104]	@ 0x68
10002410:	66e3      	str	r3, [r4, #108]	@ 0x6c
10002412:	6723      	str	r3, [r4, #112]	@ 0x70
10002414:	6763      	str	r3, [r4, #116]	@ 0x74
10002416:	67a3      	str	r3, [r4, #120]	@ 0x78
10002418:	67e3      	str	r3, [r4, #124]	@ 0x7c
1000241a:	e7d9      	b.n	100023d0 <__aeabi_double_init+0x38>
1000241c:	00004453 	.word	0x00004453
10002420:	00004653 	.word	0x00004653
10002424:	20000df0 	.word	0x20000df0
10002428:	0000334c 	.word	0x0000334c
1000242c:	20001dd4 	.word	0x20001dd4
10002430:	10002439 	.word	0x10002439
10002434:	1000238d 	.word	0x1000238d

10002438 <double_table_shim_on_use_helper>:
10002438:	b507      	push	{r0, r1, r2, lr}
1000243a:	4660      	mov	r0, ip
1000243c:	8801      	ldrh	r1, [r0, #0]
1000243e:	0a0a      	lsrs	r2, r1, #8
10002440:	3002      	adds	r0, #2
10002442:	2adf      	cmp	r2, #223	@ 0xdf
10002444:	d1fa      	bne.n	1000243c <double_table_shim_on_use_helper+0x4>
10002446:	b2c9      	uxtb	r1, r1
10002448:	0882      	lsrs	r2, r0, #2
1000244a:	d304      	bcc.n	10002456 <double_table_shim_on_use_helper+0x1e>
1000244c:	8802      	ldrh	r2, [r0, #0]
1000244e:	8840      	ldrh	r0, [r0, #2]
10002450:	0400      	lsls	r0, r0, #16
10002452:	4310      	orrs	r0, r2
10002454:	e000      	b.n	10002458 <double_table_shim_on_use_helper+0x20>
10002456:	6800      	ldr	r0, [r0, #0]
10002458:	4a01      	ldr	r2, [pc, #4]	@ (10002460 <double_table_shim_on_use_helper+0x28>)
1000245a:	5050      	str	r0, [r2, r1]
1000245c:	9003      	str	r0, [sp, #12]
1000245e:	bd07      	pop	{r0, r1, r2, pc}
10002460:	20000df0 	.word	0x20000df0

10002464 <__wrap___aeabi_lmul>:
10002464:	4351      	muls	r1, r2
10002466:	4343      	muls	r3, r0
10002468:	18c9      	adds	r1, r1, r3
1000246a:	468c      	mov	ip, r1
1000246c:	0c11      	lsrs	r1, r2, #16
1000246e:	b283      	uxth	r3, r0
10002470:	434b      	muls	r3, r1
10002472:	b410      	push	{r4}
10002474:	0c04      	lsrs	r4, r0, #16
10002476:	4361      	muls	r1, r4
10002478:	b292      	uxth	r2, r2
1000247a:	b280      	uxth	r0, r0
1000247c:	4350      	muls	r0, r2
1000247e:	4362      	muls	r2, r4
10002480:	041c      	lsls	r4, r3, #16
10002482:	0c1b      	lsrs	r3, r3, #16
10002484:	1900      	adds	r0, r0, r4
10002486:	bc10      	pop	{r4}
10002488:	4159      	adcs	r1, r3
1000248a:	0413      	lsls	r3, r2, #16
1000248c:	0c12      	lsrs	r2, r2, #16
1000248e:	18c0      	adds	r0, r0, r3
10002490:	4151      	adcs	r1, r2
10002492:	4461      	add	r1, ip
10002494:	4770      	bx	lr
	...

10002498 <missing_float_func_shim>:
10002498:	b510      	push	{r4, lr}
1000249a:	4801      	ldr	r0, [pc, #4]	@ (100024a0 <missing_float_func_shim+0x8>)
1000249c:	f7fe f806 	bl	100004ac <panic>
100024a0:	1000b268 	.word	0x1000b268

100024a4 <__aeabi_float_init>:
100024a4:	2313      	movs	r3, #19
100024a6:	b510      	push	{r4, lr}
100024a8:	4810      	ldr	r0, [pc, #64]	@ (100024ec <__aeabi_float_init+0x48>)
100024aa:	781c      	ldrb	r4, [r3, #0]
100024ac:	f7ff fac0 	bl	10001a30 <rom_data_lookup>
100024b0:	0001      	movs	r1, r0
100024b2:	2c01      	cmp	r4, #1
100024b4:	d00a      	beq.n	100024cc <__aeabi_float_init+0x28>
100024b6:	dd03      	ble.n	100024c0 <__aeabi_float_init+0x1c>
100024b8:	2280      	movs	r2, #128	@ 0x80
100024ba:	480d      	ldr	r0, [pc, #52]	@ (100024f0 <__aeabi_float_init+0x4c>)
100024bc:	f000 f87e 	bl	100025bc <__wrap___aeabi_memcpy>
100024c0:	480c      	ldr	r0, [pc, #48]	@ (100024f4 <__aeabi_float_init+0x50>)
100024c2:	f7ff faad 	bl	10001a20 <rom_func_lookup>
100024c6:	4b0c      	ldr	r3, [pc, #48]	@ (100024f8 <__aeabi_float_init+0x54>)
100024c8:	6018      	str	r0, [r3, #0]
100024ca:	bd10      	pop	{r4, pc}
100024cc:	4c08      	ldr	r4, [pc, #32]	@ (100024f0 <__aeabi_float_init+0x4c>)
100024ce:	2254      	movs	r2, #84	@ 0x54
100024d0:	0020      	movs	r0, r4
100024d2:	f000 f873 	bl	100025bc <__wrap___aeabi_memcpy>
100024d6:	0022      	movs	r2, r4
100024d8:	4908      	ldr	r1, [pc, #32]	@ (100024fc <__aeabi_float_init+0x58>)
100024da:	3280      	adds	r2, #128	@ 0x80
100024dc:	6823      	ldr	r3, [r4, #0]
100024de:	2b00      	cmp	r3, #0
100024e0:	d100      	bne.n	100024e4 <__aeabi_float_init+0x40>
100024e2:	6021      	str	r1, [r4, #0]
100024e4:	3404      	adds	r4, #4
100024e6:	4294      	cmp	r4, r2
100024e8:	d1f8      	bne.n	100024dc <__aeabi_float_init+0x38>
100024ea:	e7e9      	b.n	100024c0 <__aeabi_float_init+0x1c>
100024ec:	00004653 	.word	0x00004653
100024f0:	20001dd8 	.word	0x20001dd8
100024f4:	0000334c 	.word	0x0000334c
100024f8:	20001dd4 	.word	0x20001dd4
100024fc:	10002499 	.word	0x10002499

10002500 <__wrap_malloc>:
10002500:	b570      	push	{r4, r5, r6, lr}
10002502:	0004      	movs	r4, r0
10002504:	4e0a      	ldr	r6, [pc, #40]	@ (10002530 <__wrap_malloc+0x30>)
10002506:	0030      	movs	r0, r6
10002508:	f008 fd8e 	bl	1000b028 <__mutex_enter_blocking_veneer>
1000250c:	0020      	movs	r0, r4
1000250e:	f008 fcbf 	bl	1000ae90 <malloc>
10002512:	0005      	movs	r5, r0
10002514:	0030      	movs	r0, r6
10002516:	f008 fd4f 	bl	1000afb8 <__mutex_exit_veneer>
1000251a:	2d00      	cmp	r5, #0
1000251c:	d005      	beq.n	1000252a <__wrap_malloc+0x2a>
1000251e:	4b05      	ldr	r3, [pc, #20]	@ (10002534 <__wrap_malloc+0x34>)
10002520:	192c      	adds	r4, r5, r4
10002522:	429c      	cmp	r4, r3
10002524:	d801      	bhi.n	1000252a <__wrap_malloc+0x2a>
10002526:	0028      	movs	r0, r5
10002528:	bd70      	pop	{r4, r5, r6, pc}
1000252a:	4803      	ldr	r0, [pc, #12]	@ (10002538 <__wrap_malloc+0x38>)
1000252c:	f7fd ffbe 	bl	100004ac <panic>
10002530:	20000c10 	.word	0x20000c10
10002534:	20040000 	.word	0x20040000
10002538:	1000b130 	.word	0x1000b130

1000253c <__wrap_calloc>:
1000253c:	b5f8      	push	{r3, r4, r5, r6, r7, lr}
1000253e:	0006      	movs	r6, r0
10002540:	000c      	movs	r4, r1
10002542:	4f0c      	ldr	r7, [pc, #48]	@ (10002574 <__wrap_calloc+0x38>)
10002544:	0038      	movs	r0, r7
10002546:	f008 fd6f 	bl	1000b028 <__mutex_enter_blocking_veneer>
1000254a:	0021      	movs	r1, r4
1000254c:	0030      	movs	r0, r6
1000254e:	f008 f821 	bl	1000a594 <calloc>
10002552:	0005      	movs	r5, r0
10002554:	0038      	movs	r0, r7
10002556:	f008 fd2f 	bl	1000afb8 <__mutex_exit_veneer>
1000255a:	4374      	muls	r4, r6
1000255c:	2d00      	cmp	r5, #0
1000255e:	d005      	beq.n	1000256c <__wrap_calloc+0x30>
10002560:	4b05      	ldr	r3, [pc, #20]	@ (10002578 <__wrap_calloc+0x3c>)
10002562:	192c      	adds	r4, r5, r4
10002564:	429c      	cmp	r4, r3
10002566:	d801      	bhi.n	1000256c <__wrap_calloc+0x30>
10002568:	0028      	movs	r0, r5
1000256a:	bdf8      	pop	{r3, r4, r5, r6, r7, pc}
1000256c:	4803      	ldr	r0, [pc, #12]	@ (1000257c <__wrap_calloc+0x40>)
1000256e:	f7fd ff9d 	bl	100004ac <panic>
10002572:	46c0      	nop			@ (mov r8, r8)
10002574:	20000c10 	.word	0x20000c10
10002578:	20040000 	.word	0x20040000
1000257c:	1000b130 	.word	0x1000b130

10002580 <__wrap_free>:
10002580:	b570      	push	{r4, r5, r6, lr}
10002582:	0004      	movs	r4, r0
10002584:	4d05      	ldr	r5, [pc, #20]	@ (1000259c <__wrap_free+0x1c>)
10002586:	0028      	movs	r0, r5
10002588:	f008 fd4e 	bl	1000b028 <__mutex_enter_blocking_veneer>
1000258c:	0020      	movs	r0, r4
1000258e:	f008 fc89 	bl	1000aea4 <free>
10002592:	0028      	movs	r0, r5
10002594:	f008 fd10 	bl	1000afb8 <__mutex_exit_veneer>
10002598:	bd70      	pop	{r4, r5, r6, pc}
1000259a:	46c0      	nop			@ (mov r8, r8)
1000259c:	20000c10 	.word	0x20000c10

100025a0 <__aeabi_mem_init>:
100025a0:	4801      	ldr	r0, [pc, #4]	@ (100025a8 <__aeabi_mem_init+0x8>)
100025a2:	2104      	movs	r1, #4
100025a4:	4b01      	ldr	r3, [pc, #4]	@ (100025ac <__aeabi_mem_init+0xc>)
100025a6:	4718      	bx	r3
100025a8:	20000680 	.word	0x20000680
100025ac:	10001a41 	.word	0x10001a41

100025b0 <__wrap_memset>:
100025b0:	4b01      	ldr	r3, [pc, #4]	@ (100025b8 <__wrap_memset+0x8>)
100025b2:	681b      	ldr	r3, [r3, #0]
100025b4:	4718      	bx	r3
100025b6:	0000      	.short	0x0000
100025b8:	20000680 	.word	0x20000680

100025bc <__wrap___aeabi_memcpy>:
100025bc:	4b01      	ldr	r3, [pc, #4]	@ (100025c4 <__wrap___aeabi_memcpy+0x8>)
100025be:	685b      	ldr	r3, [r3, #4]
100025c0:	4718      	bx	r3
100025c2:	0000      	.short	0x0000
100025c4:	20000680 	.word	0x20000680

100025c8 <_out_null>:
100025c8:	4770      	bx	lr
100025ca:	46c0      	nop			@ (mov r8, r8)

100025cc <_out_rev>:
100025cc:	b5f8      	push	{r3, r4, r5, r6, r7, lr}
100025ce:	4657      	mov	r7, sl
100025d0:	46de      	mov	lr, fp
100025d2:	464e      	mov	r6, r9
100025d4:	4645      	mov	r5, r8
100025d6:	b5e0      	push	{r5, r6, r7, lr}
100025d8:	4699      	mov	r9, r3
100025da:	9b0a      	ldr	r3, [sp, #40]	@ 0x28
100025dc:	0007      	movs	r7, r0
100025de:	469a      	mov	sl, r3
100025e0:	9b0d      	ldr	r3, [sp, #52]	@ 0x34
100025e2:	4688      	mov	r8, r1
100025e4:	4693      	mov	fp, r2
100025e6:	9c0b      	ldr	r4, [sp, #44]	@ 0x2c
100025e8:	079b      	lsls	r3, r3, #30
100025ea:	d13b      	bne.n	10002664 <_out_rev+0x98>
100025ec:	9b0c      	ldr	r3, [sp, #48]	@ 0x30
100025ee:	429c      	cmp	r4, r3
100025f0:	d23d      	bcs.n	1000266e <_out_rev+0xa2>
100025f2:	1b1e      	subs	r6, r3, r4
100025f4:	940b      	str	r4, [sp, #44]	@ 0x2c
100025f6:	0015      	movs	r5, r2
100025f8:	000c      	movs	r4, r1
100025fa:	445e      	add	r6, fp
100025fc:	002a      	movs	r2, r5
100025fe:	464b      	mov	r3, r9
10002600:	3501      	adds	r5, #1
10002602:	0021      	movs	r1, r4
10002604:	2020      	movs	r0, #32
10002606:	47b8      	blx	r7
10002608:	42b5      	cmp	r5, r6
1000260a:	d1f7      	bne.n	100025fc <_out_rev+0x30>
1000260c:	46a0      	mov	r8, r4
1000260e:	9c0b      	ldr	r4, [sp, #44]	@ 0x2c
10002610:	2c00      	cmp	r4, #0
10002612:	d020      	beq.n	10002656 <_out_rev+0x8a>
10002614:	4645      	mov	r5, r8
10002616:	1936      	adds	r6, r6, r4
10002618:	4653      	mov	r3, sl
1000261a:	1b32      	subs	r2, r6, r4
1000261c:	3c01      	subs	r4, #1
1000261e:	5d18      	ldrb	r0, [r3, r4]
10002620:	0029      	movs	r1, r5
10002622:	464b      	mov	r3, r9
10002624:	47b8      	blx	r7
10002626:	2c00      	cmp	r4, #0
10002628:	d1f6      	bne.n	10002618 <_out_rev+0x4c>
1000262a:	002b      	movs	r3, r5
1000262c:	0035      	movs	r5, r6
1000262e:	4698      	mov	r8, r3
10002630:	9b0d      	ldr	r3, [sp, #52]	@ 0x34
10002632:	079b      	lsls	r3, r3, #30
10002634:	d50f      	bpl.n	10002656 <_out_rev+0x8a>
10002636:	465b      	mov	r3, fp
10002638:	1aec      	subs	r4, r5, r3
1000263a:	9b0c      	ldr	r3, [sp, #48]	@ 0x30
1000263c:	42a3      	cmp	r3, r4
1000263e:	d90a      	bls.n	10002656 <_out_rev+0x8a>
10002640:	4646      	mov	r6, r8
10002642:	4698      	mov	r8, r3
10002644:	002a      	movs	r2, r5
10002646:	464b      	mov	r3, r9
10002648:	0031      	movs	r1, r6
1000264a:	2020      	movs	r0, #32
1000264c:	3401      	adds	r4, #1
1000264e:	47b8      	blx	r7
10002650:	3501      	adds	r5, #1
10002652:	4544      	cmp	r4, r8
10002654:	d3f6      	bcc.n	10002644 <_out_rev+0x78>
10002656:	0028      	movs	r0, r5
10002658:	bcf0      	pop	{r4, r5, r6, r7}
1000265a:	46bb      	mov	fp, r7
1000265c:	46b2      	mov	sl, r6
1000265e:	46a9      	mov	r9, r5
10002660:	46a0      	mov	r8, r4
10002662:	bdf8      	pop	{r3, r4, r5, r6, r7, pc}
10002664:	0016      	movs	r6, r2
10002666:	0015      	movs	r5, r2
10002668:	2c00      	cmp	r4, #0
1000266a:	d1d3      	bne.n	10002614 <_out_rev+0x48>
1000266c:	e7e0      	b.n	10002630 <_out_rev+0x64>
1000266e:	0016      	movs	r6, r2
10002670:	2c00      	cmp	r4, #0
10002672:	d1cf      	bne.n	10002614 <_out_rev+0x48>
10002674:	0015      	movs	r5, r2
10002676:	e7ee      	b.n	10002656 <_out_rev+0x8a>

10002678 <_ntoa_format>:
10002678:	b5f0      	push	{r4, r5, r6, r7, lr}
1000267a:	464f      	mov	r7, r9
1000267c:	4646      	mov	r6, r8
1000267e:	46d6      	mov	lr, sl
10002680:	b5c0      	push	{r6, r7, lr}
10002682:	b084      	sub	sp, #16
10002684:	4698      	mov	r8, r3
10002686:	ab0e      	add	r3, sp, #56	@ 0x38
10002688:	781b      	ldrb	r3, [r3, #0]
1000268a:	4694      	mov	ip, r2
1000268c:	4699      	mov	r9, r3
1000268e:	9b12      	ldr	r3, [sp, #72]	@ 0x48
10002690:	9c0d      	ldr	r4, [sp, #52]	@ 0x34
10002692:	9f10      	ldr	r7, [sp, #64]	@ 0x40
10002694:	9e11      	ldr	r6, [sp, #68]	@ 0x44
10002696:	079a      	lsls	r2, r3, #30
10002698:	d425      	bmi.n	100026e6 <_ntoa_format+0x6e>
1000269a:	2e00      	cmp	r6, #0
1000269c:	d165      	bne.n	1000276a <_ntoa_format+0xf2>
1000269e:	42bc      	cmp	r4, r7
100026a0:	d221      	bcs.n	100026e6 <_ntoa_format+0x6e>
100026a2:	2201      	movs	r2, #1
100026a4:	401a      	ands	r2, r3
100026a6:	4692      	mov	sl, r2
100026a8:	2c20      	cmp	r4, #32
100026aa:	d100      	bne.n	100026ae <_ntoa_format+0x36>
100026ac:	e0e9      	b.n	10002882 <_ntoa_format+0x20a>
100026ae:	9a0c      	ldr	r2, [sp, #48]	@ 0x30
100026b0:	1e55      	subs	r5, r2, #1
100026b2:	2230      	movs	r2, #48	@ 0x30
100026b4:	e002      	b.n	100026bc <_ntoa_format+0x44>
100026b6:	2c20      	cmp	r4, #32
100026b8:	d100      	bne.n	100026bc <_ntoa_format+0x44>
100026ba:	e07b      	b.n	100027b4 <_ntoa_format+0x13c>
100026bc:	3401      	adds	r4, #1
100026be:	552a      	strb	r2, [r5, r4]
100026c0:	42a7      	cmp	r7, r4
100026c2:	d8f8      	bhi.n	100026b6 <_ntoa_format+0x3e>
100026c4:	4652      	mov	r2, sl
100026c6:	2a00      	cmp	r2, #0
100026c8:	d00d      	beq.n	100026e6 <_ntoa_format+0x6e>
100026ca:	42b4      	cmp	r4, r6
100026cc:	d20b      	bcs.n	100026e6 <_ntoa_format+0x6e>
100026ce:	9a0c      	ldr	r2, [sp, #48]	@ 0x30
100026d0:	1e55      	subs	r5, r2, #1
100026d2:	2230      	movs	r2, #48	@ 0x30
100026d4:	2c20      	cmp	r4, #32
100026d6:	d102      	bne.n	100026de <_ntoa_format+0x66>
100026d8:	e071      	b.n	100027be <_ntoa_format+0x146>
100026da:	2c20      	cmp	r4, #32
100026dc:	d02d      	beq.n	1000273a <_ntoa_format+0xc2>
100026de:	3401      	adds	r4, #1
100026e0:	552a      	strb	r2, [r5, r4]
100026e2:	42b4      	cmp	r4, r6
100026e4:	d1f9      	bne.n	100026da <_ntoa_format+0x62>
100026e6:	06da      	lsls	r2, r3, #27
100026e8:	d53c      	bpl.n	10002764 <_ntoa_format+0xec>
100026ea:	055a      	lsls	r2, r3, #21
100026ec:	d42e      	bmi.n	1000274c <_ntoa_format+0xd4>
100026ee:	2c00      	cmp	r4, #0
100026f0:	d128      	bne.n	10002744 <_ntoa_format+0xcc>
100026f2:	9a0f      	ldr	r2, [sp, #60]	@ 0x3c
100026f4:	2a10      	cmp	r2, #16
100026f6:	d100      	bne.n	100026fa <_ntoa_format+0x82>
100026f8:	e0b6      	b.n	10002868 <_ntoa_format+0x1f0>
100026fa:	2a02      	cmp	r2, #2
100026fc:	d100      	bne.n	10002700 <_ntoa_format+0x88>
100026fe:	e0bc      	b.n	1000287a <_ntoa_format+0x202>
10002700:	2230      	movs	r2, #48	@ 0x30
10002702:	9c0c      	ldr	r4, [sp, #48]	@ 0x30
10002704:	7022      	strb	r2, [r4, #0]
10002706:	2401      	movs	r4, #1
10002708:	464a      	mov	r2, r9
1000270a:	2a00      	cmp	r2, #0
1000270c:	d165      	bne.n	100027da <_ntoa_format+0x162>
1000270e:	075a      	lsls	r2, r3, #29
10002710:	d400      	bmi.n	10002714 <_ntoa_format+0x9c>
10002712:	e099      	b.n	10002848 <_ntoa_format+0x1d0>
10002714:	222b      	movs	r2, #43	@ 0x2b
10002716:	9d0c      	ldr	r5, [sp, #48]	@ 0x30
10002718:	552a      	strb	r2, [r5, r4]
1000271a:	3401      	adds	r4, #1
1000271c:	9303      	str	r3, [sp, #12]
1000271e:	9b0c      	ldr	r3, [sp, #48]	@ 0x30
10002720:	4662      	mov	r2, ip
10002722:	9300      	str	r3, [sp, #0]
10002724:	9602      	str	r6, [sp, #8]
10002726:	4643      	mov	r3, r8
10002728:	9401      	str	r4, [sp, #4]
1000272a:	f7ff ff4f 	bl	100025cc <_out_rev>
1000272e:	b004      	add	sp, #16
10002730:	bce0      	pop	{r5, r6, r7}
10002732:	46ba      	mov	sl, r7
10002734:	46b1      	mov	r9, r6
10002736:	46a8      	mov	r8, r5
10002738:	bdf0      	pop	{r4, r5, r6, r7, pc}
1000273a:	2420      	movs	r4, #32
1000273c:	06da      	lsls	r2, r3, #27
1000273e:	d5ed      	bpl.n	1000271c <_ntoa_format+0xa4>
10002740:	055a      	lsls	r2, r3, #21
10002742:	d403      	bmi.n	1000274c <_ntoa_format+0xd4>
10002744:	42a7      	cmp	r7, r4
10002746:	d066      	beq.n	10002816 <_ntoa_format+0x19e>
10002748:	42b4      	cmp	r4, r6
1000274a:	d064      	beq.n	10002816 <_ntoa_format+0x19e>
1000274c:	9a0f      	ldr	r2, [sp, #60]	@ 0x3c
1000274e:	2a10      	cmp	r2, #16
10002750:	d071      	beq.n	10002836 <_ntoa_format+0x1be>
10002752:	2a02      	cmp	r2, #2
10002754:	d057      	beq.n	10002806 <_ntoa_format+0x18e>
10002756:	2c20      	cmp	r4, #32
10002758:	d0e0      	beq.n	1000271c <_ntoa_format+0xa4>
1000275a:	0022      	movs	r2, r4
1000275c:	3401      	adds	r4, #1
1000275e:	2530      	movs	r5, #48	@ 0x30
10002760:	9f0c      	ldr	r7, [sp, #48]	@ 0x30
10002762:	54bd      	strb	r5, [r7, r2]
10002764:	2c20      	cmp	r4, #32
10002766:	d0d9      	beq.n	1000271c <_ntoa_format+0xa4>
10002768:	e7ce      	b.n	10002708 <_ntoa_format+0x90>
1000276a:	2201      	movs	r2, #1
1000276c:	0015      	movs	r5, r2
1000276e:	401d      	ands	r5, r3
10002770:	46aa      	mov	sl, r5
10002772:	421a      	tst	r2, r3
10002774:	d036      	beq.n	100027e4 <_ntoa_format+0x16c>
10002776:	464a      	mov	r2, r9
10002778:	2a00      	cmp	r2, #0
1000277a:	d14a      	bne.n	10002812 <_ntoa_format+0x19a>
1000277c:	320c      	adds	r2, #12
1000277e:	421a      	tst	r2, r3
10002780:	d147      	bne.n	10002812 <_ntoa_format+0x19a>
10002782:	42bc      	cmp	r4, r7
10002784:	d2a1      	bcs.n	100026ca <_ntoa_format+0x52>
10002786:	2c20      	cmp	r4, #32
10002788:	d191      	bne.n	100026ae <_ntoa_format+0x36>
1000278a:	2e20      	cmp	r6, #32
1000278c:	d817      	bhi.n	100027be <_ntoa_format+0x146>
1000278e:	2420      	movs	r4, #32
10002790:	06da      	lsls	r2, r3, #27
10002792:	d5c3      	bpl.n	1000271c <_ntoa_format+0xa4>
10002794:	055a      	lsls	r2, r3, #21
10002796:	d41b      	bmi.n	100027d0 <_ntoa_format+0x158>
10002798:	2f20      	cmp	r7, #32
1000279a:	d001      	beq.n	100027a0 <_ntoa_format+0x128>
1000279c:	2e20      	cmp	r6, #32
1000279e:	d1d5      	bne.n	1000274c <_ntoa_format+0xd4>
100027a0:	221f      	movs	r2, #31
100027a2:	9d0f      	ldr	r5, [sp, #60]	@ 0x3c
100027a4:	2d10      	cmp	r5, #16
100027a6:	d06f      	beq.n	10002888 <_ntoa_format+0x210>
100027a8:	2d02      	cmp	r5, #2
100027aa:	d1d8      	bne.n	1000275e <_ntoa_format+0xe6>
100027ac:	2562      	movs	r5, #98	@ 0x62
100027ae:	9f0c      	ldr	r7, [sp, #48]	@ 0x30
100027b0:	54bd      	strb	r5, [r7, r2]
100027b2:	e7d0      	b.n	10002756 <_ntoa_format+0xde>
100027b4:	4652      	mov	r2, sl
100027b6:	2a00      	cmp	r2, #0
100027b8:	d079      	beq.n	100028ae <_ntoa_format+0x236>
100027ba:	2e20      	cmp	r6, #32
100027bc:	d9bd      	bls.n	1000273a <_ntoa_format+0xc2>
100027be:	2420      	movs	r4, #32
100027c0:	06da      	lsls	r2, r3, #27
100027c2:	d5ab      	bpl.n	1000271c <_ntoa_format+0xa4>
100027c4:	055a      	lsls	r2, r3, #21
100027c6:	d403      	bmi.n	100027d0 <_ntoa_format+0x158>
100027c8:	2f20      	cmp	r7, #32
100027ca:	d0e9      	beq.n	100027a0 <_ntoa_format+0x128>
100027cc:	2e20      	cmp	r6, #32
100027ce:	d0e7      	beq.n	100027a0 <_ntoa_format+0x128>
100027d0:	9a0f      	ldr	r2, [sp, #60]	@ 0x3c
100027d2:	2a10      	cmp	r2, #16
100027d4:	d1a2      	bne.n	1000271c <_ntoa_format+0xa4>
100027d6:	2420      	movs	r4, #32
100027d8:	e7a0      	b.n	1000271c <_ntoa_format+0xa4>
100027da:	222d      	movs	r2, #45	@ 0x2d
100027dc:	9d0c      	ldr	r5, [sp, #48]	@ 0x30
100027de:	552a      	strb	r2, [r5, r4]
100027e0:	3401      	adds	r4, #1
100027e2:	e79b      	b.n	1000271c <_ntoa_format+0xa4>
100027e4:	42bc      	cmp	r4, r7
100027e6:	d300      	bcc.n	100027ea <_ntoa_format+0x172>
100027e8:	e77d      	b.n	100026e6 <_ntoa_format+0x6e>
100027ea:	2c20      	cmp	r4, #32
100027ec:	d000      	beq.n	100027f0 <_ntoa_format+0x178>
100027ee:	e75e      	b.n	100026ae <_ntoa_format+0x36>
100027f0:	06da      	lsls	r2, r3, #27
100027f2:	d5f0      	bpl.n	100027d6 <_ntoa_format+0x15e>
100027f4:	055a      	lsls	r2, r3, #21
100027f6:	d4ee      	bmi.n	100027d6 <_ntoa_format+0x15e>
100027f8:	2f20      	cmp	r7, #32
100027fa:	d062      	beq.n	100028c2 <_ntoa_format+0x24a>
100027fc:	2e20      	cmp	r6, #32
100027fe:	d1ea      	bne.n	100027d6 <_ntoa_format+0x15e>
10002800:	0034      	movs	r4, r6
10002802:	221f      	movs	r2, #31
10002804:	e7cd      	b.n	100027a2 <_ntoa_format+0x12a>
10002806:	2c20      	cmp	r4, #32
10002808:	d100      	bne.n	1000280c <_ntoa_format+0x194>
1000280a:	e787      	b.n	1000271c <_ntoa_format+0xa4>
1000280c:	0022      	movs	r2, r4
1000280e:	3401      	adds	r4, #1
10002810:	e7cc      	b.n	100027ac <_ntoa_format+0x134>
10002812:	3e01      	subs	r6, #1
10002814:	e7b5      	b.n	10002782 <_ntoa_format+0x10a>
10002816:	1e62      	subs	r2, r4, #1
10002818:	2c01      	cmp	r4, #1
1000281a:	d1c2      	bne.n	100027a2 <_ntoa_format+0x12a>
1000281c:	9a0f      	ldr	r2, [sp, #60]	@ 0x3c
1000281e:	2a10      	cmp	r2, #16
10002820:	d000      	beq.n	10002824 <_ntoa_format+0x1ac>
10002822:	e76a      	b.n	100026fa <_ntoa_format+0x82>
10002824:	069a      	lsls	r2, r3, #26
10002826:	d53b      	bpl.n	100028a0 <_ntoa_format+0x228>
10002828:	2258      	movs	r2, #88	@ 0x58
1000282a:	9c0c      	ldr	r4, [sp, #48]	@ 0x30
1000282c:	7022      	strb	r2, [r4, #0]
1000282e:	3a28      	subs	r2, #40	@ 0x28
10002830:	7062      	strb	r2, [r4, #1]
10002832:	2402      	movs	r4, #2
10002834:	e768      	b.n	10002708 <_ntoa_format+0x90>
10002836:	069a      	lsls	r2, r3, #26
10002838:	d40e      	bmi.n	10002858 <_ntoa_format+0x1e0>
1000283a:	2c20      	cmp	r4, #32
1000283c:	d0cb      	beq.n	100027d6 <_ntoa_format+0x15e>
1000283e:	2278      	movs	r2, #120	@ 0x78
10002840:	9d0c      	ldr	r5, [sp, #48]	@ 0x30
10002842:	552a      	strb	r2, [r5, r4]
10002844:	3401      	adds	r4, #1
10002846:	e786      	b.n	10002756 <_ntoa_format+0xde>
10002848:	071a      	lsls	r2, r3, #28
1000284a:	d400      	bmi.n	1000284e <_ntoa_format+0x1d6>
1000284c:	e766      	b.n	1000271c <_ntoa_format+0xa4>
1000284e:	2220      	movs	r2, #32
10002850:	9d0c      	ldr	r5, [sp, #48]	@ 0x30
10002852:	552a      	strb	r2, [r5, r4]
10002854:	3401      	adds	r4, #1
10002856:	e761      	b.n	1000271c <_ntoa_format+0xa4>
10002858:	2c20      	cmp	r4, #32
1000285a:	d0bc      	beq.n	100027d6 <_ntoa_format+0x15e>
1000285c:	2558      	movs	r5, #88	@ 0x58
1000285e:	9a0c      	ldr	r2, [sp, #48]	@ 0x30
10002860:	1912      	adds	r2, r2, r4
10002862:	7015      	strb	r5, [r2, #0]
10002864:	3401      	adds	r4, #1
10002866:	e776      	b.n	10002756 <_ntoa_format+0xde>
10002868:	069a      	lsls	r2, r3, #26
1000286a:	d508      	bpl.n	1000287e <_ntoa_format+0x206>
1000286c:	2258      	movs	r2, #88	@ 0x58
1000286e:	9c0c      	ldr	r4, [sp, #48]	@ 0x30
10002870:	7022      	strb	r2, [r4, #0]
10002872:	2230      	movs	r2, #48	@ 0x30
10002874:	7062      	strb	r2, [r4, #1]
10002876:	2402      	movs	r4, #2
10002878:	e746      	b.n	10002708 <_ntoa_format+0x90>
1000287a:	3260      	adds	r2, #96	@ 0x60
1000287c:	e7f7      	b.n	1000286e <_ntoa_format+0x1f6>
1000287e:	2278      	movs	r2, #120	@ 0x78
10002880:	e7f5      	b.n	1000286e <_ntoa_format+0x1f6>
10002882:	2a00      	cmp	r2, #0
10002884:	d183      	bne.n	1000278e <_ntoa_format+0x116>
10002886:	e7b3      	b.n	100027f0 <_ntoa_format+0x178>
10002888:	1ea2      	subs	r2, r4, #2
1000288a:	3c01      	subs	r4, #1
1000288c:	069d      	lsls	r5, r3, #26
1000288e:	d403      	bmi.n	10002898 <_ntoa_format+0x220>
10002890:	2578      	movs	r5, #120	@ 0x78
10002892:	9f0c      	ldr	r7, [sp, #48]	@ 0x30
10002894:	54bd      	strb	r5, [r7, r2]
10002896:	e760      	b.n	1000275a <_ntoa_format+0xe2>
10002898:	2558      	movs	r5, #88	@ 0x58
1000289a:	9f0c      	ldr	r7, [sp, #48]	@ 0x30
1000289c:	54bd      	strb	r5, [r7, r2]
1000289e:	e75c      	b.n	1000275a <_ntoa_format+0xe2>
100028a0:	2278      	movs	r2, #120	@ 0x78
100028a2:	9c0c      	ldr	r4, [sp, #48]	@ 0x30
100028a4:	7022      	strb	r2, [r4, #0]
100028a6:	3a48      	subs	r2, #72	@ 0x48
100028a8:	7062      	strb	r2, [r4, #1]
100028aa:	2402      	movs	r4, #2
100028ac:	e72c      	b.n	10002708 <_ntoa_format+0x90>
100028ae:	06da      	lsls	r2, r3, #27
100028b0:	d400      	bmi.n	100028b4 <_ntoa_format+0x23c>
100028b2:	e733      	b.n	1000271c <_ntoa_format+0xa4>
100028b4:	055a      	lsls	r2, r3, #21
100028b6:	d48b      	bmi.n	100027d0 <_ntoa_format+0x158>
100028b8:	2f20      	cmp	r7, #32
100028ba:	d000      	beq.n	100028be <_ntoa_format+0x246>
100028bc:	e744      	b.n	10002748 <_ntoa_format+0xd0>
100028be:	221f      	movs	r2, #31
100028c0:	e76f      	b.n	100027a2 <_ntoa_format+0x12a>
100028c2:	003c      	movs	r4, r7
100028c4:	221f      	movs	r2, #31
100028c6:	e76c      	b.n	100027a2 <_ntoa_format+0x12a>

100028c8 <_out_char>:
100028c8:	b510      	push	{r4, lr}
100028ca:	2800      	cmp	r0, #0
100028cc:	d100      	bne.n	100028d0 <_out_char+0x8>
100028ce:	bd10      	pop	{r4, pc}
100028d0:	f001 fbbe 	bl	10004050 <__wrap_putchar>
100028d4:	e7fb      	b.n	100028ce <_out_char+0x6>
100028d6:	46c0      	nop			@ (mov r8, r8)

100028d8 <_out_fct>:
100028d8:	000b      	movs	r3, r1
100028da:	b510      	push	{r4, lr}
100028dc:	2800      	cmp	r0, #0
100028de:	d002      	beq.n	100028e6 <_out_fct+0xe>
100028e0:	6849      	ldr	r1, [r1, #4]
100028e2:	681b      	ldr	r3, [r3, #0]
100028e4:	4798      	blx	r3
100028e6:	bd10      	pop	{r4, pc}

100028e8 <_etoa>:
100028e8:	b5f0      	push	{r4, r5, r6, r7, lr}
100028ea:	4657      	mov	r7, sl
100028ec:	464e      	mov	r6, r9
100028ee:	4645      	mov	r5, r8
100028f0:	46de      	mov	lr, fp
100028f2:	b5e0      	push	{r5, r6, r7, lr}
100028f4:	b099      	sub	sp, #100	@ 0x64
100028f6:	4682      	mov	sl, r0
100028f8:	4689      	mov	r9, r1
100028fa:	4690      	mov	r8, r2
100028fc:	9308      	str	r3, [sp, #32]
100028fe:	9a22      	ldr	r2, [sp, #136]	@ 0x88
10002900:	9b23      	ldr	r3, [sp, #140]	@ 0x8c
10002902:	0010      	movs	r0, r2
10002904:	0019      	movs	r1, r3
10002906:	f7ff fcec 	bl	100022e2 <__wrap___aeabi_dcmpun>
1000290a:	2800      	cmp	r0, #0
1000290c:	d000      	beq.n	10002910 <_etoa+0x28>
1000290e:	e0cd      	b.n	10002aac <_etoa+0x1c4>
10002910:	9822      	ldr	r0, [sp, #136]	@ 0x88
10002912:	9923      	ldr	r1, [sp, #140]	@ 0x8c
10002914:	2201      	movs	r2, #1
10002916:	4bd9      	ldr	r3, [pc, #868]	@ (10002c7c <_etoa+0x394>)
10002918:	4252      	negs	r2, r2
1000291a:	f7ff fcdd 	bl	100022d8 <__wrap___aeabi_dcmpgt>
1000291e:	2800      	cmp	r0, #0
10002920:	d000      	beq.n	10002924 <_etoa+0x3c>
10002922:	e0c3      	b.n	10002aac <_etoa+0x1c4>
10002924:	9822      	ldr	r0, [sp, #136]	@ 0x88
10002926:	9923      	ldr	r1, [sp, #140]	@ 0x8c
10002928:	2201      	movs	r2, #1
1000292a:	4bd5      	ldr	r3, [pc, #852]	@ (10002c80 <_etoa+0x398>)
1000292c:	4252      	negs	r2, r2
1000292e:	f7ff fcc5 	bl	100022bc <__wrap___aeabi_dcmplt>
10002932:	2800      	cmp	r0, #0
10002934:	d000      	beq.n	10002938 <_etoa+0x50>
10002936:	e0b9      	b.n	10002aac <_etoa+0x1c4>
10002938:	9822      	ldr	r0, [sp, #136]	@ 0x88
1000293a:	9923      	ldr	r1, [sp, #140]	@ 0x8c
1000293c:	2200      	movs	r2, #0
1000293e:	2300      	movs	r3, #0
10002940:	f7ff fcbc 	bl	100022bc <__wrap___aeabi_dcmplt>
10002944:	2800      	cmp	r0, #0
10002946:	d000      	beq.n	1000294a <_etoa+0x62>
10002948:	e1f1      	b.n	10002d2e <_etoa+0x446>
1000294a:	9e22      	ldr	r6, [sp, #136]	@ 0x88
1000294c:	9f23      	ldr	r7, [sp, #140]	@ 0x8c
1000294e:	2380      	movs	r3, #128	@ 0x80
10002950:	9a26      	ldr	r2, [sp, #152]	@ 0x98
10002952:	00db      	lsls	r3, r3, #3
10002954:	401a      	ands	r2, r3
10002956:	920d      	str	r2, [sp, #52]	@ 0x34
10002958:	9a26      	ldr	r2, [sp, #152]	@ 0x98
1000295a:	421a      	tst	r2, r3
1000295c:	d101      	bne.n	10002962 <_etoa+0x7a>
1000295e:	2306      	movs	r3, #6
10002960:	9324      	str	r3, [sp, #144]	@ 0x90
10002962:	2380      	movs	r3, #128	@ 0x80
10002964:	9a26      	ldr	r2, [sp, #152]	@ 0x98
10002966:	011b      	lsls	r3, r3, #4
10002968:	401a      	ands	r2, r3
1000296a:	003b      	movs	r3, r7
1000296c:	4693      	mov	fp, r2
1000296e:	9609      	str	r6, [sp, #36]	@ 0x24
10002970:	4333      	orrs	r3, r6
10002972:	d000      	beq.n	10002976 <_etoa+0x8e>
10002974:	e0b3      	b.n	10002ade <_etoa+0x1f6>
10002976:	2a00      	cmp	r2, #0
10002978:	d000      	beq.n	1000297c <_etoa+0x94>
1000297a:	e1c2      	b.n	10002d02 <_etoa+0x41a>
1000297c:	2300      	movs	r3, #0
1000297e:	2400      	movs	r4, #0
10002980:	930a      	str	r3, [sp, #40]	@ 0x28
10002982:	940b      	str	r4, [sp, #44]	@ 0x2c
10002984:	2300      	movs	r3, #0
10002986:	2504      	movs	r5, #4
10002988:	9309      	str	r3, [sp, #36]	@ 0x24
1000298a:	9b25      	ldr	r3, [sp, #148]	@ 0x94
1000298c:	2400      	movs	r4, #0
1000298e:	42ab      	cmp	r3, r5
10002990:	d900      	bls.n	10002994 <_etoa+0xac>
10002992:	1b5c      	subs	r4, r3, r5
10002994:	2302      	movs	r3, #2
10002996:	9a26      	ldr	r2, [sp, #152]	@ 0x98
10002998:	401a      	ands	r2, r3
1000299a:	920c      	str	r2, [sp, #48]	@ 0x30
1000299c:	9a26      	ldr	r2, [sp, #152]	@ 0x98
1000299e:	4213      	tst	r3, r2
100029a0:	d003      	beq.n	100029aa <_etoa+0xc2>
100029a2:	426b      	negs	r3, r5
100029a4:	416b      	adcs	r3, r5
100029a6:	425b      	negs	r3, r3
100029a8:	401c      	ands	r4, r3
100029aa:	9b09      	ldr	r3, [sp, #36]	@ 0x24
100029ac:	2b00      	cmp	r3, #0
100029ae:	d007      	beq.n	100029c0 <_etoa+0xd8>
100029b0:	9a0a      	ldr	r2, [sp, #40]	@ 0x28
100029b2:	9b0b      	ldr	r3, [sp, #44]	@ 0x2c
100029b4:	0030      	movs	r0, r6
100029b6:	0039      	movs	r1, r7
100029b8:	f7ff fc27 	bl	1000220a <__wrap___aeabi_ddiv>
100029bc:	0006      	movs	r6, r0
100029be:	000f      	movs	r7, r1
100029c0:	9822      	ldr	r0, [sp, #136]	@ 0x88
100029c2:	9923      	ldr	r1, [sp, #140]	@ 0x8c
100029c4:	2200      	movs	r2, #0
100029c6:	2300      	movs	r3, #0
100029c8:	f7ff fc78 	bl	100022bc <__wrap___aeabi_dcmplt>
100029cc:	2800      	cmp	r0, #0
100029ce:	d003      	beq.n	100029d8 <_etoa+0xf0>
100029d0:	2180      	movs	r1, #128	@ 0x80
100029d2:	0609      	lsls	r1, r1, #24
100029d4:	187b      	adds	r3, r7, r1
100029d6:	001f      	movs	r7, r3
100029d8:	9a26      	ldr	r2, [sp, #152]	@ 0x98
100029da:	4baa      	ldr	r3, [pc, #680]	@ (10002c84 <_etoa+0x39c>)
100029dc:	9600      	str	r6, [sp, #0]
100029de:	9701      	str	r7, [sp, #4]
100029e0:	4013      	ands	r3, r2
100029e2:	9e08      	ldr	r6, [sp, #32]
100029e4:	9304      	str	r3, [sp, #16]
100029e6:	9b24      	ldr	r3, [sp, #144]	@ 0x90
100029e8:	9403      	str	r4, [sp, #12]
100029ea:	9302      	str	r3, [sp, #8]
100029ec:	4642      	mov	r2, r8
100029ee:	0033      	movs	r3, r6
100029f0:	4649      	mov	r1, r9
100029f2:	4650      	mov	r0, sl
100029f4:	f000 f9aa 	bl	10002d4c <_ftoa>
100029f8:	0004      	movs	r4, r0
100029fa:	2d00      	cmp	r5, #0
100029fc:	d067      	beq.n	10002ace <_etoa+0x1e6>
100029fe:	2020      	movs	r0, #32
10002a00:	9a26      	ldr	r2, [sp, #152]	@ 0x98
10002a02:	4649      	mov	r1, r9
10002a04:	4002      	ands	r2, r0
10002a06:	0013      	movs	r3, r2
10002a08:	425a      	negs	r2, r3
10002a0a:	4153      	adcs	r3, r2
10002a0c:	425b      	negs	r3, r3
10002a0e:	1c62      	adds	r2, r4, #1
10002a10:	4018      	ands	r0, r3
10002a12:	920a      	str	r2, [sp, #40]	@ 0x28
10002a14:	0033      	movs	r3, r6
10002a16:	0022      	movs	r2, r4
10002a18:	3045      	adds	r0, #69	@ 0x45
10002a1a:	47d0      	blx	sl
10002a1c:	9a09      	ldr	r2, [sp, #36]	@ 0x24
10002a1e:	1e6f      	subs	r7, r5, #1
10002a20:	17d3      	asrs	r3, r2, #31
10002a22:	18d4      	adds	r4, r2, r3
10002a24:	405c      	eors	r4, r3
10002a26:	0fd3      	lsrs	r3, r2, #31
10002a28:	469b      	mov	fp, r3
10002a2a:	2500      	movs	r5, #0
10002a2c:	e001      	b.n	10002a32 <_etoa+0x14a>
10002a2e:	2d20      	cmp	r5, #32
10002a30:	d013      	beq.n	10002a5a <_etoa+0x172>
10002a32:	aa08      	add	r2, sp, #32
10002a34:	4694      	mov	ip, r2
10002a36:	231f      	movs	r3, #31
10002a38:	0020      	movs	r0, r4
10002a3a:	4463      	add	r3, ip
10002a3c:	210a      	movs	r1, #10
10002a3e:	3501      	adds	r5, #1
10002a40:	195e      	adds	r6, r3, r5
10002a42:	f7ff f99d 	bl	10001d80 <__wrap___aeabi_uidiv>
10002a46:	3130      	adds	r1, #48	@ 0x30
10002a48:	7031      	strb	r1, [r6, #0]
10002a4a:	0020      	movs	r0, r4
10002a4c:	210a      	movs	r1, #10
10002a4e:	f7ff f997 	bl	10001d80 <__wrap___aeabi_uidiv>
10002a52:	0026      	movs	r6, r4
10002a54:	0004      	movs	r4, r0
10002a56:	2e09      	cmp	r6, #9
10002a58:	d8e9      	bhi.n	10002a2e <_etoa+0x146>
10002a5a:	2305      	movs	r3, #5
10002a5c:	9306      	str	r3, [sp, #24]
10002a5e:	2300      	movs	r3, #0
10002a60:	9304      	str	r3, [sp, #16]
10002a62:	330a      	adds	r3, #10
10002a64:	9303      	str	r3, [sp, #12]
10002a66:	465b      	mov	r3, fp
10002a68:	9e08      	ldr	r6, [sp, #32]
10002a6a:	9302      	str	r3, [sp, #8]
10002a6c:	ab10      	add	r3, sp, #64	@ 0x40
10002a6e:	9a0a      	ldr	r2, [sp, #40]	@ 0x28
10002a70:	9300      	str	r3, [sp, #0]
10002a72:	4649      	mov	r1, r9
10002a74:	0033      	movs	r3, r6
10002a76:	4650      	mov	r0, sl
10002a78:	9705      	str	r7, [sp, #20]
10002a7a:	9501      	str	r5, [sp, #4]
10002a7c:	f7ff fdfc 	bl	10002678 <_ntoa_format>
10002a80:	9a0c      	ldr	r2, [sp, #48]	@ 0x30
10002a82:	0004      	movs	r4, r0
10002a84:	2a00      	cmp	r2, #0
10002a86:	d022      	beq.n	10002ace <_etoa+0x1e6>
10002a88:	4642      	mov	r2, r8
10002a8a:	1a85      	subs	r5, r0, r2
10002a8c:	9a25      	ldr	r2, [sp, #148]	@ 0x94
10002a8e:	42aa      	cmp	r2, r5
10002a90:	d91d      	bls.n	10002ace <_etoa+0x1e6>
10002a92:	46b0      	mov	r8, r6
10002a94:	4657      	mov	r7, sl
10002a96:	0016      	movs	r6, r2
10002a98:	0022      	movs	r2, r4
10002a9a:	4643      	mov	r3, r8
10002a9c:	4649      	mov	r1, r9
10002a9e:	2020      	movs	r0, #32
10002aa0:	3501      	adds	r5, #1
10002aa2:	47b8      	blx	r7
10002aa4:	3401      	adds	r4, #1
10002aa6:	42ae      	cmp	r6, r5
10002aa8:	d8f6      	bhi.n	10002a98 <_etoa+0x1b0>
10002aaa:	e010      	b.n	10002ace <_etoa+0x1e6>
10002aac:	9b26      	ldr	r3, [sp, #152]	@ 0x98
10002aae:	4642      	mov	r2, r8
10002ab0:	9304      	str	r3, [sp, #16]
10002ab2:	9b25      	ldr	r3, [sp, #148]	@ 0x94
10002ab4:	4649      	mov	r1, r9
10002ab6:	9303      	str	r3, [sp, #12]
10002ab8:	9b24      	ldr	r3, [sp, #144]	@ 0x90
10002aba:	4650      	mov	r0, sl
10002abc:	9302      	str	r3, [sp, #8]
10002abe:	9b22      	ldr	r3, [sp, #136]	@ 0x88
10002ac0:	9c23      	ldr	r4, [sp, #140]	@ 0x8c
10002ac2:	9300      	str	r3, [sp, #0]
10002ac4:	9401      	str	r4, [sp, #4]
10002ac6:	9b08      	ldr	r3, [sp, #32]
10002ac8:	f000 f940 	bl	10002d4c <_ftoa>
10002acc:	0004      	movs	r4, r0
10002ace:	0020      	movs	r0, r4
10002ad0:	b019      	add	sp, #100	@ 0x64
10002ad2:	bcf0      	pop	{r4, r5, r6, r7}
10002ad4:	46bb      	mov	fp, r7
10002ad6:	46b2      	mov	sl, r6
10002ad8:	46a9      	mov	r9, r5
10002ada:	46a0      	mov	r8, r4
10002adc:	bdf0      	pop	{r4, r5, r6, r7, pc}
10002ade:	4b6a      	ldr	r3, [pc, #424]	@ (10002c88 <_etoa+0x3a0>)
10002ae0:	0078      	lsls	r0, r7, #1
10002ae2:	469c      	mov	ip, r3
10002ae4:	0d40      	lsrs	r0, r0, #21
10002ae6:	4460      	add	r0, ip
10002ae8:	f7ff fc0c 	bl	10002304 <__wrap___aeabi_i2d>
10002aec:	4a67      	ldr	r2, [pc, #412]	@ (10002c8c <_etoa+0x3a4>)
10002aee:	4b68      	ldr	r3, [pc, #416]	@ (10002c90 <_etoa+0x3a8>)
10002af0:	f7ff fba5 	bl	1000223e <__wrap___aeabi_dmul>
10002af4:	4a67      	ldr	r2, [pc, #412]	@ (10002c94 <_etoa+0x3ac>)
10002af6:	4b68      	ldr	r3, [pc, #416]	@ (10002c98 <_etoa+0x3b0>)
10002af8:	f7ff fb82 	bl	10002200 <__wrap___aeabi_dadd>
10002afc:	4a67      	ldr	r2, [pc, #412]	@ (10002c9c <_etoa+0x3b4>)
10002afe:	033b      	lsls	r3, r7, #12
10002b00:	0b1b      	lsrs	r3, r3, #12
10002b02:	431a      	orrs	r2, r3
10002b04:	0004      	movs	r4, r0
10002b06:	000d      	movs	r5, r1
10002b08:	9809      	ldr	r0, [sp, #36]	@ 0x24
10002b0a:	0011      	movs	r1, r2
10002b0c:	4b64      	ldr	r3, [pc, #400]	@ (10002ca0 <_etoa+0x3b8>)
10002b0e:	2200      	movs	r2, #0
10002b10:	f7ff fb71 	bl	100021f6 <__wrap___aeabi_dsub>
10002b14:	4a63      	ldr	r2, [pc, #396]	@ (10002ca4 <_etoa+0x3bc>)
10002b16:	4b64      	ldr	r3, [pc, #400]	@ (10002ca8 <_etoa+0x3c0>)
10002b18:	f7ff fb91 	bl	1000223e <__wrap___aeabi_dmul>
10002b1c:	0002      	movs	r2, r0
10002b1e:	000b      	movs	r3, r1
10002b20:	0020      	movs	r0, r4
10002b22:	0029      	movs	r1, r5
10002b24:	f7ff fb6c 	bl	10002200 <__wrap___aeabi_dadd>
10002b28:	f7ff fc04 	bl	10002334 <__wrap___aeabi_d2iz>
10002b2c:	9009      	str	r0, [sp, #36]	@ 0x24
10002b2e:	f7ff fbe9 	bl	10002304 <__wrap___aeabi_i2d>
10002b32:	4a5e      	ldr	r2, [pc, #376]	@ (10002cac <_etoa+0x3c4>)
10002b34:	4b5e      	ldr	r3, [pc, #376]	@ (10002cb0 <_etoa+0x3c8>)
10002b36:	0004      	movs	r4, r0
10002b38:	000d      	movs	r5, r1
10002b3a:	f7ff fb80 	bl	1000223e <__wrap___aeabi_dmul>
10002b3e:	2200      	movs	r2, #0
10002b40:	4b5c      	ldr	r3, [pc, #368]	@ (10002cb4 <_etoa+0x3cc>)
10002b42:	f7ff fb5d 	bl	10002200 <__wrap___aeabi_dadd>
10002b46:	f7ff fbf5 	bl	10002334 <__wrap___aeabi_d2iz>
10002b4a:	4a5b      	ldr	r2, [pc, #364]	@ (10002cb8 <_etoa+0x3d0>)
10002b4c:	4b5b      	ldr	r3, [pc, #364]	@ (10002cbc <_etoa+0x3d4>)
10002b4e:	0029      	movs	r1, r5
10002b50:	900c      	str	r0, [sp, #48]	@ 0x30
10002b52:	0020      	movs	r0, r4
10002b54:	f7ff fb73 	bl	1000223e <__wrap___aeabi_dmul>
10002b58:	0004      	movs	r4, r0
10002b5a:	980c      	ldr	r0, [sp, #48]	@ 0x30
10002b5c:	000d      	movs	r5, r1
10002b5e:	f7ff fbd1 	bl	10002304 <__wrap___aeabi_i2d>
10002b62:	4a57      	ldr	r2, [pc, #348]	@ (10002cc0 <_etoa+0x3d8>)
10002b64:	4b57      	ldr	r3, [pc, #348]	@ (10002cc4 <_etoa+0x3dc>)
10002b66:	f7ff fb6a 	bl	1000223e <__wrap___aeabi_dmul>
10002b6a:	0002      	movs	r2, r0
10002b6c:	000b      	movs	r3, r1
10002b6e:	0020      	movs	r0, r4
10002b70:	0029      	movs	r1, r5
10002b72:	f7ff fb40 	bl	100021f6 <__wrap___aeabi_dsub>
10002b76:	0004      	movs	r4, r0
10002b78:	000d      	movs	r5, r1
10002b7a:	0002      	movs	r2, r0
10002b7c:	000b      	movs	r3, r1
10002b7e:	940a      	str	r4, [sp, #40]	@ 0x28
10002b80:	950b      	str	r5, [sp, #44]	@ 0x2c
10002b82:	f7ff fb5c 	bl	1000223e <__wrap___aeabi_dmul>
10002b86:	0004      	movs	r4, r0
10002b88:	000d      	movs	r5, r1
10002b8a:	980a      	ldr	r0, [sp, #40]	@ 0x28
10002b8c:	990b      	ldr	r1, [sp, #44]	@ 0x2c
10002b8e:	0002      	movs	r2, r0
10002b90:	000b      	movs	r3, r1
10002b92:	f7ff fb35 	bl	10002200 <__wrap___aeabi_dadd>
10002b96:	2200      	movs	r2, #0
10002b98:	900e      	str	r0, [sp, #56]	@ 0x38
10002b9a:	910f      	str	r1, [sp, #60]	@ 0x3c
10002b9c:	4b4a      	ldr	r3, [pc, #296]	@ (10002cc8 <_etoa+0x3e0>)
10002b9e:	0020      	movs	r0, r4
10002ba0:	0029      	movs	r1, r5
10002ba2:	f7ff fb32 	bl	1000220a <__wrap___aeabi_ddiv>
10002ba6:	2200      	movs	r2, #0
10002ba8:	4b48      	ldr	r3, [pc, #288]	@ (10002ccc <_etoa+0x3e4>)
10002baa:	f7ff fb29 	bl	10002200 <__wrap___aeabi_dadd>
10002bae:	0002      	movs	r2, r0
10002bb0:	000b      	movs	r3, r1
10002bb2:	0020      	movs	r0, r4
10002bb4:	0029      	movs	r1, r5
10002bb6:	f7ff fb28 	bl	1000220a <__wrap___aeabi_ddiv>
10002bba:	2200      	movs	r2, #0
10002bbc:	4b44      	ldr	r3, [pc, #272]	@ (10002cd0 <_etoa+0x3e8>)
10002bbe:	f7ff fb1f 	bl	10002200 <__wrap___aeabi_dadd>
10002bc2:	0002      	movs	r2, r0
10002bc4:	000b      	movs	r3, r1
10002bc6:	0020      	movs	r0, r4
10002bc8:	0029      	movs	r1, r5
10002bca:	f7ff fb1e 	bl	1000220a <__wrap___aeabi_ddiv>
10002bce:	9a0a      	ldr	r2, [sp, #40]	@ 0x28
10002bd0:	9b0b      	ldr	r3, [sp, #44]	@ 0x2c
10002bd2:	000d      	movs	r5, r1
10002bd4:	2180      	movs	r1, #128	@ 0x80
10002bd6:	0004      	movs	r4, r0
10002bd8:	05c9      	lsls	r1, r1, #23
10002bda:	2000      	movs	r0, #0
10002bdc:	f7ff fb0b 	bl	100021f6 <__wrap___aeabi_dsub>
10002be0:	0002      	movs	r2, r0
10002be2:	000b      	movs	r3, r1
10002be4:	0020      	movs	r0, r4
10002be6:	0029      	movs	r1, r5
10002be8:	f7ff fb0a 	bl	10002200 <__wrap___aeabi_dadd>
10002bec:	0002      	movs	r2, r0
10002bee:	000b      	movs	r3, r1
10002bf0:	980e      	ldr	r0, [sp, #56]	@ 0x38
10002bf2:	990f      	ldr	r1, [sp, #60]	@ 0x3c
10002bf4:	f7ff fb09 	bl	1000220a <__wrap___aeabi_ddiv>
10002bf8:	2200      	movs	r2, #0
10002bfa:	4b28      	ldr	r3, [pc, #160]	@ (10002c9c <_etoa+0x3b4>)
10002bfc:	f7ff fb00 	bl	10002200 <__wrap___aeabi_dadd>
10002c00:	4b34      	ldr	r3, [pc, #208]	@ (10002cd4 <_etoa+0x3ec>)
10002c02:	9c0c      	ldr	r4, [sp, #48]	@ 0x30
10002c04:	469c      	mov	ip, r3
10002c06:	4464      	add	r4, ip
10002c08:	0523      	lsls	r3, r4, #20
10002c0a:	2200      	movs	r2, #0
10002c0c:	f7ff fb17 	bl	1000223e <__wrap___aeabi_dmul>
10002c10:	0004      	movs	r4, r0
10002c12:	000d      	movs	r5, r1
10002c14:	0002      	movs	r2, r0
10002c16:	000b      	movs	r3, r1
10002c18:	0030      	movs	r0, r6
10002c1a:	0039      	movs	r1, r7
10002c1c:	940a      	str	r4, [sp, #40]	@ 0x28
10002c1e:	950b      	str	r5, [sp, #44]	@ 0x2c
10002c20:	f7ff fb4c 	bl	100022bc <__wrap___aeabi_dcmplt>
10002c24:	2800      	cmp	r0, #0
10002c26:	d15d      	bne.n	10002ce4 <_etoa+0x3fc>
10002c28:	0023      	movs	r3, r4
10002c2a:	002a      	movs	r2, r5
10002c2c:	25c6      	movs	r5, #198	@ 0xc6
10002c2e:	9909      	ldr	r1, [sp, #36]	@ 0x24
10002c30:	3163      	adds	r1, #99	@ 0x63
10002c32:	428d      	cmp	r5, r1
10002c34:	41ad      	sbcs	r5, r5
10002c36:	4659      	mov	r1, fp
10002c38:	426d      	negs	r5, r5
10002c3a:	3504      	adds	r5, #4
10002c3c:	2900      	cmp	r1, #0
10002c3e:	d100      	bne.n	10002c42 <_etoa+0x35a>
10002c40:	e6a3      	b.n	1000298a <_etoa+0xa2>
10002c42:	4313      	orrs	r3, r2
10002c44:	d063      	beq.n	10002d0e <_etoa+0x426>
10002c46:	0030      	movs	r0, r6
10002c48:	0039      	movs	r1, r7
10002c4a:	4a23      	ldr	r2, [pc, #140]	@ (10002cd8 <_etoa+0x3f0>)
10002c4c:	4b23      	ldr	r3, [pc, #140]	@ (10002cdc <_etoa+0x3f4>)
10002c4e:	f7ff fb3b 	bl	100022c8 <__wrap___aeabi_dcmpge>
10002c52:	2800      	cmp	r0, #0
10002c54:	d007      	beq.n	10002c66 <_etoa+0x37e>
10002c56:	2200      	movs	r2, #0
10002c58:	0030      	movs	r0, r6
10002c5a:	0039      	movs	r1, r7
10002c5c:	4b20      	ldr	r3, [pc, #128]	@ (10002ce0 <_etoa+0x3f8>)
10002c5e:	f7ff fb2d 	bl	100022bc <__wrap___aeabi_dcmplt>
10002c62:	2800      	cmp	r0, #0
10002c64:	d153      	bne.n	10002d0e <_etoa+0x426>
10002c66:	9b24      	ldr	r3, [sp, #144]	@ 0x90
10002c68:	2b00      	cmp	r3, #0
10002c6a:	d100      	bne.n	10002c6e <_etoa+0x386>
10002c6c:	e68d      	b.n	1000298a <_etoa+0xa2>
10002c6e:	9b0d      	ldr	r3, [sp, #52]	@ 0x34
10002c70:	1e5a      	subs	r2, r3, #1
10002c72:	4193      	sbcs	r3, r2
10002c74:	9a24      	ldr	r2, [sp, #144]	@ 0x90
10002c76:	1ad3      	subs	r3, r2, r3
10002c78:	9324      	str	r3, [sp, #144]	@ 0x90
10002c7a:	e686      	b.n	1000298a <_etoa+0xa2>
10002c7c:	7fefffff 	.word	0x7fefffff
10002c80:	ffefffff 	.word	0xffefffff
10002c84:	fffff7ff 	.word	0xfffff7ff
10002c88:	fffffc01 	.word	0xfffffc01
10002c8c:	509f79fb 	.word	0x509f79fb
10002c90:	3fd34413 	.word	0x3fd34413
10002c94:	8b60c8b3 	.word	0x8b60c8b3
10002c98:	3fc68a28 	.word	0x3fc68a28
10002c9c:	3ff00000 	.word	0x3ff00000
10002ca0:	3ff80000 	.word	0x3ff80000
10002ca4:	636f4361 	.word	0x636f4361
10002ca8:	3fd287a7 	.word	0x3fd287a7
10002cac:	0979a371 	.word	0x0979a371
10002cb0:	400a934f 	.word	0x400a934f
10002cb4:	3fe00000 	.word	0x3fe00000
10002cb8:	bbb55516 	.word	0xbbb55516
10002cbc:	40026bb1 	.word	0x40026bb1
10002cc0:	fefa39ef 	.word	0xfefa39ef
10002cc4:	3fe62e42 	.word	0x3fe62e42
10002cc8:	402c0000 	.word	0x402c0000
10002ccc:	40240000 	.word	0x40240000
10002cd0:	40180000 	.word	0x40180000
10002cd4:	000003ff 	.word	0x000003ff
10002cd8:	eb1c432d 	.word	0xeb1c432d
10002cdc:	3f1a36e2 	.word	0x3f1a36e2
10002ce0:	412e8480 	.word	0x412e8480
10002ce4:	9b09      	ldr	r3, [sp, #36]	@ 0x24
10002ce6:	2200      	movs	r2, #0
10002ce8:	3b01      	subs	r3, #1
10002cea:	9309      	str	r3, [sp, #36]	@ 0x24
10002cec:	0020      	movs	r0, r4
10002cee:	4b16      	ldr	r3, [pc, #88]	@ (10002d48 <_etoa+0x460>)
10002cf0:	0029      	movs	r1, r5
10002cf2:	f7ff fa8a 	bl	1000220a <__wrap___aeabi_ddiv>
10002cf6:	000a      	movs	r2, r1
10002cf8:	0001      	movs	r1, r0
10002cfa:	0003      	movs	r3, r0
10002cfc:	910a      	str	r1, [sp, #40]	@ 0x28
10002cfe:	920b      	str	r2, [sp, #44]	@ 0x2c
10002d00:	e794      	b.n	10002c2c <_etoa+0x344>
10002d02:	2300      	movs	r3, #0
10002d04:	2400      	movs	r4, #0
10002d06:	930a      	str	r3, [sp, #40]	@ 0x28
10002d08:	940b      	str	r4, [sp, #44]	@ 0x2c
10002d0a:	2300      	movs	r3, #0
10002d0c:	9309      	str	r3, [sp, #36]	@ 0x24
10002d0e:	9a24      	ldr	r2, [sp, #144]	@ 0x90
10002d10:	9b09      	ldr	r3, [sp, #36]	@ 0x24
10002d12:	429a      	cmp	r2, r3
10002d14:	dd14      	ble.n	10002d40 <_etoa+0x458>
10002d16:	1ad3      	subs	r3, r2, r3
10002d18:	3b01      	subs	r3, #1
10002d1a:	9324      	str	r3, [sp, #144]	@ 0x90
10002d1c:	2380      	movs	r3, #128	@ 0x80
10002d1e:	9a26      	ldr	r2, [sp, #152]	@ 0x98
10002d20:	00db      	lsls	r3, r3, #3
10002d22:	431a      	orrs	r2, r3
10002d24:	2300      	movs	r3, #0
10002d26:	2500      	movs	r5, #0
10002d28:	9226      	str	r2, [sp, #152]	@ 0x98
10002d2a:	9309      	str	r3, [sp, #36]	@ 0x24
10002d2c:	e62d      	b.n	1000298a <_etoa+0xa2>
10002d2e:	2280      	movs	r2, #128	@ 0x80
10002d30:	0612      	lsls	r2, r2, #24
10002d32:	4694      	mov	ip, r2
10002d34:	9b22      	ldr	r3, [sp, #136]	@ 0x88
10002d36:	001e      	movs	r6, r3
10002d38:	9b23      	ldr	r3, [sp, #140]	@ 0x8c
10002d3a:	4463      	add	r3, ip
10002d3c:	001f      	movs	r7, r3
10002d3e:	e606      	b.n	1000294e <_etoa+0x66>
10002d40:	2300      	movs	r3, #0
10002d42:	9324      	str	r3, [sp, #144]	@ 0x90
10002d44:	e7ea      	b.n	10002d1c <_etoa+0x434>
10002d46:	46c0      	nop			@ (mov r8, r8)
10002d48:	40240000 	.word	0x40240000

10002d4c <_ftoa>:
10002d4c:	b5f0      	push	{r4, r5, r6, r7, lr}
10002d4e:	4645      	mov	r5, r8
10002d50:	46de      	mov	lr, fp
10002d52:	464e      	mov	r6, r9
10002d54:	4657      	mov	r7, sl
10002d56:	b5e0      	push	{r5, r6, r7, lr}
10002d58:	b095      	sub	sp, #84	@ 0x54
10002d5a:	468b      	mov	fp, r1
10002d5c:	4690      	mov	r8, r2
10002d5e:	4699      	mov	r9, r3
10002d60:	9a1e      	ldr	r2, [sp, #120]	@ 0x78
10002d62:	9b1f      	ldr	r3, [sp, #124]	@ 0x7c
10002d64:	900a      	str	r0, [sp, #40]	@ 0x28
10002d66:	0019      	movs	r1, r3
10002d68:	0010      	movs	r0, r2
10002d6a:	9d20      	ldr	r5, [sp, #128]	@ 0x80
10002d6c:	f7ff fab9 	bl	100022e2 <__wrap___aeabi_dcmpun>
10002d70:	2800      	cmp	r0, #0
10002d72:	d000      	beq.n	10002d76 <_ftoa+0x2a>
10002d74:	e1b0      	b.n	100030d8 <_ftoa+0x38c>
10002d76:	981e      	ldr	r0, [sp, #120]	@ 0x78
10002d78:	991f      	ldr	r1, [sp, #124]	@ 0x7c
10002d7a:	2201      	movs	r2, #1
10002d7c:	4bc7      	ldr	r3, [pc, #796]	@ (1000309c <_ftoa+0x350>)
10002d7e:	4252      	negs	r2, r2
10002d80:	f7ff fa9c 	bl	100022bc <__wrap___aeabi_dcmplt>
10002d84:	2800      	cmp	r0, #0
10002d86:	d000      	beq.n	10002d8a <_ftoa+0x3e>
10002d88:	e137      	b.n	10002ffa <_ftoa+0x2ae>
10002d8a:	981e      	ldr	r0, [sp, #120]	@ 0x78
10002d8c:	991f      	ldr	r1, [sp, #124]	@ 0x7c
10002d8e:	2201      	movs	r2, #1
10002d90:	4bc3      	ldr	r3, [pc, #780]	@ (100030a0 <_ftoa+0x354>)
10002d92:	4252      	negs	r2, r2
10002d94:	f7ff faa0 	bl	100022d8 <__wrap___aeabi_dcmpgt>
10002d98:	2800      	cmp	r0, #0
10002d9a:	d000      	beq.n	10002d9e <_ftoa+0x52>
10002d9c:	e0a7      	b.n	10002eee <_ftoa+0x1a2>
10002d9e:	981e      	ldr	r0, [sp, #120]	@ 0x78
10002da0:	991f      	ldr	r1, [sp, #124]	@ 0x7c
10002da2:	2200      	movs	r2, #0
10002da4:	4bbf      	ldr	r3, [pc, #764]	@ (100030a4 <_ftoa+0x358>)
10002da6:	f7ff fa97 	bl	100022d8 <__wrap___aeabi_dcmpgt>
10002daa:	2800      	cmp	r0, #0
10002dac:	d000      	beq.n	10002db0 <_ftoa+0x64>
10002dae:	e088      	b.n	10002ec2 <_ftoa+0x176>
10002db0:	981e      	ldr	r0, [sp, #120]	@ 0x78
10002db2:	991f      	ldr	r1, [sp, #124]	@ 0x7c
10002db4:	2200      	movs	r2, #0
10002db6:	4bbc      	ldr	r3, [pc, #752]	@ (100030a8 <_ftoa+0x35c>)
10002db8:	f7ff fa80 	bl	100022bc <__wrap___aeabi_dcmplt>
10002dbc:	2800      	cmp	r0, #0
10002dbe:	d000      	beq.n	10002dc2 <_ftoa+0x76>
10002dc0:	e07f      	b.n	10002ec2 <_ftoa+0x176>
10002dc2:	981e      	ldr	r0, [sp, #120]	@ 0x78
10002dc4:	991f      	ldr	r1, [sp, #124]	@ 0x7c
10002dc6:	2200      	movs	r2, #0
10002dc8:	2300      	movs	r3, #0
10002dca:	f7ff fa77 	bl	100022bc <__wrap___aeabi_dcmplt>
10002dce:	2800      	cmp	r0, #0
10002dd0:	d000      	beq.n	10002dd4 <_ftoa+0x88>
10002dd2:	e0fa      	b.n	10002fca <_ftoa+0x27e>
10002dd4:	2300      	movs	r3, #0
10002dd6:	930b      	str	r3, [sp, #44]	@ 0x2c
10002dd8:	2380      	movs	r3, #128	@ 0x80
10002dda:	9c22      	ldr	r4, [sp, #136]	@ 0x88
10002ddc:	9a22      	ldr	r2, [sp, #136]	@ 0x88
10002dde:	00db      	lsls	r3, r3, #3
10002de0:	401c      	ands	r4, r3
10002de2:	421a      	tst	r2, r3
10002de4:	d100      	bne.n	10002de8 <_ftoa+0x9c>
10002de6:	e102      	b.n	10002fee <_ftoa+0x2a2>
10002de8:	2d09      	cmp	r5, #9
10002dea:	d800      	bhi.n	10002dee <_ftoa+0xa2>
10002dec:	e17c      	b.n	100030e8 <_ftoa+0x39c>
10002dee:	a906      	add	r1, sp, #24
10002df0:	468c      	mov	ip, r1
10002df2:	002c      	movs	r4, r5
10002df4:	2217      	movs	r2, #23
10002df6:	2300      	movs	r3, #0
10002df8:	2130      	movs	r1, #48	@ 0x30
10002dfa:	3c09      	subs	r4, #9
10002dfc:	4462      	add	r2, ip
10002dfe:	3301      	adds	r3, #1
10002e00:	54d1      	strb	r1, [r2, r3]
10002e02:	1aef      	subs	r7, r5, r3
10002e04:	2b20      	cmp	r3, #32
10002e06:	d100      	bne.n	10002e0a <_ftoa+0xbe>
10002e08:	e132      	b.n	10003070 <_ftoa+0x324>
10002e0a:	42a3      	cmp	r3, r4
10002e0c:	d1f7      	bne.n	10002dfe <_ftoa+0xb2>
10002e0e:	2200      	movs	r2, #0
10002e10:	4ba4      	ldr	r3, [pc, #656]	@ (100030a4 <_ftoa+0x358>)
10002e12:	9206      	str	r2, [sp, #24]
10002e14:	9307      	str	r3, [sp, #28]
10002e16:	981e      	ldr	r0, [sp, #120]	@ 0x78
10002e18:	991f      	ldr	r1, [sp, #124]	@ 0x7c
10002e1a:	f7ff fa8b 	bl	10002334 <__wrap___aeabi_d2iz>
10002e1e:	0005      	movs	r5, r0
10002e20:	f7ff fa70 	bl	10002304 <__wrap___aeabi_i2d>
10002e24:	0002      	movs	r2, r0
10002e26:	000b      	movs	r3, r1
10002e28:	981e      	ldr	r0, [sp, #120]	@ 0x78
10002e2a:	991f      	ldr	r1, [sp, #124]	@ 0x7c
10002e2c:	f7ff f9e3 	bl	100021f6 <__wrap___aeabi_dsub>
10002e30:	9a06      	ldr	r2, [sp, #24]
10002e32:	9b07      	ldr	r3, [sp, #28]
10002e34:	f7ff fa03 	bl	1000223e <__wrap___aeabi_dmul>
10002e38:	9008      	str	r0, [sp, #32]
10002e3a:	9109      	str	r1, [sp, #36]	@ 0x24
10002e3c:	f7ff fa9e 	bl	1000237c <__wrap___aeabi_d2uiz>
10002e40:	0006      	movs	r6, r0
10002e42:	f7ff fa5b 	bl	100022fc <__wrap___aeabi_ui2d>
10002e46:	0002      	movs	r2, r0
10002e48:	000b      	movs	r3, r1
10002e4a:	9808      	ldr	r0, [sp, #32]
10002e4c:	9909      	ldr	r1, [sp, #36]	@ 0x24
10002e4e:	f7ff f9d2 	bl	100021f6 <__wrap___aeabi_dsub>
10002e52:	2200      	movs	r2, #0
10002e54:	4b95      	ldr	r3, [pc, #596]	@ (100030ac <_ftoa+0x360>)
10002e56:	9008      	str	r0, [sp, #32]
10002e58:	9109      	str	r1, [sp, #36]	@ 0x24
10002e5a:	f7ff fa3d 	bl	100022d8 <__wrap___aeabi_dcmpgt>
10002e5e:	2800      	cmp	r0, #0
10002e60:	d100      	bne.n	10002e64 <_ftoa+0x118>
10002e62:	e0d2      	b.n	1000300a <_ftoa+0x2be>
10002e64:	3601      	adds	r6, #1
10002e66:	0030      	movs	r0, r6
10002e68:	f7ff fa48 	bl	100022fc <__wrap___aeabi_ui2d>
10002e6c:	9a06      	ldr	r2, [sp, #24]
10002e6e:	9b07      	ldr	r3, [sp, #28]
10002e70:	f7ff fa2a 	bl	100022c8 <__wrap___aeabi_dcmpge>
10002e74:	2800      	cmp	r0, #0
10002e76:	d001      	beq.n	10002e7c <_ftoa+0x130>
10002e78:	2600      	movs	r6, #0
10002e7a:	3501      	adds	r5, #1
10002e7c:	46aa      	mov	sl, r5
10002e7e:	2f00      	cmp	r7, #0
10002e80:	d000      	beq.n	10002e84 <_ftoa+0x138>
10002e82:	e098      	b.n	10002fb6 <_ftoa+0x26a>
10002e84:	0028      	movs	r0, r5
10002e86:	f7ff fa3d 	bl	10002304 <__wrap___aeabi_i2d>
10002e8a:	0002      	movs	r2, r0
10002e8c:	000b      	movs	r3, r1
10002e8e:	981e      	ldr	r0, [sp, #120]	@ 0x78
10002e90:	991f      	ldr	r1, [sp, #124]	@ 0x7c
10002e92:	f7ff f9b0 	bl	100021f6 <__wrap___aeabi_dsub>
10002e96:	4b85      	ldr	r3, [pc, #532]	@ (100030ac <_ftoa+0x360>)
10002e98:	2200      	movs	r2, #0
10002e9a:	0006      	movs	r6, r0
10002e9c:	000f      	movs	r7, r1
10002e9e:	f7ff fa0d 	bl	100022bc <__wrap___aeabi_dcmplt>
10002ea2:	ab0c      	add	r3, sp, #48	@ 0x30
10002ea4:	469a      	mov	sl, r3
10002ea6:	2800      	cmp	r0, #0
10002ea8:	d145      	bne.n	10002f36 <_ftoa+0x1ea>
10002eaa:	2200      	movs	r2, #0
10002eac:	0030      	movs	r0, r6
10002eae:	0039      	movs	r1, r7
10002eb0:	4b7e      	ldr	r3, [pc, #504]	@ (100030ac <_ftoa+0x360>)
10002eb2:	f7ff fa11 	bl	100022d8 <__wrap___aeabi_dcmpgt>
10002eb6:	2800      	cmp	r0, #0
10002eb8:	d13d      	bne.n	10002f36 <_ftoa+0x1ea>
10002eba:	07eb      	lsls	r3, r5, #31
10002ebc:	d53b      	bpl.n	10002f36 <_ftoa+0x1ea>
10002ebe:	3501      	adds	r5, #1
10002ec0:	e039      	b.n	10002f36 <_ftoa+0x1ea>
10002ec2:	9b22      	ldr	r3, [sp, #136]	@ 0x88
10002ec4:	4642      	mov	r2, r8
10002ec6:	9304      	str	r3, [sp, #16]
10002ec8:	9b21      	ldr	r3, [sp, #132]	@ 0x84
10002eca:	4659      	mov	r1, fp
10002ecc:	9303      	str	r3, [sp, #12]
10002ece:	980a      	ldr	r0, [sp, #40]	@ 0x28
10002ed0:	9b1e      	ldr	r3, [sp, #120]	@ 0x78
10002ed2:	9c1f      	ldr	r4, [sp, #124]	@ 0x7c
10002ed4:	9502      	str	r5, [sp, #8]
10002ed6:	9300      	str	r3, [sp, #0]
10002ed8:	9401      	str	r4, [sp, #4]
10002eda:	464b      	mov	r3, r9
10002edc:	f7ff fd04 	bl	100028e8 <_etoa>
10002ee0:	b015      	add	sp, #84	@ 0x54
10002ee2:	bcf0      	pop	{r4, r5, r6, r7}
10002ee4:	46bb      	mov	fp, r7
10002ee6:	46b2      	mov	sl, r6
10002ee8:	46a9      	mov	r9, r5
10002eea:	46a0      	mov	r8, r4
10002eec:	bdf0      	pop	{r4, r5, r6, r7, pc}
10002eee:	9b22      	ldr	r3, [sp, #136]	@ 0x88
10002ef0:	075b      	lsls	r3, r3, #29
10002ef2:	d467      	bmi.n	10002fc4 <_ftoa+0x278>
10002ef4:	2203      	movs	r2, #3
10002ef6:	4b6e      	ldr	r3, [pc, #440]	@ (100030b0 <_ftoa+0x364>)
10002ef8:	9922      	ldr	r1, [sp, #136]	@ 0x88
10002efa:	9201      	str	r2, [sp, #4]
10002efc:	9103      	str	r1, [sp, #12]
10002efe:	9921      	ldr	r1, [sp, #132]	@ 0x84
10002f00:	9102      	str	r1, [sp, #8]
10002f02:	9300      	str	r3, [sp, #0]
10002f04:	4642      	mov	r2, r8
10002f06:	464b      	mov	r3, r9
10002f08:	4659      	mov	r1, fp
10002f0a:	980a      	ldr	r0, [sp, #40]	@ 0x28
10002f0c:	f7ff fb5e 	bl	100025cc <_out_rev>
10002f10:	e7e6      	b.n	10002ee0 <_ftoa+0x194>
10002f12:	aa06      	add	r2, sp, #24
10002f14:	4694      	mov	ip, r2
10002f16:	2317      	movs	r3, #23
10002f18:	0028      	movs	r0, r5
10002f1a:	4463      	add	r3, ip
10002f1c:	210a      	movs	r1, #10
10002f1e:	3401      	adds	r4, #1
10002f20:	191e      	adds	r6, r3, r4
10002f22:	f7fe ff05 	bl	10001d30 <__wrap___aeabi_idiv>
10002f26:	3130      	adds	r1, #48	@ 0x30
10002f28:	0028      	movs	r0, r5
10002f2a:	7031      	strb	r1, [r6, #0]
10002f2c:	210a      	movs	r1, #10
10002f2e:	f7fe feff 	bl	10001d30 <__wrap___aeabi_idiv>
10002f32:	1e05      	subs	r5, r0, #0
10002f34:	d076      	beq.n	10003024 <_ftoa+0x2d8>
10002f36:	2c20      	cmp	r4, #32
10002f38:	d1eb      	bne.n	10002f12 <_ftoa+0x1c6>
10002f3a:	2303      	movs	r3, #3
10002f3c:	9a22      	ldr	r2, [sp, #136]	@ 0x88
10002f3e:	4013      	ands	r3, r2
10002f40:	2b01      	cmp	r3, #1
10002f42:	d11d      	bne.n	10002f80 <_ftoa+0x234>
10002f44:	9b21      	ldr	r3, [sp, #132]	@ 0x84
10002f46:	2b00      	cmp	r3, #0
10002f48:	d01a      	beq.n	10002f80 <_ftoa+0x234>
10002f4a:	9b0b      	ldr	r3, [sp, #44]	@ 0x2c
10002f4c:	2b00      	cmp	r3, #0
10002f4e:	d000      	beq.n	10002f52 <_ftoa+0x206>
10002f50:	e0bb      	b.n	100030ca <_ftoa+0x37e>
10002f52:	9a22      	ldr	r2, [sp, #136]	@ 0x88
10002f54:	330c      	adds	r3, #12
10002f56:	4213      	tst	r3, r2
10002f58:	d000      	beq.n	10002f5c <_ftoa+0x210>
10002f5a:	e0b6      	b.n	100030ca <_ftoa+0x37e>
10002f5c:	9b21      	ldr	r3, [sp, #132]	@ 0x84
10002f5e:	42a3      	cmp	r3, r4
10002f60:	d800      	bhi.n	10002f64 <_ftoa+0x218>
10002f62:	e087      	b.n	10003074 <_ftoa+0x328>
10002f64:	ab06      	add	r3, sp, #24
10002f66:	469c      	mov	ip, r3
10002f68:	2217      	movs	r2, #23
10002f6a:	2330      	movs	r3, #48	@ 0x30
10002f6c:	4462      	add	r2, ip
10002f6e:	e004      	b.n	10002f7a <_ftoa+0x22e>
10002f70:	9921      	ldr	r1, [sp, #132]	@ 0x84
10002f72:	3401      	adds	r4, #1
10002f74:	5513      	strb	r3, [r2, r4]
10002f76:	428c      	cmp	r4, r1
10002f78:	d059      	beq.n	1000302e <_ftoa+0x2e2>
10002f7a:	2c20      	cmp	r4, #32
10002f7c:	d1f8      	bne.n	10002f70 <_ftoa+0x224>
10002f7e:	2420      	movs	r4, #32
10002f80:	9b22      	ldr	r3, [sp, #136]	@ 0x88
10002f82:	9401      	str	r4, [sp, #4]
10002f84:	9303      	str	r3, [sp, #12]
10002f86:	9b21      	ldr	r3, [sp, #132]	@ 0x84
10002f88:	9302      	str	r3, [sp, #8]
10002f8a:	4653      	mov	r3, sl
10002f8c:	e7b9      	b.n	10002f02 <_ftoa+0x1b6>
10002f8e:	aa06      	add	r2, sp, #24
10002f90:	4694      	mov	ip, r2
10002f92:	2317      	movs	r3, #23
10002f94:	210a      	movs	r1, #10
10002f96:	4463      	add	r3, ip
10002f98:	0030      	movs	r0, r6
10002f9a:	3401      	adds	r4, #1
10002f9c:	191d      	adds	r5, r3, r4
10002f9e:	f7fe feef 	bl	10001d80 <__wrap___aeabi_uidiv>
10002fa2:	3130      	adds	r1, #48	@ 0x30
10002fa4:	7029      	strb	r1, [r5, #0]
10002fa6:	0030      	movs	r0, r6
10002fa8:	210a      	movs	r1, #10
10002faa:	3f01      	subs	r7, #1
10002fac:	f7fe fee8 	bl	10001d80 <__wrap___aeabi_uidiv>
10002fb0:	2e09      	cmp	r6, #9
10002fb2:	d946      	bls.n	10003042 <_ftoa+0x2f6>
10002fb4:	0006      	movs	r6, r0
10002fb6:	2c20      	cmp	r4, #32
10002fb8:	d1e9      	bne.n	10002f8e <_ftoa+0x242>
10002fba:	4655      	mov	r5, sl
10002fbc:	ab0c      	add	r3, sp, #48	@ 0x30
10002fbe:	2420      	movs	r4, #32
10002fc0:	469a      	mov	sl, r3
10002fc2:	e7b8      	b.n	10002f36 <_ftoa+0x1ea>
10002fc4:	2204      	movs	r2, #4
10002fc6:	4b3b      	ldr	r3, [pc, #236]	@ (100030b4 <_ftoa+0x368>)
10002fc8:	e796      	b.n	10002ef8 <_ftoa+0x1ac>
10002fca:	9a1e      	ldr	r2, [sp, #120]	@ 0x78
10002fcc:	9b1f      	ldr	r3, [sp, #124]	@ 0x7c
10002fce:	2000      	movs	r0, #0
10002fd0:	2100      	movs	r1, #0
10002fd2:	f7ff f910 	bl	100021f6 <__wrap___aeabi_dsub>
10002fd6:	2301      	movs	r3, #1
10002fd8:	930b      	str	r3, [sp, #44]	@ 0x2c
10002fda:	2380      	movs	r3, #128	@ 0x80
10002fdc:	9c22      	ldr	r4, [sp, #136]	@ 0x88
10002fde:	9a22      	ldr	r2, [sp, #136]	@ 0x88
10002fe0:	00db      	lsls	r3, r3, #3
10002fe2:	901e      	str	r0, [sp, #120]	@ 0x78
10002fe4:	911f      	str	r1, [sp, #124]	@ 0x7c
10002fe6:	401c      	ands	r4, r3
10002fe8:	421a      	tst	r2, r3
10002fea:	d000      	beq.n	10002fee <_ftoa+0x2a2>
10002fec:	e6fc      	b.n	10002de8 <_ftoa+0x9c>
10002fee:	2200      	movs	r2, #0
10002ff0:	4b31      	ldr	r3, [pc, #196]	@ (100030b8 <_ftoa+0x36c>)
10002ff2:	2706      	movs	r7, #6
10002ff4:	9206      	str	r2, [sp, #24]
10002ff6:	9307      	str	r3, [sp, #28]
10002ff8:	e70d      	b.n	10002e16 <_ftoa+0xca>
10002ffa:	9b22      	ldr	r3, [sp, #136]	@ 0x88
10002ffc:	9303      	str	r3, [sp, #12]
10002ffe:	9b21      	ldr	r3, [sp, #132]	@ 0x84
10003000:	9302      	str	r3, [sp, #8]
10003002:	2304      	movs	r3, #4
10003004:	9301      	str	r3, [sp, #4]
10003006:	4b2d      	ldr	r3, [pc, #180]	@ (100030bc <_ftoa+0x370>)
10003008:	e77b      	b.n	10002f02 <_ftoa+0x1b6>
1000300a:	2200      	movs	r2, #0
1000300c:	9808      	ldr	r0, [sp, #32]
1000300e:	9909      	ldr	r1, [sp, #36]	@ 0x24
10003010:	4b26      	ldr	r3, [pc, #152]	@ (100030ac <_ftoa+0x360>)
10003012:	f7ff f953 	bl	100022bc <__wrap___aeabi_dcmplt>
10003016:	2800      	cmp	r0, #0
10003018:	d000      	beq.n	1000301c <_ftoa+0x2d0>
1000301a:	e72f      	b.n	10002e7c <_ftoa+0x130>
1000301c:	2e00      	cmp	r6, #0
1000301e:	d14f      	bne.n	100030c0 <_ftoa+0x374>
10003020:	3601      	adds	r6, #1
10003022:	e72b      	b.n	10002e7c <_ftoa+0x130>
10003024:	2303      	movs	r3, #3
10003026:	9a22      	ldr	r2, [sp, #136]	@ 0x88
10003028:	4013      	ands	r3, r2
1000302a:	2b01      	cmp	r3, #1
1000302c:	d066      	beq.n	100030fc <_ftoa+0x3b0>
1000302e:	2c20      	cmp	r4, #32
10003030:	d0a6      	beq.n	10002f80 <_ftoa+0x234>
10003032:	9b0b      	ldr	r3, [sp, #44]	@ 0x2c
10003034:	2b00      	cmp	r3, #0
10003036:	d01f      	beq.n	10003078 <_ftoa+0x32c>
10003038:	232d      	movs	r3, #45	@ 0x2d
1000303a:	4652      	mov	r2, sl
1000303c:	5513      	strb	r3, [r2, r4]
1000303e:	3401      	adds	r4, #1
10003040:	e79e      	b.n	10002f80 <_ftoa+0x234>
10003042:	4655      	mov	r5, sl
10003044:	2c20      	cmp	r4, #32
10003046:	d0b9      	beq.n	10002fbc <_ftoa+0x270>
10003048:	2330      	movs	r3, #48	@ 0x30
1000304a:	193a      	adds	r2, r7, r4
1000304c:	2f00      	cmp	r7, #0
1000304e:	d008      	beq.n	10003062 <_ftoa+0x316>
10003050:	2017      	movs	r0, #23
10003052:	a906      	add	r1, sp, #24
10003054:	3401      	adds	r4, #1
10003056:	1809      	adds	r1, r1, r0
10003058:	550b      	strb	r3, [r1, r4]
1000305a:	2c20      	cmp	r4, #32
1000305c:	d0ae      	beq.n	10002fbc <_ftoa+0x270>
1000305e:	4294      	cmp	r4, r2
10003060:	d1f6      	bne.n	10003050 <_ftoa+0x304>
10003062:	ab0c      	add	r3, sp, #48	@ 0x30
10003064:	469a      	mov	sl, r3
10003066:	232e      	movs	r3, #46	@ 0x2e
10003068:	4652      	mov	r2, sl
1000306a:	5513      	strb	r3, [r2, r4]
1000306c:	3401      	adds	r4, #1
1000306e:	e762      	b.n	10002f36 <_ftoa+0x1ea>
10003070:	2420      	movs	r4, #32
10003072:	e6cc      	b.n	10002e0e <_ftoa+0xc2>
10003074:	2c20      	cmp	r4, #32
10003076:	d083      	beq.n	10002f80 <_ftoa+0x234>
10003078:	9b22      	ldr	r3, [sp, #136]	@ 0x88
1000307a:	075b      	lsls	r3, r3, #29
1000307c:	d408      	bmi.n	10003090 <_ftoa+0x344>
1000307e:	9b22      	ldr	r3, [sp, #136]	@ 0x88
10003080:	071b      	lsls	r3, r3, #28
10003082:	d400      	bmi.n	10003086 <_ftoa+0x33a>
10003084:	e77c      	b.n	10002f80 <_ftoa+0x234>
10003086:	2320      	movs	r3, #32
10003088:	4652      	mov	r2, sl
1000308a:	5513      	strb	r3, [r2, r4]
1000308c:	3401      	adds	r4, #1
1000308e:	e777      	b.n	10002f80 <_ftoa+0x234>
10003090:	232b      	movs	r3, #43	@ 0x2b
10003092:	4652      	mov	r2, sl
10003094:	5513      	strb	r3, [r2, r4]
10003096:	3401      	adds	r4, #1
10003098:	e772      	b.n	10002f80 <_ftoa+0x234>
1000309a:	46c0      	nop			@ (mov r8, r8)
1000309c:	ffefffff 	.word	0xffefffff
100030a0:	7fefffff 	.word	0x7fefffff
100030a4:	41cdcd65 	.word	0x41cdcd65
100030a8:	c1cdcd65 	.word	0xc1cdcd65
100030ac:	3fe00000 	.word	0x3fe00000
100030b0:	1000b188 	.word	0x1000b188
100030b4:	1000b180 	.word	0x1000b180
100030b8:	412e8480 	.word	0x412e8480
100030bc:	1000b190 	.word	0x1000b190
100030c0:	07f3      	lsls	r3, r6, #31
100030c2:	d400      	bmi.n	100030c6 <_ftoa+0x37a>
100030c4:	e6da      	b.n	10002e7c <_ftoa+0x130>
100030c6:	3601      	adds	r6, #1
100030c8:	e6d8      	b.n	10002e7c <_ftoa+0x130>
100030ca:	9b21      	ldr	r3, [sp, #132]	@ 0x84
100030cc:	3b01      	subs	r3, #1
100030ce:	9321      	str	r3, [sp, #132]	@ 0x84
100030d0:	42a3      	cmp	r3, r4
100030d2:	d900      	bls.n	100030d6 <_ftoa+0x38a>
100030d4:	e746      	b.n	10002f64 <_ftoa+0x218>
100030d6:	e7aa      	b.n	1000302e <_ftoa+0x2e2>
100030d8:	9b22      	ldr	r3, [sp, #136]	@ 0x88
100030da:	9303      	str	r3, [sp, #12]
100030dc:	9b21      	ldr	r3, [sp, #132]	@ 0x84
100030de:	9302      	str	r3, [sp, #8]
100030e0:	2303      	movs	r3, #3
100030e2:	9301      	str	r3, [sp, #4]
100030e4:	4b07      	ldr	r3, [pc, #28]	@ (10003104 <_ftoa+0x3b8>)
100030e6:	e70c      	b.n	10002f02 <_ftoa+0x1b6>
100030e8:	4b07      	ldr	r3, [pc, #28]	@ (10003108 <_ftoa+0x3bc>)
100030ea:	00ea      	lsls	r2, r5, #3
100030ec:	189b      	adds	r3, r3, r2
100030ee:	685c      	ldr	r4, [r3, #4]
100030f0:	681b      	ldr	r3, [r3, #0]
100030f2:	002f      	movs	r7, r5
100030f4:	9306      	str	r3, [sp, #24]
100030f6:	9407      	str	r4, [sp, #28]
100030f8:	2400      	movs	r4, #0
100030fa:	e68c      	b.n	10002e16 <_ftoa+0xca>
100030fc:	9b21      	ldr	r3, [sp, #132]	@ 0x84
100030fe:	2b00      	cmp	r3, #0
10003100:	d095      	beq.n	1000302e <_ftoa+0x2e2>
10003102:	e722      	b.n	10002f4a <_ftoa+0x1fe>
10003104:	1000b18c 	.word	0x1000b18c
10003108:	1000b7a0 	.word	0x1000b7a0

1000310c <_vsnprintf>:
1000310c:	b5f0      	push	{r4, r5, r6, r7, lr}
1000310e:	4657      	mov	r7, sl
10003110:	46de      	mov	lr, fp
10003112:	464e      	mov	r6, r9
10003114:	4645      	mov	r5, r8
10003116:	b5e0      	push	{r5, r6, r7, lr}
10003118:	b0a5      	sub	sp, #148	@ 0x94
1000311a:	001f      	movs	r7, r3
1000311c:	9b2e      	ldr	r3, [sp, #184]	@ 0xb8
1000311e:	4691      	mov	r9, r2
10003120:	930d      	str	r3, [sp, #52]	@ 0x34
10003122:	4aca      	ldr	r2, [pc, #808]	@ (1000344c <_vsnprintf+0x340>)
10003124:	4bca      	ldr	r3, [pc, #808]	@ (10003450 <_vsnprintf+0x344>)
10003126:	4682      	mov	sl, r0
10003128:	468b      	mov	fp, r1
1000312a:	601a      	str	r2, [r3, #0]
1000312c:	2900      	cmp	r1, #0
1000312e:	d100      	bne.n	10003132 <_vsnprintf+0x26>
10003130:	e229      	b.n	10003586 <_vsnprintf+0x47a>
10003132:	2300      	movs	r3, #0
10003134:	7838      	ldrb	r0, [r7, #0]
10003136:	4698      	mov	r8, r3
10003138:	2800      	cmp	r0, #0
1000313a:	d100      	bne.n	1000313e <_vsnprintf+0x32>
1000313c:	e22b      	b.n	10003596 <_vsnprintf+0x48a>
1000313e:	4bc5      	ldr	r3, [pc, #788]	@ (10003454 <_vsnprintf+0x348>)
10003140:	4644      	mov	r4, r8
10003142:	930c      	str	r3, [sp, #48]	@ 0x30
10003144:	4bc4      	ldr	r3, [pc, #784]	@ (10003458 <_vsnprintf+0x34c>)
10003146:	4655      	mov	r5, sl
10003148:	464e      	mov	r6, r9
1000314a:	930e      	str	r3, [sp, #56]	@ 0x38
1000314c:	e00a      	b.n	10003164 <_vsnprintf+0x58>
1000314e:	1c63      	adds	r3, r4, #1
10003150:	4698      	mov	r8, r3
10003152:	0022      	movs	r2, r4
10003154:	0033      	movs	r3, r6
10003156:	4659      	mov	r1, fp
10003158:	47a8      	blx	r5
1000315a:	4644      	mov	r4, r8
1000315c:	7838      	ldrb	r0, [r7, #0]
1000315e:	2800      	cmp	r0, #0
10003160:	d100      	bne.n	10003164 <_vsnprintf+0x58>
10003162:	e087      	b.n	10003274 <_vsnprintf+0x168>
10003164:	3701      	adds	r7, #1
10003166:	2825      	cmp	r0, #37	@ 0x25
10003168:	d1f1      	bne.n	1000314e <_vsnprintf+0x42>
1000316a:	2308      	movs	r3, #8
1000316c:	469a      	mov	sl, r3
1000316e:	3b04      	subs	r3, #4
10003170:	4699      	mov	r9, r3
10003172:	3b02      	subs	r3, #2
10003174:	4698      	mov	r8, r3
10003176:	3b01      	subs	r3, #1
10003178:	2200      	movs	r2, #0
1000317a:	469c      	mov	ip, r3
1000317c:	940b      	str	r4, [sp, #44]	@ 0x2c
1000317e:	7838      	ldrb	r0, [r7, #0]
10003180:	1c79      	adds	r1, r7, #1
10003182:	0003      	movs	r3, r0
10003184:	3b20      	subs	r3, #32
10003186:	b2db      	uxtb	r3, r3
10003188:	2b10      	cmp	r3, #16
1000318a:	d803      	bhi.n	10003194 <_vsnprintf+0x88>
1000318c:	9c0c      	ldr	r4, [sp, #48]	@ 0x30
1000318e:	009b      	lsls	r3, r3, #2
10003190:	58e3      	ldr	r3, [r4, r3]
10003192:	469f      	mov	pc, r3
10003194:	0003      	movs	r3, r0
10003196:	3b30      	subs	r3, #48	@ 0x30
10003198:	9c0b      	ldr	r4, [sp, #44]	@ 0x2c
1000319a:	920b      	str	r2, [sp, #44]	@ 0x2c
1000319c:	2b09      	cmp	r3, #9
1000319e:	d93a      	bls.n	10003216 <_vsnprintf+0x10a>
100031a0:	2300      	movs	r3, #0
100031a2:	4698      	mov	r8, r3
100031a4:	282a      	cmp	r0, #42	@ 0x2a
100031a6:	d100      	bne.n	100031aa <_vsnprintf+0x9e>
100031a8:	e0dd      	b.n	10003366 <_vsnprintf+0x25a>
100031aa:	2300      	movs	r3, #0
100031ac:	469a      	mov	sl, r3
100031ae:	282e      	cmp	r0, #46	@ 0x2e
100031b0:	d04b      	beq.n	1000324a <_vsnprintf+0x13e>
100031b2:	0003      	movs	r3, r0
100031b4:	3b68      	subs	r3, #104	@ 0x68
100031b6:	b2db      	uxtb	r3, r3
100031b8:	2b12      	cmp	r3, #18
100031ba:	d81e      	bhi.n	100031fa <_vsnprintf+0xee>
100031bc:	9a0e      	ldr	r2, [sp, #56]	@ 0x38
100031be:	009b      	lsls	r3, r3, #2
100031c0:	58d3      	ldr	r3, [r2, r3]
100031c2:	469f      	mov	pc, r3
100031c4:	4663      	mov	r3, ip
100031c6:	000f      	movs	r7, r1
100031c8:	431a      	orrs	r2, r3
100031ca:	e7d8      	b.n	1000317e <_vsnprintf+0x72>
100031cc:	4643      	mov	r3, r8
100031ce:	000f      	movs	r7, r1
100031d0:	431a      	orrs	r2, r3
100031d2:	e7d4      	b.n	1000317e <_vsnprintf+0x72>
100031d4:	464b      	mov	r3, r9
100031d6:	000f      	movs	r7, r1
100031d8:	431a      	orrs	r2, r3
100031da:	e7d0      	b.n	1000317e <_vsnprintf+0x72>
100031dc:	2310      	movs	r3, #16
100031de:	000f      	movs	r7, r1
100031e0:	431a      	orrs	r2, r3
100031e2:	e7cc      	b.n	1000317e <_vsnprintf+0x72>
100031e4:	4653      	mov	r3, sl
100031e6:	000f      	movs	r7, r1
100031e8:	431a      	orrs	r2, r3
100031ea:	e7c8      	b.n	1000317e <_vsnprintf+0x72>
100031ec:	2380      	movs	r3, #128	@ 0x80
100031ee:	005b      	lsls	r3, r3, #1
100031f0:	9a0b      	ldr	r2, [sp, #44]	@ 0x2c
100031f2:	7878      	ldrb	r0, [r7, #1]
100031f4:	431a      	orrs	r2, r3
100031f6:	920b      	str	r2, [sp, #44]	@ 0x2c
100031f8:	3101      	adds	r1, #1
100031fa:	000f      	movs	r7, r1
100031fc:	2867      	cmp	r0, #103	@ 0x67
100031fe:	d84f      	bhi.n	100032a0 <_vsnprintf+0x194>
10003200:	2824      	cmp	r0, #36	@ 0x24
10003202:	d9a4      	bls.n	1000314e <_vsnprintf+0x42>
10003204:	0003      	movs	r3, r0
10003206:	3b25      	subs	r3, #37	@ 0x25
10003208:	b2db      	uxtb	r3, r3
1000320a:	2b42      	cmp	r3, #66	@ 0x42
1000320c:	d89f      	bhi.n	1000314e <_vsnprintf+0x42>
1000320e:	4993      	ldr	r1, [pc, #588]	@ (1000345c <_vsnprintf+0x350>)
10003210:	009b      	lsls	r3, r3, #2
10003212:	58cb      	ldr	r3, [r1, r3]
10003214:	469f      	mov	pc, r3
10003216:	2300      	movs	r3, #0
10003218:	4698      	mov	r8, r3
1000321a:	9b0b      	ldr	r3, [sp, #44]	@ 0x2c
1000321c:	4647      	mov	r7, r8
1000321e:	469c      	mov	ip, r3
10003220:	e000      	b.n	10003224 <_vsnprintf+0x118>
10003222:	3101      	adds	r1, #1
10003224:	00bb      	lsls	r3, r7, #2
10003226:	19db      	adds	r3, r3, r7
10003228:	005b      	lsls	r3, r3, #1
1000322a:	181f      	adds	r7, r3, r0
1000322c:	7808      	ldrb	r0, [r1, #0]
1000322e:	3f30      	subs	r7, #48	@ 0x30
10003230:	0003      	movs	r3, r0
10003232:	3b30      	subs	r3, #48	@ 0x30
10003234:	2b09      	cmp	r3, #9
10003236:	d9f4      	bls.n	10003222 <_vsnprintf+0x116>
10003238:	4663      	mov	r3, ip
1000323a:	930b      	str	r3, [sp, #44]	@ 0x2c
1000323c:	2300      	movs	r3, #0
1000323e:	46b8      	mov	r8, r7
10003240:	469a      	mov	sl, r3
10003242:	000f      	movs	r7, r1
10003244:	3101      	adds	r1, #1
10003246:	282e      	cmp	r0, #46	@ 0x2e
10003248:	d1b3      	bne.n	100031b2 <_vsnprintf+0xa6>
1000324a:	2080      	movs	r0, #128	@ 0x80
1000324c:	9a0b      	ldr	r2, [sp, #44]	@ 0x2c
1000324e:	00c0      	lsls	r0, r0, #3
10003250:	4302      	orrs	r2, r0
10003252:	920b      	str	r2, [sp, #44]	@ 0x2c
10003254:	2230      	movs	r2, #48	@ 0x30
10003256:	4252      	negs	r2, r2
10003258:	4694      	mov	ip, r2
1000325a:	7878      	ldrb	r0, [r7, #1]
1000325c:	000b      	movs	r3, r1
1000325e:	4484      	add	ip, r0
10003260:	4662      	mov	r2, ip
10003262:	2a09      	cmp	r2, #9
10003264:	d800      	bhi.n	10003268 <_vsnprintf+0x15c>
10003266:	e1aa      	b.n	100035be <_vsnprintf+0x4b2>
10003268:	282a      	cmp	r0, #42	@ 0x2a
1000326a:	d100      	bne.n	1000326e <_vsnprintf+0x162>
1000326c:	e1b9      	b.n	100035e2 <_vsnprintf+0x4d6>
1000326e:	000f      	movs	r7, r1
10003270:	3101      	adds	r1, #1
10003272:	e79e      	b.n	100031b2 <_vsnprintf+0xa6>
10003274:	46a0      	mov	r8, r4
10003276:	46aa      	mov	sl, r5
10003278:	46b1      	mov	r9, r6
1000327a:	45c8      	cmp	r8, r9
1000327c:	d303      	bcc.n	10003286 <_vsnprintf+0x17a>
1000327e:	2301      	movs	r3, #1
10003280:	425b      	negs	r3, r3
10003282:	444b      	add	r3, r9
10003284:	4698      	mov	r8, r3
10003286:	464b      	mov	r3, r9
10003288:	4642      	mov	r2, r8
1000328a:	4659      	mov	r1, fp
1000328c:	2000      	movs	r0, #0
1000328e:	47d0      	blx	sl
10003290:	0020      	movs	r0, r4
10003292:	b025      	add	sp, #148	@ 0x94
10003294:	bcf0      	pop	{r4, r5, r6, r7}
10003296:	46bb      	mov	fp, r7
10003298:	46b2      	mov	sl, r6
1000329a:	46a9      	mov	r9, r5
1000329c:	46a0      	mov	r8, r4
1000329e:	bdf0      	pop	{r4, r5, r6, r7, pc}
100032a0:	0001      	movs	r1, r0
100032a2:	3969      	subs	r1, #105	@ 0x69
100032a4:	b2c9      	uxtb	r1, r1
100032a6:	290f      	cmp	r1, #15
100032a8:	d900      	bls.n	100032ac <_vsnprintf+0x1a0>
100032aa:	e750      	b.n	1000314e <_vsnprintf+0x42>
100032ac:	2301      	movs	r3, #1
100032ae:	408b      	lsls	r3, r1
100032b0:	469c      	mov	ip, r3
100032b2:	4b6b      	ldr	r3, [pc, #428]	@ (10003460 <_vsnprintf+0x354>)
100032b4:	4699      	mov	r9, r3
100032b6:	4663      	mov	r3, ip
100032b8:	464a      	mov	r2, r9
100032ba:	4013      	ands	r3, r2
100032bc:	930f      	str	r3, [sp, #60]	@ 0x3c
100032be:	4662      	mov	r2, ip
100032c0:	464b      	mov	r3, r9
100032c2:	421a      	tst	r2, r3
100032c4:	d000      	beq.n	100032c8 <_vsnprintf+0x1bc>
100032c6:	e168      	b.n	1000359a <_vsnprintf+0x48e>
100032c8:	290a      	cmp	r1, #10
100032ca:	d056      	beq.n	1000337a <_vsnprintf+0x26e>
100032cc:	2907      	cmp	r1, #7
100032ce:	d000      	beq.n	100032d2 <_vsnprintf+0x1c6>
100032d0:	e73d      	b.n	1000314e <_vsnprintf+0x42>
100032d2:	9b0d      	ldr	r3, [sp, #52]	@ 0x34
100032d4:	cb02      	ldmia	r3!, {r1}
100032d6:	4698      	mov	r8, r3
100032d8:	2900      	cmp	r1, #0
100032da:	d000      	beq.n	100032de <_vsnprintf+0x1d2>
100032dc:	e192      	b.n	10003604 <_vsnprintf+0x4f8>
100032de:	9b0b      	ldr	r3, [sp, #44]	@ 0x2c
100032e0:	2110      	movs	r1, #16
100032e2:	001a      	movs	r2, r3
100032e4:	438a      	bics	r2, r1
100032e6:	0010      	movs	r0, r2
100032e8:	3111      	adds	r1, #17
100032ea:	4308      	orrs	r0, r1
100032ec:	4681      	mov	r9, r0
100032ee:	2080      	movs	r0, #128	@ 0x80
100032f0:	001a      	movs	r2, r3
100032f2:	00c0      	lsls	r0, r0, #3
100032f4:	4002      	ands	r2, r0
100032f6:	0011      	movs	r1, r2
100032f8:	4203      	tst	r3, r0
100032fa:	d11c      	bne.n	10003336 <_vsnprintf+0x22a>
100032fc:	ab14      	add	r3, sp, #80	@ 0x50
100032fe:	469c      	mov	ip, r3
10003300:	221f      	movs	r2, #31
10003302:	230f      	movs	r3, #15
10003304:	4462      	add	r2, ip
10003306:	950d      	str	r5, [sp, #52]	@ 0x34
10003308:	469c      	mov	ip, r3
1000330a:	0015      	movs	r5, r2
1000330c:	9b0f      	ldr	r3, [sp, #60]	@ 0x3c
1000330e:	940b      	str	r4, [sp, #44]	@ 0x2c
10003310:	e002      	b.n	10003318 <_vsnprintf+0x20c>
10003312:	2b20      	cmp	r3, #32
10003314:	d00c      	beq.n	10003330 <_vsnprintf+0x224>
10003316:	0011      	movs	r1, r2
10003318:	4664      	mov	r4, ip
1000331a:	400c      	ands	r4, r1
1000331c:	0020      	movs	r0, r4
1000331e:	3037      	adds	r0, #55	@ 0x37
10003320:	2c09      	cmp	r4, #9
10003322:	d800      	bhi.n	10003326 <_vsnprintf+0x21a>
10003324:	3807      	subs	r0, #7
10003326:	3301      	adds	r3, #1
10003328:	54e8      	strb	r0, [r5, r3]
1000332a:	090a      	lsrs	r2, r1, #4
1000332c:	290f      	cmp	r1, #15
1000332e:	d8f0      	bhi.n	10003312 <_vsnprintf+0x206>
10003330:	9c0b      	ldr	r4, [sp, #44]	@ 0x2c
10003332:	9d0d      	ldr	r5, [sp, #52]	@ 0x34
10003334:	930f      	str	r3, [sp, #60]	@ 0x3c
10003336:	464b      	mov	r3, r9
10003338:	2208      	movs	r2, #8
1000333a:	9306      	str	r3, [sp, #24]
1000333c:	4653      	mov	r3, sl
1000333e:	9205      	str	r2, [sp, #20]
10003340:	3208      	adds	r2, #8
10003342:	9203      	str	r2, [sp, #12]
10003344:	2200      	movs	r2, #0
10003346:	9304      	str	r3, [sp, #16]
10003348:	9b0f      	ldr	r3, [sp, #60]	@ 0x3c
1000334a:	9202      	str	r2, [sp, #8]
1000334c:	9301      	str	r3, [sp, #4]
1000334e:	ab1c      	add	r3, sp, #112	@ 0x70
10003350:	0022      	movs	r2, r4
10003352:	9300      	str	r3, [sp, #0]
10003354:	4659      	mov	r1, fp
10003356:	0033      	movs	r3, r6
10003358:	0028      	movs	r0, r5
1000335a:	f7ff f98d 	bl	10002678 <_ntoa_format>
1000335e:	4643      	mov	r3, r8
10003360:	0004      	movs	r4, r0
10003362:	930d      	str	r3, [sp, #52]	@ 0x34
10003364:	e6fa      	b.n	1000315c <_vsnprintf+0x50>
10003366:	9b0d      	ldr	r3, [sp, #52]	@ 0x34
10003368:	cb04      	ldmia	r3!, {r2}
1000336a:	4690      	mov	r8, r2
1000336c:	2a00      	cmp	r2, #0
1000336e:	db79      	blt.n	10003464 <_vsnprintf+0x358>
10003370:	7878      	ldrb	r0, [r7, #1]
10003372:	930d      	str	r3, [sp, #52]	@ 0x34
10003374:	000f      	movs	r7, r1
10003376:	3101      	adds	r1, #1
10003378:	e717      	b.n	100031aa <_vsnprintf+0x9e>
1000337a:	9b0d      	ldr	r3, [sp, #52]	@ 0x34
1000337c:	cb02      	ldmia	r3!, {r1}
1000337e:	9314      	str	r3, [sp, #80]	@ 0x50
10003380:	780b      	ldrb	r3, [r1, #0]
10003382:	469c      	mov	ip, r3
10003384:	0018      	movs	r0, r3
10003386:	4653      	mov	r3, sl
10003388:	2b00      	cmp	r3, #0
1000338a:	d100      	bne.n	1000338e <_vsnprintf+0x282>
1000338c:	e134      	b.n	100035f8 <_vsnprintf+0x4ec>
1000338e:	2800      	cmp	r0, #0
10003390:	d015      	beq.n	100033be <_vsnprintf+0x2b2>
10003392:	4653      	mov	r3, sl
10003394:	3b01      	subs	r3, #1
10003396:	3301      	adds	r3, #1
10003398:	4699      	mov	r9, r3
1000339a:	940d      	str	r4, [sp, #52]	@ 0x34
1000339c:	9c0b      	ldr	r4, [sp, #44]	@ 0x2c
1000339e:	4489      	add	r9, r1
100033a0:	464a      	mov	r2, r9
100033a2:	000b      	movs	r3, r1
100033a4:	46a1      	mov	r9, r4
100033a6:	e001      	b.n	100033ac <_vsnprintf+0x2a0>
100033a8:	4293      	cmp	r3, r2
100033aa:	d003      	beq.n	100033b4 <_vsnprintf+0x2a8>
100033ac:	785c      	ldrb	r4, [r3, #1]
100033ae:	3301      	adds	r3, #1
100033b0:	2c00      	cmp	r4, #0
100033b2:	d1f9      	bne.n	100033a8 <_vsnprintf+0x29c>
100033b4:	464a      	mov	r2, r9
100033b6:	1a5b      	subs	r3, r3, r1
100033b8:	9c0d      	ldr	r4, [sp, #52]	@ 0x34
100033ba:	920b      	str	r2, [sp, #44]	@ 0x2c
100033bc:	930f      	str	r3, [sp, #60]	@ 0x3c
100033be:	2380      	movs	r3, #128	@ 0x80
100033c0:	00db      	lsls	r3, r3, #3
100033c2:	4699      	mov	r9, r3
100033c4:	9a0b      	ldr	r2, [sp, #44]	@ 0x2c
100033c6:	4013      	ands	r3, r2
100033c8:	930d      	str	r3, [sp, #52]	@ 0x34
100033ca:	464b      	mov	r3, r9
100033cc:	421a      	tst	r2, r3
100033ce:	d004      	beq.n	100033da <_vsnprintf+0x2ce>
100033d0:	9b0f      	ldr	r3, [sp, #60]	@ 0x3c
100033d2:	4553      	cmp	r3, sl
100033d4:	d901      	bls.n	100033da <_vsnprintf+0x2ce>
100033d6:	4653      	mov	r3, sl
100033d8:	930f      	str	r3, [sp, #60]	@ 0x3c
100033da:	2302      	movs	r3, #2
100033dc:	4699      	mov	r9, r3
100033de:	9a0b      	ldr	r2, [sp, #44]	@ 0x2c
100033e0:	4013      	ands	r3, r2
100033e2:	930b      	str	r3, [sp, #44]	@ 0x2c
100033e4:	464b      	mov	r3, r9
100033e6:	4213      	tst	r3, r2
100033e8:	d100      	bne.n	100033ec <_vsnprintf+0x2e0>
100033ea:	e1f5      	b.n	100037d8 <_vsnprintf+0x6cc>
100033ec:	4663      	mov	r3, ip
100033ee:	2b00      	cmp	r3, #0
100033f0:	d100      	bne.n	100033f4 <_vsnprintf+0x2e8>
100033f2:	e1d6      	b.n	100037a2 <_vsnprintf+0x696>
100033f4:	9b0d      	ldr	r3, [sp, #52]	@ 0x34
100033f6:	2b00      	cmp	r3, #0
100033f8:	d100      	bne.n	100033fc <_vsnprintf+0x2f0>
100033fa:	e182      	b.n	10003702 <_vsnprintf+0x5f6>
100033fc:	1b0b      	subs	r3, r1, r4
100033fe:	46d1      	mov	r9, sl
10003400:	0031      	movs	r1, r6
10003402:	469a      	mov	sl, r3
10003404:	003b      	movs	r3, r7
10003406:	44a1      	add	r9, r4
10003408:	002e      	movs	r6, r5
1000340a:	465f      	mov	r7, fp
1000340c:	464d      	mov	r5, r9
1000340e:	0022      	movs	r2, r4
10003410:	469b      	mov	fp, r3
10003412:	4689      	mov	r9, r1
10003414:	e009      	b.n	1000342a <_vsnprintf+0x31e>
10003416:	464b      	mov	r3, r9
10003418:	0039      	movs	r1, r7
1000341a:	1c54      	adds	r4, r2, #1
1000341c:	47b0      	blx	r6
1000341e:	4653      	mov	r3, sl
10003420:	5d18      	ldrb	r0, [r3, r4]
10003422:	2800      	cmp	r0, #0
10003424:	d100      	bne.n	10003428 <_vsnprintf+0x31c>
10003426:	e192      	b.n	1000374e <_vsnprintf+0x642>
10003428:	0022      	movs	r2, r4
1000342a:	4295      	cmp	r5, r2
1000342c:	d1f3      	bne.n	10003416 <_vsnprintf+0x30a>
1000342e:	464b      	mov	r3, r9
10003430:	465a      	mov	r2, fp
10003432:	46a9      	mov	r9, r5
10003434:	46bb      	mov	fp, r7
10003436:	0035      	movs	r5, r6
10003438:	0017      	movs	r7, r2
1000343a:	001e      	movs	r6, r3
1000343c:	464c      	mov	r4, r9
1000343e:	9b0b      	ldr	r3, [sp, #44]	@ 0x2c
10003440:	2b00      	cmp	r3, #0
10003442:	d000      	beq.n	10003446 <_vsnprintf+0x33a>
10003444:	e1ad      	b.n	100037a2 <_vsnprintf+0x696>
10003446:	9b14      	ldr	r3, [sp, #80]	@ 0x50
10003448:	930d      	str	r3, [sp, #52]	@ 0x34
1000344a:	e687      	b.n	1000315c <_vsnprintf+0x50>
1000344c:	1000310d 	.word	0x1000310d
10003450:	20001b10 	.word	0x20001b10
10003454:	1000b600 	.word	0x1000b600
10003458:	1000b644 	.word	0x1000b644
1000345c:	1000b690 	.word	0x1000b690
10003460:	00009041 	.word	0x00009041
10003464:	9a0b      	ldr	r2, [sp, #44]	@ 0x2c
10003466:	3828      	subs	r0, #40	@ 0x28
10003468:	4302      	orrs	r2, r0
1000346a:	920b      	str	r2, [sp, #44]	@ 0x2c
1000346c:	4642      	mov	r2, r8
1000346e:	4252      	negs	r2, r2
10003470:	7878      	ldrb	r0, [r7, #1]
10003472:	4690      	mov	r8, r2
10003474:	000f      	movs	r7, r1
10003476:	930d      	str	r3, [sp, #52]	@ 0x34
10003478:	3101      	adds	r1, #1
1000347a:	e696      	b.n	100031aa <_vsnprintf+0x9e>
1000347c:	7878      	ldrb	r0, [r7, #1]
1000347e:	286c      	cmp	r0, #108	@ 0x6c
10003480:	d100      	bne.n	10003484 <_vsnprintf+0x378>
10003482:	e15d      	b.n	10003740 <_vsnprintf+0x634>
10003484:	2380      	movs	r3, #128	@ 0x80
10003486:	9a0b      	ldr	r2, [sp, #44]	@ 0x2c
10003488:	005b      	lsls	r3, r3, #1
1000348a:	431a      	orrs	r2, r3
1000348c:	920b      	str	r2, [sp, #44]	@ 0x2c
1000348e:	3101      	adds	r1, #1
10003490:	e6b3      	b.n	100031fa <_vsnprintf+0xee>
10003492:	2380      	movs	r3, #128	@ 0x80
10003494:	009b      	lsls	r3, r3, #2
10003496:	e6ab      	b.n	100031f0 <_vsnprintf+0xe4>
10003498:	7878      	ldrb	r0, [r7, #1]
1000349a:	2868      	cmp	r0, #104	@ 0x68
1000349c:	d100      	bne.n	100034a0 <_vsnprintf+0x394>
1000349e:	e148      	b.n	10003732 <_vsnprintf+0x626>
100034a0:	2380      	movs	r3, #128	@ 0x80
100034a2:	9a0b      	ldr	r2, [sp, #44]	@ 0x2c
100034a4:	3101      	adds	r1, #1
100034a6:	431a      	orrs	r2, r3
100034a8:	920b      	str	r2, [sp, #44]	@ 0x2c
100034aa:	e6a6      	b.n	100031fa <_vsnprintf+0xee>
100034ac:	2867      	cmp	r0, #103	@ 0x67
100034ae:	d100      	bne.n	100034b2 <_vsnprintf+0x3a6>
100034b0:	e0b2      	b.n	10003618 <_vsnprintf+0x50c>
100034b2:	2847      	cmp	r0, #71	@ 0x47
100034b4:	d100      	bne.n	100034b8 <_vsnprintf+0x3ac>
100034b6:	e11a      	b.n	100036ee <_vsnprintf+0x5e2>
100034b8:	2845      	cmp	r0, #69	@ 0x45
100034ba:	d100      	bne.n	100034be <_vsnprintf+0x3b2>
100034bc:	e11c      	b.n	100036f8 <_vsnprintf+0x5ec>
100034be:	9a0b      	ldr	r2, [sp, #44]	@ 0x2c
100034c0:	2107      	movs	r1, #7
100034c2:	9204      	str	r2, [sp, #16]
100034c4:	4642      	mov	r2, r8
100034c6:	9b0d      	ldr	r3, [sp, #52]	@ 0x34
100034c8:	9203      	str	r2, [sp, #12]
100034ca:	3307      	adds	r3, #7
100034cc:	4652      	mov	r2, sl
100034ce:	438b      	bics	r3, r1
100034d0:	0019      	movs	r1, r3
100034d2:	9202      	str	r2, [sp, #8]
100034d4:	c90c      	ldmia	r1!, {r2, r3}
100034d6:	0028      	movs	r0, r5
100034d8:	9200      	str	r2, [sp, #0]
100034da:	9301      	str	r3, [sp, #4]
100034dc:	910d      	str	r1, [sp, #52]	@ 0x34
100034de:	0022      	movs	r2, r4
100034e0:	0033      	movs	r3, r6
100034e2:	4659      	mov	r1, fp
100034e4:	f7ff fa00 	bl	100028e8 <_etoa>
100034e8:	0004      	movs	r4, r0
100034ea:	e637      	b.n	1000315c <_vsnprintf+0x50>
100034ec:	2846      	cmp	r0, #70	@ 0x46
100034ee:	d100      	bne.n	100034f2 <_vsnprintf+0x3e6>
100034f0:	e08d      	b.n	1000360e <_vsnprintf+0x502>
100034f2:	9a0b      	ldr	r2, [sp, #44]	@ 0x2c
100034f4:	2107      	movs	r1, #7
100034f6:	9204      	str	r2, [sp, #16]
100034f8:	4642      	mov	r2, r8
100034fa:	9b0d      	ldr	r3, [sp, #52]	@ 0x34
100034fc:	9203      	str	r2, [sp, #12]
100034fe:	3307      	adds	r3, #7
10003500:	4652      	mov	r2, sl
10003502:	438b      	bics	r3, r1
10003504:	0019      	movs	r1, r3
10003506:	9202      	str	r2, [sp, #8]
10003508:	c90c      	ldmia	r1!, {r2, r3}
1000350a:	0028      	movs	r0, r5
1000350c:	9200      	str	r2, [sp, #0]
1000350e:	9301      	str	r3, [sp, #4]
10003510:	910d      	str	r1, [sp, #52]	@ 0x34
10003512:	0022      	movs	r2, r4
10003514:	0033      	movs	r3, r6
10003516:	4659      	mov	r1, fp
10003518:	f7ff fc18 	bl	10002d4c <_ftoa>
1000351c:	0004      	movs	r4, r0
1000351e:	e61d      	b.n	1000315c <_vsnprintf+0x50>
10003520:	1c63      	adds	r3, r4, #1
10003522:	4698      	mov	r8, r3
10003524:	0022      	movs	r2, r4
10003526:	0033      	movs	r3, r6
10003528:	4659      	mov	r1, fp
1000352a:	2025      	movs	r0, #37	@ 0x25
1000352c:	47a8      	blx	r5
1000352e:	4644      	mov	r4, r8
10003530:	e614      	b.n	1000315c <_vsnprintf+0x50>
10003532:	9b0d      	ldr	r3, [sp, #52]	@ 0x34
10003534:	3304      	adds	r3, #4
10003536:	930f      	str	r3, [sp, #60]	@ 0x3c
10003538:	1c63      	adds	r3, r4, #1
1000353a:	4699      	mov	r9, r3
1000353c:	9b0b      	ldr	r3, [sp, #44]	@ 0x2c
1000353e:	079a      	lsls	r2, r3, #30
10003540:	d400      	bmi.n	10003544 <_vsnprintf+0x438>
10003542:	e10a      	b.n	1000375a <_vsnprintf+0x64e>
10003544:	9b0d      	ldr	r3, [sp, #52]	@ 0x34
10003546:	0022      	movs	r2, r4
10003548:	7818      	ldrb	r0, [r3, #0]
1000354a:	4659      	mov	r1, fp
1000354c:	0033      	movs	r3, r6
1000354e:	47a8      	blx	r5
10003550:	4643      	mov	r3, r8
10003552:	4444      	add	r4, r8
10003554:	2b01      	cmp	r3, #1
10003556:	d800      	bhi.n	1000355a <_vsnprintf+0x44e>
10003558:	e16f      	b.n	1000383a <_vsnprintf+0x72e>
1000355a:	46b0      	mov	r8, r6
1000355c:	002e      	movs	r6, r5
1000355e:	0025      	movs	r5, r4
10003560:	464c      	mov	r4, r9
10003562:	46b9      	mov	r9, r7
10003564:	465f      	mov	r7, fp
10003566:	0022      	movs	r2, r4
10003568:	4643      	mov	r3, r8
1000356a:	3401      	adds	r4, #1
1000356c:	0039      	movs	r1, r7
1000356e:	2020      	movs	r0, #32
10003570:	47b0      	blx	r6
10003572:	42ac      	cmp	r4, r5
10003574:	d1f7      	bne.n	10003566 <_vsnprintf+0x45a>
10003576:	002c      	movs	r4, r5
10003578:	46bb      	mov	fp, r7
1000357a:	0035      	movs	r5, r6
1000357c:	464f      	mov	r7, r9
1000357e:	4646      	mov	r6, r8
10003580:	9b0f      	ldr	r3, [sp, #60]	@ 0x3c
10003582:	930d      	str	r3, [sp, #52]	@ 0x34
10003584:	e5ea      	b.n	1000315c <_vsnprintf+0x50>
10003586:	4bd6      	ldr	r3, [pc, #856]	@ (100038e0 <_vsnprintf+0x7d4>)
10003588:	7838      	ldrb	r0, [r7, #0]
1000358a:	469a      	mov	sl, r3
1000358c:	2300      	movs	r3, #0
1000358e:	4698      	mov	r8, r3
10003590:	2800      	cmp	r0, #0
10003592:	d000      	beq.n	10003596 <_vsnprintf+0x48a>
10003594:	e5d3      	b.n	1000313e <_vsnprintf+0x32>
10003596:	2400      	movs	r4, #0
10003598:	e66f      	b.n	1000327a <_vsnprintf+0x16e>
1000359a:	286f      	cmp	r0, #111	@ 0x6f
1000359c:	d042      	beq.n	10003624 <_vsnprintf+0x518>
1000359e:	d800      	bhi.n	100035a2 <_vsnprintf+0x496>
100035a0:	e1fd      	b.n	1000399e <_vsnprintf+0x892>
100035a2:	2310      	movs	r3, #16
100035a4:	2878      	cmp	r0, #120	@ 0x78
100035a6:	d100      	bne.n	100035aa <_vsnprintf+0x49e>
100035a8:	e09b      	b.n	100036e2 <_vsnprintf+0x5d6>
100035aa:	9a0b      	ldr	r2, [sp, #44]	@ 0x2c
100035ac:	439a      	bics	r2, r3
100035ae:	920b      	str	r2, [sp, #44]	@ 0x2c
100035b0:	230a      	movs	r3, #10
100035b2:	469c      	mov	ip, r3
100035b4:	2300      	movs	r3, #0
100035b6:	9314      	str	r3, [sp, #80]	@ 0x50
100035b8:	330a      	adds	r3, #10
100035ba:	930f      	str	r3, [sp, #60]	@ 0x3c
100035bc:	e038      	b.n	10003630 <_vsnprintf+0x524>
100035be:	4657      	mov	r7, sl
100035c0:	9a0b      	ldr	r2, [sp, #44]	@ 0x2c
100035c2:	00b9      	lsls	r1, r7, #2
100035c4:	19c9      	adds	r1, r1, r7
100035c6:	0049      	lsls	r1, r1, #1
100035c8:	3301      	adds	r3, #1
100035ca:	180f      	adds	r7, r1, r0
100035cc:	7818      	ldrb	r0, [r3, #0]
100035ce:	3f30      	subs	r7, #48	@ 0x30
100035d0:	0001      	movs	r1, r0
100035d2:	3930      	subs	r1, #48	@ 0x30
100035d4:	2909      	cmp	r1, #9
100035d6:	d9f4      	bls.n	100035c2 <_vsnprintf+0x4b6>
100035d8:	46ba      	mov	sl, r7
100035da:	920b      	str	r2, [sp, #44]	@ 0x2c
100035dc:	001f      	movs	r7, r3
100035de:	1c59      	adds	r1, r3, #1
100035e0:	e5e7      	b.n	100031b2 <_vsnprintf+0xa6>
100035e2:	9b0d      	ldr	r3, [sp, #52]	@ 0x34
100035e4:	78b8      	ldrb	r0, [r7, #2]
100035e6:	cb04      	ldmia	r3!, {r2}
100035e8:	3702      	adds	r7, #2
100035ea:	43d1      	mvns	r1, r2
100035ec:	17c9      	asrs	r1, r1, #31
100035ee:	400a      	ands	r2, r1
100035f0:	4692      	mov	sl, r2
100035f2:	930d      	str	r3, [sp, #52]	@ 0x34
100035f4:	1c79      	adds	r1, r7, #1
100035f6:	e5dc      	b.n	100031b2 <_vsnprintf+0xa6>
100035f8:	2800      	cmp	r0, #0
100035fa:	d100      	bne.n	100035fe <_vsnprintf+0x4f2>
100035fc:	e6df      	b.n	100033be <_vsnprintf+0x2b2>
100035fe:	2302      	movs	r3, #2
10003600:	425b      	negs	r3, r3
10003602:	e6c8      	b.n	10003396 <_vsnprintf+0x28a>
10003604:	2021      	movs	r0, #33	@ 0x21
10003606:	9a0b      	ldr	r2, [sp, #44]	@ 0x2c
10003608:	4302      	orrs	r2, r0
1000360a:	4691      	mov	r9, r2
1000360c:	e676      	b.n	100032fc <_vsnprintf+0x1f0>
1000360e:	2320      	movs	r3, #32
10003610:	9a0b      	ldr	r2, [sp, #44]	@ 0x2c
10003612:	431a      	orrs	r2, r3
10003614:	920b      	str	r2, [sp, #44]	@ 0x2c
10003616:	e76c      	b.n	100034f2 <_vsnprintf+0x3e6>
10003618:	2380      	movs	r3, #128	@ 0x80
1000361a:	9a0b      	ldr	r2, [sp, #44]	@ 0x2c
1000361c:	011b      	lsls	r3, r3, #4
1000361e:	431a      	orrs	r2, r3
10003620:	920b      	str	r2, [sp, #44]	@ 0x2c
10003622:	e74c      	b.n	100034be <_vsnprintf+0x3b2>
10003624:	2308      	movs	r3, #8
10003626:	469c      	mov	ip, r3
10003628:	2300      	movs	r3, #0
1000362a:	9314      	str	r3, [sp, #80]	@ 0x50
1000362c:	3308      	adds	r3, #8
1000362e:	930f      	str	r3, [sp, #60]	@ 0x3c
10003630:	980b      	ldr	r0, [sp, #44]	@ 0x2c
10003632:	2380      	movs	r3, #128	@ 0x80
10003634:	0002      	movs	r2, r0
10003636:	00db      	lsls	r3, r3, #3
10003638:	401a      	ands	r2, r3
1000363a:	0011      	movs	r1, r2
1000363c:	0002      	movs	r2, r0
1000363e:	4218      	tst	r0, r3
10003640:	d000      	beq.n	10003644 <_vsnprintf+0x538>
10003642:	e080      	b.n	10003746 <_vsnprintf+0x63a>
10003644:	230c      	movs	r3, #12
10003646:	439a      	bics	r2, r3
10003648:	0010      	movs	r0, r2
1000364a:	2380      	movs	r3, #128	@ 0x80
1000364c:	0002      	movs	r2, r0
1000364e:	009b      	lsls	r3, r3, #2
10003650:	401a      	ands	r2, r3
10003652:	920b      	str	r2, [sp, #44]	@ 0x2c
10003654:	4218      	tst	r0, r3
10003656:	d000      	beq.n	1000365a <_vsnprintf+0x54e>
10003658:	e0f1      	b.n	1000383e <_vsnprintf+0x732>
1000365a:	2380      	movs	r3, #128	@ 0x80
1000365c:	0002      	movs	r2, r0
1000365e:	005b      	lsls	r3, r3, #1
10003660:	401a      	ands	r2, r3
10003662:	4691      	mov	r9, r2
10003664:	9a0d      	ldr	r2, [sp, #52]	@ 0x34
10003666:	3204      	adds	r2, #4
10003668:	9214      	str	r2, [sp, #80]	@ 0x50
1000366a:	4218      	tst	r0, r3
1000366c:	d000      	beq.n	10003670 <_vsnprintf+0x564>
1000366e:	e2c3      	b.n	10003bf8 <_vsnprintf+0xaec>
10003670:	0643      	lsls	r3, r0, #25
10003672:	d500      	bpl.n	10003676 <_vsnprintf+0x56a>
10003674:	e0d7      	b.n	10003826 <_vsnprintf+0x71a>
10003676:	0603      	lsls	r3, r0, #24
10003678:	d400      	bmi.n	1000367c <_vsnprintf+0x570>
1000367a:	e321      	b.n	10003cc0 <_vsnprintf+0xbb4>
1000367c:	9b0d      	ldr	r3, [sp, #52]	@ 0x34
1000367e:	881b      	ldrh	r3, [r3, #0]
10003680:	9309      	str	r3, [sp, #36]	@ 0x24
10003682:	2b00      	cmp	r3, #0
10003684:	d000      	beq.n	10003688 <_vsnprintf+0x57c>
10003686:	e12d      	b.n	100038e4 <_vsnprintf+0x7d8>
10003688:	3310      	adds	r3, #16
1000368a:	4398      	bics	r0, r3
1000368c:	2900      	cmp	r1, #0
1000368e:	d100      	bne.n	10003692 <_vsnprintf+0x586>
10003690:	e128      	b.n	100038e4 <_vsnprintf+0x7d8>
10003692:	2300      	movs	r3, #0
10003694:	4699      	mov	r9, r3
10003696:	4643      	mov	r3, r8
10003698:	9305      	str	r3, [sp, #20]
1000369a:	4653      	mov	r3, sl
1000369c:	9304      	str	r3, [sp, #16]
1000369e:	9b0f      	ldr	r3, [sp, #60]	@ 0x3c
100036a0:	9006      	str	r0, [sp, #24]
100036a2:	9303      	str	r3, [sp, #12]
100036a4:	2300      	movs	r3, #0
100036a6:	9302      	str	r3, [sp, #8]
100036a8:	464b      	mov	r3, r9
100036aa:	9301      	str	r3, [sp, #4]
100036ac:	ab1c      	add	r3, sp, #112	@ 0x70
100036ae:	0022      	movs	r2, r4
100036b0:	9300      	str	r3, [sp, #0]
100036b2:	4659      	mov	r1, fp
100036b4:	0033      	movs	r3, r6
100036b6:	0028      	movs	r0, r5
100036b8:	f7fe ffde 	bl	10002678 <_ntoa_format>
100036bc:	0004      	movs	r4, r0
100036be:	e6c2      	b.n	10003446 <_vsnprintf+0x33a>
100036c0:	2858      	cmp	r0, #88	@ 0x58
100036c2:	d009      	beq.n	100036d8 <_vsnprintf+0x5cc>
100036c4:	2862      	cmp	r0, #98	@ 0x62
100036c6:	d000      	beq.n	100036ca <_vsnprintf+0x5be>
100036c8:	e2e3      	b.n	10003c92 <_vsnprintf+0xb86>
100036ca:	2302      	movs	r3, #2
100036cc:	469c      	mov	ip, r3
100036ce:	2300      	movs	r3, #0
100036d0:	9314      	str	r3, [sp, #80]	@ 0x50
100036d2:	3302      	adds	r3, #2
100036d4:	930f      	str	r3, [sp, #60]	@ 0x3c
100036d6:	e7ab      	b.n	10003630 <_vsnprintf+0x524>
100036d8:	2320      	movs	r3, #32
100036da:	9a0b      	ldr	r2, [sp, #44]	@ 0x2c
100036dc:	431a      	orrs	r2, r3
100036de:	920b      	str	r2, [sp, #44]	@ 0x2c
100036e0:	3b10      	subs	r3, #16
100036e2:	469c      	mov	ip, r3
100036e4:	2300      	movs	r3, #0
100036e6:	9314      	str	r3, [sp, #80]	@ 0x50
100036e8:	3310      	adds	r3, #16
100036ea:	930f      	str	r3, [sp, #60]	@ 0x3c
100036ec:	e7a0      	b.n	10003630 <_vsnprintf+0x524>
100036ee:	2380      	movs	r3, #128	@ 0x80
100036f0:	9a0b      	ldr	r2, [sp, #44]	@ 0x2c
100036f2:	011b      	lsls	r3, r3, #4
100036f4:	431a      	orrs	r2, r3
100036f6:	920b      	str	r2, [sp, #44]	@ 0x2c
100036f8:	2320      	movs	r3, #32
100036fa:	9a0b      	ldr	r2, [sp, #44]	@ 0x2c
100036fc:	431a      	orrs	r2, r3
100036fe:	920b      	str	r2, [sp, #44]	@ 0x2c
10003700:	e6dd      	b.n	100034be <_vsnprintf+0x3b2>
10003702:	1b0b      	subs	r3, r1, r4
10003704:	469a      	mov	sl, r3
10003706:	9b0f      	ldr	r3, [sp, #60]	@ 0x3c
10003708:	4699      	mov	r9, r3
1000370a:	003b      	movs	r3, r7
1000370c:	0037      	movs	r7, r6
1000370e:	465e      	mov	r6, fp
10003710:	469b      	mov	fp, r3
10003712:	0022      	movs	r2, r4
10003714:	003b      	movs	r3, r7
10003716:	0031      	movs	r1, r6
10003718:	47a8      	blx	r5
1000371a:	4653      	mov	r3, sl
1000371c:	3401      	adds	r4, #1
1000371e:	5d18      	ldrb	r0, [r3, r4]
10003720:	2800      	cmp	r0, #0
10003722:	d1f6      	bne.n	10003712 <_vsnprintf+0x606>
10003724:	464b      	mov	r3, r9
10003726:	930f      	str	r3, [sp, #60]	@ 0x3c
10003728:	465b      	mov	r3, fp
1000372a:	46b3      	mov	fp, r6
1000372c:	003e      	movs	r6, r7
1000372e:	001f      	movs	r7, r3
10003730:	e685      	b.n	1000343e <_vsnprintf+0x332>
10003732:	23c0      	movs	r3, #192	@ 0xc0
10003734:	9a0b      	ldr	r2, [sp, #44]	@ 0x2c
10003736:	78b8      	ldrb	r0, [r7, #2]
10003738:	431a      	orrs	r2, r3
1000373a:	920b      	str	r2, [sp, #44]	@ 0x2c
1000373c:	1cf9      	adds	r1, r7, #3
1000373e:	e55c      	b.n	100031fa <_vsnprintf+0xee>
10003740:	23c0      	movs	r3, #192	@ 0xc0
10003742:	009b      	lsls	r3, r3, #2
10003744:	e7f6      	b.n	10003734 <_vsnprintf+0x628>
10003746:	230d      	movs	r3, #13
10003748:	439a      	bics	r2, r3
1000374a:	0010      	movs	r0, r2
1000374c:	e77d      	b.n	1000364a <_vsnprintf+0x53e>
1000374e:	465b      	mov	r3, fp
10003750:	0035      	movs	r5, r6
10003752:	46bb      	mov	fp, r7
10003754:	464e      	mov	r6, r9
10003756:	001f      	movs	r7, r3
10003758:	e671      	b.n	1000343e <_vsnprintf+0x332>
1000375a:	4643      	mov	r3, r8
1000375c:	2b01      	cmp	r3, #1
1000375e:	d966      	bls.n	1000382e <_vsnprintf+0x722>
10003760:	1e63      	subs	r3, r4, #1
10003762:	4443      	add	r3, r8
10003764:	0032      	movs	r2, r6
10003766:	002e      	movs	r6, r5
10003768:	001d      	movs	r5, r3
1000376a:	003b      	movs	r3, r7
1000376c:	46a2      	mov	sl, r4
1000376e:	465f      	mov	r7, fp
10003770:	4691      	mov	r9, r2
10003772:	469b      	mov	fp, r3
10003774:	0022      	movs	r2, r4
10003776:	464b      	mov	r3, r9
10003778:	3401      	adds	r4, #1
1000377a:	0039      	movs	r1, r7
1000377c:	2020      	movs	r0, #32
1000377e:	47b0      	blx	r6
10003780:	42ac      	cmp	r4, r5
10003782:	d1f7      	bne.n	10003774 <_vsnprintf+0x668>
10003784:	465b      	mov	r3, fp
10003786:	0035      	movs	r5, r6
10003788:	46bb      	mov	fp, r7
1000378a:	464e      	mov	r6, r9
1000378c:	46a1      	mov	r9, r4
1000378e:	4654      	mov	r4, sl
10003790:	001f      	movs	r7, r3
10003792:	9b0d      	ldr	r3, [sp, #52]	@ 0x34
10003794:	464a      	mov	r2, r9
10003796:	7818      	ldrb	r0, [r3, #0]
10003798:	4659      	mov	r1, fp
1000379a:	0033      	movs	r3, r6
1000379c:	4444      	add	r4, r8
1000379e:	47a8      	blx	r5
100037a0:	e6ee      	b.n	10003580 <_vsnprintf+0x474>
100037a2:	9b0f      	ldr	r3, [sp, #60]	@ 0x3c
100037a4:	46a1      	mov	r9, r4
100037a6:	4598      	cmp	r8, r3
100037a8:	d800      	bhi.n	100037ac <_vsnprintf+0x6a0>
100037aa:	e64c      	b.n	10003446 <_vsnprintf+0x33a>
100037ac:	4444      	add	r4, r8
100037ae:	1ae4      	subs	r4, r4, r3
100037b0:	46b0      	mov	r8, r6
100037b2:	002e      	movs	r6, r5
100037b4:	0025      	movs	r5, r4
100037b6:	464c      	mov	r4, r9
100037b8:	46b9      	mov	r9, r7
100037ba:	465f      	mov	r7, fp
100037bc:	0022      	movs	r2, r4
100037be:	4643      	mov	r3, r8
100037c0:	3401      	adds	r4, #1
100037c2:	0039      	movs	r1, r7
100037c4:	2020      	movs	r0, #32
100037c6:	47b0      	blx	r6
100037c8:	42ac      	cmp	r4, r5
100037ca:	d1f7      	bne.n	100037bc <_vsnprintf+0x6b0>
100037cc:	002c      	movs	r4, r5
100037ce:	46bb      	mov	fp, r7
100037d0:	0035      	movs	r5, r6
100037d2:	464f      	mov	r7, r9
100037d4:	4646      	mov	r6, r8
100037d6:	e636      	b.n	10003446 <_vsnprintf+0x33a>
100037d8:	980f      	ldr	r0, [sp, #60]	@ 0x3c
100037da:	4580      	cmp	r8, r0
100037dc:	d800      	bhi.n	100037e0 <_vsnprintf+0x6d4>
100037de:	e273      	b.n	10003cc8 <_vsnprintf+0xbbc>
100037e0:	4643      	mov	r3, r8
100037e2:	18e2      	adds	r2, r4, r3
100037e4:	1a13      	subs	r3, r2, r0
100037e6:	0032      	movs	r2, r6
100037e8:	002e      	movs	r6, r5
100037ea:	001d      	movs	r5, r3
100037ec:	003b      	movs	r3, r7
100037ee:	4691      	mov	r9, r2
100037f0:	465f      	mov	r7, fp
100037f2:	469b      	mov	fp, r3
100037f4:	910f      	str	r1, [sp, #60]	@ 0x3c
100037f6:	0022      	movs	r2, r4
100037f8:	464b      	mov	r3, r9
100037fa:	3401      	adds	r4, #1
100037fc:	0039      	movs	r1, r7
100037fe:	2020      	movs	r0, #32
10003800:	47b0      	blx	r6
10003802:	42ac      	cmp	r4, r5
10003804:	d1f7      	bne.n	100037f6 <_vsnprintf+0x6ea>
10003806:	465b      	mov	r3, fp
10003808:	46bb      	mov	fp, r7
1000380a:	001f      	movs	r7, r3
1000380c:	4643      	mov	r3, r8
1000380e:	990f      	ldr	r1, [sp, #60]	@ 0x3c
10003810:	3301      	adds	r3, #1
10003812:	930f      	str	r3, [sp, #60]	@ 0x3c
10003814:	780b      	ldrb	r3, [r1, #0]
10003816:	0035      	movs	r5, r6
10003818:	469c      	mov	ip, r3
1000381a:	464e      	mov	r6, r9
1000381c:	4660      	mov	r0, ip
1000381e:	2800      	cmp	r0, #0
10003820:	d000      	beq.n	10003824 <_vsnprintf+0x718>
10003822:	e5e7      	b.n	100033f4 <_vsnprintf+0x2e8>
10003824:	e60f      	b.n	10003446 <_vsnprintf+0x33a>
10003826:	9b0d      	ldr	r3, [sp, #52]	@ 0x34
10003828:	781b      	ldrb	r3, [r3, #0]
1000382a:	9309      	str	r3, [sp, #36]	@ 0x24
1000382c:	e729      	b.n	10003682 <_vsnprintf+0x576>
1000382e:	9b0d      	ldr	r3, [sp, #52]	@ 0x34
10003830:	0022      	movs	r2, r4
10003832:	7818      	ldrb	r0, [r3, #0]
10003834:	4659      	mov	r1, fp
10003836:	0033      	movs	r3, r6
10003838:	47a8      	blx	r5
1000383a:	464c      	mov	r4, r9
1000383c:	e6a0      	b.n	10003580 <_vsnprintf+0x474>
1000383e:	9a0d      	ldr	r2, [sp, #52]	@ 0x34
10003840:	3bfa      	subs	r3, #250	@ 0xfa
10003842:	3bff      	subs	r3, #255	@ 0xff
10003844:	3207      	adds	r2, #7
10003846:	439a      	bics	r2, r3
10003848:	3301      	adds	r3, #1
1000384a:	4699      	mov	r9, r3
1000384c:	4491      	add	r9, r2
1000384e:	464b      	mov	r3, r9
10003850:	930d      	str	r3, [sp, #52]	@ 0x34
10003852:	6813      	ldr	r3, [r2, #0]
10003854:	6852      	ldr	r2, [r2, #4]
10003856:	9215      	str	r2, [sp, #84]	@ 0x54
10003858:	431a      	orrs	r2, r3
1000385a:	d106      	bne.n	1000386a <_vsnprintf+0x75e>
1000385c:	3210      	adds	r2, #16
1000385e:	4390      	bics	r0, r2
10003860:	2200      	movs	r2, #0
10003862:	9209      	str	r2, [sp, #36]	@ 0x24
10003864:	2900      	cmp	r1, #0
10003866:	d000      	beq.n	1000386a <_vsnprintf+0x75e>
10003868:	e083      	b.n	10003972 <_vsnprintf+0x866>
1000386a:	2261      	movs	r2, #97	@ 0x61
1000386c:	0681      	lsls	r1, r0, #26
1000386e:	d500      	bpl.n	10003872 <_vsnprintf+0x766>
10003870:	2241      	movs	r2, #65	@ 0x41
10003872:	b2d2      	uxtb	r2, r2
10003874:	920a      	str	r2, [sp, #40]	@ 0x28
10003876:	aa14      	add	r2, sp, #80	@ 0x50
10003878:	4691      	mov	r9, r2
1000387a:	9a0a      	ldr	r2, [sp, #40]	@ 0x28
1000387c:	2100      	movs	r1, #0
1000387e:	3a0a      	subs	r2, #10
10003880:	920b      	str	r2, [sp, #44]	@ 0x2c
10003882:	4642      	mov	r2, r8
10003884:	9217      	str	r2, [sp, #92]	@ 0x5c
10003886:	4652      	mov	r2, sl
10003888:	9218      	str	r2, [sp, #96]	@ 0x60
1000388a:	465a      	mov	r2, fp
1000388c:	46b2      	mov	sl, r6
1000388e:	9109      	str	r1, [sp, #36]	@ 0x24
10003890:	001e      	movs	r6, r3
10003892:	311f      	adds	r1, #31
10003894:	9b14      	ldr	r3, [sp, #80]	@ 0x50
10003896:	4449      	add	r1, r9
10003898:	46bb      	mov	fp, r7
1000389a:	9416      	str	r4, [sp, #88]	@ 0x58
1000389c:	951a      	str	r5, [sp, #104]	@ 0x68
1000389e:	2400      	movs	r4, #0
100038a0:	4667      	mov	r7, ip
100038a2:	4698      	mov	r8, r3
100038a4:	4689      	mov	r9, r1
100038a6:	9d15      	ldr	r5, [sp, #84]	@ 0x54
100038a8:	9019      	str	r0, [sp, #100]	@ 0x64
100038aa:	921b      	str	r2, [sp, #108]	@ 0x6c
100038ac:	e00a      	b.n	100038c4 <_vsnprintf+0x7b8>
100038ae:	3230      	adds	r2, #48	@ 0x30
100038b0:	b2d2      	uxtb	r2, r2
100038b2:	464b      	mov	r3, r9
100038b4:	3401      	adds	r4, #1
100038b6:	551a      	strb	r2, [r3, r4]
100038b8:	45a8      	cmp	r8, r5
100038ba:	d04c      	beq.n	10003956 <_vsnprintf+0x84a>
100038bc:	2c20      	cmp	r4, #32
100038be:	d04c      	beq.n	1000395a <_vsnprintf+0x84e>
100038c0:	0006      	movs	r6, r0
100038c2:	000d      	movs	r5, r1
100038c4:	003a      	movs	r2, r7
100038c6:	2300      	movs	r3, #0
100038c8:	0030      	movs	r0, r6
100038ca:	0029      	movs	r1, r5
100038cc:	f7fe fa96 	bl	10001dfc <__wrap___aeabi_uldivmod>
100038d0:	b2d2      	uxtb	r2, r2
100038d2:	2a09      	cmp	r2, #9
100038d4:	d9eb      	bls.n	100038ae <_vsnprintf+0x7a2>
100038d6:	9b0b      	ldr	r3, [sp, #44]	@ 0x2c
100038d8:	469c      	mov	ip, r3
100038da:	4462      	add	r2, ip
100038dc:	b2d2      	uxtb	r2, r2
100038de:	e7e8      	b.n	100038b2 <_vsnprintf+0x7a6>
100038e0:	100025c9 	.word	0x100025c9
100038e4:	2361      	movs	r3, #97	@ 0x61
100038e6:	0682      	lsls	r2, r0, #26
100038e8:	d500      	bpl.n	100038ec <_vsnprintf+0x7e0>
100038ea:	2341      	movs	r3, #65	@ 0x41
100038ec:	b2db      	uxtb	r3, r3
100038ee:	3b0a      	subs	r3, #10
100038f0:	930b      	str	r3, [sp, #44]	@ 0x2c
100038f2:	4643      	mov	r3, r8
100038f4:	a914      	add	r1, sp, #80	@ 0x50
100038f6:	221f      	movs	r2, #31
100038f8:	468c      	mov	ip, r1
100038fa:	9315      	str	r3, [sp, #84]	@ 0x54
100038fc:	4653      	mov	r3, sl
100038fe:	4462      	add	r2, ip
10003900:	46b2      	mov	sl, r6
10003902:	940d      	str	r4, [sp, #52]	@ 0x34
10003904:	9717      	str	r7, [sp, #92]	@ 0x5c
10003906:	464c      	mov	r4, r9
10003908:	4680      	mov	r8, r0
1000390a:	46a9      	mov	r9, r5
1000390c:	0017      	movs	r7, r2
1000390e:	9d09      	ldr	r5, [sp, #36]	@ 0x24
10003910:	9e0f      	ldr	r6, [sp, #60]	@ 0x3c
10003912:	9316      	str	r3, [sp, #88]	@ 0x58
10003914:	e008      	b.n	10003928 <_vsnprintf+0x81c>
10003916:	3330      	adds	r3, #48	@ 0x30
10003918:	b2db      	uxtb	r3, r3
1000391a:	3401      	adds	r4, #1
1000391c:	553b      	strb	r3, [r7, r4]
1000391e:	42b5      	cmp	r5, r6
10003920:	d30e      	bcc.n	10003940 <_vsnprintf+0x834>
10003922:	2c20      	cmp	r4, #32
10003924:	d00c      	beq.n	10003940 <_vsnprintf+0x834>
10003926:	0005      	movs	r5, r0
10003928:	0031      	movs	r1, r6
1000392a:	0028      	movs	r0, r5
1000392c:	f7fe fa28 	bl	10001d80 <__wrap___aeabi_uidiv>
10003930:	b2cb      	uxtb	r3, r1
10003932:	2909      	cmp	r1, #9
10003934:	d9ef      	bls.n	10003916 <_vsnprintf+0x80a>
10003936:	9a0b      	ldr	r2, [sp, #44]	@ 0x2c
10003938:	4694      	mov	ip, r2
1000393a:	4463      	add	r3, ip
1000393c:	b2db      	uxtb	r3, r3
1000393e:	e7ec      	b.n	1000391a <_vsnprintf+0x80e>
10003940:	9b15      	ldr	r3, [sp, #84]	@ 0x54
10003942:	4640      	mov	r0, r8
10003944:	4698      	mov	r8, r3
10003946:	9b16      	ldr	r3, [sp, #88]	@ 0x58
10003948:	464d      	mov	r5, r9
1000394a:	4656      	mov	r6, sl
1000394c:	46a1      	mov	r9, r4
1000394e:	469a      	mov	sl, r3
10003950:	9c0d      	ldr	r4, [sp, #52]	@ 0x34
10003952:	9f17      	ldr	r7, [sp, #92]	@ 0x5c
10003954:	e69f      	b.n	10003696 <_vsnprintf+0x58a>
10003956:	42b7      	cmp	r7, r6
10003958:	d9b0      	bls.n	100038bc <_vsnprintf+0x7b0>
1000395a:	9b17      	ldr	r3, [sp, #92]	@ 0x5c
1000395c:	4656      	mov	r6, sl
1000395e:	4698      	mov	r8, r3
10003960:	9b18      	ldr	r3, [sp, #96]	@ 0x60
10003962:	465f      	mov	r7, fp
10003964:	469a      	mov	sl, r3
10003966:	9b1b      	ldr	r3, [sp, #108]	@ 0x6c
10003968:	9409      	str	r4, [sp, #36]	@ 0x24
1000396a:	469b      	mov	fp, r3
1000396c:	9c16      	ldr	r4, [sp, #88]	@ 0x58
1000396e:	9819      	ldr	r0, [sp, #100]	@ 0x64
10003970:	9d1a      	ldr	r5, [sp, #104]	@ 0x68
10003972:	4643      	mov	r3, r8
10003974:	9305      	str	r3, [sp, #20]
10003976:	4653      	mov	r3, sl
10003978:	9304      	str	r3, [sp, #16]
1000397a:	9b0f      	ldr	r3, [sp, #60]	@ 0x3c
1000397c:	9006      	str	r0, [sp, #24]
1000397e:	9303      	str	r3, [sp, #12]
10003980:	2300      	movs	r3, #0
10003982:	9302      	str	r3, [sp, #8]
10003984:	9b09      	ldr	r3, [sp, #36]	@ 0x24
10003986:	9301      	str	r3, [sp, #4]
10003988:	ab1c      	add	r3, sp, #112	@ 0x70
1000398a:	0022      	movs	r2, r4
1000398c:	9300      	str	r3, [sp, #0]
1000398e:	4659      	mov	r1, fp
10003990:	0033      	movs	r3, r6
10003992:	0028      	movs	r0, r5
10003994:	f7fe fe70 	bl	10002678 <_ntoa_format>
10003998:	0004      	movs	r4, r0
1000399a:	f7ff fbdf 	bl	1000315c <_vsnprintf+0x50>
1000399e:	2310      	movs	r3, #16
100039a0:	9a0b      	ldr	r2, [sp, #44]	@ 0x2c
100039a2:	439a      	bics	r2, r3
100039a4:	920f      	str	r2, [sp, #60]	@ 0x3c
100039a6:	2869      	cmp	r0, #105	@ 0x69
100039a8:	d000      	beq.n	100039ac <_vsnprintf+0x8a0>
100039aa:	e191      	b.n	10003cd0 <_vsnprintf+0xbc4>
100039ac:	990b      	ldr	r1, [sp, #44]	@ 0x2c
100039ae:	2380      	movs	r3, #128	@ 0x80
100039b0:	000a      	movs	r2, r1
100039b2:	00db      	lsls	r3, r3, #3
100039b4:	401a      	ands	r2, r3
100039b6:	0010      	movs	r0, r2
100039b8:	000a      	movs	r2, r1
100039ba:	4219      	tst	r1, r3
100039bc:	d003      	beq.n	100039c6 <_vsnprintf+0x8ba>
100039be:	2111      	movs	r1, #17
100039c0:	0018      	movs	r0, r3
100039c2:	438a      	bics	r2, r1
100039c4:	920f      	str	r2, [sp, #60]	@ 0x3c
100039c6:	9a0f      	ldr	r2, [sp, #60]	@ 0x3c
100039c8:	2380      	movs	r3, #128	@ 0x80
100039ca:	0011      	movs	r1, r2
100039cc:	009b      	lsls	r3, r3, #2
100039ce:	4019      	ands	r1, r3
100039d0:	468c      	mov	ip, r1
100039d2:	421a      	tst	r2, r3
100039d4:	d15b      	bne.n	10003a8e <_vsnprintf+0x982>
100039d6:	2380      	movs	r3, #128	@ 0x80
100039d8:	0011      	movs	r1, r2
100039da:	005b      	lsls	r3, r3, #1
100039dc:	4019      	ands	r1, r3
100039de:	4689      	mov	r9, r1
100039e0:	990d      	ldr	r1, [sp, #52]	@ 0x34
100039e2:	3104      	adds	r1, #4
100039e4:	910b      	str	r1, [sp, #44]	@ 0x2c
100039e6:	421a      	tst	r2, r3
100039e8:	d000      	beq.n	100039ec <_vsnprintf+0x8e0>
100039ea:	e0b2      	b.n	10003b52 <_vsnprintf+0xa46>
100039ec:	0013      	movs	r3, r2
100039ee:	065b      	lsls	r3, r3, #25
100039f0:	d400      	bmi.n	100039f4 <_vsnprintf+0x8e8>
100039f2:	e0ed      	b.n	10003bd0 <_vsnprintf+0xac4>
100039f4:	9b0d      	ldr	r3, [sp, #52]	@ 0x34
100039f6:	781b      	ldrb	r3, [r3, #0]
100039f8:	001a      	movs	r2, r3
100039fa:	0fd9      	lsrs	r1, r3, #31
100039fc:	910d      	str	r1, [sp, #52]	@ 0x34
100039fe:	2b00      	cmp	r3, #0
10003a00:	d100      	bne.n	10003a04 <_vsnprintf+0x8f8>
10003a02:	e0a3      	b.n	10003b4c <_vsnprintf+0xa40>
10003a04:	0010      	movs	r0, r2
10003a06:	aa14      	add	r2, sp, #80	@ 0x50
10003a08:	4694      	mov	ip, r2
10003a0a:	4642      	mov	r2, r8
10003a0c:	231f      	movs	r3, #31
10003a0e:	9215      	str	r2, [sp, #84]	@ 0x54
10003a10:	4652      	mov	r2, sl
10003a12:	4463      	add	r3, ip
10003a14:	46a8      	mov	r8, r5
10003a16:	46ba      	mov	sl, r7
10003a18:	464d      	mov	r5, r9
10003a1a:	9414      	str	r4, [sp, #80]	@ 0x50
10003a1c:	46b1      	mov	r9, r6
10003a1e:	0004      	movs	r4, r0
10003a20:	001f      	movs	r7, r3
10003a22:	9216      	str	r2, [sp, #88]	@ 0x58
10003a24:	e001      	b.n	10003a2a <_vsnprintf+0x91e>
10003a26:	2d20      	cmp	r5, #32
10003a28:	d00f      	beq.n	10003a4a <_vsnprintf+0x93e>
10003a2a:	0020      	movs	r0, r4
10003a2c:	210a      	movs	r1, #10
10003a2e:	f7fe f9a7 	bl	10001d80 <__wrap___aeabi_uidiv>
10003a32:	3501      	adds	r5, #1
10003a34:	197e      	adds	r6, r7, r5
10003a36:	3130      	adds	r1, #48	@ 0x30
10003a38:	7031      	strb	r1, [r6, #0]
10003a3a:	0020      	movs	r0, r4
10003a3c:	210a      	movs	r1, #10
10003a3e:	f7fe f99f 	bl	10001d80 <__wrap___aeabi_uidiv>
10003a42:	0026      	movs	r6, r4
10003a44:	0004      	movs	r4, r0
10003a46:	2e09      	cmp	r6, #9
10003a48:	d8ed      	bhi.n	10003a26 <_vsnprintf+0x91a>
10003a4a:	9b15      	ldr	r3, [sp, #84]	@ 0x54
10003a4c:	464e      	mov	r6, r9
10003a4e:	46a9      	mov	r9, r5
10003a50:	4645      	mov	r5, r8
10003a52:	4698      	mov	r8, r3
10003a54:	9b16      	ldr	r3, [sp, #88]	@ 0x58
10003a56:	4657      	mov	r7, sl
10003a58:	469a      	mov	sl, r3
10003a5a:	9c14      	ldr	r4, [sp, #80]	@ 0x50
10003a5c:	9b0f      	ldr	r3, [sp, #60]	@ 0x3c
10003a5e:	9306      	str	r3, [sp, #24]
10003a60:	4643      	mov	r3, r8
10003a62:	9305      	str	r3, [sp, #20]
10003a64:	4653      	mov	r3, sl
10003a66:	9304      	str	r3, [sp, #16]
10003a68:	230a      	movs	r3, #10
10003a6a:	9303      	str	r3, [sp, #12]
10003a6c:	9b0d      	ldr	r3, [sp, #52]	@ 0x34
10003a6e:	9302      	str	r3, [sp, #8]
10003a70:	464b      	mov	r3, r9
10003a72:	9301      	str	r3, [sp, #4]
10003a74:	ab1c      	add	r3, sp, #112	@ 0x70
10003a76:	0022      	movs	r2, r4
10003a78:	9300      	str	r3, [sp, #0]
10003a7a:	4659      	mov	r1, fp
10003a7c:	0033      	movs	r3, r6
10003a7e:	0028      	movs	r0, r5
10003a80:	f7fe fdfa 	bl	10002678 <_ntoa_format>
10003a84:	9b0b      	ldr	r3, [sp, #44]	@ 0x2c
10003a86:	0004      	movs	r4, r0
10003a88:	930d      	str	r3, [sp, #52]	@ 0x34
10003a8a:	f7ff fb67 	bl	1000315c <_vsnprintf+0x50>
10003a8e:	2207      	movs	r2, #7
10003a90:	9b0d      	ldr	r3, [sp, #52]	@ 0x34
10003a92:	3307      	adds	r3, #7
10003a94:	4393      	bics	r3, r2
10003a96:	3201      	adds	r2, #1
10003a98:	4694      	mov	ip, r2
10003a9a:	449c      	add	ip, r3
10003a9c:	4662      	mov	r2, ip
10003a9e:	920d      	str	r2, [sp, #52]	@ 0x34
10003aa0:	cb0c      	ldmia	r3, {r2, r3}
10003aa2:	0fd9      	lsrs	r1, r3, #31
10003aa4:	910b      	str	r1, [sp, #44]	@ 0x2c
10003aa6:	0011      	movs	r1, r2
10003aa8:	4319      	orrs	r1, r3
10003aaa:	d100      	bne.n	10003aae <_vsnprintf+0x9a2>
10003aac:	e09b      	b.n	10003be6 <_vsnprintf+0xada>
10003aae:	17d9      	asrs	r1, r3, #31
10003ab0:	9113      	str	r1, [sp, #76]	@ 0x4c
10003ab2:	9112      	str	r1, [sp, #72]	@ 0x48
10003ab4:	4051      	eors	r1, r2
10003ab6:	9110      	str	r1, [sp, #64]	@ 0x40
10003ab8:	9913      	ldr	r1, [sp, #76]	@ 0x4c
10003aba:	4059      	eors	r1, r3
10003abc:	9111      	str	r1, [sp, #68]	@ 0x44
10003abe:	9810      	ldr	r0, [sp, #64]	@ 0x40
10003ac0:	9911      	ldr	r1, [sp, #68]	@ 0x44
10003ac2:	9a12      	ldr	r2, [sp, #72]	@ 0x48
10003ac4:	9b13      	ldr	r3, [sp, #76]	@ 0x4c
10003ac6:	1a80      	subs	r0, r0, r2
10003ac8:	4199      	sbcs	r1, r3
10003aca:	9010      	str	r0, [sp, #64]	@ 0x40
10003acc:	9111      	str	r1, [sp, #68]	@ 0x44
10003ace:	aa14      	add	r2, sp, #80	@ 0x50
10003ad0:	4694      	mov	ip, r2
10003ad2:	4642      	mov	r2, r8
10003ad4:	2300      	movs	r3, #0
10003ad6:	9215      	str	r2, [sp, #84]	@ 0x54
10003ad8:	4652      	mov	r2, sl
10003ada:	4699      	mov	r9, r3
10003adc:	9216      	str	r2, [sp, #88]	@ 0x58
10003ade:	0032      	movs	r2, r6
10003ae0:	331f      	adds	r3, #31
10003ae2:	4463      	add	r3, ip
10003ae4:	46a8      	mov	r8, r5
10003ae6:	464e      	mov	r6, r9
10003ae8:	46ba      	mov	sl, r7
10003aea:	9414      	str	r4, [sp, #80]	@ 0x50
10003aec:	001f      	movs	r7, r3
10003aee:	9c10      	ldr	r4, [sp, #64]	@ 0x40
10003af0:	9d11      	ldr	r5, [sp, #68]	@ 0x44
10003af2:	4691      	mov	r9, r2
10003af4:	e001      	b.n	10003afa <_vsnprintf+0x9ee>
10003af6:	2e20      	cmp	r6, #32
10003af8:	d010      	beq.n	10003b1c <_vsnprintf+0xa10>
10003afa:	0020      	movs	r0, r4
10003afc:	0029      	movs	r1, r5
10003afe:	220a      	movs	r2, #10
10003b00:	2300      	movs	r3, #0
10003b02:	f7fe f97b 	bl	10001dfc <__wrap___aeabi_uldivmod>
10003b06:	3601      	adds	r6, #1
10003b08:	3230      	adds	r2, #48	@ 0x30
10003b0a:	002b      	movs	r3, r5
10003b0c:	55ba      	strb	r2, [r7, r6]
10003b0e:	000d      	movs	r5, r1
10003b10:	0022      	movs	r2, r4
10003b12:	0004      	movs	r4, r0
10003b14:	2b00      	cmp	r3, #0
10003b16:	d1ee      	bne.n	10003af6 <_vsnprintf+0x9ea>
10003b18:	2a09      	cmp	r2, #9
10003b1a:	d8ec      	bhi.n	10003af6 <_vsnprintf+0x9ea>
10003b1c:	9b15      	ldr	r3, [sp, #84]	@ 0x54
10003b1e:	9410      	str	r4, [sp, #64]	@ 0x40
10003b20:	9511      	str	r5, [sp, #68]	@ 0x44
10003b22:	4645      	mov	r5, r8
10003b24:	4698      	mov	r8, r3
10003b26:	464b      	mov	r3, r9
10003b28:	9a16      	ldr	r2, [sp, #88]	@ 0x58
10003b2a:	46b1      	mov	r9, r6
10003b2c:	4657      	mov	r7, sl
10003b2e:	001e      	movs	r6, r3
10003b30:	4692      	mov	sl, r2
10003b32:	9c14      	ldr	r4, [sp, #80]	@ 0x50
10003b34:	9b0f      	ldr	r3, [sp, #60]	@ 0x3c
10003b36:	9306      	str	r3, [sp, #24]
10003b38:	4643      	mov	r3, r8
10003b3a:	9305      	str	r3, [sp, #20]
10003b3c:	4653      	mov	r3, sl
10003b3e:	9304      	str	r3, [sp, #16]
10003b40:	230a      	movs	r3, #10
10003b42:	9303      	str	r3, [sp, #12]
10003b44:	9b0b      	ldr	r3, [sp, #44]	@ 0x2c
10003b46:	9302      	str	r3, [sp, #8]
10003b48:	464b      	mov	r3, r9
10003b4a:	e71c      	b.n	10003986 <_vsnprintf+0x87a>
10003b4c:	2800      	cmp	r0, #0
10003b4e:	d185      	bne.n	10003a5c <_vsnprintf+0x950>
10003b50:	e759      	b.n	10003a06 <_vsnprintf+0x8fa>
10003b52:	9b0d      	ldr	r3, [sp, #52]	@ 0x34
10003b54:	681b      	ldr	r3, [r3, #0]
10003b56:	0fda      	lsrs	r2, r3, #31
10003b58:	0011      	movs	r1, r2
10003b5a:	2b00      	cmp	r3, #0
10003b5c:	d100      	bne.n	10003b60 <_vsnprintf+0xa54>
10003b5e:	e0a6      	b.n	10003cae <_vsnprintf+0xba2>
10003b60:	17da      	asrs	r2, r3, #31
10003b62:	1898      	adds	r0, r3, r2
10003b64:	4050      	eors	r0, r2
10003b66:	aa14      	add	r2, sp, #80	@ 0x50
10003b68:	4691      	mov	r9, r2
10003b6a:	231f      	movs	r3, #31
10003b6c:	4642      	mov	r2, r8
10003b6e:	444b      	add	r3, r9
10003b70:	46a8      	mov	r8, r5
10003b72:	940d      	str	r4, [sp, #52]	@ 0x34
10003b74:	9716      	str	r7, [sp, #88]	@ 0x58
10003b76:	0004      	movs	r4, r0
10003b78:	4665      	mov	r5, ip
10003b7a:	46b1      	mov	r9, r6
10003b7c:	001f      	movs	r7, r3
10003b7e:	9114      	str	r1, [sp, #80]	@ 0x50
10003b80:	9215      	str	r2, [sp, #84]	@ 0x54
10003b82:	e001      	b.n	10003b88 <_vsnprintf+0xa7c>
10003b84:	2d20      	cmp	r5, #32
10003b86:	d00f      	beq.n	10003ba8 <_vsnprintf+0xa9c>
10003b88:	0020      	movs	r0, r4
10003b8a:	210a      	movs	r1, #10
10003b8c:	f7fe f8f8 	bl	10001d80 <__wrap___aeabi_uidiv>
10003b90:	3501      	adds	r5, #1
10003b92:	197e      	adds	r6, r7, r5
10003b94:	3130      	adds	r1, #48	@ 0x30
10003b96:	7031      	strb	r1, [r6, #0]
10003b98:	0020      	movs	r0, r4
10003b9a:	210a      	movs	r1, #10
10003b9c:	f7fe f8f0 	bl	10001d80 <__wrap___aeabi_uidiv>
10003ba0:	0026      	movs	r6, r4
10003ba2:	0004      	movs	r4, r0
10003ba4:	2e09      	cmp	r6, #9
10003ba6:	d8ed      	bhi.n	10003b84 <_vsnprintf+0xa78>
10003ba8:	9b15      	ldr	r3, [sp, #84]	@ 0x54
10003baa:	46ac      	mov	ip, r5
10003bac:	4645      	mov	r5, r8
10003bae:	4698      	mov	r8, r3
10003bb0:	9b14      	ldr	r3, [sp, #80]	@ 0x50
10003bb2:	464e      	mov	r6, r9
10003bb4:	0019      	movs	r1, r3
10003bb6:	9c0d      	ldr	r4, [sp, #52]	@ 0x34
10003bb8:	9f16      	ldr	r7, [sp, #88]	@ 0x58
10003bba:	9b0f      	ldr	r3, [sp, #60]	@ 0x3c
10003bbc:	9102      	str	r1, [sp, #8]
10003bbe:	9306      	str	r3, [sp, #24]
10003bc0:	4643      	mov	r3, r8
10003bc2:	9305      	str	r3, [sp, #20]
10003bc4:	4653      	mov	r3, sl
10003bc6:	9304      	str	r3, [sp, #16]
10003bc8:	230a      	movs	r3, #10
10003bca:	9303      	str	r3, [sp, #12]
10003bcc:	4663      	mov	r3, ip
10003bce:	e750      	b.n	10003a72 <_vsnprintf+0x966>
10003bd0:	0013      	movs	r3, r2
10003bd2:	061b      	lsls	r3, r3, #24
10003bd4:	d56e      	bpl.n	10003cb4 <_vsnprintf+0xba8>
10003bd6:	9b0d      	ldr	r3, [sp, #52]	@ 0x34
10003bd8:	2200      	movs	r2, #0
10003bda:	5e9b      	ldrsh	r3, [r3, r2]
10003bdc:	17d9      	asrs	r1, r3, #31
10003bde:	185a      	adds	r2, r3, r1
10003be0:	404a      	eors	r2, r1
10003be2:	b292      	uxth	r2, r2
10003be4:	e709      	b.n	100039fa <_vsnprintf+0x8ee>
10003be6:	2300      	movs	r3, #0
10003be8:	4699      	mov	r9, r3
10003bea:	2800      	cmp	r0, #0
10003bec:	d1a2      	bne.n	10003b34 <_vsnprintf+0xa28>
10003bee:	2200      	movs	r2, #0
10003bf0:	2300      	movs	r3, #0
10003bf2:	9210      	str	r2, [sp, #64]	@ 0x40
10003bf4:	9311      	str	r3, [sp, #68]	@ 0x44
10003bf6:	e76a      	b.n	10003ace <_vsnprintf+0x9c2>
10003bf8:	9b0d      	ldr	r3, [sp, #52]	@ 0x34
10003bfa:	681b      	ldr	r3, [r3, #0]
10003bfc:	4699      	mov	r9, r3
10003bfe:	2b00      	cmp	r3, #0
10003c00:	d103      	bne.n	10003c0a <_vsnprintf+0xafe>
10003c02:	3310      	adds	r3, #16
10003c04:	4398      	bics	r0, r3
10003c06:	2900      	cmp	r1, #0
10003c08:	d138      	bne.n	10003c7c <_vsnprintf+0xb70>
10003c0a:	2361      	movs	r3, #97	@ 0x61
10003c0c:	0682      	lsls	r2, r0, #26
10003c0e:	d500      	bpl.n	10003c12 <_vsnprintf+0xb06>
10003c10:	2341      	movs	r3, #65	@ 0x41
10003c12:	b2db      	uxtb	r3, r3
10003c14:	3b0a      	subs	r3, #10
10003c16:	930d      	str	r3, [sp, #52]	@ 0x34
10003c18:	4643      	mov	r3, r8
10003c1a:	9316      	str	r3, [sp, #88]	@ 0x58
10003c1c:	4653      	mov	r3, sl
10003c1e:	a914      	add	r1, sp, #80	@ 0x50
10003c20:	221f      	movs	r2, #31
10003c22:	468c      	mov	ip, r1
10003c24:	9317      	str	r3, [sp, #92]	@ 0x5c
10003c26:	002b      	movs	r3, r5
10003c28:	4462      	add	r2, ip
10003c2a:	464d      	mov	r5, r9
10003c2c:	46b2      	mov	sl, r6
10003c2e:	9415      	str	r4, [sp, #84]	@ 0x54
10003c30:	9718      	str	r7, [sp, #96]	@ 0x60
10003c32:	4680      	mov	r8, r0
10003c34:	0017      	movs	r7, r2
10003c36:	4699      	mov	r9, r3
10003c38:	9c0b      	ldr	r4, [sp, #44]	@ 0x2c
10003c3a:	9e0f      	ldr	r6, [sp, #60]	@ 0x3c
10003c3c:	e008      	b.n	10003c50 <_vsnprintf+0xb44>
10003c3e:	3330      	adds	r3, #48	@ 0x30
10003c40:	b2db      	uxtb	r3, r3
10003c42:	3401      	adds	r4, #1
10003c44:	553b      	strb	r3, [r7, r4]
10003c46:	42b5      	cmp	r5, r6
10003c48:	d30e      	bcc.n	10003c68 <_vsnprintf+0xb5c>
10003c4a:	2c20      	cmp	r4, #32
10003c4c:	d00c      	beq.n	10003c68 <_vsnprintf+0xb5c>
10003c4e:	0005      	movs	r5, r0
10003c50:	0031      	movs	r1, r6
10003c52:	0028      	movs	r0, r5
10003c54:	f7fe f894 	bl	10001d80 <__wrap___aeabi_uidiv>
10003c58:	b2cb      	uxtb	r3, r1
10003c5a:	2909      	cmp	r1, #9
10003c5c:	d9ef      	bls.n	10003c3e <_vsnprintf+0xb32>
10003c5e:	9a0d      	ldr	r2, [sp, #52]	@ 0x34
10003c60:	4694      	mov	ip, r2
10003c62:	4463      	add	r3, ip
10003c64:	b2db      	uxtb	r3, r3
10003c66:	e7ec      	b.n	10003c42 <_vsnprintf+0xb36>
10003c68:	9b16      	ldr	r3, [sp, #88]	@ 0x58
10003c6a:	4640      	mov	r0, r8
10003c6c:	4698      	mov	r8, r3
10003c6e:	9b17      	ldr	r3, [sp, #92]	@ 0x5c
10003c70:	4656      	mov	r6, sl
10003c72:	464d      	mov	r5, r9
10003c74:	469a      	mov	sl, r3
10003c76:	940b      	str	r4, [sp, #44]	@ 0x2c
10003c78:	9f18      	ldr	r7, [sp, #96]	@ 0x60
10003c7a:	9c15      	ldr	r4, [sp, #84]	@ 0x54
10003c7c:	4643      	mov	r3, r8
10003c7e:	9305      	str	r3, [sp, #20]
10003c80:	4653      	mov	r3, sl
10003c82:	9304      	str	r3, [sp, #16]
10003c84:	9b0f      	ldr	r3, [sp, #60]	@ 0x3c
10003c86:	9006      	str	r0, [sp, #24]
10003c88:	9303      	str	r3, [sp, #12]
10003c8a:	2300      	movs	r3, #0
10003c8c:	9302      	str	r3, [sp, #8]
10003c8e:	9b0b      	ldr	r3, [sp, #44]	@ 0x2c
10003c90:	e50b      	b.n	100036aa <_vsnprintf+0x59e>
10003c92:	990b      	ldr	r1, [sp, #44]	@ 0x2c
10003c94:	2380      	movs	r3, #128	@ 0x80
10003c96:	000a      	movs	r2, r1
10003c98:	00db      	lsls	r3, r3, #3
10003c9a:	401a      	ands	r2, r3
10003c9c:	0010      	movs	r0, r2
10003c9e:	000a      	movs	r2, r1
10003ca0:	4219      	tst	r1, r3
10003ca2:	d000      	beq.n	10003ca6 <_vsnprintf+0xb9a>
10003ca4:	e68b      	b.n	100039be <_vsnprintf+0x8b2>
10003ca6:	2310      	movs	r3, #16
10003ca8:	439a      	bics	r2, r3
10003caa:	920f      	str	r2, [sp, #60]	@ 0x3c
10003cac:	e68b      	b.n	100039c6 <_vsnprintf+0x8ba>
10003cae:	2800      	cmp	r0, #0
10003cb0:	d183      	bne.n	10003bba <_vsnprintf+0xaae>
10003cb2:	e758      	b.n	10003b66 <_vsnprintf+0xa5a>
10003cb4:	9b0d      	ldr	r3, [sp, #52]	@ 0x34
10003cb6:	681b      	ldr	r3, [r3, #0]
10003cb8:	17d9      	asrs	r1, r3, #31
10003cba:	185a      	adds	r2, r3, r1
10003cbc:	404a      	eors	r2, r1
10003cbe:	e69c      	b.n	100039fa <_vsnprintf+0x8ee>
10003cc0:	9b0d      	ldr	r3, [sp, #52]	@ 0x34
10003cc2:	681b      	ldr	r3, [r3, #0]
10003cc4:	9309      	str	r3, [sp, #36]	@ 0x24
10003cc6:	e4dc      	b.n	10003682 <_vsnprintf+0x576>
10003cc8:	0003      	movs	r3, r0
10003cca:	3301      	adds	r3, #1
10003ccc:	930f      	str	r3, [sp, #60]	@ 0x3c
10003cce:	e5a5      	b.n	1000381c <_vsnprintf+0x710>
10003cd0:	920b      	str	r2, [sp, #44]	@ 0x2c
10003cd2:	e46d      	b.n	100035b0 <_vsnprintf+0x4a4>

10003cd4 <vfctprintf>:
10003cd4:	b500      	push	{lr}
10003cd6:	b085      	sub	sp, #20
10003cd8:	9103      	str	r1, [sp, #12]
10003cda:	2101      	movs	r1, #1
10003cdc:	9002      	str	r0, [sp, #8]
10003cde:	9300      	str	r3, [sp, #0]
10003ce0:	4803      	ldr	r0, [pc, #12]	@ (10003cf0 <vfctprintf+0x1c>)
10003ce2:	0013      	movs	r3, r2
10003ce4:	424a      	negs	r2, r1
10003ce6:	a902      	add	r1, sp, #8
10003ce8:	f7ff fa10 	bl	1000310c <_vsnprintf>
10003cec:	b005      	add	sp, #20
10003cee:	bd00      	pop	{pc}
10003cf0:	100028d9 	.word	0x100028d9

10003cf4 <weak_raw_vprintf>:
10003cf4:	b510      	push	{r4, lr}
10003cf6:	4a09      	ldr	r2, [pc, #36]	@ (10003d1c <weak_raw_vprintf+0x28>)
10003cf8:	0003      	movs	r3, r0
10003cfa:	6814      	ldr	r4, [r2, #0]
10003cfc:	b084      	sub	sp, #16
10003cfe:	2c00      	cmp	r4, #0
10003d00:	d008      	beq.n	10003d14 <weak_raw_vprintf+0x20>
10003d02:	2201      	movs	r2, #1
10003d04:	9100      	str	r1, [sp, #0]
10003d06:	4806      	ldr	r0, [pc, #24]	@ (10003d20 <weak_raw_vprintf+0x2c>)
10003d08:	4252      	negs	r2, r2
10003d0a:	a903      	add	r1, sp, #12
10003d0c:	47a0      	blx	r4
10003d0e:	2001      	movs	r0, #1
10003d10:	b004      	add	sp, #16
10003d12:	bd10      	pop	{r4, pc}
10003d14:	f000 f9e8 	bl	100040e8 <__wrap_puts>
10003d18:	2000      	movs	r0, #0
10003d1a:	e7f9      	b.n	10003d10 <weak_raw_vprintf+0x1c>
10003d1c:	20001b10 	.word	0x20001b10
10003d20:	100028c9 	.word	0x100028c9

10003d24 <_exit>:
10003d24:	2100      	movs	r1, #0
10003d26:	2000      	movs	r0, #0
10003d28:	b510      	push	{r4, lr}
10003d2a:	f7fd feab 	bl	10001a84 <rom_reset_usb_boot>
10003d2e:	46c0      	nop			@ (mov r8, r8)

10003d30 <_fini>:
10003d30:	4770      	bx	lr
10003d32:	46c0      	nop			@ (mov r8, r8)

10003d34 <_sbrk>:
10003d34:	4a09      	ldr	r2, [pc, #36]	@ (10003d5c <_sbrk+0x28>)
10003d36:	0003      	movs	r3, r0
10003d38:	6810      	ldr	r0, [r2, #0]
10003d3a:	2800      	cmp	r0, #0
10003d3c:	d005      	beq.n	10003d4a <_sbrk+0x16>
10003d3e:	4908      	ldr	r1, [pc, #32]	@ (10003d60 <_sbrk+0x2c>)
10003d40:	18c3      	adds	r3, r0, r3
10003d42:	428b      	cmp	r3, r1
10003d44:	d807      	bhi.n	10003d56 <_sbrk+0x22>
10003d46:	6013      	str	r3, [r2, #0]
10003d48:	4770      	bx	lr
10003d4a:	4806      	ldr	r0, [pc, #24]	@ (10003d64 <_sbrk+0x30>)
10003d4c:	4904      	ldr	r1, [pc, #16]	@ (10003d60 <_sbrk+0x2c>)
10003d4e:	18c3      	adds	r3, r0, r3
10003d50:	6010      	str	r0, [r2, #0]
10003d52:	428b      	cmp	r3, r1
10003d54:	d9f7      	bls.n	10003d46 <_sbrk+0x12>
10003d56:	2001      	movs	r0, #1
10003d58:	4240      	negs	r0, r0
10003d5a:	e7f5      	b.n	10003d48 <_sbrk+0x14>
10003d5c:	20001b0c 	.word	0x20001b0c
10003d60:	20040000 	.word	0x20040000
10003d64:	20021fdc 	.word	0x20021fdc

10003d68 <exit>:
10003d68:	b510      	push	{r4, lr}
10003d6a:	f7ff ffdb 	bl	10003d24 <_exit>
10003d6e:	46c0      	nop			@ (mov r8, r8)

10003d70 <runtime_init>:
10003d70:	b570      	push	{r4, r5, r6, lr}
10003d72:	f7fd feb3 	bl	10001adc <runtime_run_initializers>
10003d76:	4d07      	ldr	r5, [pc, #28]	@ (10003d94 <runtime_init+0x24>)
10003d78:	4e07      	ldr	r6, [pc, #28]	@ (10003d98 <runtime_init+0x28>)
10003d7a:	42b5      	cmp	r5, r6
10003d7c:	d209      	bcs.n	10003d92 <runtime_init+0x22>
10003d7e:	2400      	movs	r4, #0
10003d80:	3e01      	subs	r6, #1
10003d82:	1b76      	subs	r6, r6, r5
10003d84:	08b6      	lsrs	r6, r6, #2
10003d86:	cd08      	ldmia	r5!, {r3}
10003d88:	4798      	blx	r3
10003d8a:	0023      	movs	r3, r4
10003d8c:	3401      	adds	r4, #1
10003d8e:	42b3      	cmp	r3, r6
10003d90:	d1f9      	bne.n	10003d86 <runtime_init+0x16>
10003d92:	bd70      	pop	{r4, r5, r6, pc}
10003d94:	1000b078 	.word	0x1000b078
10003d98:	1000b080 	.word	0x1000b080

10003d9c <stdio_out_chars_no_crlf>:
10003d9c:	0003      	movs	r3, r0
10003d9e:	b510      	push	{r4, lr}
10003da0:	0008      	movs	r0, r1
10003da2:	0011      	movs	r1, r2
10003da4:	681b      	ldr	r3, [r3, #0]
10003da6:	4798      	blx	r3
10003da8:	bd10      	pop	{r4, pc}
10003daa:	46c0      	nop			@ (mov r8, r8)

10003dac <stdio_out_chars_crlf>:
10003dac:	b5f0      	push	{r4, r5, r6, r7, lr}
10003dae:	46c6      	mov	lr, r8
10003db0:	b500      	push	{lr}
10003db2:	7d43      	ldrb	r3, [r0, #21]
10003db4:	0007      	movs	r7, r0
10003db6:	000d      	movs	r5, r1
10003db8:	0016      	movs	r6, r2
10003dba:	2b00      	cmp	r3, #0
10003dbc:	d038      	beq.n	10003e30 <stdio_out_chars_crlf+0x84>
10003dbe:	2a00      	cmp	r2, #0
10003dc0:	dd2e      	ble.n	10003e20 <stdio_out_chars_crlf+0x74>
10003dc2:	2100      	movs	r1, #0
10003dc4:	1e6a      	subs	r2, r5, #1
10003dc6:	4690      	mov	r8, r2
10003dc8:	5c6a      	ldrb	r2, [r5, r1]
10003dca:	7d03      	ldrb	r3, [r0, #20]
10003dcc:	1c4c      	adds	r4, r1, #1
10003dce:	2000      	movs	r0, #0
10003dd0:	2a0a      	cmp	r2, #10
10003dd2:	d00c      	beq.n	10003dee <stdio_out_chars_crlf+0x42>
10003dd4:	42a6      	cmp	r6, r4
10003dd6:	d016      	beq.n	10003e06 <stdio_out_chars_crlf+0x5a>
10003dd8:	4643      	mov	r3, r8
10003dda:	5d1b      	ldrb	r3, [r3, r4]
10003ddc:	0021      	movs	r1, r4
10003dde:	3b0d      	subs	r3, #13
10003de0:	425a      	negs	r2, r3
10003de2:	4153      	adcs	r3, r2
10003de4:	5c6a      	ldrb	r2, [r5, r1]
10003de6:	b2db      	uxtb	r3, r3
10003de8:	1c4c      	adds	r4, r1, #1
10003dea:	2a0a      	cmp	r2, #10
10003dec:	d1f2      	bne.n	10003dd4 <stdio_out_chars_crlf+0x28>
10003dee:	2b00      	cmp	r3, #0
10003df0:	d1f0      	bne.n	10003dd4 <stdio_out_chars_crlf+0x28>
10003df2:	4288      	cmp	r0, r1
10003df4:	db17      	blt.n	10003e26 <stdio_out_chars_crlf+0x7a>
10003df6:	2102      	movs	r1, #2
10003df8:	4810      	ldr	r0, [pc, #64]	@ (10003e3c <stdio_out_chars_crlf+0x90>)
10003dfa:	683b      	ldr	r3, [r7, #0]
10003dfc:	4798      	blx	r3
10003dfe:	42a6      	cmp	r6, r4
10003e00:	d007      	beq.n	10003e12 <stdio_out_chars_crlf+0x66>
10003e02:	0020      	movs	r0, r4
10003e04:	e7e8      	b.n	10003dd8 <stdio_out_chars_crlf+0x2c>
10003e06:	4286      	cmp	r6, r0
10003e08:	dd03      	ble.n	10003e12 <stdio_out_chars_crlf+0x66>
10003e0a:	1a31      	subs	r1, r6, r0
10003e0c:	683b      	ldr	r3, [r7, #0]
10003e0e:	1828      	adds	r0, r5, r0
10003e10:	4798      	blx	r3
10003e12:	19ad      	adds	r5, r5, r6
10003e14:	3d01      	subs	r5, #1
10003e16:	782b      	ldrb	r3, [r5, #0]
10003e18:	3b0d      	subs	r3, #13
10003e1a:	425a      	negs	r2, r3
10003e1c:	4153      	adcs	r3, r2
10003e1e:	753b      	strb	r3, [r7, #20]
10003e20:	bc80      	pop	{r7}
10003e22:	46b8      	mov	r8, r7
10003e24:	bdf0      	pop	{r4, r5, r6, r7, pc}
10003e26:	1a09      	subs	r1, r1, r0
10003e28:	683b      	ldr	r3, [r7, #0]
10003e2a:	1828      	adds	r0, r5, r0
10003e2c:	4798      	blx	r3
10003e2e:	e7e2      	b.n	10003df6 <stdio_out_chars_crlf+0x4a>
10003e30:	6803      	ldr	r3, [r0, #0]
10003e32:	0011      	movs	r1, r2
10003e34:	0028      	movs	r0, r5
10003e36:	4798      	blx	r3
10003e38:	e7f2      	b.n	10003e20 <stdio_out_chars_crlf+0x74>
10003e3a:	46c0      	nop			@ (mov r8, r8)
10003e3c:	1000b7f0 	.word	0x1000b7f0

10003e40 <stdio_buffered_printer>:
10003e40:	b5f8      	push	{r3, r4, r5, r6, r7, lr}
10003e42:	680b      	ldr	r3, [r1, #0]
10003e44:	000d      	movs	r5, r1
10003e46:	1c5a      	adds	r2, r3, #1
10003e48:	18cb      	adds	r3, r1, r3
10003e4a:	600a      	str	r2, [r1, #0]
10003e4c:	7118      	strb	r0, [r3, #4]
10003e4e:	2a80      	cmp	r2, #128	@ 0x80
10003e50:	d000      	beq.n	10003e54 <stdio_buffered_printer+0x14>
10003e52:	bdf8      	pop	{r3, r4, r5, r6, r7, pc}
10003e54:	4b0e      	ldr	r3, [pc, #56]	@ (10003e90 <stdio_buffered_printer+0x50>)
10003e56:	681c      	ldr	r4, [r3, #0]
10003e58:	2c00      	cmp	r4, #0
10003e5a:	d015      	beq.n	10003e88 <stdio_buffered_printer+0x48>
10003e5c:	4e0d      	ldr	r6, [pc, #52]	@ (10003e94 <stdio_buffered_printer+0x54>)
10003e5e:	1d0f      	adds	r7, r1, #4
10003e60:	e002      	b.n	10003e68 <stdio_buffered_printer+0x28>
10003e62:	6924      	ldr	r4, [r4, #16]
10003e64:	2c00      	cmp	r4, #0
10003e66:	d00f      	beq.n	10003e88 <stdio_buffered_printer+0x48>
10003e68:	6823      	ldr	r3, [r4, #0]
10003e6a:	2b00      	cmp	r3, #0
10003e6c:	d0f9      	beq.n	10003e62 <stdio_buffered_printer+0x22>
10003e6e:	6833      	ldr	r3, [r6, #0]
10003e70:	2b00      	cmp	r3, #0
10003e72:	d001      	beq.n	10003e78 <stdio_buffered_printer+0x38>
10003e74:	42a3      	cmp	r3, r4
10003e76:	d1f4      	bne.n	10003e62 <stdio_buffered_printer+0x22>
10003e78:	0020      	movs	r0, r4
10003e7a:	0039      	movs	r1, r7
10003e7c:	682a      	ldr	r2, [r5, #0]
10003e7e:	f7ff ff95 	bl	10003dac <stdio_out_chars_crlf>
10003e82:	6924      	ldr	r4, [r4, #16]
10003e84:	2c00      	cmp	r4, #0
10003e86:	d1ef      	bne.n	10003e68 <stdio_buffered_printer+0x28>
10003e88:	2300      	movs	r3, #0
10003e8a:	602b      	str	r3, [r5, #0]
10003e8c:	e7e1      	b.n	10003e52 <stdio_buffered_printer+0x12>
10003e8e:	46c0      	nop			@ (mov r8, r8)
10003e90:	20001b04 	.word	0x20001b04
10003e94:	20001b08 	.word	0x20001b08

10003e98 <stdio_put_string>:
10003e98:	b5f0      	push	{r4, r5, r6, r7, lr}
10003e9a:	46de      	mov	lr, fp
10003e9c:	4657      	mov	r7, sl
10003e9e:	464e      	mov	r6, r9
10003ea0:	4645      	mov	r5, r8
10003ea2:	b5e0      	push	{r5, r6, r7, lr}
10003ea4:	b085      	sub	sp, #20
10003ea6:	0017      	movs	r7, r2
10003ea8:	001c      	movs	r4, r3
10003eaa:	0006      	movs	r6, r0
10003eac:	000d      	movs	r5, r1
10003eae:	f7fd fb8b 	bl	100015c8 <time_us_64>
10003eb2:	2300      	movs	r3, #0
10003eb4:	4a31      	ldr	r2, [pc, #196]	@ (10003f7c <stdio_put_string+0xe4>)
10003eb6:	1812      	adds	r2, r2, r0
10003eb8:	414b      	adcs	r3, r1
10003eba:	2180      	movs	r1, #128	@ 0x80
10003ebc:	0609      	lsls	r1, r1, #24
10003ebe:	428b      	cmp	r3, r1
10003ec0:	d302      	bcc.n	10003ec8 <stdio_put_string+0x30>
10003ec2:	2201      	movs	r2, #1
10003ec4:	4b2e      	ldr	r3, [pc, #184]	@ (10003f80 <stdio_put_string+0xe8>)
10003ec6:	4252      	negs	r2, r2
10003ec8:	492e      	ldr	r1, [pc, #184]	@ (10003f84 <stdio_put_string+0xec>)
10003eca:	0008      	movs	r0, r1
10003ecc:	468a      	mov	sl, r1
10003ece:	f007 f893 	bl	1000aff8 <__mutex_try_enter_block_until_veneer>
10003ed2:	9001      	str	r0, [sp, #4]
10003ed4:	1c6b      	adds	r3, r5, #1
10003ed6:	d103      	bne.n	10003ee0 <stdio_put_string+0x48>
10003ed8:	0030      	movs	r0, r6
10003eda:	f006 ffff 	bl	1000aedc <strlen>
10003ede:	0005      	movs	r5, r0
10003ee0:	2c00      	cmp	r4, #0
10003ee2:	d026      	beq.n	10003f32 <stdio_put_string+0x9a>
10003ee4:	4b28      	ldr	r3, [pc, #160]	@ (10003f88 <stdio_put_string+0xf0>)
10003ee6:	4698      	mov	r8, r3
10003ee8:	4b28      	ldr	r3, [pc, #160]	@ (10003f8c <stdio_put_string+0xf4>)
10003eea:	681c      	ldr	r4, [r3, #0]
10003eec:	2c00      	cmp	r4, #0
10003eee:	d015      	beq.n	10003f1c <stdio_put_string+0x84>
10003ef0:	2f00      	cmp	r7, #0
10003ef2:	d121      	bne.n	10003f38 <stdio_put_string+0xa0>
10003ef4:	4f26      	ldr	r7, [pc, #152]	@ (10003f90 <stdio_put_string+0xf8>)
10003ef6:	e002      	b.n	10003efe <stdio_put_string+0x66>
10003ef8:	6924      	ldr	r4, [r4, #16]
10003efa:	2c00      	cmp	r4, #0
10003efc:	d00e      	beq.n	10003f1c <stdio_put_string+0x84>
10003efe:	6823      	ldr	r3, [r4, #0]
10003f00:	2b00      	cmp	r3, #0
10003f02:	d0f9      	beq.n	10003ef8 <stdio_put_string+0x60>
10003f04:	683b      	ldr	r3, [r7, #0]
10003f06:	2b00      	cmp	r3, #0
10003f08:	d001      	beq.n	10003f0e <stdio_put_string+0x76>
10003f0a:	429c      	cmp	r4, r3
10003f0c:	d1f4      	bne.n	10003ef8 <stdio_put_string+0x60>
10003f0e:	0020      	movs	r0, r4
10003f10:	002a      	movs	r2, r5
10003f12:	0031      	movs	r1, r6
10003f14:	47c0      	blx	r8
10003f16:	6924      	ldr	r4, [r4, #16]
10003f18:	2c00      	cmp	r4, #0
10003f1a:	d1f0      	bne.n	10003efe <stdio_put_string+0x66>
10003f1c:	9b01      	ldr	r3, [sp, #4]
10003f1e:	2b00      	cmp	r3, #0
10003f20:	d128      	bne.n	10003f74 <stdio_put_string+0xdc>
10003f22:	0028      	movs	r0, r5
10003f24:	b005      	add	sp, #20
10003f26:	bcf0      	pop	{r4, r5, r6, r7}
10003f28:	46bb      	mov	fp, r7
10003f2a:	46b2      	mov	sl, r6
10003f2c:	46a9      	mov	r9, r5
10003f2e:	46a0      	mov	r8, r4
10003f30:	bdf0      	pop	{r4, r5, r6, r7, pc}
10003f32:	4b18      	ldr	r3, [pc, #96]	@ (10003f94 <stdio_put_string+0xfc>)
10003f34:	4698      	mov	r8, r3
10003f36:	e7d7      	b.n	10003ee8 <stdio_put_string+0x50>
10003f38:	4b15      	ldr	r3, [pc, #84]	@ (10003f90 <stdio_put_string+0xf8>)
10003f3a:	4699      	mov	r9, r3
10003f3c:	ab02      	add	r3, sp, #8
10003f3e:	1ddf      	adds	r7, r3, #7
10003f40:	230a      	movs	r3, #10
10003f42:	469b      	mov	fp, r3
10003f44:	e002      	b.n	10003f4c <stdio_put_string+0xb4>
10003f46:	6924      	ldr	r4, [r4, #16]
10003f48:	2c00      	cmp	r4, #0
10003f4a:	d0e7      	beq.n	10003f1c <stdio_put_string+0x84>
10003f4c:	6823      	ldr	r3, [r4, #0]
10003f4e:	2b00      	cmp	r3, #0
10003f50:	d0f9      	beq.n	10003f46 <stdio_put_string+0xae>
10003f52:	464b      	mov	r3, r9
10003f54:	681b      	ldr	r3, [r3, #0]
10003f56:	2b00      	cmp	r3, #0
10003f58:	d001      	beq.n	10003f5e <stdio_put_string+0xc6>
10003f5a:	42a3      	cmp	r3, r4
10003f5c:	d1f3      	bne.n	10003f46 <stdio_put_string+0xae>
10003f5e:	002a      	movs	r2, r5
10003f60:	0031      	movs	r1, r6
10003f62:	0020      	movs	r0, r4
10003f64:	47c0      	blx	r8
10003f66:	465b      	mov	r3, fp
10003f68:	2201      	movs	r2, #1
10003f6a:	0039      	movs	r1, r7
10003f6c:	0020      	movs	r0, r4
10003f6e:	703b      	strb	r3, [r7, #0]
10003f70:	47c0      	blx	r8
10003f72:	e7e8      	b.n	10003f46 <stdio_put_string+0xae>
10003f74:	4650      	mov	r0, sl
10003f76:	f007 f81f 	bl	1000afb8 <__mutex_exit_veneer>
10003f7a:	e7d2      	b.n	10003f22 <stdio_put_string+0x8a>
10003f7c:	000f4240 	.word	0x000f4240
10003f80:	7fffffff 	.word	0x7fffffff
10003f84:	20000c18 	.word	0x20000c18
10003f88:	10003dad 	.word	0x10003dad
10003f8c:	20001b04 	.word	0x20001b04
10003f90:	20001b08 	.word	0x20001b08
10003f94:	10003d9d 	.word	0x10003d9d

10003f98 <stdio_set_driver_enabled>:
10003f98:	4a0a      	ldr	r2, [pc, #40]	@ (10003fc4 <stdio_set_driver_enabled+0x2c>)
10003f9a:	6813      	ldr	r3, [r2, #0]
10003f9c:	2b00      	cmp	r3, #0
10003f9e:	d105      	bne.n	10003fac <stdio_set_driver_enabled+0x14>
10003fa0:	e00c      	b.n	10003fbc <stdio_set_driver_enabled+0x24>
10003fa2:	001a      	movs	r2, r3
10003fa4:	691b      	ldr	r3, [r3, #16]
10003fa6:	3210      	adds	r2, #16
10003fa8:	2b00      	cmp	r3, #0
10003faa:	d007      	beq.n	10003fbc <stdio_set_driver_enabled+0x24>
10003fac:	4298      	cmp	r0, r3
10003fae:	d1f8      	bne.n	10003fa2 <stdio_set_driver_enabled+0xa>
10003fb0:	2900      	cmp	r1, #0
10003fb2:	d102      	bne.n	10003fba <stdio_set_driver_enabled+0x22>
10003fb4:	6903      	ldr	r3, [r0, #16]
10003fb6:	6013      	str	r3, [r2, #0]
10003fb8:	6101      	str	r1, [r0, #16]
10003fba:	4770      	bx	lr
10003fbc:	2900      	cmp	r1, #0
10003fbe:	d0fc      	beq.n	10003fba <stdio_set_driver_enabled+0x22>
10003fc0:	6010      	str	r0, [r2, #0]
10003fc2:	e7fa      	b.n	10003fba <stdio_set_driver_enabled+0x22>
10003fc4:	20001b04 	.word	0x20001b04

10003fc8 <stdio_init_all>:
10003fc8:	b510      	push	{r4, lr}
10003fca:	f000 f9ef 	bl	100043ac <stdio_uart_init>
10003fce:	2001      	movs	r0, #1
10003fd0:	bd10      	pop	{r4, pc}
10003fd2:	46c0      	nop			@ (mov r8, r8)

10003fd4 <__wrap_getchar>:
10003fd4:	b5f0      	push	{r4, r5, r6, r7, lr}
10003fd6:	46c6      	mov	lr, r8
10003fd8:	4b19      	ldr	r3, [pc, #100]	@ (10004040 <__wrap_getchar+0x6c>)
10003fda:	b500      	push	{lr}
10003fdc:	681a      	ldr	r2, [r3, #0]
10003fde:	685f      	ldr	r7, [r3, #4]
10003fe0:	4690      	mov	r8, r2
10003fe2:	4e18      	ldr	r6, [pc, #96]	@ (10004044 <__wrap_getchar+0x70>)
10003fe4:	4d18      	ldr	r5, [pc, #96]	@ (10004048 <__wrap_getchar+0x74>)
10003fe6:	b082      	sub	sp, #8
10003fe8:	6834      	ldr	r4, [r6, #0]
10003fea:	2c00      	cmp	r4, #0
10003fec:	d103      	bne.n	10003ff6 <__wrap_getchar+0x22>
10003fee:	e015      	b.n	1000401c <__wrap_getchar+0x48>
10003ff0:	6924      	ldr	r4, [r4, #16]
10003ff2:	2c00      	cmp	r4, #0
10003ff4:	d012      	beq.n	1000401c <__wrap_getchar+0x48>
10003ff6:	682b      	ldr	r3, [r5, #0]
10003ff8:	2b00      	cmp	r3, #0
10003ffa:	d001      	beq.n	10004000 <__wrap_getchar+0x2c>
10003ffc:	429c      	cmp	r4, r3
10003ffe:	d1f7      	bne.n	10003ff0 <__wrap_getchar+0x1c>
10004000:	68a3      	ldr	r3, [r4, #8]
10004002:	2b00      	cmp	r3, #0
10004004:	d0f4      	beq.n	10003ff0 <__wrap_getchar+0x1c>
10004006:	2101      	movs	r1, #1
10004008:	a801      	add	r0, sp, #4
1000400a:	4798      	blx	r3
1000400c:	2800      	cmp	r0, #0
1000400e:	ddef      	ble.n	10003ff0 <__wrap_getchar+0x1c>
10004010:	466b      	mov	r3, sp
10004012:	7918      	ldrb	r0, [r3, #4]
10004014:	b002      	add	sp, #8
10004016:	bc80      	pop	{r7}
10004018:	46b8      	mov	r8, r7
1000401a:	bdf0      	pop	{r4, r5, r6, r7, pc}
1000401c:	4b0b      	ldr	r3, [pc, #44]	@ (1000404c <__wrap_getchar+0x78>)
1000401e:	6a5a      	ldr	r2, [r3, #36]	@ 0x24
10004020:	4297      	cmp	r7, r2
10004022:	d807      	bhi.n	10004034 <__wrap_getchar+0x60>
10004024:	6a9b      	ldr	r3, [r3, #40]	@ 0x28
10004026:	4543      	cmp	r3, r8
10004028:	d302      	bcc.n	10004030 <__wrap_getchar+0x5c>
1000402a:	2002      	movs	r0, #2
1000402c:	4240      	negs	r0, r0
1000402e:	e7f1      	b.n	10004014 <__wrap_getchar+0x40>
10004030:	4297      	cmp	r7, r2
10004032:	d1fa      	bne.n	1000402a <__wrap_getchar+0x56>
10004034:	2001      	movs	r0, #1
10004036:	2100      	movs	r1, #0
10004038:	f7fd fad0 	bl	100015dc <busy_wait_us>
1000403c:	e7d4      	b.n	10003fe8 <__wrap_getchar+0x14>
1000403e:	46c0      	nop			@ (mov r8, r8)
10004040:	1000b598 	.word	0x1000b598
10004044:	20001b04 	.word	0x20001b04
10004048:	20001b08 	.word	0x20001b08
1000404c:	40054000 	.word	0x40054000

10004050 <__wrap_putchar>:
10004050:	b5f0      	push	{r4, r5, r6, r7, lr}
10004052:	46ce      	mov	lr, r9
10004054:	4647      	mov	r7, r8
10004056:	b580      	push	{r7, lr}
10004058:	b083      	sub	sp, #12
1000405a:	466b      	mov	r3, sp
1000405c:	0006      	movs	r6, r0
1000405e:	1ddd      	adds	r5, r3, #7
10004060:	7028      	strb	r0, [r5, #0]
10004062:	f7fd fab1 	bl	100015c8 <time_us_64>
10004066:	2300      	movs	r3, #0
10004068:	4a1a      	ldr	r2, [pc, #104]	@ (100040d4 <__wrap_putchar+0x84>)
1000406a:	1812      	adds	r2, r2, r0
1000406c:	414b      	adcs	r3, r1
1000406e:	2180      	movs	r1, #128	@ 0x80
10004070:	0609      	lsls	r1, r1, #24
10004072:	428b      	cmp	r3, r1
10004074:	d302      	bcc.n	1000407c <__wrap_putchar+0x2c>
10004076:	2201      	movs	r2, #1
10004078:	4b17      	ldr	r3, [pc, #92]	@ (100040d8 <__wrap_putchar+0x88>)
1000407a:	4252      	negs	r2, r2
1000407c:	4917      	ldr	r1, [pc, #92]	@ (100040dc <__wrap_putchar+0x8c>)
1000407e:	0008      	movs	r0, r1
10004080:	4688      	mov	r8, r1
10004082:	f006 ffb9 	bl	1000aff8 <__mutex_try_enter_block_until_veneer>
10004086:	4b16      	ldr	r3, [pc, #88]	@ (100040e0 <__wrap_putchar+0x90>)
10004088:	4681      	mov	r9, r0
1000408a:	681c      	ldr	r4, [r3, #0]
1000408c:	2c00      	cmp	r4, #0
1000408e:	d014      	beq.n	100040ba <__wrap_putchar+0x6a>
10004090:	4f14      	ldr	r7, [pc, #80]	@ (100040e4 <__wrap_putchar+0x94>)
10004092:	e002      	b.n	1000409a <__wrap_putchar+0x4a>
10004094:	6924      	ldr	r4, [r4, #16]
10004096:	2c00      	cmp	r4, #0
10004098:	d00f      	beq.n	100040ba <__wrap_putchar+0x6a>
1000409a:	6823      	ldr	r3, [r4, #0]
1000409c:	2b00      	cmp	r3, #0
1000409e:	d0f9      	beq.n	10004094 <__wrap_putchar+0x44>
100040a0:	683b      	ldr	r3, [r7, #0]
100040a2:	2b00      	cmp	r3, #0
100040a4:	d001      	beq.n	100040aa <__wrap_putchar+0x5a>
100040a6:	429c      	cmp	r4, r3
100040a8:	d1f4      	bne.n	10004094 <__wrap_putchar+0x44>
100040aa:	0020      	movs	r0, r4
100040ac:	2201      	movs	r2, #1
100040ae:	0029      	movs	r1, r5
100040b0:	f7ff fe7c 	bl	10003dac <stdio_out_chars_crlf>
100040b4:	6924      	ldr	r4, [r4, #16]
100040b6:	2c00      	cmp	r4, #0
100040b8:	d1ef      	bne.n	1000409a <__wrap_putchar+0x4a>
100040ba:	464b      	mov	r3, r9
100040bc:	2b00      	cmp	r3, #0
100040be:	d105      	bne.n	100040cc <__wrap_putchar+0x7c>
100040c0:	0030      	movs	r0, r6
100040c2:	b003      	add	sp, #12
100040c4:	bcc0      	pop	{r6, r7}
100040c6:	46b9      	mov	r9, r7
100040c8:	46b0      	mov	r8, r6
100040ca:	bdf0      	pop	{r4, r5, r6, r7, pc}
100040cc:	4640      	mov	r0, r8
100040ce:	f006 ff73 	bl	1000afb8 <__mutex_exit_veneer>
100040d2:	e7f5      	b.n	100040c0 <__wrap_putchar+0x70>
100040d4:	000f4240 	.word	0x000f4240
100040d8:	7fffffff 	.word	0x7fffffff
100040dc:	20000c18 	.word	0x20000c18
100040e0:	20001b04 	.word	0x20001b04
100040e4:	20001b08 	.word	0x20001b08

100040e8 <__wrap_puts>:
100040e8:	b570      	push	{r4, r5, r6, lr}
100040ea:	0004      	movs	r4, r0
100040ec:	f006 fef6 	bl	1000aedc <strlen>
100040f0:	2301      	movs	r3, #1
100040f2:	0001      	movs	r1, r0
100040f4:	0005      	movs	r5, r0
100040f6:	2201      	movs	r2, #1
100040f8:	0020      	movs	r0, r4
100040fa:	f7ff fecd 	bl	10003e98 <stdio_put_string>
100040fe:	4b08      	ldr	r3, [pc, #32]	@ (10004120 <__wrap_puts+0x38>)
10004100:	681c      	ldr	r4, [r3, #0]
10004102:	2c00      	cmp	r4, #0
10004104:	d006      	beq.n	10004114 <__wrap_puts+0x2c>
10004106:	6863      	ldr	r3, [r4, #4]
10004108:	2b00      	cmp	r3, #0
1000410a:	d005      	beq.n	10004118 <__wrap_puts+0x30>
1000410c:	4798      	blx	r3
1000410e:	6924      	ldr	r4, [r4, #16]
10004110:	2c00      	cmp	r4, #0
10004112:	d1f8      	bne.n	10004106 <__wrap_puts+0x1e>
10004114:	0028      	movs	r0, r5
10004116:	bd70      	pop	{r4, r5, r6, pc}
10004118:	6924      	ldr	r4, [r4, #16]
1000411a:	2c00      	cmp	r4, #0
1000411c:	d1f3      	bne.n	10004106 <__wrap_puts+0x1e>
1000411e:	e7f9      	b.n	10004114 <__wrap_puts+0x2c>
10004120:	20001b04 	.word	0x20001b04

10004124 <__wrap_vprintf>:
10004124:	b5f0      	push	{r4, r5, r6, r7, lr}
10004126:	46ce      	mov	lr, r9
10004128:	4647      	mov	r7, r8
1000412a:	b580      	push	{r7, lr}
1000412c:	b0a3      	sub	sp, #140	@ 0x8c
1000412e:	0004      	movs	r4, r0
10004130:	000d      	movs	r5, r1
10004132:	f7fd fa49 	bl	100015c8 <time_us_64>
10004136:	2300      	movs	r3, #0
10004138:	4a29      	ldr	r2, [pc, #164]	@ (100041e0 <__wrap_vprintf+0xbc>)
1000413a:	1812      	adds	r2, r2, r0
1000413c:	414b      	adcs	r3, r1
1000413e:	2180      	movs	r1, #128	@ 0x80
10004140:	0609      	lsls	r1, r1, #24
10004142:	428b      	cmp	r3, r1
10004144:	d302      	bcc.n	1000414c <__wrap_vprintf+0x28>
10004146:	2201      	movs	r2, #1
10004148:	4b26      	ldr	r3, [pc, #152]	@ (100041e4 <__wrap_vprintf+0xc0>)
1000414a:	4252      	negs	r2, r2
1000414c:	4f26      	ldr	r7, [pc, #152]	@ (100041e8 <__wrap_vprintf+0xc4>)
1000414e:	0038      	movs	r0, r7
10004150:	f006 ff52 	bl	1000aff8 <__mutex_try_enter_block_until_veneer>
10004154:	2300      	movs	r3, #0
10004156:	0006      	movs	r6, r0
10004158:	9301      	str	r3, [sp, #4]
1000415a:	0022      	movs	r2, r4
1000415c:	002b      	movs	r3, r5
1000415e:	4823      	ldr	r0, [pc, #140]	@ (100041ec <__wrap_vprintf+0xc8>)
10004160:	a901      	add	r1, sp, #4
10004162:	f7ff fdb7 	bl	10003cd4 <vfctprintf>
10004166:	9b01      	ldr	r3, [sp, #4]
10004168:	4680      	mov	r8, r0
1000416a:	2b00      	cmp	r3, #0
1000416c:	d114      	bne.n	10004198 <__wrap_vprintf+0x74>
1000416e:	4b20      	ldr	r3, [pc, #128]	@ (100041f0 <__wrap_vprintf+0xcc>)
10004170:	681c      	ldr	r4, [r3, #0]
10004172:	2c00      	cmp	r4, #0
10004174:	d006      	beq.n	10004184 <__wrap_vprintf+0x60>
10004176:	6863      	ldr	r3, [r4, #4]
10004178:	2b00      	cmp	r3, #0
1000417a:	d00b      	beq.n	10004194 <__wrap_vprintf+0x70>
1000417c:	4798      	blx	r3
1000417e:	6924      	ldr	r4, [r4, #16]
10004180:	2c00      	cmp	r4, #0
10004182:	d1f8      	bne.n	10004176 <__wrap_vprintf+0x52>
10004184:	2e00      	cmp	r6, #0
10004186:	d125      	bne.n	100041d4 <__wrap_vprintf+0xb0>
10004188:	4640      	mov	r0, r8
1000418a:	b023      	add	sp, #140	@ 0x8c
1000418c:	bcc0      	pop	{r6, r7}
1000418e:	46b9      	mov	r9, r7
10004190:	46b0      	mov	r8, r6
10004192:	bdf0      	pop	{r4, r5, r6, r7, pc}
10004194:	6924      	ldr	r4, [r4, #16]
10004196:	e7ec      	b.n	10004172 <__wrap_vprintf+0x4e>
10004198:	4b15      	ldr	r3, [pc, #84]	@ (100041f0 <__wrap_vprintf+0xcc>)
1000419a:	681d      	ldr	r5, [r3, #0]
1000419c:	4699      	mov	r9, r3
1000419e:	2d00      	cmp	r5, #0
100041a0:	d01c      	beq.n	100041dc <__wrap_vprintf+0xb8>
100041a2:	4c14      	ldr	r4, [pc, #80]	@ (100041f4 <__wrap_vprintf+0xd0>)
100041a4:	e002      	b.n	100041ac <__wrap_vprintf+0x88>
100041a6:	692d      	ldr	r5, [r5, #16]
100041a8:	2d00      	cmp	r5, #0
100041aa:	d00f      	beq.n	100041cc <__wrap_vprintf+0xa8>
100041ac:	682b      	ldr	r3, [r5, #0]
100041ae:	2b00      	cmp	r3, #0
100041b0:	d0f9      	beq.n	100041a6 <__wrap_vprintf+0x82>
100041b2:	6823      	ldr	r3, [r4, #0]
100041b4:	2b00      	cmp	r3, #0
100041b6:	d001      	beq.n	100041bc <__wrap_vprintf+0x98>
100041b8:	42ab      	cmp	r3, r5
100041ba:	d1f4      	bne.n	100041a6 <__wrap_vprintf+0x82>
100041bc:	0028      	movs	r0, r5
100041be:	9a01      	ldr	r2, [sp, #4]
100041c0:	a902      	add	r1, sp, #8
100041c2:	f7ff fdf3 	bl	10003dac <stdio_out_chars_crlf>
100041c6:	692d      	ldr	r5, [r5, #16]
100041c8:	2d00      	cmp	r5, #0
100041ca:	d1ef      	bne.n	100041ac <__wrap_vprintf+0x88>
100041cc:	464b      	mov	r3, r9
100041ce:	9501      	str	r5, [sp, #4]
100041d0:	681c      	ldr	r4, [r3, #0]
100041d2:	e7ce      	b.n	10004172 <__wrap_vprintf+0x4e>
100041d4:	0038      	movs	r0, r7
100041d6:	f006 feef 	bl	1000afb8 <__mutex_exit_veneer>
100041da:	e7d5      	b.n	10004188 <__wrap_vprintf+0x64>
100041dc:	9501      	str	r5, [sp, #4]
100041de:	e7d1      	b.n	10004184 <__wrap_vprintf+0x60>
100041e0:	000f4240 	.word	0x000f4240
100041e4:	7fffffff 	.word	0x7fffffff
100041e8:	20000c18 	.word	0x20000c18
100041ec:	10003e41 	.word	0x10003e41
100041f0:	20001b04 	.word	0x20001b04
100041f4:	20001b08 	.word	0x20001b08

100041f8 <__wrap_printf>:
100041f8:	b40f      	push	{r0, r1, r2, r3}
100041fa:	b500      	push	{lr}
100041fc:	b083      	sub	sp, #12
100041fe:	a904      	add	r1, sp, #16
10004200:	c901      	ldmia	r1!, {r0}
10004202:	9101      	str	r1, [sp, #4]
10004204:	f7ff ff8e 	bl	10004124 <__wrap_vprintf>
10004208:	b003      	add	sp, #12
1000420a:	bc08      	pop	{r3}
1000420c:	b004      	add	sp, #16
1000420e:	4718      	bx	r3

10004210 <stdio_uart_out_chars>:
10004210:	b5f0      	push	{r4, r5, r6, r7, lr}
10004212:	2900      	cmp	r1, #0
10004214:	dd15      	ble.n	10004242 <stdio_uart_out_chars+0x32>
10004216:	4b0e      	ldr	r3, [pc, #56]	@ (10004250 <stdio_uart_out_chars+0x40>)
10004218:	270d      	movs	r7, #13
1000421a:	681a      	ldr	r2, [r3, #0]
1000421c:	4b0d      	ldr	r3, [pc, #52]	@ (10004254 <stdio_uart_out_chars+0x44>)
1000421e:	4c0e      	ldr	r4, [pc, #56]	@ (10004258 <stdio_uart_out_chars+0x48>)
10004220:	18d3      	adds	r3, r2, r3
10004222:	425d      	negs	r5, r3
10004224:	416b      	adcs	r3, r5
10004226:	1845      	adds	r5, r0, r1
10004228:	2120      	movs	r1, #32
1000422a:	005b      	lsls	r3, r3, #1
1000422c:	5f1e      	ldrsh	r6, [r3, r4]
1000422e:	7804      	ldrb	r4, [r0, #0]
10004230:	42a6      	cmp	r6, r4
10004232:	d007      	beq.n	10004244 <stdio_uart_out_chars+0x34>
10004234:	6993      	ldr	r3, [r2, #24]
10004236:	4219      	tst	r1, r3
10004238:	d1fc      	bne.n	10004234 <stdio_uart_out_chars+0x24>
1000423a:	3001      	adds	r0, #1
1000423c:	6014      	str	r4, [r2, #0]
1000423e:	42a8      	cmp	r0, r5
10004240:	d1f5      	bne.n	1000422e <stdio_uart_out_chars+0x1e>
10004242:	bdf0      	pop	{r4, r5, r6, r7, pc}
10004244:	6993      	ldr	r3, [r2, #24]
10004246:	4219      	tst	r1, r3
10004248:	d1fc      	bne.n	10004244 <stdio_uart_out_chars+0x34>
1000424a:	6017      	str	r7, [r2, #0]
1000424c:	e7f2      	b.n	10004234 <stdio_uart_out_chars+0x24>
1000424e:	46c0      	nop			@ (mov r8, r8)
10004250:	20001ee0 	.word	0x20001ee0
10004254:	bffc8000 	.word	0xbffc8000
10004258:	20001edc 	.word	0x20001edc

1000425c <stdio_uart_in_chars>:
1000425c:	4b20      	ldr	r3, [pc, #128]	@ (100042e0 <stdio_uart_in_chars+0x84>)
1000425e:	b570      	push	{r4, r5, r6, lr}
10004260:	0004      	movs	r4, r0
10004262:	1e0d      	subs	r5, r1, #0
10004264:	681e      	ldr	r6, [r3, #0]
10004266:	dd2a      	ble.n	100042be <stdio_uart_in_chars+0x62>
10004268:	2000      	movs	r0, #0
1000426a:	2110      	movs	r1, #16
1000426c:	4b1d      	ldr	r3, [pc, #116]	@ (100042e4 <stdio_uart_in_chars+0x88>)
1000426e:	3c01      	subs	r4, #1
10004270:	681a      	ldr	r2, [r3, #0]
10004272:	6993      	ldr	r3, [r2, #24]
10004274:	4219      	tst	r1, r3
10004276:	d114      	bne.n	100042a2 <stdio_uart_in_chars+0x46>
10004278:	3001      	adds	r0, #1
1000427a:	6993      	ldr	r3, [r2, #24]
1000427c:	4219      	tst	r1, r3
1000427e:	d1fc      	bne.n	1000427a <stdio_uart_in_chars+0x1e>
10004280:	6813      	ldr	r3, [r2, #0]
10004282:	5423      	strb	r3, [r4, r0]
10004284:	4285      	cmp	r5, r0
10004286:	d1f4      	bne.n	10004272 <stdio_uart_in_chars+0x16>
10004288:	2e00      	cmp	r6, #0
1000428a:	d008      	beq.n	1000429e <stdio_uart_in_chars+0x42>
1000428c:	2350      	movs	r3, #80	@ 0x50
1000428e:	6393      	str	r3, [r2, #56]	@ 0x38
10004290:	6b51      	ldr	r1, [r2, #52]	@ 0x34
10004292:	3b18      	subs	r3, #24
10004294:	400b      	ands	r3, r1
10004296:	4914      	ldr	r1, [pc, #80]	@ (100042e8 <stdio_uart_in_chars+0x8c>)
10004298:	468c      	mov	ip, r1
1000429a:	4462      	add	r2, ip
1000429c:	6013      	str	r3, [r2, #0]
1000429e:	0028      	movs	r0, r5
100042a0:	e00c      	b.n	100042bc <stdio_uart_in_chars+0x60>
100042a2:	2e00      	cmp	r6, #0
100042a4:	d008      	beq.n	100042b8 <stdio_uart_in_chars+0x5c>
100042a6:	2350      	movs	r3, #80	@ 0x50
100042a8:	6393      	str	r3, [r2, #56]	@ 0x38
100042aa:	6b51      	ldr	r1, [r2, #52]	@ 0x34
100042ac:	3b18      	subs	r3, #24
100042ae:	400b      	ands	r3, r1
100042b0:	490d      	ldr	r1, [pc, #52]	@ (100042e8 <stdio_uart_in_chars+0x8c>)
100042b2:	468c      	mov	ip, r1
100042b4:	4462      	add	r2, ip
100042b6:	6013      	str	r3, [r2, #0]
100042b8:	2800      	cmp	r0, #0
100042ba:	d00d      	beq.n	100042d8 <stdio_uart_in_chars+0x7c>
100042bc:	bd70      	pop	{r4, r5, r6, pc}
100042be:	2e00      	cmp	r6, #0
100042c0:	d00a      	beq.n	100042d8 <stdio_uart_in_chars+0x7c>
100042c2:	2250      	movs	r2, #80	@ 0x50
100042c4:	4b07      	ldr	r3, [pc, #28]	@ (100042e4 <stdio_uart_in_chars+0x88>)
100042c6:	681b      	ldr	r3, [r3, #0]
100042c8:	639a      	str	r2, [r3, #56]	@ 0x38
100042ca:	6b59      	ldr	r1, [r3, #52]	@ 0x34
100042cc:	3a18      	subs	r2, #24
100042ce:	400a      	ands	r2, r1
100042d0:	4905      	ldr	r1, [pc, #20]	@ (100042e8 <stdio_uart_in_chars+0x8c>)
100042d2:	468c      	mov	ip, r1
100042d4:	4463      	add	r3, ip
100042d6:	601a      	str	r2, [r3, #0]
100042d8:	2003      	movs	r0, #3
100042da:	4240      	negs	r0, r0
100042dc:	e7ee      	b.n	100042bc <stdio_uart_in_chars+0x60>
100042de:	46c0      	nop			@ (mov r8, r8)
100042e0:	200011e0 	.word	0x200011e0
100042e4:	20001ee0 	.word	0x20001ee0
100042e8:	00001034 	.word	0x00001034

100042ec <on_uart_rx>:
100042ec:	4b06      	ldr	r3, [pc, #24]	@ (10004308 <on_uart_rx+0x1c>)
100042ee:	b510      	push	{r4, lr}
100042f0:	681b      	ldr	r3, [r3, #0]
100042f2:	2b00      	cmp	r3, #0
100042f4:	d006      	beq.n	10004304 <on_uart_rx+0x18>
100042f6:	2100      	movs	r1, #0
100042f8:	4a04      	ldr	r2, [pc, #16]	@ (1000430c <on_uart_rx+0x20>)
100042fa:	6812      	ldr	r2, [r2, #0]
100042fc:	6391      	str	r1, [r2, #56]	@ 0x38
100042fe:	4a04      	ldr	r2, [pc, #16]	@ (10004310 <on_uart_rx+0x24>)
10004300:	6810      	ldr	r0, [r2, #0]
10004302:	4798      	blx	r3
10004304:	bd10      	pop	{r4, pc}
10004306:	46c0      	nop			@ (mov r8, r8)
10004308:	200011e0 	.word	0x200011e0
1000430c:	20001ee0 	.word	0x20001ee0
10004310:	200011e4 	.word	0x200011e4

10004314 <stdio_uart_out_flush>:
10004314:	2208      	movs	r2, #8
10004316:	4b03      	ldr	r3, [pc, #12]	@ (10004324 <stdio_uart_out_flush+0x10>)
10004318:	6819      	ldr	r1, [r3, #0]
1000431a:	698b      	ldr	r3, [r1, #24]
1000431c:	421a      	tst	r2, r3
1000431e:	d1fc      	bne.n	1000431a <stdio_uart_out_flush+0x6>
10004320:	4770      	bx	lr
10004322:	46c0      	nop			@ (mov r8, r8)
10004324:	20001ee0 	.word	0x20001ee0

10004328 <stdio_uart_set_chars_available_callback>:
10004328:	b5f8      	push	{r3, r4, r5, r6, r7, lr}
1000432a:	4f1a      	ldr	r7, [pc, #104]	@ (10004394 <stdio_uart_set_chars_available_callback+0x6c>)
1000432c:	4b1a      	ldr	r3, [pc, #104]	@ (10004398 <stdio_uart_set_chars_available_callback+0x70>)
1000432e:	683a      	ldr	r2, [r7, #0]
10004330:	0005      	movs	r5, r0
10004332:	18d3      	adds	r3, r2, r3
10004334:	4258      	negs	r0, r3
10004336:	4143      	adcs	r3, r0
10004338:	4e18      	ldr	r6, [pc, #96]	@ (1000439c <stdio_uart_set_chars_available_callback+0x74>)
1000433a:	3314      	adds	r3, #20
1000433c:	001c      	movs	r4, r3
1000433e:	6833      	ldr	r3, [r6, #0]
10004340:	2d00      	cmp	r5, #0
10004342:	d002      	beq.n	1000434a <stdio_uart_set_chars_available_callback+0x22>
10004344:	2b00      	cmp	r3, #0
10004346:	d00f      	beq.n	10004368 <stdio_uart_set_chars_available_callback+0x40>
10004348:	bdf8      	pop	{r3, r4, r5, r6, r7, pc}
1000434a:	2b00      	cmp	r3, #0
1000434c:	d0fc      	beq.n	10004348 <stdio_uart_set_chars_available_callback+0x20>
1000434e:	2100      	movs	r1, #0
10004350:	0020      	movs	r0, r4
10004352:	6395      	str	r5, [r2, #56]	@ 0x38
10004354:	f7fc f996 	bl	10000684 <irq_set_enabled>
10004358:	0020      	movs	r0, r4
1000435a:	4911      	ldr	r1, [pc, #68]	@ (100043a0 <stdio_uart_set_chars_available_callback+0x78>)
1000435c:	f7fc fac2 	bl	100008e4 <irq_remove_handler>
10004360:	4b10      	ldr	r3, [pc, #64]	@ (100043a4 <stdio_uart_set_chars_available_callback+0x7c>)
10004362:	6035      	str	r5, [r6, #0]
10004364:	601d      	str	r5, [r3, #0]
10004366:	e7ef      	b.n	10004348 <stdio_uart_set_chars_available_callback+0x20>
10004368:	4b0e      	ldr	r3, [pc, #56]	@ (100043a4 <stdio_uart_set_chars_available_callback+0x7c>)
1000436a:	0020      	movs	r0, r4
1000436c:	6019      	str	r1, [r3, #0]
1000436e:	490c      	ldr	r1, [pc, #48]	@ (100043a0 <stdio_uart_set_chars_available_callback+0x78>)
10004370:	6035      	str	r5, [r6, #0]
10004372:	f7fc f9a1 	bl	100006b8 <irq_set_exclusive_handler>
10004376:	2101      	movs	r1, #1
10004378:	0020      	movs	r0, r4
1000437a:	f7fc f983 	bl	10000684 <irq_set_enabled>
1000437e:	2250      	movs	r2, #80	@ 0x50
10004380:	683b      	ldr	r3, [r7, #0]
10004382:	639a      	str	r2, [r3, #56]	@ 0x38
10004384:	6b59      	ldr	r1, [r3, #52]	@ 0x34
10004386:	3a18      	subs	r2, #24
10004388:	400a      	ands	r2, r1
1000438a:	4907      	ldr	r1, [pc, #28]	@ (100043a8 <stdio_uart_set_chars_available_callback+0x80>)
1000438c:	468c      	mov	ip, r1
1000438e:	4463      	add	r3, ip
10004390:	601a      	str	r2, [r3, #0]
10004392:	e7d9      	b.n	10004348 <stdio_uart_set_chars_available_callback+0x20>
10004394:	20001ee0 	.word	0x20001ee0
10004398:	bffc8000 	.word	0xbffc8000
1000439c:	200011e0 	.word	0x200011e0
100043a0:	100042ed 	.word	0x100042ed
100043a4:	200011e4 	.word	0x200011e4
100043a8:	00001034 	.word	0x00001034

100043ac <stdio_uart_init>:
100043ac:	4b0d      	ldr	r3, [pc, #52]	@ (100043e4 <stdio_uart_init+0x38>)
100043ae:	b510      	push	{r4, lr}
100043b0:	781b      	ldrb	r3, [r3, #0]
100043b2:	4b0d      	ldr	r3, [pc, #52]	@ (100043e8 <stdio_uart_init+0x3c>)
100043b4:	4c0d      	ldr	r4, [pc, #52]	@ (100043ec <stdio_uart_init+0x40>)
100043b6:	781b      	ldrb	r3, [r3, #0]
100043b8:	4b0d      	ldr	r3, [pc, #52]	@ (100043f0 <stdio_uart_init+0x44>)
100043ba:	2102      	movs	r1, #2
100043bc:	781b      	ldrb	r3, [r3, #0]
100043be:	4b0d      	ldr	r3, [pc, #52]	@ (100043f4 <stdio_uart_init+0x48>)
100043c0:	2000      	movs	r0, #0
100043c2:	6023      	str	r3, [r4, #0]
100043c4:	f7fb ffc6 	bl	10000354 <gpio_set_function>
100043c8:	2102      	movs	r1, #2
100043ca:	2001      	movs	r0, #1
100043cc:	f7fb ffc2 	bl	10000354 <gpio_set_function>
100043d0:	21e1      	movs	r1, #225	@ 0xe1
100043d2:	6820      	ldr	r0, [r4, #0]
100043d4:	0249      	lsls	r1, r1, #9
100043d6:	f7fd f945 	bl	10001664 <uart_init>
100043da:	2101      	movs	r1, #1
100043dc:	4806      	ldr	r0, [pc, #24]	@ (100043f8 <stdio_uart_init+0x4c>)
100043de:	f7ff fddb 	bl	10003f98 <stdio_set_driver_enabled>
100043e2:	bd10      	pop	{r4, pc}
100043e4:	10042e10 	.word	0x10042e10
100043e8:	10042e0c 	.word	0x10042e0c
100043ec:	20001ee0 	.word	0x20001ee0
100043f0:	10042e08 	.word	0x10042e08
100043f4:	40034000 	.word	0x40034000
100043f8:	20000690 	.word	0x20000690

100043fc <runtime_init_per_core_tls_setup>:
100043fc:	2200      	movs	r2, #0
100043fe:	4b01      	ldr	r3, [pc, #4]	@ (10004404 <runtime_init_per_core_tls_setup+0x8>)
10004400:	605a      	str	r2, [r3, #4]
10004402:	4770      	bx	lr
10004404:	200010a4 	.word	0x200010a4

10004408 <async_context_base_add_at_time_worker>:
10004408:	6883      	ldr	r3, [r0, #8]
1000440a:	3008      	adds	r0, #8
1000440c:	2b00      	cmp	r3, #0
1000440e:	d104      	bne.n	1000441a <async_context_base_add_at_time_worker+0x12>
10004410:	e007      	b.n	10004422 <async_context_base_add_at_time_worker+0x1a>
10004412:	0018      	movs	r0, r3
10004414:	681b      	ldr	r3, [r3, #0]
10004416:	2b00      	cmp	r3, #0
10004418:	d003      	beq.n	10004422 <async_context_base_add_at_time_worker+0x1a>
1000441a:	4299      	cmp	r1, r3
1000441c:	d1f9      	bne.n	10004412 <async_context_base_add_at_time_worker+0xa>
1000441e:	2000      	movs	r0, #0
10004420:	e003      	b.n	1000442a <async_context_base_add_at_time_worker+0x22>
10004422:	2300      	movs	r3, #0
10004424:	6001      	str	r1, [r0, #0]
10004426:	2001      	movs	r0, #1
10004428:	600b      	str	r3, [r1, #0]
1000442a:	4770      	bx	lr

1000442c <async_context_base_remove_at_time_worker>:
1000442c:	6883      	ldr	r3, [r0, #8]
1000442e:	2b00      	cmp	r3, #0
10004430:	d008      	beq.n	10004444 <async_context_base_remove_at_time_worker+0x18>
10004432:	428b      	cmp	r3, r1
10004434:	d102      	bne.n	1000443c <async_context_base_remove_at_time_worker+0x10>
10004436:	e007      	b.n	10004448 <async_context_base_remove_at_time_worker+0x1c>
10004438:	4299      	cmp	r1, r3
1000443a:	d006      	beq.n	1000444a <async_context_base_remove_at_time_worker+0x1e>
1000443c:	0018      	movs	r0, r3
1000443e:	681b      	ldr	r3, [r3, #0]
10004440:	2b00      	cmp	r3, #0
10004442:	d1f9      	bne.n	10004438 <async_context_base_remove_at_time_worker+0xc>
10004444:	2000      	movs	r0, #0
10004446:	4770      	bx	lr
10004448:	3008      	adds	r0, #8
1000444a:	680b      	ldr	r3, [r1, #0]
1000444c:	6003      	str	r3, [r0, #0]
1000444e:	2001      	movs	r0, #1
10004450:	e7f9      	b.n	10004446 <async_context_base_remove_at_time_worker+0x1a>
10004452:	46c0      	nop			@ (mov r8, r8)

10004454 <async_context_base_add_when_pending_worker>:
10004454:	6843      	ldr	r3, [r0, #4]
10004456:	3004      	adds	r0, #4
10004458:	2b00      	cmp	r3, #0
1000445a:	d104      	bne.n	10004466 <async_context_base_add_when_pending_worker+0x12>
1000445c:	e007      	b.n	1000446e <async_context_base_add_when_pending_worker+0x1a>
1000445e:	0018      	movs	r0, r3
10004460:	681b      	ldr	r3, [r3, #0]
10004462:	2b00      	cmp	r3, #0
10004464:	d003      	beq.n	1000446e <async_context_base_add_when_pending_worker+0x1a>
10004466:	4299      	cmp	r1, r3
10004468:	d1f9      	bne.n	1000445e <async_context_base_add_when_pending_worker+0xa>
1000446a:	2000      	movs	r0, #0
1000446c:	e003      	b.n	10004476 <async_context_base_add_when_pending_worker+0x22>
1000446e:	2300      	movs	r3, #0
10004470:	6001      	str	r1, [r0, #0]
10004472:	2001      	movs	r0, #1
10004474:	600b      	str	r3, [r1, #0]
10004476:	4770      	bx	lr

10004478 <async_context_base_remove_when_pending_worker>:
10004478:	6843      	ldr	r3, [r0, #4]
1000447a:	2b00      	cmp	r3, #0
1000447c:	d008      	beq.n	10004490 <async_context_base_remove_when_pending_worker+0x18>
1000447e:	428b      	cmp	r3, r1
10004480:	d102      	bne.n	10004488 <async_context_base_remove_when_pending_worker+0x10>
10004482:	e007      	b.n	10004494 <async_context_base_remove_when_pending_worker+0x1c>
10004484:	4299      	cmp	r1, r3
10004486:	d006      	beq.n	10004496 <async_context_base_remove_when_pending_worker+0x1e>
10004488:	0018      	movs	r0, r3
1000448a:	681b      	ldr	r3, [r3, #0]
1000448c:	2b00      	cmp	r3, #0
1000448e:	d1f9      	bne.n	10004484 <async_context_base_remove_when_pending_worker+0xc>
10004490:	2000      	movs	r0, #0
10004492:	4770      	bx	lr
10004494:	3004      	adds	r0, #4
10004496:	680b      	ldr	r3, [r1, #0]
10004498:	6003      	str	r3, [r0, #0]
1000449a:	2001      	movs	r0, #1
1000449c:	e7f9      	b.n	10004492 <async_context_base_remove_when_pending_worker+0x1a>
1000449e:	46c0      	nop			@ (mov r8, r8)

100044a0 <async_context_base_execute_once>:
100044a0:	b5f0      	push	{r4, r5, r6, r7, lr}
100044a2:	4657      	mov	r7, sl
100044a4:	46de      	mov	lr, fp
100044a6:	4646      	mov	r6, r8
100044a8:	b5c0      	push	{r6, r7, lr}
100044aa:	4b3e      	ldr	r3, [pc, #248]	@ (100045a4 <async_context_base_execute_once+0x104>)
100044ac:	b082      	sub	sp, #8
100044ae:	685c      	ldr	r4, [r3, #4]
100044b0:	681b      	ldr	r3, [r3, #0]
100044b2:	9300      	str	r3, [sp, #0]
100044b4:	9401      	str	r4, [sp, #4]
100044b6:	6883      	ldr	r3, [r0, #8]
100044b8:	4682      	mov	sl, r0
100044ba:	2b00      	cmp	r3, #0
100044bc:	d02c      	beq.n	10004518 <async_context_base_execute_once+0x78>
100044be:	2308      	movs	r3, #8
100044c0:	4453      	add	r3, sl
100044c2:	469b      	mov	fp, r3
100044c4:	f7fd f880 	bl	100015c8 <time_us_64>
100044c8:	4653      	mov	r3, sl
100044ca:	689b      	ldr	r3, [r3, #8]
100044cc:	0004      	movs	r4, r0
100044ce:	000d      	movs	r5, r1
100044d0:	465f      	mov	r7, fp
100044d2:	2b00      	cmp	r3, #0
100044d4:	d020      	beq.n	10004518 <async_context_base_execute_once+0x78>
100044d6:	2200      	movs	r2, #0
100044d8:	001e      	movs	r6, r3
100044da:	4694      	mov	ip, r2
100044dc:	4698      	mov	r8, r3
100044de:	68b2      	ldr	r2, [r6, #8]
100044e0:	68f3      	ldr	r3, [r6, #12]
100044e2:	0020      	movs	r0, r4
100044e4:	0029      	movs	r1, r5
100044e6:	1a80      	subs	r0, r0, r2
100044e8:	4199      	sbcs	r1, r3
100044ea:	2900      	cmp	r1, #0
100044ec:	db02      	blt.n	100044f4 <async_context_base_execute_once+0x54>
100044ee:	0014      	movs	r4, r2
100044f0:	001d      	movs	r5, r3
100044f2:	46bc      	mov	ip, r7
100044f4:	0037      	movs	r7, r6
100044f6:	6836      	ldr	r6, [r6, #0]
100044f8:	2e00      	cmp	r6, #0
100044fa:	d1f0      	bne.n	100044de <async_context_base_execute_once+0x3e>
100044fc:	4662      	mov	r2, ip
100044fe:	4643      	mov	r3, r8
10004500:	2a00      	cmp	r2, #0
10004502:	d048      	beq.n	10004596 <async_context_base_execute_once+0xf6>
10004504:	6811      	ldr	r1, [r2, #0]
10004506:	4650      	mov	r0, sl
10004508:	680b      	ldr	r3, [r1, #0]
1000450a:	6013      	str	r3, [r2, #0]
1000450c:	684b      	ldr	r3, [r1, #4]
1000450e:	4798      	blx	r3
10004510:	4653      	mov	r3, sl
10004512:	689b      	ldr	r3, [r3, #8]
10004514:	2b00      	cmp	r3, #0
10004516:	d1d5      	bne.n	100044c4 <async_context_base_execute_once+0x24>
10004518:	4653      	mov	r3, sl
1000451a:	685c      	ldr	r4, [r3, #4]
1000451c:	2c00      	cmp	r4, #0
1000451e:	d029      	beq.n	10004574 <async_context_base_execute_once+0xd4>
10004520:	2500      	movs	r5, #0
10004522:	4656      	mov	r6, sl
10004524:	7a23      	ldrb	r3, [r4, #8]
10004526:	2b00      	cmp	r3, #0
10004528:	d031      	beq.n	1000458e <async_context_base_execute_once+0xee>
1000452a:	0021      	movs	r1, r4
1000452c:	6863      	ldr	r3, [r4, #4]
1000452e:	7225      	strb	r5, [r4, #8]
10004530:	0030      	movs	r0, r6
10004532:	4798      	blx	r3
10004534:	6824      	ldr	r4, [r4, #0]
10004536:	2c00      	cmp	r4, #0
10004538:	d1f4      	bne.n	10004524 <async_context_base_execute_once+0x84>
1000453a:	68b1      	ldr	r1, [r6, #8]
1000453c:	46b2      	mov	sl, r6
1000453e:	2900      	cmp	r1, #0
10004540:	d018      	beq.n	10004574 <async_context_base_execute_once+0xd4>
10004542:	9c00      	ldr	r4, [sp, #0]
10004544:	9d01      	ldr	r5, [sp, #4]
10004546:	000e      	movs	r6, r1
10004548:	e003      	b.n	10004552 <async_context_base_execute_once+0xb2>
1000454a:	0004      	movs	r4, r0
1000454c:	000d      	movs	r5, r1
1000454e:	2e00      	cmp	r6, #0
10004550:	d00e      	beq.n	10004570 <async_context_base_execute_once+0xd0>
10004552:	0033      	movs	r3, r6
10004554:	0022      	movs	r2, r4
10004556:	6898      	ldr	r0, [r3, #8]
10004558:	68d9      	ldr	r1, [r3, #12]
1000455a:	002b      	movs	r3, r5
1000455c:	1a12      	subs	r2, r2, r0
1000455e:	418b      	sbcs	r3, r1
10004560:	6836      	ldr	r6, [r6, #0]
10004562:	2b00      	cmp	r3, #0
10004564:	dcf1      	bgt.n	1000454a <async_context_base_execute_once+0xaa>
10004566:	d1f2      	bne.n	1000454e <async_context_base_execute_once+0xae>
10004568:	2a00      	cmp	r2, #0
1000456a:	d1ee      	bne.n	1000454a <async_context_base_execute_once+0xaa>
1000456c:	2e00      	cmp	r6, #0
1000456e:	d1f0      	bne.n	10004552 <async_context_base_execute_once+0xb2>
10004570:	9400      	str	r4, [sp, #0]
10004572:	9501      	str	r5, [sp, #4]
10004574:	9b00      	ldr	r3, [sp, #0]
10004576:	9c01      	ldr	r4, [sp, #4]
10004578:	4652      	mov	r2, sl
1000457a:	0018      	movs	r0, r3
1000457c:	0021      	movs	r1, r4
1000457e:	6113      	str	r3, [r2, #16]
10004580:	6154      	str	r4, [r2, #20]
10004582:	b002      	add	sp, #8
10004584:	bce0      	pop	{r5, r6, r7}
10004586:	46bb      	mov	fp, r7
10004588:	46b2      	mov	sl, r6
1000458a:	46a8      	mov	r8, r5
1000458c:	bdf0      	pop	{r4, r5, r6, r7, pc}
1000458e:	6824      	ldr	r4, [r4, #0]
10004590:	2c00      	cmp	r4, #0
10004592:	d1c7      	bne.n	10004524 <async_context_base_execute_once+0x84>
10004594:	e7d1      	b.n	1000453a <async_context_base_execute_once+0x9a>
10004596:	0019      	movs	r1, r3
10004598:	4653      	mov	r3, sl
1000459a:	685c      	ldr	r4, [r3, #4]
1000459c:	2c00      	cmp	r4, #0
1000459e:	d1bf      	bne.n	10004520 <async_context_base_execute_once+0x80>
100045a0:	e7cf      	b.n	10004542 <async_context_base_execute_once+0xa2>
100045a2:	46c0      	nop			@ (mov r8, r8)
100045a4:	1000b598 	.word	0x1000b598

100045a8 <async_context_base_needs_servicing>:
100045a8:	b5f0      	push	{r4, r5, r6, r7, lr}
100045aa:	46c6      	mov	lr, r8
100045ac:	4680      	mov	r8, r0
100045ae:	b500      	push	{lr}
100045b0:	f7fd f80a 	bl	100015c8 <time_us_64>
100045b4:	4643      	mov	r3, r8
100045b6:	689b      	ldr	r3, [r3, #8]
100045b8:	0006      	movs	r6, r0
100045ba:	000f      	movs	r7, r1
100045bc:	2b00      	cmp	r3, #0
100045be:	d103      	bne.n	100045c8 <async_context_base_needs_servicing+0x20>
100045c0:	e00e      	b.n	100045e0 <async_context_base_needs_servicing+0x38>
100045c2:	681b      	ldr	r3, [r3, #0]
100045c4:	2b00      	cmp	r3, #0
100045c6:	d00b      	beq.n	100045e0 <async_context_base_needs_servicing+0x38>
100045c8:	689c      	ldr	r4, [r3, #8]
100045ca:	68dd      	ldr	r5, [r3, #12]
100045cc:	0031      	movs	r1, r6
100045ce:	003a      	movs	r2, r7
100045d0:	1b09      	subs	r1, r1, r4
100045d2:	41aa      	sbcs	r2, r5
100045d4:	2a00      	cmp	r2, #0
100045d6:	dbf4      	blt.n	100045c2 <async_context_base_needs_servicing+0x1a>
100045d8:	2001      	movs	r0, #1
100045da:	bc80      	pop	{r7}
100045dc:	46b8      	mov	r8, r7
100045de:	bdf0      	pop	{r4, r5, r6, r7, pc}
100045e0:	4643      	mov	r3, r8
100045e2:	685b      	ldr	r3, [r3, #4]
100045e4:	2b00      	cmp	r3, #0
100045e6:	d103      	bne.n	100045f0 <async_context_base_needs_servicing+0x48>
100045e8:	e006      	b.n	100045f8 <async_context_base_needs_servicing+0x50>
100045ea:	681b      	ldr	r3, [r3, #0]
100045ec:	2b00      	cmp	r3, #0
100045ee:	d0f4      	beq.n	100045da <async_context_base_needs_servicing+0x32>
100045f0:	7a18      	ldrb	r0, [r3, #8]
100045f2:	2800      	cmp	r0, #0
100045f4:	d0f9      	beq.n	100045ea <async_context_base_needs_servicing+0x42>
100045f6:	e7f0      	b.n	100045da <async_context_base_needs_servicing+0x32>
100045f8:	2000      	movs	r0, #0
100045fa:	e7ee      	b.n	100045da <async_context_base_needs_servicing+0x32>

100045fc <pvPortMalloc>:
100045fc:	b5f0      	push	{r4, r5, r6, r7, lr}
100045fe:	46c6      	mov	lr, r8
10004600:	1e43      	subs	r3, r0, #1
10004602:	b500      	push	{lr}
10004604:	330a      	adds	r3, #10
10004606:	d814      	bhi.n	10004632 <pvPortMalloc+0x36>
10004608:	2307      	movs	r3, #7
1000460a:	0004      	movs	r4, r0
1000460c:	001a      	movs	r2, r3
1000460e:	3408      	adds	r4, #8
10004610:	4022      	ands	r2, r4
10004612:	4223      	tst	r3, r4
10004614:	d06c      	beq.n	100046f0 <pvPortMalloc+0xf4>
10004616:	0013      	movs	r3, r2
10004618:	3b09      	subs	r3, #9
1000461a:	42a3      	cmp	r3, r4
1000461c:	d309      	bcc.n	10004632 <pvPortMalloc+0x36>
1000461e:	3010      	adds	r0, #16
10004620:	1a84      	subs	r4, r0, r2
10004622:	f001 fa65 	bl	10005af0 <vTaskSuspendAll>
10004626:	4a37      	ldr	r2, [pc, #220]	@ (10004704 <pvPortMalloc+0x108>)
10004628:	0027      	movs	r7, r4
1000462a:	6815      	ldr	r5, [r2, #0]
1000462c:	2d00      	cmp	r5, #0
1000462e:	d128      	bne.n	10004682 <pvPortMalloc+0x86>
10004630:	e00e      	b.n	10004650 <pvPortMalloc+0x54>
10004632:	f001 fa5d 	bl	10005af0 <vTaskSuspendAll>
10004636:	4a33      	ldr	r2, [pc, #204]	@ (10004704 <pvPortMalloc+0x108>)
10004638:	6813      	ldr	r3, [r2, #0]
1000463a:	2b00      	cmp	r3, #0
1000463c:	d006      	beq.n	1000464c <pvPortMalloc+0x50>
1000463e:	2500      	movs	r5, #0
10004640:	f001 fa5e 	bl	10005b00 <xTaskResumeAll>
10004644:	0028      	movs	r0, r5
10004646:	bc80      	pop	{r7}
10004648:	46b8      	mov	r8, r7
1000464a:	bdf0      	pop	{r4, r5, r6, r7, pc}
1000464c:	2700      	movs	r7, #0
1000464e:	2400      	movs	r4, #0
10004650:	2007      	movs	r0, #7
10004652:	4d2d      	ldr	r5, [pc, #180]	@ (10004708 <pvPortMalloc+0x10c>)
10004654:	002b      	movs	r3, r5
10004656:	0029      	movs	r1, r5
10004658:	4228      	tst	r0, r5
1000465a:	d145      	bne.n	100046e8 <pvPortMalloc+0xec>
1000465c:	2000      	movs	r0, #0
1000465e:	4e2b      	ldr	r6, [pc, #172]	@ (1000470c <pvPortMalloc+0x110>)
10004660:	6070      	str	r0, [r6, #4]
10004662:	6031      	str	r1, [r6, #0]
10004664:	4e2a      	ldr	r6, [pc, #168]	@ (10004710 <pvPortMalloc+0x114>)
10004666:	46b4      	mov	ip, r6
10004668:	2607      	movs	r6, #7
1000466a:	4465      	add	r5, ip
1000466c:	43b5      	bics	r5, r6
1000466e:	6015      	str	r5, [r2, #0]
10004670:	4a28      	ldr	r2, [pc, #160]	@ (10004714 <pvPortMalloc+0x118>)
10004672:	1aeb      	subs	r3, r5, r3
10004674:	6013      	str	r3, [r2, #0]
10004676:	4a28      	ldr	r2, [pc, #160]	@ (10004718 <pvPortMalloc+0x11c>)
10004678:	6068      	str	r0, [r5, #4]
1000467a:	6028      	str	r0, [r5, #0]
1000467c:	6013      	str	r3, [r2, #0]
1000467e:	604b      	str	r3, [r1, #4]
10004680:	600d      	str	r5, [r1, #0]
10004682:	2f00      	cmp	r7, #0
10004684:	dddb      	ble.n	1000463e <pvPortMalloc+0x42>
10004686:	4f24      	ldr	r7, [pc, #144]	@ (10004718 <pvPortMalloc+0x11c>)
10004688:	683e      	ldr	r6, [r7, #0]
1000468a:	42a6      	cmp	r6, r4
1000468c:	d3d7      	bcc.n	1000463e <pvPortMalloc+0x42>
1000468e:	481f      	ldr	r0, [pc, #124]	@ (1000470c <pvPortMalloc+0x110>)
10004690:	6803      	ldr	r3, [r0, #0]
10004692:	e004      	b.n	1000469e <pvPortMalloc+0xa2>
10004694:	681a      	ldr	r2, [r3, #0]
10004696:	2a00      	cmp	r2, #0
10004698:	d004      	beq.n	100046a4 <pvPortMalloc+0xa8>
1000469a:	0018      	movs	r0, r3
1000469c:	0013      	movs	r3, r2
1000469e:	6859      	ldr	r1, [r3, #4]
100046a0:	42a1      	cmp	r1, r4
100046a2:	d3f7      	bcc.n	10004694 <pvPortMalloc+0x98>
100046a4:	42ab      	cmp	r3, r5
100046a6:	d0ca      	beq.n	1000463e <pvPortMalloc+0x42>
100046a8:	001d      	movs	r5, r3
100046aa:	681a      	ldr	r2, [r3, #0]
100046ac:	3508      	adds	r5, #8
100046ae:	4690      	mov	r8, r2
100046b0:	6002      	str	r2, [r0, #0]
100046b2:	1b0a      	subs	r2, r1, r4
100046b4:	2a10      	cmp	r2, #16
100046b6:	d905      	bls.n	100046c4 <pvPortMalloc+0xc8>
100046b8:	1919      	adds	r1, r3, r4
100046ba:	604a      	str	r2, [r1, #4]
100046bc:	4642      	mov	r2, r8
100046be:	600a      	str	r2, [r1, #0]
100046c0:	6001      	str	r1, [r0, #0]
100046c2:	0021      	movs	r1, r4
100046c4:	4a13      	ldr	r2, [pc, #76]	@ (10004714 <pvPortMalloc+0x118>)
100046c6:	1a76      	subs	r6, r6, r1
100046c8:	6810      	ldr	r0, [r2, #0]
100046ca:	603e      	str	r6, [r7, #0]
100046cc:	4286      	cmp	r6, r0
100046ce:	d200      	bcs.n	100046d2 <pvPortMalloc+0xd6>
100046d0:	6016      	str	r6, [r2, #0]
100046d2:	2280      	movs	r2, #128	@ 0x80
100046d4:	0612      	lsls	r2, r2, #24
100046d6:	430a      	orrs	r2, r1
100046d8:	605a      	str	r2, [r3, #4]
100046da:	2200      	movs	r2, #0
100046dc:	601a      	str	r2, [r3, #0]
100046de:	4a0f      	ldr	r2, [pc, #60]	@ (1000471c <pvPortMalloc+0x120>)
100046e0:	6813      	ldr	r3, [r2, #0]
100046e2:	3301      	adds	r3, #1
100046e4:	6013      	str	r3, [r2, #0]
100046e6:	e7ab      	b.n	10004640 <pvPortMalloc+0x44>
100046e8:	1deb      	adds	r3, r5, #7
100046ea:	4383      	bics	r3, r0
100046ec:	0019      	movs	r1, r3
100046ee:	e7b5      	b.n	1000465c <pvPortMalloc+0x60>
100046f0:	f001 f9fe 	bl	10005af0 <vTaskSuspendAll>
100046f4:	4a03      	ldr	r2, [pc, #12]	@ (10004704 <pvPortMalloc+0x108>)
100046f6:	0027      	movs	r7, r4
100046f8:	6815      	ldr	r5, [r2, #0]
100046fa:	2d00      	cmp	r5, #0
100046fc:	d0a8      	beq.n	10004650 <pvPortMalloc+0x54>
100046fe:	2c00      	cmp	r4, #0
10004700:	dac1      	bge.n	10004686 <pvPortMalloc+0x8a>
10004702:	e79c      	b.n	1000463e <pvPortMalloc+0x42>
10004704:	20001b34 	.word	0x20001b34
10004708:	20001ee4 	.word	0x20001ee4
1000470c:	20021f94 	.word	0x20021f94
10004710:	0001fff8 	.word	0x0001fff8
10004714:	20021f64 	.word	0x20021f64
10004718:	20021f58 	.word	0x20021f58
1000471c:	20021f70 	.word	0x20021f70

10004720 <vPortFree>:
10004720:	b570      	push	{r4, r5, r6, lr}
10004722:	2800      	cmp	r0, #0
10004724:	d004      	beq.n	10004730 <vPortFree+0x10>
10004726:	3808      	subs	r0, #8
10004728:	6843      	ldr	r3, [r0, #4]
1000472a:	0004      	movs	r4, r0
1000472c:	2b00      	cmp	r3, #0
1000472e:	db00      	blt.n	10004732 <vPortFree+0x12>
10004730:	bd70      	pop	{r4, r5, r6, pc}
10004732:	6802      	ldr	r2, [r0, #0]
10004734:	2a00      	cmp	r2, #0
10004736:	d1fb      	bne.n	10004730 <vPortFree+0x10>
10004738:	005b      	lsls	r3, r3, #1
1000473a:	085b      	lsrs	r3, r3, #1
1000473c:	6043      	str	r3, [r0, #4]
1000473e:	0005      	movs	r5, r0
10004740:	f001 f9d6 	bl	10005af0 <vTaskSuspendAll>
10004744:	4a18      	ldr	r2, [pc, #96]	@ (100047a8 <vPortFree+0x88>)
10004746:	6861      	ldr	r1, [r4, #4]
10004748:	6813      	ldr	r3, [r2, #0]
1000474a:	185b      	adds	r3, r3, r1
1000474c:	6013      	str	r3, [r2, #0]
1000474e:	4b17      	ldr	r3, [pc, #92]	@ (100047ac <vPortFree+0x8c>)
10004750:	001a      	movs	r2, r3
10004752:	681b      	ldr	r3, [r3, #0]
10004754:	429c      	cmp	r4, r3
10004756:	d8fb      	bhi.n	10004750 <vPortFree+0x30>
10004758:	6850      	ldr	r0, [r2, #4]
1000475a:	1816      	adds	r6, r2, r0
1000475c:	42b4      	cmp	r4, r6
1000475e:	d00d      	beq.n	1000477c <vPortFree+0x5c>
10004760:	1860      	adds	r0, r4, r1
10004762:	4283      	cmp	r3, r0
10004764:	d01a      	beq.n	1000479c <vPortFree+0x7c>
10004766:	6023      	str	r3, [r4, #0]
10004768:	42aa      	cmp	r2, r5
1000476a:	d000      	beq.n	1000476e <vPortFree+0x4e>
1000476c:	6015      	str	r5, [r2, #0]
1000476e:	4a10      	ldr	r2, [pc, #64]	@ (100047b0 <vPortFree+0x90>)
10004770:	6813      	ldr	r3, [r2, #0]
10004772:	3301      	adds	r3, #1
10004774:	6013      	str	r3, [r2, #0]
10004776:	f001 f9c3 	bl	10005b00 <xTaskResumeAll>
1000477a:	e7d9      	b.n	10004730 <vPortFree+0x10>
1000477c:	1809      	adds	r1, r1, r0
1000477e:	1850      	adds	r0, r2, r1
10004780:	6051      	str	r1, [r2, #4]
10004782:	4283      	cmp	r3, r0
10004784:	d1f3      	bne.n	1000476e <vPortFree+0x4e>
10004786:	480b      	ldr	r0, [pc, #44]	@ (100047b4 <vPortFree+0x94>)
10004788:	0015      	movs	r5, r2
1000478a:	6800      	ldr	r0, [r0, #0]
1000478c:	4283      	cmp	r3, r0
1000478e:	d0ee      	beq.n	1000476e <vPortFree+0x4e>
10004790:	6858      	ldr	r0, [r3, #4]
10004792:	681b      	ldr	r3, [r3, #0]
10004794:	1841      	adds	r1, r0, r1
10004796:	6069      	str	r1, [r5, #4]
10004798:	602b      	str	r3, [r5, #0]
1000479a:	e7e5      	b.n	10004768 <vPortFree+0x48>
1000479c:	4805      	ldr	r0, [pc, #20]	@ (100047b4 <vPortFree+0x94>)
1000479e:	6800      	ldr	r0, [r0, #0]
100047a0:	4283      	cmp	r3, r0
100047a2:	d1f5      	bne.n	10004790 <vPortFree+0x70>
100047a4:	e7df      	b.n	10004766 <vPortFree+0x46>
100047a6:	46c0      	nop			@ (mov r8, r8)
100047a8:	20021f58 	.word	0x20021f58
100047ac:	20021f94 	.word	0x20021f94
100047b0:	20021f74 	.word	0x20021f74
100047b4:	20001b34 	.word	0x20001b34

100047b8 <vPortSVCHandler>:
100047b8:	4770      	bx	lr
100047ba:	46c0      	nop			@ (mov r8, r8)
100047bc:	0000      	movs	r0, r0
	...

100047c0 <vPortStartFirstTask>:
100047c0:	4a0b      	ldr	r2, [pc, #44]	@ (100047f0 <pxCurrentTCBConst1>)
100047c2:	6813      	ldr	r3, [r2, #0]
100047c4:	6818      	ldr	r0, [r3, #0]
100047c6:	3020      	adds	r0, #32
100047c8:	f380 8809 	msr	PSP, r0
100047cc:	2002      	movs	r0, #2
100047ce:	f380 8814 	msr	CONTROL, r0
100047d2:	f3bf 8f6f 	isb	sy
100047d6:	bc3f      	pop	{r0, r1, r2, r3, r4, r5}
100047d8:	46ae      	mov	lr, r5
100047da:	bc08      	pop	{r3}
100047dc:	bc04      	pop	{r2}
100047de:	b662      	cpsie	i
100047e0:	4718      	bx	r3
100047e2:	46c0      	nop			@ (mov r8, r8)
100047e4:	46c0      	nop			@ (mov r8, r8)
100047e6:	46c0      	nop			@ (mov r8, r8)
100047e8:	46c0      	nop			@ (mov r8, r8)
100047ea:	46c0      	nop			@ (mov r8, r8)
100047ec:	46c0      	nop			@ (mov r8, r8)
100047ee:	46c0      	nop			@ (mov r8, r8)

100047f0 <pxCurrentTCBConst1>:
100047f0:	20001b28 	.word	0x20001b28
	...

10004800 <xPortPendSVHandler>:
10004800:	f3ef 8009 	mrs	r0, PSP
10004804:	4b16      	ldr	r3, [pc, #88]	@ (10004860 <pxCurrentTCBConst2>)
10004806:	681a      	ldr	r2, [r3, #0]
10004808:	3820      	subs	r0, #32
1000480a:	6010      	str	r0, [r2, #0]
1000480c:	c0f0      	stmia	r0!, {r4, r5, r6, r7}
1000480e:	4644      	mov	r4, r8
10004810:	464d      	mov	r5, r9
10004812:	4656      	mov	r6, sl
10004814:	465f      	mov	r7, fp
10004816:	c0f0      	stmia	r0!, {r4, r5, r6, r7}
10004818:	220d      	movs	r2, #13
1000481a:	0712      	lsls	r2, r2, #28
1000481c:	6e14      	ldr	r4, [r2, #96]	@ 0x60
1000481e:	6e55      	ldr	r5, [r2, #100]	@ 0x64
10004820:	6f56      	ldr	r6, [r2, #116]	@ 0x74
10004822:	6f17      	ldr	r7, [r2, #112]	@ 0x70
10004824:	3830      	subs	r0, #48	@ 0x30
10004826:	c0f0      	stmia	r0!, {r4, r5, r6, r7}
10004828:	b508      	push	{r3, lr}
1000482a:	b672      	cpsid	i
1000482c:	f001 fa8c 	bl	10005d48 <vTaskSwitchContext>
10004830:	b662      	cpsie	i
10004832:	bc0c      	pop	{r2, r3}
10004834:	6811      	ldr	r1, [r2, #0]
10004836:	6808      	ldr	r0, [r1, #0]
10004838:	3010      	adds	r0, #16
1000483a:	c8f0      	ldmia	r0!, {r4, r5, r6, r7}
1000483c:	46a0      	mov	r8, r4
1000483e:	46a9      	mov	r9, r5
10004840:	46b2      	mov	sl, r6
10004842:	46bb      	mov	fp, r7
10004844:	f380 8809 	msr	PSP, r0
10004848:	220d      	movs	r2, #13
1000484a:	0712      	lsls	r2, r2, #28
1000484c:	3830      	subs	r0, #48	@ 0x30
1000484e:	c8f0      	ldmia	r0!, {r4, r5, r6, r7}
10004850:	6614      	str	r4, [r2, #96]	@ 0x60
10004852:	6655      	str	r5, [r2, #100]	@ 0x64
10004854:	6756      	str	r6, [r2, #116]	@ 0x74
10004856:	6717      	str	r7, [r2, #112]	@ 0x70
10004858:	c8f0      	ldmia	r0!, {r4, r5, r6, r7}
1000485a:	4718      	bx	r3
1000485c:	46c0      	nop			@ (mov r8, r8)
1000485e:	46c0      	nop			@ (mov r8, r8)

10004860 <pxCurrentTCBConst2>:
10004860:	20001b28 	.word	0x20001b28

10004864 <prvFIFOInterruptHandler>:
10004864:	23d0      	movs	r3, #208	@ 0xd0
10004866:	b500      	push	{lr}
10004868:	061b      	lsls	r3, r3, #24
1000486a:	6d1a      	ldr	r2, [r3, #80]	@ 0x50
1000486c:	b083      	sub	sp, #12
1000486e:	07d2      	lsls	r2, r2, #31
10004870:	d504      	bpl.n	1000487c <prvFIFOInterruptHandler+0x18>
10004872:	2101      	movs	r1, #1
10004874:	6d9a      	ldr	r2, [r3, #88]	@ 0x58
10004876:	6d1a      	ldr	r2, [r3, #80]	@ 0x50
10004878:	4211      	tst	r1, r2
1000487a:	d1fb      	bne.n	10004874 <prvFIFOInterruptHandler+0x10>
1000487c:	23d0      	movs	r3, #208	@ 0xd0
1000487e:	22ff      	movs	r2, #255	@ 0xff
10004880:	061b      	lsls	r3, r3, #24
10004882:	651a      	str	r2, [r3, #80]	@ 0x50
10004884:	2300      	movs	r3, #0
10004886:	4a11      	ldr	r2, [pc, #68]	@ (100048cc <prvFIFOInterruptHandler+0x68>)
10004888:	9301      	str	r3, [sp, #4]
1000488a:	6811      	ldr	r1, [r2, #0]
1000488c:	f3ef 8c10 	mrs	ip, PRIMASK
10004890:	b672      	cpsid	i
10004892:	680b      	ldr	r3, [r1, #0]
10004894:	2b00      	cmp	r3, #0
10004896:	d0fc      	beq.n	10004892 <prvFIFOInterruptHandler+0x2e>
10004898:	f3bf 8f5f 	dmb	sy
1000489c:	2300      	movs	r3, #0
1000489e:	480c      	ldr	r0, [pc, #48]	@ (100048d0 <prvFIFOInterruptHandler+0x6c>)
100048a0:	6812      	ldr	r2, [r2, #0]
100048a2:	6801      	ldr	r1, [r0, #0]
100048a4:	6003      	str	r3, [r0, #0]
100048a6:	f3bf 8f5f 	dmb	sy
100048aa:	6013      	str	r3, [r2, #0]
100048ac:	f38c 8810 	msr	PRIMASK, ip
100048b0:	4b08      	ldr	r3, [pc, #32]	@ (100048d4 <prvFIFOInterruptHandler+0x70>)
100048b2:	aa01      	add	r2, sp, #4
100048b4:	6818      	ldr	r0, [r3, #0]
100048b6:	f000 fb13 	bl	10004ee0 <xEventGroupSetBitsFromISR>
100048ba:	9b01      	ldr	r3, [sp, #4]
100048bc:	2b00      	cmp	r3, #0
100048be:	d003      	beq.n	100048c8 <prvFIFOInterruptHandler+0x64>
100048c0:	2280      	movs	r2, #128	@ 0x80
100048c2:	4b05      	ldr	r3, [pc, #20]	@ (100048d8 <prvFIFOInterruptHandler+0x74>)
100048c4:	0552      	lsls	r2, r2, #21
100048c6:	601a      	str	r2, [r3, #0]
100048c8:	b003      	add	sp, #12
100048ca:	bd00      	pop	{pc}
100048cc:	20001b24 	.word	0x20001b24
100048d0:	20021eec 	.word	0x20021eec
100048d4:	20021f54 	.word	0x20021f54
100048d8:	e000ed04 	.word	0xe000ed04

100048dc <prvTaskExitError>:
100048dc:	b510      	push	{r4, lr}
100048de:	f7fb fdfd 	bl	100004dc <panic_unsupported>
100048e2:	46c0      	nop			@ (mov r8, r8)

100048e4 <pxPortInitialiseStack>:
100048e4:	b510      	push	{r4, lr}
100048e6:	2480      	movs	r4, #128	@ 0x80
100048e8:	1f03      	subs	r3, r0, #4
100048ea:	0464      	lsls	r4, r4, #17
100048ec:	601c      	str	r4, [r3, #0]
100048ee:	3b04      	subs	r3, #4
100048f0:	6019      	str	r1, [r3, #0]
100048f2:	4903      	ldr	r1, [pc, #12]	@ (10004900 <pxPortInitialiseStack+0x1c>)
100048f4:	3b04      	subs	r3, #4
100048f6:	6019      	str	r1, [r3, #0]
100048f8:	3b14      	subs	r3, #20
100048fa:	3840      	subs	r0, #64	@ 0x40
100048fc:	601a      	str	r2, [r3, #0]
100048fe:	bd10      	pop	{r4, pc}
10004900:	100048dd 	.word	0x100048dd

10004904 <vPortYield>:
10004904:	2280      	movs	r2, #128	@ 0x80
10004906:	4b04      	ldr	r3, [pc, #16]	@ (10004918 <vPortYield+0x14>)
10004908:	0552      	lsls	r2, r2, #21
1000490a:	601a      	str	r2, [r3, #0]
1000490c:	f3bf 8f4f 	dsb	sy
10004910:	f3bf 8f6f 	isb	sy
10004914:	4770      	bx	lr
10004916:	46c0      	nop			@ (mov r8, r8)
10004918:	e000ed04 	.word	0xe000ed04

1000491c <vPortEnterCritical>:
1000491c:	b672      	cpsid	i
1000491e:	4a04      	ldr	r2, [pc, #16]	@ (10004930 <vPortEnterCritical+0x14>)
10004920:	6813      	ldr	r3, [r2, #0]
10004922:	3301      	adds	r3, #1
10004924:	6013      	str	r3, [r2, #0]
10004926:	f3bf 8f4f 	dsb	sy
1000492a:	f3bf 8f6f 	isb	sy
1000492e:	4770      	bx	lr
10004930:	20021ee8 	.word	0x20021ee8

10004934 <vPortExitCritical>:
10004934:	4a09      	ldr	r2, [pc, #36]	@ (1000495c <vPortExitCritical+0x28>)
10004936:	6813      	ldr	r3, [r2, #0]
10004938:	3b01      	subs	r3, #1
1000493a:	6013      	str	r3, [r2, #0]
1000493c:	2b00      	cmp	r3, #0
1000493e:	d10c      	bne.n	1000495a <vPortExitCritical+0x26>
10004940:	4907      	ldr	r1, [pc, #28]	@ (10004960 <vPortExitCritical+0x2c>)
10004942:	680a      	ldr	r2, [r1, #0]
10004944:	2a00      	cmp	r2, #0
10004946:	d007      	beq.n	10004958 <vPortExitCritical+0x24>
10004948:	600b      	str	r3, [r1, #0]
1000494a:	4906      	ldr	r1, [pc, #24]	@ (10004964 <vPortExitCritical+0x30>)
1000494c:	6809      	ldr	r1, [r1, #0]
1000494e:	f3bf 8f5f 	dmb	sy
10004952:	6013      	str	r3, [r2, #0]
10004954:	f381 8810 	msr	PRIMASK, r1
10004958:	b662      	cpsie	i
1000495a:	4770      	bx	lr
1000495c:	20021ee8 	.word	0x20021ee8
10004960:	20001dc0 	.word	0x20001dc0
10004964:	20021ee4 	.word	0x20021ee4

10004968 <ulSetInterruptMaskFromISR>:
10004968:	f3ef 8010 	mrs	r0, PRIMASK
1000496c:	b672      	cpsid	i
1000496e:	4770      	bx	lr

10004970 <vClearInterruptMaskFromISR>:
10004970:	f380 8810 	msr	PRIMASK, r0
10004974:	4770      	bx	lr
10004976:	46c0      	nop			@ (mov r8, r8)

10004978 <xPortSysTickHandler>:
10004978:	b510      	push	{r4, lr}
1000497a:	f7ff fff5 	bl	10004968 <ulSetInterruptMaskFromISR>
1000497e:	0004      	movs	r4, r0
10004980:	f001 f9d0 	bl	10005d24 <xTaskIncrementTick>
10004984:	2800      	cmp	r0, #0
10004986:	d003      	beq.n	10004990 <xPortSysTickHandler+0x18>
10004988:	2280      	movs	r2, #128	@ 0x80
1000498a:	4b03      	ldr	r3, [pc, #12]	@ (10004998 <xPortSysTickHandler+0x20>)
1000498c:	0552      	lsls	r2, r2, #21
1000498e:	601a      	str	r2, [r3, #0]
10004990:	0020      	movs	r0, r4
10004992:	f7ff ffed 	bl	10004970 <vClearInterruptMaskFromISR>
10004996:	bd10      	pop	{r4, pc}
10004998:	e000ed04 	.word	0xe000ed04

1000499c <vPortSetupTimerInterrupt>:
1000499c:	2300      	movs	r3, #0
1000499e:	b510      	push	{r4, lr}
100049a0:	4a08      	ldr	r2, [pc, #32]	@ (100049c4 <vPortSetupTimerInterrupt+0x28>)
100049a2:	4c09      	ldr	r4, [pc, #36]	@ (100049c8 <vPortSetupTimerInterrupt+0x2c>)
100049a4:	2005      	movs	r0, #5
100049a6:	6023      	str	r3, [r4, #0]
100049a8:	6013      	str	r3, [r2, #0]
100049aa:	f7fc ffd9 	bl	10001960 <clock_get_hz>
100049ae:	21fa      	movs	r1, #250	@ 0xfa
100049b0:	0089      	lsls	r1, r1, #2
100049b2:	f7fd f9e5 	bl	10001d80 <__wrap___aeabi_uidiv>
100049b6:	4b05      	ldr	r3, [pc, #20]	@ (100049cc <vPortSetupTimerInterrupt+0x30>)
100049b8:	3801      	subs	r0, #1
100049ba:	6018      	str	r0, [r3, #0]
100049bc:	2307      	movs	r3, #7
100049be:	6023      	str	r3, [r4, #0]
100049c0:	bd10      	pop	{r4, pc}
100049c2:	46c0      	nop			@ (mov r8, r8)
100049c4:	e000e018 	.word	0xe000e018
100049c8:	e000e010 	.word	0xe000e010
100049cc:	e000e014 	.word	0xe000e014

100049d0 <xPortStartScheduler>:
100049d0:	22ff      	movs	r2, #255	@ 0xff
100049d2:	4b1f      	ldr	r3, [pc, #124]	@ (10004a50 <xPortStartScheduler+0x80>)
100049d4:	0412      	lsls	r2, r2, #16
100049d6:	6819      	ldr	r1, [r3, #0]
100049d8:	b510      	push	{r4, lr}
100049da:	430a      	orrs	r2, r1
100049dc:	601a      	str	r2, [r3, #0]
100049de:	22ff      	movs	r2, #255	@ 0xff
100049e0:	6819      	ldr	r1, [r3, #0]
100049e2:	0612      	lsls	r2, r2, #24
100049e4:	430a      	orrs	r2, r1
100049e6:	601a      	str	r2, [r3, #0]
100049e8:	491a      	ldr	r1, [pc, #104]	@ (10004a54 <xPortStartScheduler+0x84>)
100049ea:	200e      	movs	r0, #14
100049ec:	f001 fe76 	bl	100066dc <exception_set_exclusive_handler>
100049f0:	4919      	ldr	r1, [pc, #100]	@ (10004a58 <xPortStartScheduler+0x88>)
100049f2:	200f      	movs	r0, #15
100049f4:	f001 fe72 	bl	100066dc <exception_set_exclusive_handler>
100049f8:	4918      	ldr	r1, [pc, #96]	@ (10004a5c <xPortStartScheduler+0x8c>)
100049fa:	200b      	movs	r0, #11
100049fc:	f001 fe6e 	bl	100066dc <exception_set_exclusive_handler>
10004a00:	f7ff ffcc 	bl	1000499c <vPortSetupTimerInterrupt>
10004a04:	2200      	movs	r2, #0
10004a06:	4b16      	ldr	r3, [pc, #88]	@ (10004a60 <xPortStartScheduler+0x90>)
10004a08:	601a      	str	r2, [r3, #0]
10004a0a:	23d0      	movs	r3, #208	@ 0xd0
10004a0c:	061b      	lsls	r3, r3, #24
10004a0e:	4a15      	ldr	r2, [pc, #84]	@ (10004a64 <xPortStartScheduler+0x94>)
10004a10:	681c      	ldr	r4, [r3, #0]
10004a12:	7014      	strb	r4, [r2, #0]
10004a14:	22ff      	movs	r2, #255	@ 0xff
10004a16:	651a      	str	r2, [r3, #80]	@ 0x50
10004a18:	6d1a      	ldr	r2, [r3, #80]	@ 0x50
10004a1a:	07d2      	lsls	r2, r2, #31
10004a1c:	d504      	bpl.n	10004a28 <xPortStartScheduler+0x58>
10004a1e:	2101      	movs	r1, #1
10004a20:	6d9a      	ldr	r2, [r3, #88]	@ 0x58
10004a22:	6d1a      	ldr	r2, [r3, #80]	@ 0x50
10004a24:	4211      	tst	r1, r2
10004a26:	d1fb      	bne.n	10004a20 <xPortStartScheduler+0x50>
10004a28:	340f      	adds	r4, #15
10004a2a:	21ff      	movs	r1, #255	@ 0xff
10004a2c:	0020      	movs	r0, r4
10004a2e:	f7fc f843 	bl	10000ab8 <irq_set_priority>
10004a32:	0020      	movs	r0, r4
10004a34:	490c      	ldr	r1, [pc, #48]	@ (10004a68 <xPortStartScheduler+0x98>)
10004a36:	f7fb fe3f 	bl	100006b8 <irq_set_exclusive_handler>
10004a3a:	2101      	movs	r1, #1
10004a3c:	0020      	movs	r0, r4
10004a3e:	f7fb fe21 	bl	10000684 <irq_set_enabled>
10004a42:	f7ff febd 	bl	100047c0 <vPortStartFirstTask>
10004a46:	f001 f97f 	bl	10005d48 <vTaskSwitchContext>
10004a4a:	f7fb fd47 	bl	100004dc <panic_unsupported>
10004a4e:	46c0      	nop			@ (mov r8, r8)
10004a50:	e000ed20 	.word	0xe000ed20
10004a54:	10004801 	.word	0x10004801
10004a58:	10004979 	.word	0x10004979
10004a5c:	100047b9 	.word	0x100047b9
10004a60:	20021ee8 	.word	0x20021ee8
10004a64:	200006a8 	.word	0x200006a8
10004a68:	10004865 	.word	0x10004865

10004a6c <ulPortLockGetCurrentOwnerId>:
10004a6c:	23d0      	movs	r3, #208	@ 0xd0
10004a6e:	b510      	push	{r4, lr}
10004a70:	061b      	lsls	r3, r3, #24
10004a72:	6818      	ldr	r0, [r3, #0]
10004a74:	4b07      	ldr	r3, [pc, #28]	@ (10004a94 <ulPortLockGetCurrentOwnerId+0x28>)
10004a76:	781b      	ldrb	r3, [r3, #0]
10004a78:	4283      	cmp	r3, r0
10004a7a:	d000      	beq.n	10004a7e <ulPortLockGetCurrentOwnerId+0x12>
10004a7c:	bd10      	pop	{r4, pc}
10004a7e:	f3ef 8305 	mrs	r3, IPSR
10004a82:	2b00      	cmp	r3, #0
10004a84:	d002      	beq.n	10004a8c <ulPortLockGetCurrentOwnerId+0x20>
10004a86:	005b      	lsls	r3, r3, #1
10004a88:	18c0      	adds	r0, r0, r3
10004a8a:	e7f7      	b.n	10004a7c <ulPortLockGetCurrentOwnerId+0x10>
10004a8c:	f001 fbc2 	bl	10006214 <xTaskGetCurrentTaskHandle>
10004a90:	e7f4      	b.n	10004a7c <ulPortLockGetCurrentOwnerId+0x10>
10004a92:	46c0      	nop			@ (mov r8, r8)
10004a94:	200006a8 	.word	0x200006a8

10004a98 <vPortLockInternalSpinUnlockWithWait>:
10004a98:	b500      	push	{lr}
10004a9a:	4a14      	ldr	r2, [pc, #80]	@ (10004aec <vPortLockInternalSpinUnlockWithWait+0x54>)
10004a9c:	6803      	ldr	r3, [r0, #0]
10004a9e:	7810      	ldrb	r0, [r2, #0]
10004aa0:	22d0      	movs	r2, #208	@ 0xd0
10004aa2:	0612      	lsls	r2, r2, #24
10004aa4:	6812      	ldr	r2, [r2, #0]
10004aa6:	b083      	sub	sp, #12
10004aa8:	4290      	cmp	r0, r2
10004aaa:	d008      	beq.n	10004abe <vPortLockInternalSpinUnlockWithWait+0x26>
10004aac:	f3bf 8f5f 	dmb	sy
10004ab0:	2200      	movs	r2, #0
10004ab2:	601a      	str	r2, [r3, #0]
10004ab4:	f381 8810 	msr	PRIMASK, r1
10004ab8:	bf20      	wfe
10004aba:	b003      	add	sp, #12
10004abc:	bd00      	pop	{pc}
10004abe:	4a0c      	ldr	r2, [pc, #48]	@ (10004af0 <vPortLockInternalSpinUnlockWithWait+0x58>)
10004ac0:	6013      	str	r3, [r2, #0]
10004ac2:	4a0c      	ldr	r2, [pc, #48]	@ (10004af4 <vPortLockInternalSpinUnlockWithWait+0x5c>)
10004ac4:	6011      	str	r1, [r2, #0]
10004ac6:	4a0c      	ldr	r2, [pc, #48]	@ (10004af8 <vPortLockInternalSpinUnlockWithWait+0x60>)
10004ac8:	2102      	movs	r1, #2
10004aca:	4694      	mov	ip, r2
10004acc:	4463      	add	r3, ip
10004ace:	109b      	asrs	r3, r3, #2
10004ad0:	31ff      	adds	r1, #255	@ 0xff
10004ad2:	4099      	lsls	r1, r3
10004ad4:	4b09      	ldr	r3, [pc, #36]	@ (10004afc <vPortLockInternalSpinUnlockWithWait+0x64>)
10004ad6:	2201      	movs	r2, #1
10004ad8:	6818      	ldr	r0, [r3, #0]
10004ada:	2301      	movs	r3, #1
10004adc:	425b      	negs	r3, r3
10004ade:	9300      	str	r3, [sp, #0]
10004ae0:	0a09      	lsrs	r1, r1, #8
10004ae2:	2300      	movs	r3, #0
10004ae4:	f000 f956 	bl	10004d94 <xEventGroupWaitBits>
10004ae8:	e7e7      	b.n	10004aba <vPortLockInternalSpinUnlockWithWait+0x22>
10004aea:	46c0      	nop			@ (mov r8, r8)
10004aec:	200006a8 	.word	0x200006a8
10004af0:	20001dc0 	.word	0x20001dc0
10004af4:	20021ee4 	.word	0x20021ee4
10004af8:	2fffff00 	.word	0x2fffff00
10004afc:	20021f54 	.word	0x20021f54

10004b00 <vPortLockInternalSpinUnlockWithNotify>:
10004b00:	000a      	movs	r2, r1
10004b02:	492b      	ldr	r1, [pc, #172]	@ (10004bb0 <vPortLockInternalSpinUnlockWithNotify+0xb0>)
10004b04:	6803      	ldr	r3, [r0, #0]
10004b06:	468c      	mov	ip, r1
10004b08:	2102      	movs	r1, #2
10004b0a:	b530      	push	{r4, r5, lr}
10004b0c:	4463      	add	r3, ip
10004b0e:	109b      	asrs	r3, r3, #2
10004b10:	31ff      	adds	r1, #255	@ 0xff
10004b12:	4099      	lsls	r1, r3
10004b14:	4b27      	ldr	r3, [pc, #156]	@ (10004bb4 <vPortLockInternalSpinUnlockWithNotify+0xb4>)
10004b16:	b083      	sub	sp, #12
10004b18:	781c      	ldrb	r4, [r3, #0]
10004b1a:	23d0      	movs	r3, #208	@ 0xd0
10004b1c:	061b      	lsls	r3, r3, #24
10004b1e:	681b      	ldr	r3, [r3, #0]
10004b20:	0a09      	lsrs	r1, r1, #8
10004b22:	429c      	cmp	r4, r3
10004b24:	d01f      	beq.n	10004b66 <vPortLockInternalSpinUnlockWithNotify+0x66>
10004b26:	bf40      	sev
10004b28:	4d23      	ldr	r5, [pc, #140]	@ (10004bb8 <vPortLockInternalSpinUnlockWithNotify+0xb8>)
10004b2a:	6803      	ldr	r3, [r0, #0]
10004b2c:	682c      	ldr	r4, [r5, #0]
10004b2e:	42a3      	cmp	r3, r4
10004b30:	d034      	beq.n	10004b9c <vPortLockInternalSpinUnlockWithNotify+0x9c>
10004b32:	6823      	ldr	r3, [r4, #0]
10004b34:	2b00      	cmp	r3, #0
10004b36:	d0fc      	beq.n	10004b32 <vPortLockInternalSpinUnlockWithNotify+0x32>
10004b38:	f3bf 8f5f 	dmb	sy
10004b3c:	4c1f      	ldr	r4, [pc, #124]	@ (10004bbc <vPortLockInternalSpinUnlockWithNotify+0xbc>)
10004b3e:	6823      	ldr	r3, [r4, #0]
10004b40:	430b      	orrs	r3, r1
10004b42:	6023      	str	r3, [r4, #0]
10004b44:	682b      	ldr	r3, [r5, #0]
10004b46:	f3bf 8f5f 	dmb	sy
10004b4a:	2100      	movs	r1, #0
10004b4c:	6019      	str	r1, [r3, #0]
10004b4e:	6803      	ldr	r3, [r0, #0]
10004b50:	20d0      	movs	r0, #208	@ 0xd0
10004b52:	2100      	movs	r1, #0
10004b54:	0600      	lsls	r0, r0, #24
10004b56:	6541      	str	r1, [r0, #84]	@ 0x54
10004b58:	f3bf 8f5f 	dmb	sy
10004b5c:	6019      	str	r1, [r3, #0]
10004b5e:	f382 8810 	msr	PRIMASK, r2
10004b62:	b003      	add	sp, #12
10004b64:	bd30      	pop	{r4, r5, pc}
10004b66:	bf40      	sev
10004b68:	6803      	ldr	r3, [r0, #0]
10004b6a:	f3bf 8f5f 	dmb	sy
10004b6e:	2000      	movs	r0, #0
10004b70:	6018      	str	r0, [r3, #0]
10004b72:	f382 8810 	msr	PRIMASK, r2
10004b76:	f3ef 8305 	mrs	r3, IPSR
10004b7a:	b2db      	uxtb	r3, r3
10004b7c:	2b00      	cmp	r3, #0
10004b7e:	d012      	beq.n	10004ba6 <vPortLockInternalSpinUnlockWithNotify+0xa6>
10004b80:	4b0f      	ldr	r3, [pc, #60]	@ (10004bc0 <vPortLockInternalSpinUnlockWithNotify+0xc0>)
10004b82:	9001      	str	r0, [sp, #4]
10004b84:	aa01      	add	r2, sp, #4
10004b86:	6818      	ldr	r0, [r3, #0]
10004b88:	f000 f9aa 	bl	10004ee0 <xEventGroupSetBitsFromISR>
10004b8c:	9b01      	ldr	r3, [sp, #4]
10004b8e:	2b00      	cmp	r3, #0
10004b90:	d0e7      	beq.n	10004b62 <vPortLockInternalSpinUnlockWithNotify+0x62>
10004b92:	2280      	movs	r2, #128	@ 0x80
10004b94:	4b0b      	ldr	r3, [pc, #44]	@ (10004bc4 <vPortLockInternalSpinUnlockWithNotify+0xc4>)
10004b96:	0552      	lsls	r2, r2, #21
10004b98:	601a      	str	r2, [r3, #0]
10004b9a:	e7e2      	b.n	10004b62 <vPortLockInternalSpinUnlockWithNotify+0x62>
10004b9c:	4c07      	ldr	r4, [pc, #28]	@ (10004bbc <vPortLockInternalSpinUnlockWithNotify+0xbc>)
10004b9e:	6820      	ldr	r0, [r4, #0]
10004ba0:	4308      	orrs	r0, r1
10004ba2:	6020      	str	r0, [r4, #0]
10004ba4:	e7d4      	b.n	10004b50 <vPortLockInternalSpinUnlockWithNotify+0x50>
10004ba6:	4b06      	ldr	r3, [pc, #24]	@ (10004bc0 <vPortLockInternalSpinUnlockWithNotify+0xc0>)
10004ba8:	6818      	ldr	r0, [r3, #0]
10004baa:	f000 f94f 	bl	10004e4c <xEventGroupSetBits>
10004bae:	e7d8      	b.n	10004b62 <vPortLockInternalSpinUnlockWithNotify+0x62>
10004bb0:	2fffff00 	.word	0x2fffff00
10004bb4:	200006a8 	.word	0x200006a8
10004bb8:	20001b24 	.word	0x20001b24
10004bbc:	20021eec 	.word	0x20021eec
10004bc0:	20021f54 	.word	0x20021f54
10004bc4:	e000ed04 	.word	0xe000ed04

10004bc8 <xPortLockInternalSpinUnlockWithBestEffortWaitOrTimeout>:
10004bc8:	b5f0      	push	{r4, r5, r6, r7, lr}
10004bca:	46ce      	mov	lr, r9
10004bcc:	4647      	mov	r7, r8
10004bce:	b580      	push	{r7, lr}
10004bd0:	001d      	movs	r5, r3
10004bd2:	4b34      	ldr	r3, [pc, #208]	@ (10004ca4 <xPortLockInternalSpinUnlockWithBestEffortWaitOrTimeout+0xdc>)
10004bd4:	0014      	movs	r4, r2
10004bd6:	781a      	ldrb	r2, [r3, #0]
10004bd8:	23d0      	movs	r3, #208	@ 0xd0
10004bda:	061b      	lsls	r3, r3, #24
10004bdc:	681b      	ldr	r3, [r3, #0]
10004bde:	4681      	mov	r9, r0
10004be0:	4688      	mov	r8, r1
10004be2:	b083      	sub	sp, #12
10004be4:	429a      	cmp	r2, r3
10004be6:	d00f      	beq.n	10004c08 <xPortLockInternalSpinUnlockWithBestEffortWaitOrTimeout+0x40>
10004be8:	6803      	ldr	r3, [r0, #0]
10004bea:	f3bf 8f5f 	dmb	sy
10004bee:	2200      	movs	r2, #0
10004bf0:	601a      	str	r2, [r3, #0]
10004bf2:	f381 8810 	msr	PRIMASK, r1
10004bf6:	0020      	movs	r0, r4
10004bf8:	0029      	movs	r1, r5
10004bfa:	f7fc fc2b 	bl	10001454 <best_effort_wfe_or_timeout>
10004bfe:	b003      	add	sp, #12
10004c00:	bcc0      	pop	{r6, r7}
10004c02:	46b9      	mov	r9, r7
10004c04:	46b0      	mov	r8, r6
10004c06:	bdf0      	pop	{r4, r5, r6, r7, pc}
10004c08:	f7fc fcde 	bl	100015c8 <time_us_64>
10004c0c:	0022      	movs	r2, r4
10004c0e:	002b      	movs	r3, r5
10004c10:	2701      	movs	r7, #1
10004c12:	1a12      	subs	r2, r2, r0
10004c14:	418b      	sbcs	r3, r1
10004c16:	4e24      	ldr	r6, [pc, #144]	@ (10004ca8 <xPortLockInternalSpinUnlockWithBestEffortWaitOrTimeout+0xe0>)
10004c18:	427f      	negs	r7, r7
10004c1a:	18b6      	adds	r6, r6, r2
10004c1c:	415f      	adcs	r7, r3
10004c1e:	2f00      	cmp	r7, #0
10004c20:	dc20      	bgt.n	10004c64 <xPortLockInternalSpinUnlockWithBestEffortWaitOrTimeout+0x9c>
10004c22:	d01b      	beq.n	10004c5c <xPortLockInternalSpinUnlockWithBestEffortWaitOrTimeout+0x94>
10004c24:	464b      	mov	r3, r9
10004c26:	681b      	ldr	r3, [r3, #0]
10004c28:	f3bf 8f5f 	dmb	sy
10004c2c:	2200      	movs	r2, #0
10004c2e:	601a      	str	r2, [r3, #0]
10004c30:	f388 8810 	msr	PRIMASK, r8
10004c34:	4b1d      	ldr	r3, [pc, #116]	@ (10004cac <xPortLockInternalSpinUnlockWithBestEffortWaitOrTimeout+0xe4>)
10004c36:	6a5a      	ldr	r2, [r3, #36]	@ 0x24
10004c38:	4295      	cmp	r5, r2
10004c3a:	d805      	bhi.n	10004c48 <xPortLockInternalSpinUnlockWithBestEffortWaitOrTimeout+0x80>
10004c3c:	6a9b      	ldr	r3, [r3, #40]	@ 0x28
10004c3e:	2001      	movs	r0, #1
10004c40:	42a3      	cmp	r3, r4
10004c42:	d2dc      	bcs.n	10004bfe <xPortLockInternalSpinUnlockWithBestEffortWaitOrTimeout+0x36>
10004c44:	4295      	cmp	r5, r2
10004c46:	d1da      	bne.n	10004bfe <xPortLockInternalSpinUnlockWithBestEffortWaitOrTimeout+0x36>
10004c48:	2280      	movs	r2, #128	@ 0x80
10004c4a:	4b19      	ldr	r3, [pc, #100]	@ (10004cb0 <xPortLockInternalSpinUnlockWithBestEffortWaitOrTimeout+0xe8>)
10004c4c:	0552      	lsls	r2, r2, #21
10004c4e:	601a      	str	r2, [r3, #0]
10004c50:	f3bf 8f4f 	dsb	sy
10004c54:	f3bf 8f6f 	isb	sy
10004c58:	2000      	movs	r0, #0
10004c5a:	e7d0      	b.n	10004bfe <xPortLockInternalSpinUnlockWithBestEffortWaitOrTimeout+0x36>
10004c5c:	23fa      	movs	r3, #250	@ 0xfa
10004c5e:	009b      	lsls	r3, r3, #2
10004c60:	429e      	cmp	r6, r3
10004c62:	d3df      	bcc.n	10004c24 <xPortLockInternalSpinUnlockWithBestEffortWaitOrTimeout+0x5c>
10004c64:	22fa      	movs	r2, #250	@ 0xfa
10004c66:	2300      	movs	r3, #0
10004c68:	0030      	movs	r0, r6
10004c6a:	0039      	movs	r1, r7
10004c6c:	0092      	lsls	r2, r2, #2
10004c6e:	f7fd f8ad 	bl	10001dcc <__wrap___aeabi_ldivmod>
10004c72:	1e03      	subs	r3, r0, #0
10004c74:	d0d6      	beq.n	10004c24 <xPortLockInternalSpinUnlockWithBestEffortWaitOrTimeout+0x5c>
10004c76:	464a      	mov	r2, r9
10004c78:	4640      	mov	r0, r8
10004c7a:	6812      	ldr	r2, [r2, #0]
10004c7c:	490d      	ldr	r1, [pc, #52]	@ (10004cb4 <xPortLockInternalSpinUnlockWithBestEffortWaitOrTimeout+0xec>)
10004c7e:	600a      	str	r2, [r1, #0]
10004c80:	490d      	ldr	r1, [pc, #52]	@ (10004cb8 <xPortLockInternalSpinUnlockWithBestEffortWaitOrTimeout+0xf0>)
10004c82:	6008      	str	r0, [r1, #0]
10004c84:	490d      	ldr	r1, [pc, #52]	@ (10004cbc <xPortLockInternalSpinUnlockWithBestEffortWaitOrTimeout+0xf4>)
10004c86:	468c      	mov	ip, r1
10004c88:	2102      	movs	r1, #2
10004c8a:	4462      	add	r2, ip
10004c8c:	1092      	asrs	r2, r2, #2
10004c8e:	31ff      	adds	r1, #255	@ 0xff
10004c90:	4091      	lsls	r1, r2
10004c92:	4a0b      	ldr	r2, [pc, #44]	@ (10004cc0 <xPortLockInternalSpinUnlockWithBestEffortWaitOrTimeout+0xf8>)
10004c94:	0a09      	lsrs	r1, r1, #8
10004c96:	6810      	ldr	r0, [r2, #0]
10004c98:	9300      	str	r3, [sp, #0]
10004c9a:	2201      	movs	r2, #1
10004c9c:	2300      	movs	r3, #0
10004c9e:	f000 f879 	bl	10004d94 <xEventGroupWaitBits>
10004ca2:	e7c7      	b.n	10004c34 <xPortLockInternalSpinUnlockWithBestEffortWaitOrTimeout+0x6c>
10004ca4:	200006a8 	.word	0x200006a8
10004ca8:	fffffc18 	.word	0xfffffc18
10004cac:	40054000 	.word	0x40054000
10004cb0:	e000ed04 	.word	0xe000ed04
10004cb4:	20001dc0 	.word	0x20001dc0
10004cb8:	20021ee4 	.word	0x20021ee4
10004cbc:	2fffff00 	.word	0x2fffff00
10004cc0:	20021f54 	.word	0x20021f54

10004cc4 <prvRuntimeInitializer>:
10004cc4:	b510      	push	{r4, lr}
10004cc6:	f7fb fcb1 	bl	1000062c <next_striped_spin_lock_num>
10004cca:	4a05      	ldr	r2, [pc, #20]	@ (10004ce0 <prvRuntimeInitializer+0x1c>)
10004ccc:	4b05      	ldr	r3, [pc, #20]	@ (10004ce4 <prvRuntimeInitializer+0x20>)
10004cce:	4694      	mov	ip, r2
10004cd0:	4460      	add	r0, ip
10004cd2:	0080      	lsls	r0, r0, #2
10004cd4:	6018      	str	r0, [r3, #0]
10004cd6:	f000 f851 	bl	10004d7c <xEventGroupCreate>
10004cda:	4b03      	ldr	r3, [pc, #12]	@ (10004ce8 <prvRuntimeInitializer+0x24>)
10004cdc:	6018      	str	r0, [r3, #0]
10004cde:	bd10      	pop	{r4, pc}
10004ce0:	34000040 	.word	0x34000040
10004ce4:	20001b24 	.word	0x20001b24
10004ce8:	20021f54 	.word	0x20021f54

10004cec <vEventGroupSetBitsCallback>:
10004cec:	b5f8      	push	{r3, r4, r5, r6, r7, lr}
10004cee:	46de      	mov	lr, fp
10004cf0:	4657      	mov	r7, sl
10004cf2:	464e      	mov	r6, r9
10004cf4:	4645      	mov	r5, r8
10004cf6:	b5e0      	push	{r5, r6, r7, lr}
10004cf8:	0005      	movs	r5, r0
10004cfa:	000f      	movs	r7, r1
10004cfc:	0006      	movs	r6, r0
10004cfe:	f000 fef7 	bl	10005af0 <vTaskSuspendAll>
10004d02:	6829      	ldr	r1, [r5, #0]
10004d04:	692c      	ldr	r4, [r5, #16]
10004d06:	4339      	orrs	r1, r7
10004d08:	360c      	adds	r6, #12
10004d0a:	6029      	str	r1, [r5, #0]
10004d0c:	42a6      	cmp	r6, r4
10004d0e:	d02c      	beq.n	10004d6a <vEventGroupSetBitsCallback+0x7e>
10004d10:	2300      	movs	r3, #0
10004d12:	4698      	mov	r8, r3
10004d14:	2380      	movs	r3, #128	@ 0x80
10004d16:	04db      	lsls	r3, r3, #19
10004d18:	469b      	mov	fp, r3
10004d1a:	2380      	movs	r3, #128	@ 0x80
10004d1c:	045b      	lsls	r3, r3, #17
10004d1e:	469a      	mov	sl, r3
10004d20:	2380      	movs	r3, #128	@ 0x80
10004d22:	049b      	lsls	r3, r3, #18
10004d24:	4699      	mov	r9, r3
10004d26:	e00f      	b.n	10004d48 <vEventGroupSetBitsCallback+0x5c>
10004d28:	4667      	mov	r7, ip
10004d2a:	2f00      	cmp	r7, #0
10004d2c:	d00a      	beq.n	10004d44 <vEventGroupSetBitsCallback+0x58>
10004d2e:	4657      	mov	r7, sl
10004d30:	423a      	tst	r2, r7
10004d32:	d002      	beq.n	10004d3a <vEventGroupSetBitsCallback+0x4e>
10004d34:	4642      	mov	r2, r8
10004d36:	431a      	orrs	r2, r3
10004d38:	4690      	mov	r8, r2
10004d3a:	464b      	mov	r3, r9
10004d3c:	4319      	orrs	r1, r3
10004d3e:	f001 f9d3 	bl	100060e8 <vTaskRemoveFromUnorderedEventList>
10004d42:	6829      	ldr	r1, [r5, #0]
10004d44:	42a6      	cmp	r6, r4
10004d46:	d00e      	beq.n	10004d66 <vEventGroupSetBitsCallback+0x7a>
10004d48:	0020      	movs	r0, r4
10004d4a:	000f      	movs	r7, r1
10004d4c:	6802      	ldr	r2, [r0, #0]
10004d4e:	6864      	ldr	r4, [r4, #4]
10004d50:	0213      	lsls	r3, r2, #8
10004d52:	0a1b      	lsrs	r3, r3, #8
10004d54:	401f      	ands	r7, r3
10004d56:	46bc      	mov	ip, r7
10004d58:	465f      	mov	r7, fp
10004d5a:	423a      	tst	r2, r7
10004d5c:	d0e4      	beq.n	10004d28 <vEventGroupSetBitsCallback+0x3c>
10004d5e:	4563      	cmp	r3, ip
10004d60:	d0e5      	beq.n	10004d2e <vEventGroupSetBitsCallback+0x42>
10004d62:	42a6      	cmp	r6, r4
10004d64:	d1f0      	bne.n	10004d48 <vEventGroupSetBitsCallback+0x5c>
10004d66:	4643      	mov	r3, r8
10004d68:	4399      	bics	r1, r3
10004d6a:	6029      	str	r1, [r5, #0]
10004d6c:	f000 fec8 	bl	10005b00 <xTaskResumeAll>
10004d70:	bcf0      	pop	{r4, r5, r6, r7}
10004d72:	46bb      	mov	fp, r7
10004d74:	46b2      	mov	sl, r6
10004d76:	46a9      	mov	r9, r5
10004d78:	46a0      	mov	r8, r4
10004d7a:	bdf8      	pop	{r3, r4, r5, r6, r7, pc}

10004d7c <xEventGroupCreate>:
10004d7c:	b510      	push	{r4, lr}
10004d7e:	201c      	movs	r0, #28
10004d80:	f7ff fc3c 	bl	100045fc <pvPortMalloc>
10004d84:	1e04      	subs	r4, r0, #0
10004d86:	d003      	beq.n	10004d90 <xEventGroupCreate+0x14>
10004d88:	2300      	movs	r3, #0
10004d8a:	c008      	stmia	r0!, {r3}
10004d8c:	f000 f8b4 	bl	10004ef8 <vListInitialise>
10004d90:	0020      	movs	r0, r4
10004d92:	bd10      	pop	{r4, pc}

10004d94 <xEventGroupWaitBits>:
10004d94:	b5f0      	push	{r4, r5, r6, r7, lr}
10004d96:	46c6      	mov	lr, r8
10004d98:	0006      	movs	r6, r0
10004d9a:	b500      	push	{lr}
10004d9c:	000d      	movs	r5, r1
10004d9e:	4690      	mov	r8, r2
10004da0:	001f      	movs	r7, r3
10004da2:	f000 fea5 	bl	10005af0 <vTaskSuspendAll>
10004da6:	6834      	ldr	r4, [r6, #0]
10004da8:	2f00      	cmp	r7, #0
10004daa:	d113      	bne.n	10004dd4 <xEventGroupWaitBits+0x40>
10004dac:	4225      	tst	r5, r4
10004dae:	d00b      	beq.n	10004dc8 <xEventGroupWaitBits+0x34>
10004db0:	4643      	mov	r3, r8
10004db2:	2b00      	cmp	r3, #0
10004db4:	d00b      	beq.n	10004dce <xEventGroupWaitBits+0x3a>
10004db6:	0023      	movs	r3, r4
10004db8:	43ab      	bics	r3, r5
10004dba:	6033      	str	r3, [r6, #0]
10004dbc:	f000 fea0 	bl	10005b00 <xTaskResumeAll>
10004dc0:	0020      	movs	r0, r4
10004dc2:	bc80      	pop	{r7}
10004dc4:	46b8      	mov	r8, r7
10004dc6:	bdf0      	pop	{r4, r5, r6, r7, pc}
10004dc8:	9b06      	ldr	r3, [sp, #24]
10004dca:	2b00      	cmp	r3, #0
10004dcc:	d121      	bne.n	10004e12 <xEventGroupWaitBits+0x7e>
10004dce:	f000 fe97 	bl	10005b00 <xTaskResumeAll>
10004dd2:	e7f5      	b.n	10004dc0 <xEventGroupWaitBits+0x2c>
10004dd4:	002b      	movs	r3, r5
10004dd6:	4023      	ands	r3, r4
10004dd8:	429d      	cmp	r5, r3
10004dda:	d0e9      	beq.n	10004db0 <xEventGroupWaitBits+0x1c>
10004ddc:	9b06      	ldr	r3, [sp, #24]
10004dde:	2b00      	cmp	r3, #0
10004de0:	d0f5      	beq.n	10004dce <xEventGroupWaitBits+0x3a>
10004de2:	4643      	mov	r3, r8
10004de4:	2180      	movs	r1, #128	@ 0x80
10004de6:	1e5a      	subs	r2, r3, #1
10004de8:	4193      	sbcs	r3, r2
10004dea:	04c9      	lsls	r1, r1, #19
10004dec:	061b      	lsls	r3, r3, #24
10004dee:	4319      	orrs	r1, r3
10004df0:	9a06      	ldr	r2, [sp, #24]
10004df2:	4329      	orrs	r1, r5
10004df4:	1d30      	adds	r0, r6, #4
10004df6:	f001 f835 	bl	10005e64 <vTaskPlaceOnUnorderedEventList>
10004dfa:	f000 fe81 	bl	10005b00 <xTaskResumeAll>
10004dfe:	2800      	cmp	r0, #0
10004e00:	d01c      	beq.n	10004e3c <xEventGroupWaitBits+0xa8>
10004e02:	f001 fa3f 	bl	10006284 <uxTaskResetEventItemValue>
10004e06:	0004      	movs	r4, r0
10004e08:	0183      	lsls	r3, r0, #6
10004e0a:	d507      	bpl.n	10004e1c <xEventGroupWaitBits+0x88>
10004e0c:	0224      	lsls	r4, r4, #8
10004e0e:	0a24      	lsrs	r4, r4, #8
10004e10:	e7d6      	b.n	10004dc0 <xEventGroupWaitBits+0x2c>
10004e12:	4641      	mov	r1, r8
10004e14:	1e4b      	subs	r3, r1, #1
10004e16:	4199      	sbcs	r1, r3
10004e18:	0609      	lsls	r1, r1, #24
10004e1a:	e7e9      	b.n	10004df0 <xEventGroupWaitBits+0x5c>
10004e1c:	f7ff fd7e 	bl	1000491c <vPortEnterCritical>
10004e20:	6834      	ldr	r4, [r6, #0]
10004e22:	2f00      	cmp	r7, #0
10004e24:	d10d      	bne.n	10004e42 <xEventGroupWaitBits+0xae>
10004e26:	422c      	tst	r4, r5
10004e28:	d005      	beq.n	10004e36 <xEventGroupWaitBits+0xa2>
10004e2a:	4643      	mov	r3, r8
10004e2c:	2b00      	cmp	r3, #0
10004e2e:	d002      	beq.n	10004e36 <xEventGroupWaitBits+0xa2>
10004e30:	0023      	movs	r3, r4
10004e32:	43ab      	bics	r3, r5
10004e34:	6033      	str	r3, [r6, #0]
10004e36:	f7ff fd7d 	bl	10004934 <vPortExitCritical>
10004e3a:	e7e7      	b.n	10004e0c <xEventGroupWaitBits+0x78>
10004e3c:	f7ff fd62 	bl	10004904 <vPortYield>
10004e40:	e7df      	b.n	10004e02 <xEventGroupWaitBits+0x6e>
10004e42:	0023      	movs	r3, r4
10004e44:	402b      	ands	r3, r5
10004e46:	429d      	cmp	r5, r3
10004e48:	d1f5      	bne.n	10004e36 <xEventGroupWaitBits+0xa2>
10004e4a:	e7ee      	b.n	10004e2a <xEventGroupWaitBits+0x96>

10004e4c <xEventGroupSetBits>:
10004e4c:	b5f8      	push	{r3, r4, r5, r6, r7, lr}
10004e4e:	46de      	mov	lr, fp
10004e50:	4657      	mov	r7, sl
10004e52:	464e      	mov	r6, r9
10004e54:	4645      	mov	r5, r8
10004e56:	b5e0      	push	{r5, r6, r7, lr}
10004e58:	0005      	movs	r5, r0
10004e5a:	000f      	movs	r7, r1
10004e5c:	0006      	movs	r6, r0
10004e5e:	f000 fe47 	bl	10005af0 <vTaskSuspendAll>
10004e62:	6829      	ldr	r1, [r5, #0]
10004e64:	692c      	ldr	r4, [r5, #16]
10004e66:	4339      	orrs	r1, r7
10004e68:	360c      	adds	r6, #12
10004e6a:	6029      	str	r1, [r5, #0]
10004e6c:	42a6      	cmp	r6, r4
10004e6e:	d02c      	beq.n	10004eca <xEventGroupSetBits+0x7e>
10004e70:	2300      	movs	r3, #0
10004e72:	4698      	mov	r8, r3
10004e74:	2380      	movs	r3, #128	@ 0x80
10004e76:	04db      	lsls	r3, r3, #19
10004e78:	469b      	mov	fp, r3
10004e7a:	2380      	movs	r3, #128	@ 0x80
10004e7c:	045b      	lsls	r3, r3, #17
10004e7e:	469a      	mov	sl, r3
10004e80:	2380      	movs	r3, #128	@ 0x80
10004e82:	049b      	lsls	r3, r3, #18
10004e84:	4699      	mov	r9, r3
10004e86:	e00f      	b.n	10004ea8 <xEventGroupSetBits+0x5c>
10004e88:	4667      	mov	r7, ip
10004e8a:	2f00      	cmp	r7, #0
10004e8c:	d00a      	beq.n	10004ea4 <xEventGroupSetBits+0x58>
10004e8e:	4657      	mov	r7, sl
10004e90:	423a      	tst	r2, r7
10004e92:	d002      	beq.n	10004e9a <xEventGroupSetBits+0x4e>
10004e94:	4642      	mov	r2, r8
10004e96:	431a      	orrs	r2, r3
10004e98:	4690      	mov	r8, r2
10004e9a:	464b      	mov	r3, r9
10004e9c:	4319      	orrs	r1, r3
10004e9e:	f001 f923 	bl	100060e8 <vTaskRemoveFromUnorderedEventList>
10004ea2:	6829      	ldr	r1, [r5, #0]
10004ea4:	42a6      	cmp	r6, r4
10004ea6:	d00e      	beq.n	10004ec6 <xEventGroupSetBits+0x7a>
10004ea8:	0020      	movs	r0, r4
10004eaa:	000f      	movs	r7, r1
10004eac:	6802      	ldr	r2, [r0, #0]
10004eae:	6864      	ldr	r4, [r4, #4]
10004eb0:	0213      	lsls	r3, r2, #8
10004eb2:	0a1b      	lsrs	r3, r3, #8
10004eb4:	401f      	ands	r7, r3
10004eb6:	46bc      	mov	ip, r7
10004eb8:	465f      	mov	r7, fp
10004eba:	423a      	tst	r2, r7
10004ebc:	d0e4      	beq.n	10004e88 <xEventGroupSetBits+0x3c>
10004ebe:	4563      	cmp	r3, ip
10004ec0:	d0e5      	beq.n	10004e8e <xEventGroupSetBits+0x42>
10004ec2:	42a6      	cmp	r6, r4
10004ec4:	d1f0      	bne.n	10004ea8 <xEventGroupSetBits+0x5c>
10004ec6:	4643      	mov	r3, r8
10004ec8:	4399      	bics	r1, r3
10004eca:	6029      	str	r1, [r5, #0]
10004ecc:	f000 fe18 	bl	10005b00 <xTaskResumeAll>
10004ed0:	6828      	ldr	r0, [r5, #0]
10004ed2:	bcf0      	pop	{r4, r5, r6, r7}
10004ed4:	46bb      	mov	fp, r7
10004ed6:	46b2      	mov	sl, r6
10004ed8:	46a9      	mov	r9, r5
10004eda:	46a0      	mov	r8, r4
10004edc:	bdf8      	pop	{r3, r4, r5, r6, r7, pc}
10004ede:	46c0      	nop			@ (mov r8, r8)

10004ee0 <xEventGroupSetBitsFromISR>:
10004ee0:	b510      	push	{r4, lr}
10004ee2:	4c04      	ldr	r4, [pc, #16]	@ (10004ef4 <xEventGroupSetBitsFromISR+0x14>)
10004ee4:	0013      	movs	r3, r2
10004ee6:	000a      	movs	r2, r1
10004ee8:	0001      	movs	r1, r0
10004eea:	0020      	movs	r0, r4
10004eec:	f001 fbe2 	bl	100066b4 <xTimerPendFunctionCallFromISR>
10004ef0:	bd10      	pop	{r4, pc}
10004ef2:	46c0      	nop			@ (mov r8, r8)
10004ef4:	10004ced 	.word	0x10004ced

10004ef8 <vListInitialise>:
10004ef8:	0003      	movs	r3, r0
10004efa:	3308      	adds	r3, #8
10004efc:	2201      	movs	r2, #1
10004efe:	6043      	str	r3, [r0, #4]
10004f00:	60c3      	str	r3, [r0, #12]
10004f02:	6103      	str	r3, [r0, #16]
10004f04:	2300      	movs	r3, #0
10004f06:	4252      	negs	r2, r2
10004f08:	6082      	str	r2, [r0, #8]
10004f0a:	6003      	str	r3, [r0, #0]
10004f0c:	4770      	bx	lr
10004f0e:	46c0      	nop			@ (mov r8, r8)

10004f10 <vListInitialiseItem>:
10004f10:	2300      	movs	r3, #0
10004f12:	6103      	str	r3, [r0, #16]
10004f14:	4770      	bx	lr
10004f16:	46c0      	nop			@ (mov r8, r8)

10004f18 <vListInsert>:
10004f18:	0003      	movs	r3, r0
10004f1a:	b530      	push	{r4, r5, lr}
10004f1c:	680d      	ldr	r5, [r1, #0]
10004f1e:	3308      	adds	r3, #8
10004f20:	1c6a      	adds	r2, r5, #1
10004f22:	d00d      	beq.n	10004f40 <vListInsert+0x28>
10004f24:	001c      	movs	r4, r3
10004f26:	685b      	ldr	r3, [r3, #4]
10004f28:	681a      	ldr	r2, [r3, #0]
10004f2a:	42aa      	cmp	r2, r5
10004f2c:	d9fa      	bls.n	10004f24 <vListInsert+0xc>
10004f2e:	604b      	str	r3, [r1, #4]
10004f30:	6099      	str	r1, [r3, #8]
10004f32:	6803      	ldr	r3, [r0, #0]
10004f34:	608c      	str	r4, [r1, #8]
10004f36:	3301      	adds	r3, #1
10004f38:	6061      	str	r1, [r4, #4]
10004f3a:	6108      	str	r0, [r1, #16]
10004f3c:	6003      	str	r3, [r0, #0]
10004f3e:	bd30      	pop	{r4, r5, pc}
10004f40:	6904      	ldr	r4, [r0, #16]
10004f42:	6863      	ldr	r3, [r4, #4]
10004f44:	e7f3      	b.n	10004f2e <vListInsert+0x16>
10004f46:	46c0      	nop			@ (mov r8, r8)

10004f48 <uxListRemove>:
10004f48:	6903      	ldr	r3, [r0, #16]
10004f4a:	6841      	ldr	r1, [r0, #4]
10004f4c:	6882      	ldr	r2, [r0, #8]
10004f4e:	608a      	str	r2, [r1, #8]
10004f50:	6051      	str	r1, [r2, #4]
10004f52:	6859      	ldr	r1, [r3, #4]
10004f54:	4281      	cmp	r1, r0
10004f56:	d005      	beq.n	10004f64 <uxListRemove+0x1c>
10004f58:	2200      	movs	r2, #0
10004f5a:	6102      	str	r2, [r0, #16]
10004f5c:	6818      	ldr	r0, [r3, #0]
10004f5e:	3801      	subs	r0, #1
10004f60:	6018      	str	r0, [r3, #0]
10004f62:	4770      	bx	lr
10004f64:	605a      	str	r2, [r3, #4]
10004f66:	e7f7      	b.n	10004f58 <uxListRemove+0x10>

10004f68 <prvUnlockQueue>:
10004f68:	b5f0      	push	{r4, r5, r6, r7, lr}
10004f6a:	46de      	mov	lr, fp
10004f6c:	464e      	mov	r6, r9
10004f6e:	4657      	mov	r7, sl
10004f70:	4645      	mov	r5, r8
10004f72:	b5e0      	push	{r5, r6, r7, lr}
10004f74:	b085      	sub	sp, #20
10004f76:	0006      	movs	r6, r0
10004f78:	f7ff fcd0 	bl	1000491c <vPortEnterCritical>
10004f7c:	2345      	movs	r3, #69	@ 0x45
10004f7e:	5cf4      	ldrb	r4, [r6, r3]
10004f80:	b264      	sxtb	r4, r4
10004f82:	2c00      	cmp	r4, #0
10004f84:	dd21      	ble.n	10004fca <prvUnlockQueue+0x62>
10004f86:	3b21      	subs	r3, #33	@ 0x21
10004f88:	4699      	mov	r9, r3
10004f8a:	3321      	adds	r3, #33	@ 0x21
10004f8c:	469a      	mov	sl, r3
10004f8e:	44b1      	add	r9, r6
10004f90:	e009      	b.n	10004fa6 <prvUnlockQueue+0x3e>
10004f92:	6baa      	ldr	r2, [r5, #56]	@ 0x38
10004f94:	6beb      	ldr	r3, [r5, #60]	@ 0x3c
10004f96:	9603      	str	r6, [sp, #12]
10004f98:	429a      	cmp	r2, r3
10004f9a:	d345      	bcc.n	10005028 <prvUnlockQueue+0xc0>
10004f9c:	3c01      	subs	r4, #1
10004f9e:	b2e3      	uxtb	r3, r4
10004fa0:	b264      	sxtb	r4, r4
10004fa2:	2b00      	cmp	r3, #0
10004fa4:	d011      	beq.n	10004fca <prvUnlockQueue+0x62>
10004fa6:	6cb5      	ldr	r5, [r6, #72]	@ 0x48
10004fa8:	2d00      	cmp	r5, #0
10004faa:	d1f2      	bne.n	10004f92 <prvUnlockQueue+0x2a>
10004fac:	6a73      	ldr	r3, [r6, #36]	@ 0x24
10004fae:	2b00      	cmp	r3, #0
10004fb0:	d00b      	beq.n	10004fca <prvUnlockQueue+0x62>
10004fb2:	4648      	mov	r0, r9
10004fb4:	f001 f832 	bl	1000601c <xTaskRemoveFromEventList>
10004fb8:	2800      	cmp	r0, #0
10004fba:	d0ef      	beq.n	10004f9c <prvUnlockQueue+0x34>
10004fbc:	f001 f924 	bl	10006208 <vTaskMissedYield>
10004fc0:	3c01      	subs	r4, #1
10004fc2:	b2e3      	uxtb	r3, r4
10004fc4:	b264      	sxtb	r4, r4
10004fc6:	2b00      	cmp	r3, #0
10004fc8:	d1ed      	bne.n	10004fa6 <prvUnlockQueue+0x3e>
10004fca:	2345      	movs	r3, #69	@ 0x45
10004fcc:	22ff      	movs	r2, #255	@ 0xff
10004fce:	54f2      	strb	r2, [r6, r3]
10004fd0:	f7ff fcb0 	bl	10004934 <vPortExitCritical>
10004fd4:	f7ff fca2 	bl	1000491c <vPortEnterCritical>
10004fd8:	2344      	movs	r3, #68	@ 0x44
10004fda:	0035      	movs	r5, r6
10004fdc:	5cf4      	ldrb	r4, [r6, r3]
10004fde:	3510      	adds	r5, #16
10004fe0:	b264      	sxtb	r4, r4
10004fe2:	2c00      	cmp	r4, #0
10004fe4:	dc05      	bgt.n	10004ff2 <prvUnlockQueue+0x8a>
10004fe6:	e013      	b.n	10005010 <prvUnlockQueue+0xa8>
10004fe8:	3c01      	subs	r4, #1
10004fea:	b2e2      	uxtb	r2, r4
10004fec:	b264      	sxtb	r4, r4
10004fee:	2a00      	cmp	r2, #0
10004ff0:	d00e      	beq.n	10005010 <prvUnlockQueue+0xa8>
10004ff2:	6933      	ldr	r3, [r6, #16]
10004ff4:	2b00      	cmp	r3, #0
10004ff6:	d00b      	beq.n	10005010 <prvUnlockQueue+0xa8>
10004ff8:	0028      	movs	r0, r5
10004ffa:	f001 f80f 	bl	1000601c <xTaskRemoveFromEventList>
10004ffe:	2800      	cmp	r0, #0
10005000:	d0f2      	beq.n	10004fe8 <prvUnlockQueue+0x80>
10005002:	3c01      	subs	r4, #1
10005004:	f001 f900 	bl	10006208 <vTaskMissedYield>
10005008:	b2e2      	uxtb	r2, r4
1000500a:	b264      	sxtb	r4, r4
1000500c:	2a00      	cmp	r2, #0
1000500e:	d1f0      	bne.n	10004ff2 <prvUnlockQueue+0x8a>
10005010:	2344      	movs	r3, #68	@ 0x44
10005012:	22ff      	movs	r2, #255	@ 0xff
10005014:	54f2      	strb	r2, [r6, r3]
10005016:	f7ff fc8d 	bl	10004934 <vPortExitCritical>
1000501a:	b005      	add	sp, #20
1000501c:	bcf0      	pop	{r4, r5, r6, r7}
1000501e:	46bb      	mov	fp, r7
10005020:	46b2      	mov	sl, r6
10005022:	46a9      	mov	r9, r5
10005024:	46a0      	mov	r8, r4
10005026:	bdf0      	pop	{r4, r5, r6, r7, pc}
10005028:	4653      	mov	r3, sl
1000502a:	6c2a      	ldr	r2, [r5, #64]	@ 0x40
1000502c:	5cef      	ldrb	r7, [r5, r3]
1000502e:	6bab      	ldr	r3, [r5, #56]	@ 0x38
10005030:	b27f      	sxtb	r7, r7
10005032:	4698      	mov	r8, r3
10005034:	2a00      	cmp	r2, #0
10005036:	d116      	bne.n	10005066 <prvUnlockQueue+0xfe>
10005038:	2301      	movs	r3, #1
1000503a:	469c      	mov	ip, r3
1000503c:	682b      	ldr	r3, [r5, #0]
1000503e:	44e0      	add	r8, ip
10005040:	469b      	mov	fp, r3
10005042:	2b00      	cmp	r3, #0
10005044:	d02b      	beq.n	1000509e <prvUnlockQueue+0x136>
10005046:	4643      	mov	r3, r8
10005048:	63ab      	str	r3, [r5, #56]	@ 0x38
1000504a:	1c7b      	adds	r3, r7, #1
1000504c:	d11d      	bne.n	1000508a <prvUnlockQueue+0x122>
1000504e:	6a6b      	ldr	r3, [r5, #36]	@ 0x24
10005050:	2b00      	cmp	r3, #0
10005052:	d0a3      	beq.n	10004f9c <prvUnlockQueue+0x34>
10005054:	0028      	movs	r0, r5
10005056:	3024      	adds	r0, #36	@ 0x24
10005058:	f000 ffe0 	bl	1000601c <xTaskRemoveFromEventList>
1000505c:	2800      	cmp	r0, #0
1000505e:	d09d      	beq.n	10004f9c <prvUnlockQueue+0x34>
10005060:	f001 f8d2 	bl	10006208 <vTaskMissedYield>
10005064:	e7ac      	b.n	10004fc0 <prvUnlockQueue+0x58>
10005066:	a903      	add	r1, sp, #12
10005068:	6868      	ldr	r0, [r5, #4]
1000506a:	f7fd faa7 	bl	100025bc <__wrap___aeabi_memcpy>
1000506e:	4641      	mov	r1, r8
10005070:	686b      	ldr	r3, [r5, #4]
10005072:	6c2a      	ldr	r2, [r5, #64]	@ 0x40
10005074:	3101      	adds	r1, #1
10005076:	189b      	adds	r3, r3, r2
10005078:	68aa      	ldr	r2, [r5, #8]
1000507a:	606b      	str	r3, [r5, #4]
1000507c:	4293      	cmp	r3, r2
1000507e:	d301      	bcc.n	10005084 <prvUnlockQueue+0x11c>
10005080:	682b      	ldr	r3, [r5, #0]
10005082:	606b      	str	r3, [r5, #4]
10005084:	63a9      	str	r1, [r5, #56]	@ 0x38
10005086:	1c7b      	adds	r3, r7, #1
10005088:	d0e1      	beq.n	1000504e <prvUnlockQueue+0xe6>
1000508a:	f000 fe45 	bl	10005d18 <uxTaskGetNumberOfTasks>
1000508e:	42b8      	cmp	r0, r7
10005090:	d800      	bhi.n	10005094 <prvUnlockQueue+0x12c>
10005092:	e783      	b.n	10004f9c <prvUnlockQueue+0x34>
10005094:	2345      	movs	r3, #69	@ 0x45
10005096:	3701      	adds	r7, #1
10005098:	b27f      	sxtb	r7, r7
1000509a:	54ef      	strb	r7, [r5, r3]
1000509c:	e77e      	b.n	10004f9c <prvUnlockQueue+0x34>
1000509e:	68a8      	ldr	r0, [r5, #8]
100050a0:	f001 f8be 	bl	10006220 <xTaskPriorityDisinherit>
100050a4:	465b      	mov	r3, fp
100050a6:	60ab      	str	r3, [r5, #8]
100050a8:	4643      	mov	r3, r8
100050aa:	9001      	str	r0, [sp, #4]
100050ac:	63ab      	str	r3, [r5, #56]	@ 0x38
100050ae:	1c7b      	adds	r3, r7, #1
100050b0:	d109      	bne.n	100050c6 <prvUnlockQueue+0x15e>
100050b2:	6a6b      	ldr	r3, [r5, #36]	@ 0x24
100050b4:	2b00      	cmp	r3, #0
100050b6:	d10f      	bne.n	100050d8 <prvUnlockQueue+0x170>
100050b8:	9b01      	ldr	r3, [sp, #4]
100050ba:	2b00      	cmp	r3, #0
100050bc:	d100      	bne.n	100050c0 <prvUnlockQueue+0x158>
100050be:	e76d      	b.n	10004f9c <prvUnlockQueue+0x34>
100050c0:	f001 f8a2 	bl	10006208 <vTaskMissedYield>
100050c4:	e77c      	b.n	10004fc0 <prvUnlockQueue+0x58>
100050c6:	f000 fe27 	bl	10005d18 <uxTaskGetNumberOfTasks>
100050ca:	42b8      	cmp	r0, r7
100050cc:	d9f4      	bls.n	100050b8 <prvUnlockQueue+0x150>
100050ce:	4653      	mov	r3, sl
100050d0:	3701      	adds	r7, #1
100050d2:	b27f      	sxtb	r7, r7
100050d4:	54ef      	strb	r7, [r5, r3]
100050d6:	e7ef      	b.n	100050b8 <prvUnlockQueue+0x150>
100050d8:	0028      	movs	r0, r5
100050da:	3024      	adds	r0, #36	@ 0x24
100050dc:	f000 ff9e 	bl	1000601c <xTaskRemoveFromEventList>
100050e0:	2800      	cmp	r0, #0
100050e2:	d0e9      	beq.n	100050b8 <prvUnlockQueue+0x150>
100050e4:	e76a      	b.n	10004fbc <prvUnlockQueue+0x54>
100050e6:	46c0      	nop			@ (mov r8, r8)

100050e8 <prvNotifyQueueSetContainer>:
100050e8:	b5f0      	push	{r4, r5, r6, r7, lr}
100050ea:	46c6      	mov	lr, r8
100050ec:	b500      	push	{lr}
100050ee:	6c84      	ldr	r4, [r0, #72]	@ 0x48
100050f0:	b082      	sub	sp, #8
100050f2:	6ba2      	ldr	r2, [r4, #56]	@ 0x38
100050f4:	6be3      	ldr	r3, [r4, #60]	@ 0x3c
100050f6:	2500      	movs	r5, #0
100050f8:	9001      	str	r0, [sp, #4]
100050fa:	429a      	cmp	r2, r3
100050fc:	d304      	bcc.n	10005108 <prvNotifyQueueSetContainer+0x20>
100050fe:	0028      	movs	r0, r5
10005100:	b002      	add	sp, #8
10005102:	bc80      	pop	{r7}
10005104:	46b8      	mov	r8, r7
10005106:	bdf0      	pop	{r4, r5, r6, r7, pc}
10005108:	2345      	movs	r3, #69	@ 0x45
1000510a:	6c22      	ldr	r2, [r4, #64]	@ 0x40
1000510c:	5ce6      	ldrb	r6, [r4, r3]
1000510e:	6ba7      	ldr	r7, [r4, #56]	@ 0x38
10005110:	b276      	sxtb	r6, r6
10005112:	2a00      	cmp	r2, #0
10005114:	d01c      	beq.n	10005150 <prvNotifyQueueSetContainer+0x68>
10005116:	6860      	ldr	r0, [r4, #4]
10005118:	a901      	add	r1, sp, #4
1000511a:	f7fd fa4f 	bl	100025bc <__wrap___aeabi_memcpy>
1000511e:	6863      	ldr	r3, [r4, #4]
10005120:	6c22      	ldr	r2, [r4, #64]	@ 0x40
10005122:	189b      	adds	r3, r3, r2
10005124:	68a2      	ldr	r2, [r4, #8]
10005126:	6063      	str	r3, [r4, #4]
10005128:	4293      	cmp	r3, r2
1000512a:	d301      	bcc.n	10005130 <prvNotifyQueueSetContainer+0x48>
1000512c:	6823      	ldr	r3, [r4, #0]
1000512e:	6063      	str	r3, [r4, #4]
10005130:	2500      	movs	r5, #0
10005132:	3701      	adds	r7, #1
10005134:	63a7      	str	r7, [r4, #56]	@ 0x38
10005136:	1c73      	adds	r3, r6, #1
10005138:	d115      	bne.n	10005166 <prvNotifyQueueSetContainer+0x7e>
1000513a:	6a63      	ldr	r3, [r4, #36]	@ 0x24
1000513c:	2b00      	cmp	r3, #0
1000513e:	d0de      	beq.n	100050fe <prvNotifyQueueSetContainer+0x16>
10005140:	0020      	movs	r0, r4
10005142:	3024      	adds	r0, #36	@ 0x24
10005144:	f000 ff6a 	bl	1000601c <xTaskRemoveFromEventList>
10005148:	2800      	cmp	r0, #0
1000514a:	d0d8      	beq.n	100050fe <prvNotifyQueueSetContainer+0x16>
1000514c:	2501      	movs	r5, #1
1000514e:	e7d6      	b.n	100050fe <prvNotifyQueueSetContainer+0x16>
10005150:	6823      	ldr	r3, [r4, #0]
10005152:	4698      	mov	r8, r3
10005154:	2b00      	cmp	r3, #0
10005156:	d1eb      	bne.n	10005130 <prvNotifyQueueSetContainer+0x48>
10005158:	68a0      	ldr	r0, [r4, #8]
1000515a:	f001 f861 	bl	10006220 <xTaskPriorityDisinherit>
1000515e:	4643      	mov	r3, r8
10005160:	0005      	movs	r5, r0
10005162:	60a3      	str	r3, [r4, #8]
10005164:	e7e5      	b.n	10005132 <prvNotifyQueueSetContainer+0x4a>
10005166:	f000 fdd7 	bl	10005d18 <uxTaskGetNumberOfTasks>
1000516a:	4286      	cmp	r6, r0
1000516c:	d2c7      	bcs.n	100050fe <prvNotifyQueueSetContainer+0x16>
1000516e:	2345      	movs	r3, #69	@ 0x45
10005170:	3601      	adds	r6, #1
10005172:	b276      	sxtb	r6, r6
10005174:	54e6      	strb	r6, [r4, r3]
10005176:	e7c2      	b.n	100050fe <prvNotifyQueueSetContainer+0x16>

10005178 <xQueueGenericCreate>:
10005178:	b5f8      	push	{r3, r4, r5, r6, r7, lr}
1000517a:	0005      	movs	r5, r0
1000517c:	000e      	movs	r6, r1
1000517e:	0017      	movs	r7, r2
10005180:	2800      	cmp	r0, #0
10005182:	d041      	beq.n	10005208 <xQueueGenericCreate+0x90>
10005184:	0c03      	lsrs	r3, r0, #16
10005186:	0c0a      	lsrs	r2, r1, #16
10005188:	2b00      	cmp	r3, #0
1000518a:	d142      	bne.n	10005212 <xQueueGenericCreate+0x9a>
1000518c:	2a00      	cmp	r2, #0
1000518e:	d130      	bne.n	100051f2 <xQueueGenericCreate+0x7a>
10005190:	0030      	movs	r0, r6
10005192:	4368      	muls	r0, r5
10005194:	0003      	movs	r3, r0
10005196:	3355      	adds	r3, #85	@ 0x55
10005198:	d836      	bhi.n	10005208 <xQueueGenericCreate+0x90>
1000519a:	3054      	adds	r0, #84	@ 0x54
1000519c:	f7ff fa2e 	bl	100045fc <pvPortMalloc>
100051a0:	1e04      	subs	r4, r0, #0
100051a2:	d031      	beq.n	10005208 <xQueueGenericCreate+0x90>
100051a4:	0003      	movs	r3, r0
100051a6:	2e00      	cmp	r6, #0
100051a8:	d131      	bne.n	1000520e <xQueueGenericCreate+0x96>
100051aa:	6023      	str	r3, [r4, #0]
100051ac:	63e5      	str	r5, [r4, #60]	@ 0x3c
100051ae:	6426      	str	r6, [r4, #64]	@ 0x40
100051b0:	f7ff fbb4 	bl	1000491c <vPortEnterCritical>
100051b4:	6c21      	ldr	r1, [r4, #64]	@ 0x40
100051b6:	6be3      	ldr	r3, [r4, #60]	@ 0x3c
100051b8:	6822      	ldr	r2, [r4, #0]
100051ba:	434b      	muls	r3, r1
100051bc:	18d0      	adds	r0, r2, r3
100051be:	1a5b      	subs	r3, r3, r1
100051c0:	6062      	str	r2, [r4, #4]
100051c2:	18d2      	adds	r2, r2, r3
100051c4:	60e2      	str	r2, [r4, #12]
100051c6:	23ff      	movs	r3, #255	@ 0xff
100051c8:	2500      	movs	r5, #0
100051ca:	2244      	movs	r2, #68	@ 0x44
100051cc:	60a0      	str	r0, [r4, #8]
100051ce:	0020      	movs	r0, r4
100051d0:	63a5      	str	r5, [r4, #56]	@ 0x38
100051d2:	54a3      	strb	r3, [r4, r2]
100051d4:	3201      	adds	r2, #1
100051d6:	54a3      	strb	r3, [r4, r2]
100051d8:	3010      	adds	r0, #16
100051da:	f7ff fe8d 	bl	10004ef8 <vListInitialise>
100051de:	0020      	movs	r0, r4
100051e0:	3024      	adds	r0, #36	@ 0x24
100051e2:	f7ff fe89 	bl	10004ef8 <vListInitialise>
100051e6:	f7ff fba5 	bl	10004934 <vPortExitCritical>
100051ea:	2350      	movs	r3, #80	@ 0x50
100051ec:	54e7      	strb	r7, [r4, r3]
100051ee:	64a5      	str	r5, [r4, #72]	@ 0x48
100051f0:	e00b      	b.n	1000520a <xQueueGenericCreate+0x92>
100051f2:	1c13      	adds	r3, r2, #0
100051f4:	b2a9      	uxth	r1, r5
100051f6:	b2b2      	uxth	r2, r6
100051f8:	434a      	muls	r2, r1
100051fa:	b280      	uxth	r0, r0
100051fc:	b29b      	uxth	r3, r3
100051fe:	4343      	muls	r3, r0
10005200:	0c12      	lsrs	r2, r2, #16
10005202:	189b      	adds	r3, r3, r2
10005204:	0c1b      	lsrs	r3, r3, #16
10005206:	d0c3      	beq.n	10005190 <xQueueGenericCreate+0x18>
10005208:	2400      	movs	r4, #0
1000520a:	0020      	movs	r0, r4
1000520c:	bdf8      	pop	{r3, r4, r5, r6, r7, pc}
1000520e:	3354      	adds	r3, #84	@ 0x54
10005210:	e7cb      	b.n	100051aa <xQueueGenericCreate+0x32>
10005212:	2a00      	cmp	r2, #0
10005214:	d1f8      	bne.n	10005208 <xQueueGenericCreate+0x90>
10005216:	1c30      	adds	r0, r6, #0
10005218:	e7ec      	b.n	100051f4 <xQueueGenericCreate+0x7c>
1000521a:	46c0      	nop			@ (mov r8, r8)

1000521c <xQueueGenericSendFromISR>:
1000521c:	b5f8      	push	{r3, r4, r5, r6, r7, lr}
1000521e:	464e      	mov	r6, r9
10005220:	46de      	mov	lr, fp
10005222:	4657      	mov	r7, sl
10005224:	4645      	mov	r5, r8
10005226:	0004      	movs	r4, r0
10005228:	b5e0      	push	{r5, r6, r7, lr}
1000522a:	4691      	mov	r9, r2
1000522c:	001d      	movs	r5, r3
1000522e:	000f      	movs	r7, r1
10005230:	f7ff fb9a 	bl	10004968 <ulSetInterruptMaskFromISR>
10005234:	6ba2      	ldr	r2, [r4, #56]	@ 0x38
10005236:	6be3      	ldr	r3, [r4, #60]	@ 0x3c
10005238:	0006      	movs	r6, r0
1000523a:	429a      	cmp	r2, r3
1000523c:	d32d      	bcc.n	1000529a <xQueueGenericSendFromISR+0x7e>
1000523e:	2300      	movs	r3, #0
10005240:	4698      	mov	r8, r3
10005242:	2d02      	cmp	r5, #2
10005244:	d009      	beq.n	1000525a <xQueueGenericSendFromISR+0x3e>
10005246:	0030      	movs	r0, r6
10005248:	f7ff fb92 	bl	10004970 <vClearInterruptMaskFromISR>
1000524c:	4640      	mov	r0, r8
1000524e:	bcf0      	pop	{r4, r5, r6, r7}
10005250:	46bb      	mov	fp, r7
10005252:	46b2      	mov	sl, r6
10005254:	46a9      	mov	r9, r5
10005256:	46a0      	mov	r8, r4
10005258:	bdf8      	pop	{r3, r4, r5, r6, r7, pc}
1000525a:	3345      	adds	r3, #69	@ 0x45
1000525c:	5ce3      	ldrb	r3, [r4, r3]
1000525e:	6c22      	ldr	r2, [r4, #64]	@ 0x40
10005260:	b25b      	sxtb	r3, r3
10005262:	4698      	mov	r8, r3
10005264:	6ba3      	ldr	r3, [r4, #56]	@ 0x38
10005266:	469b      	mov	fp, r3
10005268:	6ba3      	ldr	r3, [r4, #56]	@ 0x38
1000526a:	469a      	mov	sl, r3
1000526c:	2a00      	cmp	r2, #0
1000526e:	d13b      	bne.n	100052e8 <xQueueGenericSendFromISR+0xcc>
10005270:	4657      	mov	r7, sl
10005272:	6823      	ldr	r3, [r4, #0]
10005274:	3701      	adds	r7, #1
10005276:	469a      	mov	sl, r3
10005278:	2b00      	cmp	r3, #0
1000527a:	d063      	beq.n	10005344 <xQueueGenericSendFromISR+0x128>
1000527c:	4643      	mov	r3, r8
1000527e:	63a7      	str	r7, [r4, #56]	@ 0x38
10005280:	3301      	adds	r3, #1
10005282:	d127      	bne.n	100052d4 <xQueueGenericSendFromISR+0xb8>
10005284:	6ca3      	ldr	r3, [r4, #72]	@ 0x48
10005286:	2b00      	cmp	r3, #0
10005288:	d042      	beq.n	10005310 <xQueueGenericSendFromISR+0xf4>
1000528a:	2d02      	cmp	r5, #2
1000528c:	d14a      	bne.n	10005324 <xQueueGenericSendFromISR+0x108>
1000528e:	465b      	mov	r3, fp
10005290:	2b00      	cmp	r3, #0
10005292:	d047      	beq.n	10005324 <xQueueGenericSendFromISR+0x108>
10005294:	2301      	movs	r3, #1
10005296:	4698      	mov	r8, r3
10005298:	e7d5      	b.n	10005246 <xQueueGenericSendFromISR+0x2a>
1000529a:	2345      	movs	r3, #69	@ 0x45
1000529c:	5ce3      	ldrb	r3, [r4, r3]
1000529e:	6c22      	ldr	r2, [r4, #64]	@ 0x40
100052a0:	b25b      	sxtb	r3, r3
100052a2:	4698      	mov	r8, r3
100052a4:	6ba3      	ldr	r3, [r4, #56]	@ 0x38
100052a6:	469b      	mov	fp, r3
100052a8:	6ba3      	ldr	r3, [r4, #56]	@ 0x38
100052aa:	469a      	mov	sl, r3
100052ac:	2a00      	cmp	r2, #0
100052ae:	d0df      	beq.n	10005270 <xQueueGenericSendFromISR+0x54>
100052b0:	2d00      	cmp	r5, #0
100052b2:	d119      	bne.n	100052e8 <xQueueGenericSendFromISR+0xcc>
100052b4:	0039      	movs	r1, r7
100052b6:	4657      	mov	r7, sl
100052b8:	6860      	ldr	r0, [r4, #4]
100052ba:	f7fd f97f 	bl	100025bc <__wrap___aeabi_memcpy>
100052be:	6863      	ldr	r3, [r4, #4]
100052c0:	6c22      	ldr	r2, [r4, #64]	@ 0x40
100052c2:	3701      	adds	r7, #1
100052c4:	189b      	adds	r3, r3, r2
100052c6:	68a2      	ldr	r2, [r4, #8]
100052c8:	6063      	str	r3, [r4, #4]
100052ca:	4293      	cmp	r3, r2
100052cc:	d3d6      	bcc.n	1000527c <xQueueGenericSendFromISR+0x60>
100052ce:	6823      	ldr	r3, [r4, #0]
100052d0:	6063      	str	r3, [r4, #4]
100052d2:	e7d3      	b.n	1000527c <xQueueGenericSendFromISR+0x60>
100052d4:	f000 fd20 	bl	10005d18 <uxTaskGetNumberOfTasks>
100052d8:	4580      	cmp	r8, r0
100052da:	d2db      	bcs.n	10005294 <xQueueGenericSendFromISR+0x78>
100052dc:	4643      	mov	r3, r8
100052de:	2245      	movs	r2, #69	@ 0x45
100052e0:	3301      	adds	r3, #1
100052e2:	b25b      	sxtb	r3, r3
100052e4:	54a3      	strb	r3, [r4, r2]
100052e6:	e7d5      	b.n	10005294 <xQueueGenericSendFromISR+0x78>
100052e8:	0039      	movs	r1, r7
100052ea:	68e0      	ldr	r0, [r4, #12]
100052ec:	f7fd f966 	bl	100025bc <__wrap___aeabi_memcpy>
100052f0:	6c22      	ldr	r2, [r4, #64]	@ 0x40
100052f2:	68e3      	ldr	r3, [r4, #12]
100052f4:	4251      	negs	r1, r2
100052f6:	1a9b      	subs	r3, r3, r2
100052f8:	6822      	ldr	r2, [r4, #0]
100052fa:	60e3      	str	r3, [r4, #12]
100052fc:	4293      	cmp	r3, r2
100052fe:	d202      	bcs.n	10005306 <xQueueGenericSendFromISR+0xea>
10005300:	68a3      	ldr	r3, [r4, #8]
10005302:	185b      	adds	r3, r3, r1
10005304:	60e3      	str	r3, [r4, #12]
10005306:	4657      	mov	r7, sl
10005308:	2d02      	cmp	r5, #2
1000530a:	d017      	beq.n	1000533c <xQueueGenericSendFromISR+0x120>
1000530c:	3701      	adds	r7, #1
1000530e:	e7b5      	b.n	1000527c <xQueueGenericSendFromISR+0x60>
10005310:	6a63      	ldr	r3, [r4, #36]	@ 0x24
10005312:	2b00      	cmp	r3, #0
10005314:	d0be      	beq.n	10005294 <xQueueGenericSendFromISR+0x78>
10005316:	0020      	movs	r0, r4
10005318:	3024      	adds	r0, #36	@ 0x24
1000531a:	f000 fe7f 	bl	1000601c <xTaskRemoveFromEventList>
1000531e:	2800      	cmp	r0, #0
10005320:	d105      	bne.n	1000532e <xQueueGenericSendFromISR+0x112>
10005322:	e7b7      	b.n	10005294 <xQueueGenericSendFromISR+0x78>
10005324:	0020      	movs	r0, r4
10005326:	f7ff fedf 	bl	100050e8 <prvNotifyQueueSetContainer>
1000532a:	2800      	cmp	r0, #0
1000532c:	d0b2      	beq.n	10005294 <xQueueGenericSendFromISR+0x78>
1000532e:	464b      	mov	r3, r9
10005330:	2b00      	cmp	r3, #0
10005332:	d0af      	beq.n	10005294 <xQueueGenericSendFromISR+0x78>
10005334:	2301      	movs	r3, #1
10005336:	464a      	mov	r2, r9
10005338:	6013      	str	r3, [r2, #0]
1000533a:	e7ab      	b.n	10005294 <xQueueGenericSendFromISR+0x78>
1000533c:	2f00      	cmp	r7, #0
1000533e:	d19d      	bne.n	1000527c <xQueueGenericSendFromISR+0x60>
10005340:	3701      	adds	r7, #1
10005342:	e79b      	b.n	1000527c <xQueueGenericSendFromISR+0x60>
10005344:	68a0      	ldr	r0, [r4, #8]
10005346:	f000 ff6b 	bl	10006220 <xTaskPriorityDisinherit>
1000534a:	4653      	mov	r3, sl
1000534c:	60a3      	str	r3, [r4, #8]
1000534e:	e795      	b.n	1000527c <xQueueGenericSendFromISR+0x60>

10005350 <xQueueReceive>:
10005350:	b5f0      	push	{r4, r5, r6, r7, lr}
10005352:	4647      	mov	r7, r8
10005354:	46ce      	mov	lr, r9
10005356:	0004      	movs	r4, r0
10005358:	b580      	push	{r7, lr}
1000535a:	b085      	sub	sp, #20
1000535c:	4688      	mov	r8, r1
1000535e:	9201      	str	r2, [sp, #4]
10005360:	f7ff fadc 	bl	1000491c <vPortEnterCritical>
10005364:	6ba7      	ldr	r7, [r4, #56]	@ 0x38
10005366:	2f00      	cmp	r7, #0
10005368:	d15e      	bne.n	10005428 <xQueueReceive+0xd8>
1000536a:	9b01      	ldr	r3, [sp, #4]
1000536c:	2b00      	cmp	r3, #0
1000536e:	d03b      	beq.n	100053e8 <xQueueReceive+0x98>
10005370:	a802      	add	r0, sp, #8
10005372:	f000 ff03 	bl	1000617c <vTaskInternalSetTimeOutState>
10005376:	2300      	movs	r3, #0
10005378:	2644      	movs	r6, #68	@ 0x44
1000537a:	4699      	mov	r9, r3
1000537c:	2545      	movs	r5, #69	@ 0x45
1000537e:	f7ff fad9 	bl	10004934 <vPortExitCritical>
10005382:	f000 fbb5 	bl	10005af0 <vTaskSuspendAll>
10005386:	f7ff fac9 	bl	1000491c <vPortEnterCritical>
1000538a:	5da3      	ldrb	r3, [r4, r6]
1000538c:	b25b      	sxtb	r3, r3
1000538e:	3301      	adds	r3, #1
10005390:	d101      	bne.n	10005396 <xQueueReceive+0x46>
10005392:	464b      	mov	r3, r9
10005394:	55a3      	strb	r3, [r4, r6]
10005396:	5d63      	ldrb	r3, [r4, r5]
10005398:	b25b      	sxtb	r3, r3
1000539a:	3301      	adds	r3, #1
1000539c:	d101      	bne.n	100053a2 <xQueueReceive+0x52>
1000539e:	464b      	mov	r3, r9
100053a0:	5563      	strb	r3, [r4, r5]
100053a2:	f7ff fac7 	bl	10004934 <vPortExitCritical>
100053a6:	a901      	add	r1, sp, #4
100053a8:	a802      	add	r0, sp, #8
100053aa:	f000 fef3 	bl	10006194 <xTaskCheckForTimeOut>
100053ae:	2800      	cmp	r0, #0
100053b0:	d122      	bne.n	100053f8 <xQueueReceive+0xa8>
100053b2:	f7ff fab3 	bl	1000491c <vPortEnterCritical>
100053b6:	6ba3      	ldr	r3, [r4, #56]	@ 0x38
100053b8:	2b00      	cmp	r3, #0
100053ba:	d12a      	bne.n	10005412 <xQueueReceive+0xc2>
100053bc:	f7ff faba 	bl	10004934 <vPortExitCritical>
100053c0:	0020      	movs	r0, r4
100053c2:	9901      	ldr	r1, [sp, #4]
100053c4:	3024      	adds	r0, #36	@ 0x24
100053c6:	f000 fcfd 	bl	10005dc4 <vTaskPlaceOnEventList>
100053ca:	0020      	movs	r0, r4
100053cc:	f7ff fdcc 	bl	10004f68 <prvUnlockQueue>
100053d0:	f000 fb96 	bl	10005b00 <xTaskResumeAll>
100053d4:	2800      	cmp	r0, #0
100053d6:	d024      	beq.n	10005422 <xQueueReceive+0xd2>
100053d8:	f7ff faa0 	bl	1000491c <vPortEnterCritical>
100053dc:	6ba7      	ldr	r7, [r4, #56]	@ 0x38
100053de:	2f00      	cmp	r7, #0
100053e0:	d122      	bne.n	10005428 <xQueueReceive+0xd8>
100053e2:	9b01      	ldr	r3, [sp, #4]
100053e4:	2b00      	cmp	r3, #0
100053e6:	d1ca      	bne.n	1000537e <xQueueReceive+0x2e>
100053e8:	f7ff faa4 	bl	10004934 <vPortExitCritical>
100053ec:	2000      	movs	r0, #0
100053ee:	b005      	add	sp, #20
100053f0:	bcc0      	pop	{r6, r7}
100053f2:	46b9      	mov	r9, r7
100053f4:	46b0      	mov	r8, r6
100053f6:	bdf0      	pop	{r4, r5, r6, r7, pc}
100053f8:	0020      	movs	r0, r4
100053fa:	f7ff fdb5 	bl	10004f68 <prvUnlockQueue>
100053fe:	f000 fb7f 	bl	10005b00 <xTaskResumeAll>
10005402:	f7ff fa8b 	bl	1000491c <vPortEnterCritical>
10005406:	6ba3      	ldr	r3, [r4, #56]	@ 0x38
10005408:	2b00      	cmp	r3, #0
1000540a:	d0ed      	beq.n	100053e8 <xQueueReceive+0x98>
1000540c:	f7ff fa92 	bl	10004934 <vPortExitCritical>
10005410:	e7e2      	b.n	100053d8 <xQueueReceive+0x88>
10005412:	f7ff fa8f 	bl	10004934 <vPortExitCritical>
10005416:	0020      	movs	r0, r4
10005418:	f7ff fda6 	bl	10004f68 <prvUnlockQueue>
1000541c:	f000 fb70 	bl	10005b00 <xTaskResumeAll>
10005420:	e7da      	b.n	100053d8 <xQueueReceive+0x88>
10005422:	f7ff fa6f 	bl	10004904 <vPortYield>
10005426:	e7d7      	b.n	100053d8 <xQueueReceive+0x88>
10005428:	6c22      	ldr	r2, [r4, #64]	@ 0x40
1000542a:	2a00      	cmp	r2, #0
1000542c:	d008      	beq.n	10005440 <xQueueReceive+0xf0>
1000542e:	68e1      	ldr	r1, [r4, #12]
10005430:	68a3      	ldr	r3, [r4, #8]
10005432:	1889      	adds	r1, r1, r2
10005434:	60e1      	str	r1, [r4, #12]
10005436:	4299      	cmp	r1, r3
10005438:	d20b      	bcs.n	10005452 <xQueueReceive+0x102>
1000543a:	4640      	mov	r0, r8
1000543c:	f7fd f8be 	bl	100025bc <__wrap___aeabi_memcpy>
10005440:	1e7b      	subs	r3, r7, #1
10005442:	63a3      	str	r3, [r4, #56]	@ 0x38
10005444:	6923      	ldr	r3, [r4, #16]
10005446:	2b00      	cmp	r3, #0
10005448:	d106      	bne.n	10005458 <xQueueReceive+0x108>
1000544a:	f7ff fa73 	bl	10004934 <vPortExitCritical>
1000544e:	2001      	movs	r0, #1
10005450:	e7cd      	b.n	100053ee <xQueueReceive+0x9e>
10005452:	6821      	ldr	r1, [r4, #0]
10005454:	60e1      	str	r1, [r4, #12]
10005456:	e7f0      	b.n	1000543a <xQueueReceive+0xea>
10005458:	0020      	movs	r0, r4
1000545a:	3010      	adds	r0, #16
1000545c:	f000 fdde 	bl	1000601c <xTaskRemoveFromEventList>
10005460:	2800      	cmp	r0, #0
10005462:	d0f2      	beq.n	1000544a <xQueueReceive+0xfa>
10005464:	f7ff fa4e 	bl	10004904 <vPortYield>
10005468:	e7ef      	b.n	1000544a <xQueueReceive+0xfa>
1000546a:	46c0      	nop			@ (mov r8, r8)

1000546c <vQueueAddToRegistry>:
1000546c:	b510      	push	{r4, lr}
1000546e:	2900      	cmp	r1, #0
10005470:	d033      	beq.n	100054da <vQueueAddToRegistry+0x6e>
10005472:	4b42      	ldr	r3, [pc, #264]	@ (1000557c <vQueueAddToRegistry+0x110>)
10005474:	685a      	ldr	r2, [r3, #4]
10005476:	4290      	cmp	r0, r2
10005478:	d100      	bne.n	1000547c <vQueueAddToRegistry+0x10>
1000547a:	e073      	b.n	10005564 <vQueueAddToRegistry+0xf8>
1000547c:	681a      	ldr	r2, [r3, #0]
1000547e:	2a00      	cmp	r2, #0
10005480:	d02c      	beq.n	100054dc <vQueueAddToRegistry+0x70>
10005482:	68da      	ldr	r2, [r3, #12]
10005484:	4290      	cmp	r0, r2
10005486:	d100      	bne.n	1000548a <vQueueAddToRegistry+0x1e>
10005488:	e076      	b.n	10005578 <vQueueAddToRegistry+0x10c>
1000548a:	689a      	ldr	r2, [r3, #8]
1000548c:	2a00      	cmp	r2, #0
1000548e:	d03e      	beq.n	1000550e <vQueueAddToRegistry+0xa2>
10005490:	695a      	ldr	r2, [r3, #20]
10005492:	4290      	cmp	r0, r2
10005494:	d100      	bne.n	10005498 <vQueueAddToRegistry+0x2c>
10005496:	e06d      	b.n	10005574 <vQueueAddToRegistry+0x108>
10005498:	691a      	ldr	r2, [r3, #16]
1000549a:	2a00      	cmp	r2, #0
1000549c:	d03d      	beq.n	1000551a <vQueueAddToRegistry+0xae>
1000549e:	69da      	ldr	r2, [r3, #28]
100054a0:	4290      	cmp	r0, r2
100054a2:	d061      	beq.n	10005568 <vQueueAddToRegistry+0xfc>
100054a4:	699a      	ldr	r2, [r3, #24]
100054a6:	2a00      	cmp	r2, #0
100054a8:	d03d      	beq.n	10005526 <vQueueAddToRegistry+0xba>
100054aa:	6a5a      	ldr	r2, [r3, #36]	@ 0x24
100054ac:	4290      	cmp	r0, r2
100054ae:	d042      	beq.n	10005536 <vQueueAddToRegistry+0xca>
100054b0:	6a1a      	ldr	r2, [r3, #32]
100054b2:	2a00      	cmp	r2, #0
100054b4:	d043      	beq.n	1000553e <vQueueAddToRegistry+0xd2>
100054b6:	6ada      	ldr	r2, [r3, #44]	@ 0x2c
100054b8:	4290      	cmp	r0, r2
100054ba:	d057      	beq.n	1000556c <vQueueAddToRegistry+0x100>
100054bc:	6a9a      	ldr	r2, [r3, #40]	@ 0x28
100054be:	2a00      	cmp	r2, #0
100054c0:	d043      	beq.n	1000554a <vQueueAddToRegistry+0xde>
100054c2:	6b5a      	ldr	r2, [r3, #52]	@ 0x34
100054c4:	4290      	cmp	r0, r2
100054c6:	d053      	beq.n	10005570 <vQueueAddToRegistry+0x104>
100054c8:	6b1a      	ldr	r2, [r3, #48]	@ 0x30
100054ca:	2a00      	cmp	r2, #0
100054cc:	d043      	beq.n	10005556 <vQueueAddToRegistry+0xea>
100054ce:	6bda      	ldr	r2, [r3, #60]	@ 0x3c
100054d0:	4290      	cmp	r0, r2
100054d2:	d045      	beq.n	10005560 <vQueueAddToRegistry+0xf4>
100054d4:	6b9a      	ldr	r2, [r3, #56]	@ 0x38
100054d6:	2a00      	cmp	r2, #0
100054d8:	d02a      	beq.n	10005530 <vQueueAddToRegistry+0xc4>
100054da:	bd10      	pop	{r4, pc}
100054dc:	68da      	ldr	r2, [r3, #12]
100054de:	4290      	cmp	r0, r2
100054e0:	d04a      	beq.n	10005578 <vQueueAddToRegistry+0x10c>
100054e2:	695a      	ldr	r2, [r3, #20]
100054e4:	4290      	cmp	r0, r2
100054e6:	d045      	beq.n	10005574 <vQueueAddToRegistry+0x108>
100054e8:	001a      	movs	r2, r3
100054ea:	69dc      	ldr	r4, [r3, #28]
100054ec:	42a0      	cmp	r0, r4
100054ee:	d03b      	beq.n	10005568 <vQueueAddToRegistry+0xfc>
100054f0:	6a5c      	ldr	r4, [r3, #36]	@ 0x24
100054f2:	42a0      	cmp	r0, r4
100054f4:	d01f      	beq.n	10005536 <vQueueAddToRegistry+0xca>
100054f6:	6adc      	ldr	r4, [r3, #44]	@ 0x2c
100054f8:	42a0      	cmp	r0, r4
100054fa:	d037      	beq.n	1000556c <vQueueAddToRegistry+0x100>
100054fc:	6b5c      	ldr	r4, [r3, #52]	@ 0x34
100054fe:	42a0      	cmp	r0, r4
10005500:	d036      	beq.n	10005570 <vQueueAddToRegistry+0x104>
10005502:	6bdc      	ldr	r4, [r3, #60]	@ 0x3c
10005504:	42a0      	cmp	r0, r4
10005506:	d02b      	beq.n	10005560 <vQueueAddToRegistry+0xf4>
10005508:	6011      	str	r1, [r2, #0]
1000550a:	6050      	str	r0, [r2, #4]
1000550c:	e7e5      	b.n	100054da <vQueueAddToRegistry+0x6e>
1000550e:	695a      	ldr	r2, [r3, #20]
10005510:	4290      	cmp	r0, r2
10005512:	d02f      	beq.n	10005574 <vQueueAddToRegistry+0x108>
10005514:	001a      	movs	r2, r3
10005516:	3208      	adds	r2, #8
10005518:	e7e7      	b.n	100054ea <vQueueAddToRegistry+0x7e>
1000551a:	69da      	ldr	r2, [r3, #28]
1000551c:	4290      	cmp	r0, r2
1000551e:	d023      	beq.n	10005568 <vQueueAddToRegistry+0xfc>
10005520:	001a      	movs	r2, r3
10005522:	3210      	adds	r2, #16
10005524:	e7e4      	b.n	100054f0 <vQueueAddToRegistry+0x84>
10005526:	6a5a      	ldr	r2, [r3, #36]	@ 0x24
10005528:	4290      	cmp	r0, r2
1000552a:	d004      	beq.n	10005536 <vQueueAddToRegistry+0xca>
1000552c:	4a14      	ldr	r2, [pc, #80]	@ (10005580 <vQueueAddToRegistry+0x114>)
1000552e:	e7e2      	b.n	100054f6 <vQueueAddToRegistry+0x8a>
10005530:	3338      	adds	r3, #56	@ 0x38
10005532:	001a      	movs	r2, r3
10005534:	e7e8      	b.n	10005508 <vQueueAddToRegistry+0x9c>
10005536:	2204      	movs	r2, #4
10005538:	00d2      	lsls	r2, r2, #3
1000553a:	189a      	adds	r2, r3, r2
1000553c:	e7e4      	b.n	10005508 <vQueueAddToRegistry+0x9c>
1000553e:	6ada      	ldr	r2, [r3, #44]	@ 0x2c
10005540:	4290      	cmp	r0, r2
10005542:	d013      	beq.n	1000556c <vQueueAddToRegistry+0x100>
10005544:	001a      	movs	r2, r3
10005546:	3220      	adds	r2, #32
10005548:	e7d8      	b.n	100054fc <vQueueAddToRegistry+0x90>
1000554a:	6b5a      	ldr	r2, [r3, #52]	@ 0x34
1000554c:	4290      	cmp	r0, r2
1000554e:	d00f      	beq.n	10005570 <vQueueAddToRegistry+0x104>
10005550:	001a      	movs	r2, r3
10005552:	3228      	adds	r2, #40	@ 0x28
10005554:	e7d5      	b.n	10005502 <vQueueAddToRegistry+0x96>
10005556:	001a      	movs	r2, r3
10005558:	6bdc      	ldr	r4, [r3, #60]	@ 0x3c
1000555a:	3230      	adds	r2, #48	@ 0x30
1000555c:	42a0      	cmp	r0, r4
1000555e:	d1d3      	bne.n	10005508 <vQueueAddToRegistry+0x9c>
10005560:	2207      	movs	r2, #7
10005562:	e7e9      	b.n	10005538 <vQueueAddToRegistry+0xcc>
10005564:	2200      	movs	r2, #0
10005566:	e7e7      	b.n	10005538 <vQueueAddToRegistry+0xcc>
10005568:	2203      	movs	r2, #3
1000556a:	e7e5      	b.n	10005538 <vQueueAddToRegistry+0xcc>
1000556c:	2205      	movs	r2, #5
1000556e:	e7e3      	b.n	10005538 <vQueueAddToRegistry+0xcc>
10005570:	2206      	movs	r2, #6
10005572:	e7e1      	b.n	10005538 <vQueueAddToRegistry+0xcc>
10005574:	2202      	movs	r2, #2
10005576:	e7df      	b.n	10005538 <vQueueAddToRegistry+0xcc>
10005578:	2201      	movs	r2, #1
1000557a:	e7dd      	b.n	10005538 <vQueueAddToRegistry+0xcc>
1000557c:	20000ef0 	.word	0x20000ef0
10005580:	20000f08 	.word	0x20000f08

10005584 <vQueueWaitForMessageRestricted>:
10005584:	b570      	push	{r4, r5, r6, lr}
10005586:	0004      	movs	r4, r0
10005588:	0016      	movs	r6, r2
1000558a:	000d      	movs	r5, r1
1000558c:	f7ff f9c6 	bl	1000491c <vPortEnterCritical>
10005590:	2244      	movs	r2, #68	@ 0x44
10005592:	5ca3      	ldrb	r3, [r4, r2]
10005594:	b25b      	sxtb	r3, r3
10005596:	3301      	adds	r3, #1
10005598:	d101      	bne.n	1000559e <vQueueWaitForMessageRestricted+0x1a>
1000559a:	2300      	movs	r3, #0
1000559c:	54a3      	strb	r3, [r4, r2]
1000559e:	2245      	movs	r2, #69	@ 0x45
100055a0:	5ca3      	ldrb	r3, [r4, r2]
100055a2:	b25b      	sxtb	r3, r3
100055a4:	3301      	adds	r3, #1
100055a6:	d101      	bne.n	100055ac <vQueueWaitForMessageRestricted+0x28>
100055a8:	2300      	movs	r3, #0
100055aa:	54a3      	strb	r3, [r4, r2]
100055ac:	f7ff f9c2 	bl	10004934 <vPortExitCritical>
100055b0:	6ba3      	ldr	r3, [r4, #56]	@ 0x38
100055b2:	2b00      	cmp	r3, #0
100055b4:	d003      	beq.n	100055be <vQueueWaitForMessageRestricted+0x3a>
100055b6:	0020      	movs	r0, r4
100055b8:	f7ff fcd6 	bl	10004f68 <prvUnlockQueue>
100055bc:	bd70      	pop	{r4, r5, r6, pc}
100055be:	0020      	movs	r0, r4
100055c0:	0032      	movs	r2, r6
100055c2:	0029      	movs	r1, r5
100055c4:	3024      	adds	r0, #36	@ 0x24
100055c6:	f000 fcaf 	bl	10005f28 <vTaskPlaceOnEventListRestricted>
100055ca:	e7f4      	b.n	100055b6 <vQueueWaitForMessageRestricted+0x32>

100055cc <prvAddNewTaskToReadyList>:
100055cc:	b5f0      	push	{r4, r5, r6, r7, lr}
100055ce:	46c6      	mov	lr, r8
100055d0:	b500      	push	{lr}
100055d2:	0004      	movs	r4, r0
100055d4:	f7ff f9a2 	bl	1000491c <vPortEnterCritical>
100055d8:	4a38      	ldr	r2, [pc, #224]	@ (100056bc <prvAddNewTaskToReadyList+0xf0>)
100055da:	4f39      	ldr	r7, [pc, #228]	@ (100056c0 <prvAddNewTaskToReadyList+0xf4>)
100055dc:	6813      	ldr	r3, [r2, #0]
100055de:	3301      	adds	r3, #1
100055e0:	6013      	str	r3, [r2, #0]
100055e2:	683b      	ldr	r3, [r7, #0]
100055e4:	2b00      	cmp	r3, #0
100055e6:	d035      	beq.n	10005654 <prvAddNewTaskToReadyList+0x88>
100055e8:	4b36      	ldr	r3, [pc, #216]	@ (100056c4 <prvAddNewTaskToReadyList+0xf8>)
100055ea:	6ae2      	ldr	r2, [r4, #44]	@ 0x2c
100055ec:	4698      	mov	r8, r3
100055ee:	681b      	ldr	r3, [r3, #0]
100055f0:	2b00      	cmp	r3, #0
100055f2:	d029      	beq.n	10005648 <prvAddNewTaskToReadyList+0x7c>
100055f4:	4e34      	ldr	r6, [pc, #208]	@ (100056c8 <prvAddNewTaskToReadyList+0xfc>)
100055f6:	4935      	ldr	r1, [pc, #212]	@ (100056cc <prvAddNewTaskToReadyList+0x100>)
100055f8:	680b      	ldr	r3, [r1, #0]
100055fa:	3301      	adds	r3, #1
100055fc:	600b      	str	r3, [r1, #0]
100055fe:	6463      	str	r3, [r4, #68]	@ 0x44
10005600:	4b33      	ldr	r3, [pc, #204]	@ (100056d0 <prvAddNewTaskToReadyList+0x104>)
10005602:	6819      	ldr	r1, [r3, #0]
10005604:	4291      	cmp	r1, r2
10005606:	d200      	bcs.n	1000560a <prvAddNewTaskToReadyList+0x3e>
10005608:	601a      	str	r2, [r3, #0]
1000560a:	0093      	lsls	r3, r2, #2
1000560c:	189b      	adds	r3, r3, r2
1000560e:	009b      	lsls	r3, r3, #2
10005610:	18f1      	adds	r1, r6, r3
10005612:	684a      	ldr	r2, [r1, #4]
10005614:	6890      	ldr	r0, [r2, #8]
10005616:	60a2      	str	r2, [r4, #8]
10005618:	4684      	mov	ip, r0
1000561a:	4665      	mov	r5, ip
1000561c:	60e0      	str	r0, [r4, #12]
1000561e:	1d20      	adds	r0, r4, #4
10005620:	6068      	str	r0, [r5, #4]
10005622:	6090      	str	r0, [r2, #8]
10005624:	58f2      	ldr	r2, [r6, r3]
10005626:	6161      	str	r1, [r4, #20]
10005628:	3201      	adds	r2, #1
1000562a:	50f2      	str	r2, [r6, r3]
1000562c:	f7ff f982 	bl	10004934 <vPortExitCritical>
10005630:	4643      	mov	r3, r8
10005632:	681b      	ldr	r3, [r3, #0]
10005634:	2b00      	cmp	r3, #0
10005636:	d004      	beq.n	10005642 <prvAddNewTaskToReadyList+0x76>
10005638:	683b      	ldr	r3, [r7, #0]
1000563a:	6ada      	ldr	r2, [r3, #44]	@ 0x2c
1000563c:	6ae3      	ldr	r3, [r4, #44]	@ 0x2c
1000563e:	429a      	cmp	r2, r3
10005640:	d311      	bcc.n	10005666 <prvAddNewTaskToReadyList+0x9a>
10005642:	bc80      	pop	{r7}
10005644:	46b8      	mov	r8, r7
10005646:	bdf0      	pop	{r4, r5, r6, r7, pc}
10005648:	683b      	ldr	r3, [r7, #0]
1000564a:	6adb      	ldr	r3, [r3, #44]	@ 0x2c
1000564c:	4293      	cmp	r3, r2
1000564e:	d8d1      	bhi.n	100055f4 <prvAddNewTaskToReadyList+0x28>
10005650:	603c      	str	r4, [r7, #0]
10005652:	e7cf      	b.n	100055f4 <prvAddNewTaskToReadyList+0x28>
10005654:	603c      	str	r4, [r7, #0]
10005656:	6813      	ldr	r3, [r2, #0]
10005658:	2b01      	cmp	r3, #1
1000565a:	d007      	beq.n	1000566c <prvAddNewTaskToReadyList+0xa0>
1000565c:	4b19      	ldr	r3, [pc, #100]	@ (100056c4 <prvAddNewTaskToReadyList+0xf8>)
1000565e:	6ae2      	ldr	r2, [r4, #44]	@ 0x2c
10005660:	4698      	mov	r8, r3
10005662:	4e19      	ldr	r6, [pc, #100]	@ (100056c8 <prvAddNewTaskToReadyList+0xfc>)
10005664:	e7c7      	b.n	100055f6 <prvAddNewTaskToReadyList+0x2a>
10005666:	f7ff f94d 	bl	10004904 <vPortYield>
1000566a:	e7ea      	b.n	10005642 <prvAddNewTaskToReadyList+0x76>
1000566c:	23a0      	movs	r3, #160	@ 0xa0
1000566e:	4e16      	ldr	r6, [pc, #88]	@ (100056c8 <prvAddNewTaskToReadyList+0xfc>)
10005670:	009b      	lsls	r3, r3, #2
10005672:	4698      	mov	r8, r3
10005674:	0035      	movs	r5, r6
10005676:	44b0      	add	r8, r6
10005678:	0028      	movs	r0, r5
1000567a:	3514      	adds	r5, #20
1000567c:	f7ff fc3c 	bl	10004ef8 <vListInitialise>
10005680:	4545      	cmp	r5, r8
10005682:	d1f9      	bne.n	10005678 <prvAddNewTaskToReadyList+0xac>
10005684:	4b13      	ldr	r3, [pc, #76]	@ (100056d4 <prvAddNewTaskToReadyList+0x108>)
10005686:	4698      	mov	r8, r3
10005688:	0018      	movs	r0, r3
1000568a:	f7ff fc35 	bl	10004ef8 <vListInitialise>
1000568e:	4d12      	ldr	r5, [pc, #72]	@ (100056d8 <prvAddNewTaskToReadyList+0x10c>)
10005690:	0028      	movs	r0, r5
10005692:	f7ff fc31 	bl	10004ef8 <vListInitialise>
10005696:	4811      	ldr	r0, [pc, #68]	@ (100056dc <prvAddNewTaskToReadyList+0x110>)
10005698:	f7ff fc2e 	bl	10004ef8 <vListInitialise>
1000569c:	4810      	ldr	r0, [pc, #64]	@ (100056e0 <prvAddNewTaskToReadyList+0x114>)
1000569e:	f7ff fc2b 	bl	10004ef8 <vListInitialise>
100056a2:	4810      	ldr	r0, [pc, #64]	@ (100056e4 <prvAddNewTaskToReadyList+0x118>)
100056a4:	f7ff fc28 	bl	10004ef8 <vListInitialise>
100056a8:	4642      	mov	r2, r8
100056aa:	4b0f      	ldr	r3, [pc, #60]	@ (100056e8 <prvAddNewTaskToReadyList+0x11c>)
100056ac:	601a      	str	r2, [r3, #0]
100056ae:	4b0f      	ldr	r3, [pc, #60]	@ (100056ec <prvAddNewTaskToReadyList+0x120>)
100056b0:	6ae2      	ldr	r2, [r4, #44]	@ 0x2c
100056b2:	601d      	str	r5, [r3, #0]
100056b4:	4b03      	ldr	r3, [pc, #12]	@ (100056c4 <prvAddNewTaskToReadyList+0xf8>)
100056b6:	4698      	mov	r8, r3
100056b8:	e79d      	b.n	100055f6 <prvAddNewTaskToReadyList+0x2a>
100056ba:	46c0      	nop			@ (mov r8, r8)
100056bc:	20021ef0 	.word	0x20021ef0
100056c0:	20001b28 	.word	0x20001b28
100056c4:	20021f90 	.word	0x20021f90
100056c8:	20001b40 	.word	0x20001b40
100056cc:	20021efc 	.word	0x20021efc
100056d0:	20021f00 	.word	0x20021f00
100056d4:	20021f2c 	.word	0x20021f2c
100056d8:	20021f40 	.word	0x20021f40
100056dc:	20021f7c 	.word	0x20021f7c
100056e0:	20021fb0 	.word	0x20021fb0
100056e4:	20021f9c 	.word	0x20021f9c
100056e8:	20001b30 	.word	0x20001b30
100056ec:	20001b38 	.word	0x20001b38

100056f0 <prvIdleTask>:
100056f0:	b5f0      	push	{r4, r5, r6, r7, lr}
100056f2:	46c6      	mov	lr, r8
100056f4:	4b12      	ldr	r3, [pc, #72]	@ (10005740 <prvIdleTask+0x50>)
100056f6:	b500      	push	{lr}
100056f8:	4698      	mov	r8, r3
100056fa:	4d12      	ldr	r5, [pc, #72]	@ (10005744 <prvIdleTask+0x54>)
100056fc:	4f12      	ldr	r7, [pc, #72]	@ (10005748 <prvIdleTask+0x58>)
100056fe:	4e13      	ldr	r6, [pc, #76]	@ (1000574c <prvIdleTask+0x5c>)
10005700:	e014      	b.n	1000572c <prvIdleTask+0x3c>
10005702:	f7ff f90b 	bl	1000491c <vPortEnterCritical>
10005706:	68fb      	ldr	r3, [r7, #12]
10005708:	68dc      	ldr	r4, [r3, #12]
1000570a:	1d20      	adds	r0, r4, #4
1000570c:	f7ff fc1c 	bl	10004f48 <uxListRemove>
10005710:	6833      	ldr	r3, [r6, #0]
10005712:	3b01      	subs	r3, #1
10005714:	6033      	str	r3, [r6, #0]
10005716:	682b      	ldr	r3, [r5, #0]
10005718:	3b01      	subs	r3, #1
1000571a:	602b      	str	r3, [r5, #0]
1000571c:	f7ff f90a 	bl	10004934 <vPortExitCritical>
10005720:	6b20      	ldr	r0, [r4, #48]	@ 0x30
10005722:	f7fe fffd 	bl	10004720 <vPortFree>
10005726:	0020      	movs	r0, r4
10005728:	f7fe fffa 	bl	10004720 <vPortFree>
1000572c:	682b      	ldr	r3, [r5, #0]
1000572e:	2b00      	cmp	r3, #0
10005730:	d1e7      	bne.n	10005702 <prvIdleTask+0x12>
10005732:	4643      	mov	r3, r8
10005734:	681b      	ldr	r3, [r3, #0]
10005736:	2b01      	cmp	r3, #1
10005738:	d9f8      	bls.n	1000572c <prvIdleTask+0x3c>
1000573a:	f7ff f8e3 	bl	10004904 <vPortYield>
1000573e:	e7f5      	b.n	1000572c <prvIdleTask+0x3c>
10005740:	20001b40 	.word	0x20001b40
10005744:	20021ef4 	.word	0x20021ef4
10005748:	20021fb0 	.word	0x20021fb0
1000574c:	20021ef0 	.word	0x20021ef0

10005750 <xTaskIncrementTick.part.0>:
10005750:	b5f0      	push	{r4, r5, r6, r7, lr}
10005752:	46de      	mov	lr, fp
10005754:	4657      	mov	r7, sl
10005756:	464e      	mov	r6, r9
10005758:	4645      	mov	r5, r8
1000575a:	4b58      	ldr	r3, [pc, #352]	@ (100058bc <xTaskIncrementTick.part.0+0x16c>)
1000575c:	b5e0      	push	{r5, r6, r7, lr}
1000575e:	681a      	ldr	r2, [r3, #0]
10005760:	b083      	sub	sp, #12
10005762:	3201      	adds	r2, #1
10005764:	4694      	mov	ip, r2
10005766:	601a      	str	r2, [r3, #0]
10005768:	2a00      	cmp	r2, #0
1000576a:	d05e      	beq.n	1000582a <xTaskIncrementTick.part.0+0xda>
1000576c:	4b54      	ldr	r3, [pc, #336]	@ (100058c0 <xTaskIncrementTick.part.0+0x170>)
1000576e:	681a      	ldr	r2, [r3, #0]
10005770:	4594      	cmp	ip, r2
10005772:	d36e      	bcc.n	10005852 <xTaskIncrementTick.part.0+0x102>
10005774:	4a53      	ldr	r2, [pc, #332]	@ (100058c4 <xTaskIncrementTick.part.0+0x174>)
10005776:	4690      	mov	r8, r2
10005778:	6812      	ldr	r2, [r2, #0]
1000577a:	6812      	ldr	r2, [r2, #0]
1000577c:	2a00      	cmp	r2, #0
1000577e:	d100      	bne.n	10005782 <xTaskIncrementTick.part.0+0x32>
10005780:	e095      	b.n	100058ae <xTaskIncrementTick.part.0+0x15e>
10005782:	2200      	movs	r2, #0
10005784:	9200      	str	r2, [sp, #0]
10005786:	4a50      	ldr	r2, [pc, #320]	@ (100058c8 <xTaskIncrementTick.part.0+0x178>)
10005788:	4d50      	ldr	r5, [pc, #320]	@ (100058cc <xTaskIncrementTick.part.0+0x17c>)
1000578a:	4693      	mov	fp, r2
1000578c:	2200      	movs	r2, #0
1000578e:	4691      	mov	r9, r2
10005790:	4a4f      	ldr	r2, [pc, #316]	@ (100058d0 <xTaskIncrementTick.part.0+0x180>)
10005792:	9301      	str	r3, [sp, #4]
10005794:	4692      	mov	sl, r2
10005796:	e036      	b.n	10005806 <xTaskIncrementTick.part.0+0xb6>
10005798:	4649      	mov	r1, r9
1000579a:	6159      	str	r1, [r3, #20]
1000579c:	6811      	ldr	r1, [r2, #0]
1000579e:	3901      	subs	r1, #1
100057a0:	6011      	str	r1, [r2, #0]
100057a2:	6a9a      	ldr	r2, [r3, #40]	@ 0x28
100057a4:	2a00      	cmp	r2, #0
100057a6:	d00d      	beq.n	100057c4 <xTaskIncrementTick.part.0+0x74>
100057a8:	69d9      	ldr	r1, [r3, #28]
100057aa:	6a18      	ldr	r0, [r3, #32]
100057ac:	6856      	ldr	r6, [r2, #4]
100057ae:	6088      	str	r0, [r1, #8]
100057b0:	6041      	str	r1, [r0, #4]
100057b2:	0019      	movs	r1, r3
100057b4:	3118      	adds	r1, #24
100057b6:	428e      	cmp	r6, r1
100057b8:	d06f      	beq.n	1000589a <xTaskIncrementTick.part.0+0x14a>
100057ba:	4649      	mov	r1, r9
100057bc:	6299      	str	r1, [r3, #40]	@ 0x28
100057be:	6811      	ldr	r1, [r2, #0]
100057c0:	3901      	subs	r1, #1
100057c2:	6011      	str	r1, [r2, #0]
100057c4:	4652      	mov	r2, sl
100057c6:	6ad9      	ldr	r1, [r3, #44]	@ 0x2c
100057c8:	6812      	ldr	r2, [r2, #0]
100057ca:	4291      	cmp	r1, r2
100057cc:	d901      	bls.n	100057d2 <xTaskIncrementTick.part.0+0x82>
100057ce:	4652      	mov	r2, sl
100057d0:	6011      	str	r1, [r2, #0]
100057d2:	008a      	lsls	r2, r1, #2
100057d4:	1852      	adds	r2, r2, r1
100057d6:	0092      	lsls	r2, r2, #2
100057d8:	18ae      	adds	r6, r5, r2
100057da:	6870      	ldr	r0, [r6, #4]
100057dc:	6887      	ldr	r7, [r0, #8]
100057de:	6098      	str	r0, [r3, #8]
100057e0:	60df      	str	r7, [r3, #12]
100057e2:	607c      	str	r4, [r7, #4]
100057e4:	6084      	str	r4, [r0, #8]
100057e6:	615e      	str	r6, [r3, #20]
100057e8:	58ab      	ldr	r3, [r5, r2]
100057ea:	3301      	adds	r3, #1
100057ec:	50ab      	str	r3, [r5, r2]
100057ee:	465b      	mov	r3, fp
100057f0:	681b      	ldr	r3, [r3, #0]
100057f2:	6adb      	ldr	r3, [r3, #44]	@ 0x2c
100057f4:	4299      	cmp	r1, r3
100057f6:	d901      	bls.n	100057fc <xTaskIncrementTick.part.0+0xac>
100057f8:	2301      	movs	r3, #1
100057fa:	9300      	str	r3, [sp, #0]
100057fc:	4643      	mov	r3, r8
100057fe:	681b      	ldr	r3, [r3, #0]
10005800:	681b      	ldr	r3, [r3, #0]
10005802:	2b00      	cmp	r3, #0
10005804:	d04e      	beq.n	100058a4 <xTaskIncrementTick.part.0+0x154>
10005806:	4643      	mov	r3, r8
10005808:	681b      	ldr	r3, [r3, #0]
1000580a:	68db      	ldr	r3, [r3, #12]
1000580c:	68db      	ldr	r3, [r3, #12]
1000580e:	685a      	ldr	r2, [r3, #4]
10005810:	4594      	cmp	ip, r2
10005812:	d344      	bcc.n	1000589e <xTaskIncrementTick.part.0+0x14e>
10005814:	695a      	ldr	r2, [r3, #20]
10005816:	6898      	ldr	r0, [r3, #8]
10005818:	68d9      	ldr	r1, [r3, #12]
1000581a:	1d1c      	adds	r4, r3, #4
1000581c:	6081      	str	r1, [r0, #8]
1000581e:	6048      	str	r0, [r1, #4]
10005820:	6850      	ldr	r0, [r2, #4]
10005822:	42a0      	cmp	r0, r4
10005824:	d1b8      	bne.n	10005798 <xTaskIncrementTick.part.0+0x48>
10005826:	6051      	str	r1, [r2, #4]
10005828:	e7b6      	b.n	10005798 <xTaskIncrementTick.part.0+0x48>
1000582a:	4b26      	ldr	r3, [pc, #152]	@ (100058c4 <xTaskIncrementTick.part.0+0x174>)
1000582c:	4a29      	ldr	r2, [pc, #164]	@ (100058d4 <xTaskIncrementTick.part.0+0x184>)
1000582e:	6819      	ldr	r1, [r3, #0]
10005830:	6810      	ldr	r0, [r2, #0]
10005832:	6018      	str	r0, [r3, #0]
10005834:	6011      	str	r1, [r2, #0]
10005836:	4928      	ldr	r1, [pc, #160]	@ (100058d8 <xTaskIncrementTick.part.0+0x188>)
10005838:	680a      	ldr	r2, [r1, #0]
1000583a:	3201      	adds	r2, #1
1000583c:	600a      	str	r2, [r1, #0]
1000583e:	681a      	ldr	r2, [r3, #0]
10005840:	6812      	ldr	r2, [r2, #0]
10005842:	2a00      	cmp	r2, #0
10005844:	d123      	bne.n	1000588e <xTaskIncrementTick.part.0+0x13e>
10005846:	4b1e      	ldr	r3, [pc, #120]	@ (100058c0 <xTaskIncrementTick.part.0+0x170>)
10005848:	3a01      	subs	r2, #1
1000584a:	601a      	str	r2, [r3, #0]
1000584c:	681a      	ldr	r2, [r3, #0]
1000584e:	4594      	cmp	ip, r2
10005850:	d290      	bcs.n	10005774 <xTaskIncrementTick.part.0+0x24>
10005852:	2300      	movs	r3, #0
10005854:	9300      	str	r3, [sp, #0]
10005856:	4b1c      	ldr	r3, [pc, #112]	@ (100058c8 <xTaskIncrementTick.part.0+0x178>)
10005858:	4d1c      	ldr	r5, [pc, #112]	@ (100058cc <xTaskIncrementTick.part.0+0x17c>)
1000585a:	469b      	mov	fp, r3
1000585c:	465b      	mov	r3, fp
1000585e:	681b      	ldr	r3, [r3, #0]
10005860:	6ada      	ldr	r2, [r3, #44]	@ 0x2c
10005862:	0093      	lsls	r3, r2, #2
10005864:	189b      	adds	r3, r3, r2
10005866:	009b      	lsls	r3, r3, #2
10005868:	58eb      	ldr	r3, [r5, r3]
1000586a:	2b01      	cmp	r3, #1
1000586c:	d901      	bls.n	10005872 <xTaskIncrementTick.part.0+0x122>
1000586e:	2301      	movs	r3, #1
10005870:	9300      	str	r3, [sp, #0]
10005872:	4b1a      	ldr	r3, [pc, #104]	@ (100058dc <xTaskIncrementTick.part.0+0x18c>)
10005874:	681b      	ldr	r3, [r3, #0]
10005876:	2b00      	cmp	r3, #0
10005878:	d001      	beq.n	1000587e <xTaskIncrementTick.part.0+0x12e>
1000587a:	2301      	movs	r3, #1
1000587c:	9300      	str	r3, [sp, #0]
1000587e:	9800      	ldr	r0, [sp, #0]
10005880:	b003      	add	sp, #12
10005882:	bcf0      	pop	{r4, r5, r6, r7}
10005884:	46bb      	mov	fp, r7
10005886:	46b2      	mov	sl, r6
10005888:	46a9      	mov	r9, r5
1000588a:	46a0      	mov	r8, r4
1000588c:	bdf0      	pop	{r4, r5, r6, r7, pc}
1000588e:	681b      	ldr	r3, [r3, #0]
10005890:	68db      	ldr	r3, [r3, #12]
10005892:	681a      	ldr	r2, [r3, #0]
10005894:	4b0a      	ldr	r3, [pc, #40]	@ (100058c0 <xTaskIncrementTick.part.0+0x170>)
10005896:	601a      	str	r2, [r3, #0]
10005898:	e769      	b.n	1000576e <xTaskIncrementTick.part.0+0x1e>
1000589a:	6050      	str	r0, [r2, #4]
1000589c:	e78d      	b.n	100057ba <xTaskIncrementTick.part.0+0x6a>
1000589e:	9b01      	ldr	r3, [sp, #4]
100058a0:	601a      	str	r2, [r3, #0]
100058a2:	e7db      	b.n	1000585c <xTaskIncrementTick.part.0+0x10c>
100058a4:	9b01      	ldr	r3, [sp, #4]
100058a6:	2201      	movs	r2, #1
100058a8:	4252      	negs	r2, r2
100058aa:	601a      	str	r2, [r3, #0]
100058ac:	e7d6      	b.n	1000585c <xTaskIncrementTick.part.0+0x10c>
100058ae:	2200      	movs	r2, #0
100058b0:	9200      	str	r2, [sp, #0]
100058b2:	4a05      	ldr	r2, [pc, #20]	@ (100058c8 <xTaskIncrementTick.part.0+0x178>)
100058b4:	4d05      	ldr	r5, [pc, #20]	@ (100058cc <xTaskIncrementTick.part.0+0x17c>)
100058b6:	4693      	mov	fp, r2
100058b8:	e7f5      	b.n	100058a6 <xTaskIncrementTick.part.0+0x156>
100058ba:	46c0      	nop			@ (mov r8, r8)
100058bc:	20021fc4 	.word	0x20021fc4
100058c0:	20021f68 	.word	0x20021f68
100058c4:	20001b30 	.word	0x20001b30
100058c8:	20001b28 	.word	0x20001b28
100058cc:	20001b40 	.word	0x20001b40
100058d0:	20021f00 	.word	0x20021f00
100058d4:	20001b38 	.word	0x20001b38
100058d8:	20021f6c 	.word	0x20021f6c
100058dc:	20021fd0 	.word	0x20021fd0

100058e0 <xTaskCreate>:
100058e0:	b5f8      	push	{r3, r4, r5, r6, r7, lr}
100058e2:	46ce      	mov	lr, r9
100058e4:	4647      	mov	r7, r8
100058e6:	0096      	lsls	r6, r2, #2
100058e8:	b580      	push	{r7, lr}
100058ea:	4680      	mov	r8, r0
100058ec:	0030      	movs	r0, r6
100058ee:	000d      	movs	r5, r1
100058f0:	4699      	mov	r9, r3
100058f2:	f7fe fe83 	bl	100045fc <pvPortMalloc>
100058f6:	1e07      	subs	r7, r0, #0
100058f8:	d100      	bne.n	100058fc <xTaskCreate+0x1c>
100058fa:	e08a      	b.n	10005a12 <xTaskCreate+0x132>
100058fc:	2070      	movs	r0, #112	@ 0x70
100058fe:	f7fe fe7d 	bl	100045fc <pvPortMalloc>
10005902:	1e04      	subs	r4, r0, #0
10005904:	d100      	bne.n	10005908 <xTaskCreate+0x28>
10005906:	e081      	b.n	10005a0c <xTaskCreate+0x12c>
10005908:	2270      	movs	r2, #112	@ 0x70
1000590a:	2100      	movs	r1, #0
1000590c:	f7fc fe50 	bl	100025b0 <__wrap_memset>
10005910:	0032      	movs	r2, r6
10005912:	21a5      	movs	r1, #165	@ 0xa5
10005914:	0038      	movs	r0, r7
10005916:	6327      	str	r7, [r4, #48]	@ 0x30
10005918:	f7fc fe4a 	bl	100025b0 <__wrap_memset>
1000591c:	6b23      	ldr	r3, [r4, #48]	@ 0x30
1000591e:	3e04      	subs	r6, #4
10005920:	199e      	adds	r6, r3, r6
10005922:	2307      	movs	r3, #7
10005924:	439e      	bics	r6, r3
10005926:	2d00      	cmp	r5, #0
10005928:	d04b      	beq.n	100059c2 <xTaskCreate+0xe2>
1000592a:	2234      	movs	r2, #52	@ 0x34
1000592c:	782b      	ldrb	r3, [r5, #0]
1000592e:	54a3      	strb	r3, [r4, r2]
10005930:	2b00      	cmp	r3, #0
10005932:	d043      	beq.n	100059bc <xTaskCreate+0xdc>
10005934:	786b      	ldrb	r3, [r5, #1]
10005936:	3201      	adds	r2, #1
10005938:	54a3      	strb	r3, [r4, r2]
1000593a:	2b00      	cmp	r3, #0
1000593c:	d03e      	beq.n	100059bc <xTaskCreate+0xdc>
1000593e:	78ab      	ldrb	r3, [r5, #2]
10005940:	3201      	adds	r2, #1
10005942:	54a3      	strb	r3, [r4, r2]
10005944:	2b00      	cmp	r3, #0
10005946:	d039      	beq.n	100059bc <xTaskCreate+0xdc>
10005948:	78eb      	ldrb	r3, [r5, #3]
1000594a:	3201      	adds	r2, #1
1000594c:	54a3      	strb	r3, [r4, r2]
1000594e:	2b00      	cmp	r3, #0
10005950:	d034      	beq.n	100059bc <xTaskCreate+0xdc>
10005952:	792b      	ldrb	r3, [r5, #4]
10005954:	3201      	adds	r2, #1
10005956:	54a3      	strb	r3, [r4, r2]
10005958:	2b00      	cmp	r3, #0
1000595a:	d02f      	beq.n	100059bc <xTaskCreate+0xdc>
1000595c:	796b      	ldrb	r3, [r5, #5]
1000595e:	3201      	adds	r2, #1
10005960:	54a3      	strb	r3, [r4, r2]
10005962:	2b00      	cmp	r3, #0
10005964:	d02a      	beq.n	100059bc <xTaskCreate+0xdc>
10005966:	79ab      	ldrb	r3, [r5, #6]
10005968:	3201      	adds	r2, #1
1000596a:	54a3      	strb	r3, [r4, r2]
1000596c:	2b00      	cmp	r3, #0
1000596e:	d025      	beq.n	100059bc <xTaskCreate+0xdc>
10005970:	79eb      	ldrb	r3, [r5, #7]
10005972:	3201      	adds	r2, #1
10005974:	54a3      	strb	r3, [r4, r2]
10005976:	2b00      	cmp	r3, #0
10005978:	d020      	beq.n	100059bc <xTaskCreate+0xdc>
1000597a:	7a2b      	ldrb	r3, [r5, #8]
1000597c:	3201      	adds	r2, #1
1000597e:	54a3      	strb	r3, [r4, r2]
10005980:	2b00      	cmp	r3, #0
10005982:	d01b      	beq.n	100059bc <xTaskCreate+0xdc>
10005984:	7a6b      	ldrb	r3, [r5, #9]
10005986:	3201      	adds	r2, #1
10005988:	54a3      	strb	r3, [r4, r2]
1000598a:	2b00      	cmp	r3, #0
1000598c:	d016      	beq.n	100059bc <xTaskCreate+0xdc>
1000598e:	7aab      	ldrb	r3, [r5, #10]
10005990:	3201      	adds	r2, #1
10005992:	54a3      	strb	r3, [r4, r2]
10005994:	2b00      	cmp	r3, #0
10005996:	d011      	beq.n	100059bc <xTaskCreate+0xdc>
10005998:	7aeb      	ldrb	r3, [r5, #11]
1000599a:	3201      	adds	r2, #1
1000599c:	54a3      	strb	r3, [r4, r2]
1000599e:	2b00      	cmp	r3, #0
100059a0:	d00c      	beq.n	100059bc <xTaskCreate+0xdc>
100059a2:	7b2b      	ldrb	r3, [r5, #12]
100059a4:	3201      	adds	r2, #1
100059a6:	54a3      	strb	r3, [r4, r2]
100059a8:	2b00      	cmp	r3, #0
100059aa:	d007      	beq.n	100059bc <xTaskCreate+0xdc>
100059ac:	7b6b      	ldrb	r3, [r5, #13]
100059ae:	3201      	adds	r2, #1
100059b0:	54a3      	strb	r3, [r4, r2]
100059b2:	2b00      	cmp	r3, #0
100059b4:	d002      	beq.n	100059bc <xTaskCreate+0xdc>
100059b6:	2342      	movs	r3, #66	@ 0x42
100059b8:	7baa      	ldrb	r2, [r5, #14]
100059ba:	54e2      	strb	r2, [r4, r3]
100059bc:	2343      	movs	r3, #67	@ 0x43
100059be:	2200      	movs	r2, #0
100059c0:	54e2      	strb	r2, [r4, r3]
100059c2:	9d08      	ldr	r5, [sp, #32]
100059c4:	2d1f      	cmp	r5, #31
100059c6:	d81f      	bhi.n	10005a08 <xTaskCreate+0x128>
100059c8:	1d20      	adds	r0, r4, #4
100059ca:	62e5      	str	r5, [r4, #44]	@ 0x2c
100059cc:	64e5      	str	r5, [r4, #76]	@ 0x4c
100059ce:	f7ff fa9f 	bl	10004f10 <vListInitialiseItem>
100059d2:	0020      	movs	r0, r4
100059d4:	3018      	adds	r0, #24
100059d6:	f7ff fa9b 	bl	10004f10 <vListInitialiseItem>
100059da:	2320      	movs	r3, #32
100059dc:	1b5b      	subs	r3, r3, r5
100059de:	61a3      	str	r3, [r4, #24]
100059e0:	464a      	mov	r2, r9
100059e2:	4641      	mov	r1, r8
100059e4:	0030      	movs	r0, r6
100059e6:	6124      	str	r4, [r4, #16]
100059e8:	6264      	str	r4, [r4, #36]	@ 0x24
100059ea:	f7fe ff7b 	bl	100048e4 <pxPortInitialiseStack>
100059ee:	9b09      	ldr	r3, [sp, #36]	@ 0x24
100059f0:	6020      	str	r0, [r4, #0]
100059f2:	2b00      	cmp	r3, #0
100059f4:	d000      	beq.n	100059f8 <xTaskCreate+0x118>
100059f6:	601c      	str	r4, [r3, #0]
100059f8:	0020      	movs	r0, r4
100059fa:	f7ff fde7 	bl	100055cc <prvAddNewTaskToReadyList>
100059fe:	2001      	movs	r0, #1
10005a00:	bcc0      	pop	{r6, r7}
10005a02:	46b9      	mov	r9, r7
10005a04:	46b0      	mov	r8, r6
10005a06:	bdf8      	pop	{r3, r4, r5, r6, r7, pc}
10005a08:	251f      	movs	r5, #31
10005a0a:	e7dd      	b.n	100059c8 <xTaskCreate+0xe8>
10005a0c:	0038      	movs	r0, r7
10005a0e:	f7fe fe87 	bl	10004720 <vPortFree>
10005a12:	2001      	movs	r0, #1
10005a14:	4240      	negs	r0, r0
10005a16:	e7f3      	b.n	10005a00 <xTaskCreate+0x120>

10005a18 <vTaskStartScheduler>:
10005a18:	b5f0      	push	{r4, r5, r6, r7, lr}
10005a1a:	2080      	movs	r0, #128	@ 0x80
10005a1c:	46c6      	mov	lr, r8
10005a1e:	4b2c      	ldr	r3, [pc, #176]	@ (10005ad0 <vTaskStartScheduler+0xb8>)
10005a20:	b500      	push	{lr}
10005a22:	0100      	lsls	r0, r0, #4
10005a24:	4698      	mov	r8, r3
10005a26:	4f2b      	ldr	r7, [pc, #172]	@ (10005ad4 <vTaskStartScheduler+0xbc>)
10005a28:	f7fe fde8 	bl	100045fc <pvPortMalloc>
10005a2c:	2600      	movs	r6, #0
10005a2e:	1e05      	subs	r5, r0, #0
10005a30:	d037      	beq.n	10005aa2 <vTaskStartScheduler+0x8a>
10005a32:	2070      	movs	r0, #112	@ 0x70
10005a34:	f7fe fde2 	bl	100045fc <pvPortMalloc>
10005a38:	1e04      	subs	r4, r0, #0
10005a3a:	d037      	beq.n	10005aac <vTaskStartScheduler+0x94>
10005a3c:	2270      	movs	r2, #112	@ 0x70
10005a3e:	2100      	movs	r1, #0
10005a40:	f7fc fdb6 	bl	100025b0 <__wrap_memset>
10005a44:	2280      	movs	r2, #128	@ 0x80
10005a46:	21a5      	movs	r1, #165	@ 0xa5
10005a48:	0112      	lsls	r2, r2, #4
10005a4a:	0028      	movs	r0, r5
10005a4c:	6325      	str	r5, [r4, #48]	@ 0x30
10005a4e:	f7fc fdaf 	bl	100025b0 <__wrap_memset>
10005a52:	4b21      	ldr	r3, [pc, #132]	@ (10005ad8 <vTaskStartScheduler+0xc0>)
10005a54:	6b25      	ldr	r5, [r4, #48]	@ 0x30
10005a56:	469c      	mov	ip, r3
10005a58:	2307      	movs	r3, #7
10005a5a:	4465      	add	r5, ip
10005a5c:	439d      	bics	r5, r3
10005a5e:	4b1f      	ldr	r3, [pc, #124]	@ (10005adc <vTaskStartScheduler+0xc4>)
10005a60:	1d20      	adds	r0, r4, #4
10005a62:	6363      	str	r3, [r4, #52]	@ 0x34
10005a64:	2338      	movs	r3, #56	@ 0x38
10005a66:	54e6      	strb	r6, [r4, r3]
10005a68:	330b      	adds	r3, #11
10005a6a:	54e6      	strb	r6, [r4, r3]
10005a6c:	62e6      	str	r6, [r4, #44]	@ 0x2c
10005a6e:	64e6      	str	r6, [r4, #76]	@ 0x4c
10005a70:	f7ff fa4e 	bl	10004f10 <vListInitialiseItem>
10005a74:	0020      	movs	r0, r4
10005a76:	3018      	adds	r0, #24
10005a78:	f7ff fa4a 	bl	10004f10 <vListInitialiseItem>
10005a7c:	2320      	movs	r3, #32
10005a7e:	2200      	movs	r2, #0
10005a80:	4641      	mov	r1, r8
10005a82:	61a3      	str	r3, [r4, #24]
10005a84:	0028      	movs	r0, r5
10005a86:	6124      	str	r4, [r4, #16]
10005a88:	6264      	str	r4, [r4, #36]	@ 0x24
10005a8a:	f7fe ff2b 	bl	100048e4 <pxPortInitialiseStack>
10005a8e:	6020      	str	r0, [r4, #0]
10005a90:	0020      	movs	r0, r4
10005a92:	603c      	str	r4, [r7, #0]
10005a94:	3601      	adds	r6, #1
10005a96:	f7ff fd99 	bl	100055cc <prvAddNewTaskToReadyList>
10005a9a:	f000 fdc5 	bl	10006628 <xTimerCreateTimerTask>
10005a9e:	2801      	cmp	r0, #1
10005aa0:	d008      	beq.n	10005ab4 <vTaskStartScheduler+0x9c>
10005aa2:	4b0f      	ldr	r3, [pc, #60]	@ (10005ae0 <vTaskStartScheduler+0xc8>)
10005aa4:	681b      	ldr	r3, [r3, #0]
10005aa6:	bc80      	pop	{r7}
10005aa8:	46b8      	mov	r8, r7
10005aaa:	bdf0      	pop	{r4, r5, r6, r7, pc}
10005aac:	0028      	movs	r0, r5
10005aae:	f7fe fe37 	bl	10004720 <vPortFree>
10005ab2:	e7f6      	b.n	10005aa2 <vTaskStartScheduler+0x8a>
10005ab4:	b672      	cpsid	i
10005ab6:	2201      	movs	r2, #1
10005ab8:	4b0a      	ldr	r3, [pc, #40]	@ (10005ae4 <vTaskStartScheduler+0xcc>)
10005aba:	4252      	negs	r2, r2
10005abc:	601a      	str	r2, [r3, #0]
10005abe:	2200      	movs	r2, #0
10005ac0:	4b09      	ldr	r3, [pc, #36]	@ (10005ae8 <vTaskStartScheduler+0xd0>)
10005ac2:	601e      	str	r6, [r3, #0]
10005ac4:	4b09      	ldr	r3, [pc, #36]	@ (10005aec <vTaskStartScheduler+0xd4>)
10005ac6:	601a      	str	r2, [r3, #0]
10005ac8:	f7fe ff82 	bl	100049d0 <xPortStartScheduler>
10005acc:	e7e9      	b.n	10005aa2 <vTaskStartScheduler+0x8a>
10005ace:	46c0      	nop			@ (mov r8, r8)
10005ad0:	100056f1 	.word	0x100056f1
10005ad4:	20021f5c 	.word	0x20021f5c
10005ad8:	000007fc 	.word	0x000007fc
10005adc:	454c4449 	.word	0x454c4449
10005ae0:	1000b810 	.word	0x1000b810
10005ae4:	20021f68 	.word	0x20021f68
10005ae8:	20021f90 	.word	0x20021f90
10005aec:	20021fc4 	.word	0x20021fc4

10005af0 <vTaskSuspendAll>:
10005af0:	4a02      	ldr	r2, [pc, #8]	@ (10005afc <vTaskSuspendAll+0xc>)
10005af2:	6813      	ldr	r3, [r2, #0]
10005af4:	3301      	adds	r3, #1
10005af6:	6013      	str	r3, [r2, #0]
10005af8:	4770      	bx	lr
10005afa:	46c0      	nop			@ (mov r8, r8)
10005afc:	20021ef8 	.word	0x20021ef8

10005b00 <xTaskResumeAll>:
10005b00:	b5f0      	push	{r4, r5, r6, r7, lr}
10005b02:	46de      	mov	lr, fp
10005b04:	4657      	mov	r7, sl
10005b06:	464e      	mov	r6, r9
10005b08:	4645      	mov	r5, r8
10005b0a:	b5e0      	push	{r5, r6, r7, lr}
10005b0c:	b083      	sub	sp, #12
10005b0e:	f7fe ff05 	bl	1000491c <vPortEnterCritical>
10005b12:	4c53      	ldr	r4, [pc, #332]	@ (10005c60 <xTaskResumeAll+0x160>)
10005b14:	6823      	ldr	r3, [r4, #0]
10005b16:	3b01      	subs	r3, #1
10005b18:	6023      	str	r3, [r4, #0]
10005b1a:	6823      	ldr	r3, [r4, #0]
10005b1c:	2b00      	cmp	r3, #0
10005b1e:	d000      	beq.n	10005b22 <xTaskResumeAll+0x22>
10005b20:	e081      	b.n	10005c26 <xTaskResumeAll+0x126>
10005b22:	4b50      	ldr	r3, [pc, #320]	@ (10005c64 <xTaskResumeAll+0x164>)
10005b24:	681b      	ldr	r3, [r3, #0]
10005b26:	2b00      	cmp	r3, #0
10005b28:	d07d      	beq.n	10005c26 <xTaskResumeAll+0x126>
10005b2a:	4b4f      	ldr	r3, [pc, #316]	@ (10005c68 <xTaskResumeAll+0x168>)
10005b2c:	469c      	mov	ip, r3
10005b2e:	681b      	ldr	r3, [r3, #0]
10005b30:	2b00      	cmp	r3, #0
10005b32:	d100      	bne.n	10005b36 <xTaskResumeAll+0x36>
10005b34:	e090      	b.n	10005c58 <xTaskResumeAll+0x158>
10005b36:	4b4d      	ldr	r3, [pc, #308]	@ (10005c6c <xTaskResumeAll+0x16c>)
10005b38:	4d4d      	ldr	r5, [pc, #308]	@ (10005c70 <xTaskResumeAll+0x170>)
10005b3a:	4698      	mov	r8, r3
10005b3c:	4b4d      	ldr	r3, [pc, #308]	@ (10005c74 <xTaskResumeAll+0x174>)
10005b3e:	9401      	str	r4, [sp, #4]
10005b40:	4699      	mov	r9, r3
10005b42:	4b4d      	ldr	r3, [pc, #308]	@ (10005c78 <xTaskResumeAll+0x178>)
10005b44:	469a      	mov	sl, r3
10005b46:	2300      	movs	r3, #0
10005b48:	469b      	mov	fp, r3
10005b4a:	4663      	mov	r3, ip
10005b4c:	68db      	ldr	r3, [r3, #12]
10005b4e:	68db      	ldr	r3, [r3, #12]
10005b50:	69d8      	ldr	r0, [r3, #28]
10005b52:	6a19      	ldr	r1, [r3, #32]
10005b54:	6a9a      	ldr	r2, [r3, #40]	@ 0x28
10005b56:	6081      	str	r1, [r0, #8]
10005b58:	6048      	str	r0, [r1, #4]
10005b5a:	0018      	movs	r0, r3
10005b5c:	6856      	ldr	r6, [r2, #4]
10005b5e:	3018      	adds	r0, #24
10005b60:	4286      	cmp	r6, r0
10005b62:	d100      	bne.n	10005b66 <xTaskResumeAll+0x66>
10005b64:	e072      	b.n	10005c4c <xTaskResumeAll+0x14c>
10005b66:	4659      	mov	r1, fp
10005b68:	6299      	str	r1, [r3, #40]	@ 0x28
10005b6a:	6811      	ldr	r1, [r2, #0]
10005b6c:	3901      	subs	r1, #1
10005b6e:	6011      	str	r1, [r2, #0]
10005b70:	695a      	ldr	r2, [r3, #20]
10005b72:	6898      	ldr	r0, [r3, #8]
10005b74:	68d9      	ldr	r1, [r3, #12]
10005b76:	6856      	ldr	r6, [r2, #4]
10005b78:	6081      	str	r1, [r0, #8]
10005b7a:	6048      	str	r0, [r1, #4]
10005b7c:	1d18      	adds	r0, r3, #4
10005b7e:	4286      	cmp	r6, r0
10005b80:	d062      	beq.n	10005c48 <xTaskResumeAll+0x148>
10005b82:	6811      	ldr	r1, [r2, #0]
10005b84:	3901      	subs	r1, #1
10005b86:	6011      	str	r1, [r2, #0]
10005b88:	4641      	mov	r1, r8
10005b8a:	6ada      	ldr	r2, [r3, #44]	@ 0x2c
10005b8c:	6809      	ldr	r1, [r1, #0]
10005b8e:	428a      	cmp	r2, r1
10005b90:	d901      	bls.n	10005b96 <xTaskResumeAll+0x96>
10005b92:	4641      	mov	r1, r8
10005b94:	600a      	str	r2, [r1, #0]
10005b96:	0091      	lsls	r1, r2, #2
10005b98:	1889      	adds	r1, r1, r2
10005b9a:	008c      	lsls	r4, r1, #2
10005b9c:	192e      	adds	r6, r5, r4
10005b9e:	6871      	ldr	r1, [r6, #4]
10005ba0:	688f      	ldr	r7, [r1, #8]
10005ba2:	6099      	str	r1, [r3, #8]
10005ba4:	60df      	str	r7, [r3, #12]
10005ba6:	6078      	str	r0, [r7, #4]
10005ba8:	6088      	str	r0, [r1, #8]
10005baa:	615e      	str	r6, [r3, #20]
10005bac:	592b      	ldr	r3, [r5, r4]
10005bae:	3301      	adds	r3, #1
10005bb0:	512b      	str	r3, [r5, r4]
10005bb2:	464b      	mov	r3, r9
10005bb4:	681b      	ldr	r3, [r3, #0]
10005bb6:	6adb      	ldr	r3, [r3, #44]	@ 0x2c
10005bb8:	429a      	cmp	r2, r3
10005bba:	d93f      	bls.n	10005c3c <xTaskResumeAll+0x13c>
10005bbc:	4653      	mov	r3, sl
10005bbe:	2201      	movs	r2, #1
10005bc0:	601a      	str	r2, [r3, #0]
10005bc2:	4663      	mov	r3, ip
10005bc4:	681b      	ldr	r3, [r3, #0]
10005bc6:	2b00      	cmp	r3, #0
10005bc8:	d1bf      	bne.n	10005b4a <xTaskResumeAll+0x4a>
10005bca:	4b2c      	ldr	r3, [pc, #176]	@ (10005c7c <xTaskResumeAll+0x17c>)
10005bcc:	9c01      	ldr	r4, [sp, #4]
10005bce:	681a      	ldr	r2, [r3, #0]
10005bd0:	6812      	ldr	r2, [r2, #0]
10005bd2:	2a00      	cmp	r2, #0
10005bd4:	d03c      	beq.n	10005c50 <xTaskResumeAll+0x150>
10005bd6:	681b      	ldr	r3, [r3, #0]
10005bd8:	68db      	ldr	r3, [r3, #12]
10005bda:	681a      	ldr	r2, [r3, #0]
10005bdc:	4b28      	ldr	r3, [pc, #160]	@ (10005c80 <xTaskResumeAll+0x180>)
10005bde:	601a      	str	r2, [r3, #0]
10005be0:	4e28      	ldr	r6, [pc, #160]	@ (10005c84 <xTaskResumeAll+0x184>)
10005be2:	6835      	ldr	r5, [r6, #0]
10005be4:	2d00      	cmp	r5, #0
10005be6:	d014      	beq.n	10005c12 <xTaskResumeAll+0x112>
10005be8:	2701      	movs	r7, #1
10005bea:	e008      	b.n	10005bfe <xTaskResumeAll+0xfe>
10005bec:	f7ff fdb0 	bl	10005750 <xTaskIncrementTick.part.0>
10005bf0:	2800      	cmp	r0, #0
10005bf2:	d001      	beq.n	10005bf8 <xTaskResumeAll+0xf8>
10005bf4:	4653      	mov	r3, sl
10005bf6:	601f      	str	r7, [r3, #0]
10005bf8:	3d01      	subs	r5, #1
10005bfa:	2d00      	cmp	r5, #0
10005bfc:	d008      	beq.n	10005c10 <xTaskResumeAll+0x110>
10005bfe:	6823      	ldr	r3, [r4, #0]
10005c00:	2b00      	cmp	r3, #0
10005c02:	d0f3      	beq.n	10005bec <xTaskResumeAll+0xec>
10005c04:	6833      	ldr	r3, [r6, #0]
10005c06:	3d01      	subs	r5, #1
10005c08:	3301      	adds	r3, #1
10005c0a:	6033      	str	r3, [r6, #0]
10005c0c:	2d00      	cmp	r5, #0
10005c0e:	d1f6      	bne.n	10005bfe <xTaskResumeAll+0xfe>
10005c10:	6035      	str	r5, [r6, #0]
10005c12:	4653      	mov	r3, sl
10005c14:	681b      	ldr	r3, [r3, #0]
10005c16:	2b00      	cmp	r3, #0
10005c18:	d005      	beq.n	10005c26 <xTaskResumeAll+0x126>
10005c1a:	4b16      	ldr	r3, [pc, #88]	@ (10005c74 <xTaskResumeAll+0x174>)
10005c1c:	2401      	movs	r4, #1
10005c1e:	681b      	ldr	r3, [r3, #0]
10005c20:	f7fe fe70 	bl	10004904 <vPortYield>
10005c24:	e000      	b.n	10005c28 <xTaskResumeAll+0x128>
10005c26:	2400      	movs	r4, #0
10005c28:	f7fe fe84 	bl	10004934 <vPortExitCritical>
10005c2c:	0020      	movs	r0, r4
10005c2e:	b003      	add	sp, #12
10005c30:	bcf0      	pop	{r4, r5, r6, r7}
10005c32:	46bb      	mov	fp, r7
10005c34:	46b2      	mov	sl, r6
10005c36:	46a9      	mov	r9, r5
10005c38:	46a0      	mov	r8, r4
10005c3a:	bdf0      	pop	{r4, r5, r6, r7, pc}
10005c3c:	4663      	mov	r3, ip
10005c3e:	681b      	ldr	r3, [r3, #0]
10005c40:	2b00      	cmp	r3, #0
10005c42:	d000      	beq.n	10005c46 <xTaskResumeAll+0x146>
10005c44:	e781      	b.n	10005b4a <xTaskResumeAll+0x4a>
10005c46:	e7c0      	b.n	10005bca <xTaskResumeAll+0xca>
10005c48:	6051      	str	r1, [r2, #4]
10005c4a:	e79a      	b.n	10005b82 <xTaskResumeAll+0x82>
10005c4c:	6051      	str	r1, [r2, #4]
10005c4e:	e78a      	b.n	10005b66 <xTaskResumeAll+0x66>
10005c50:	4b0b      	ldr	r3, [pc, #44]	@ (10005c80 <xTaskResumeAll+0x180>)
10005c52:	3a01      	subs	r2, #1
10005c54:	601a      	str	r2, [r3, #0]
10005c56:	e7c3      	b.n	10005be0 <xTaskResumeAll+0xe0>
10005c58:	4b07      	ldr	r3, [pc, #28]	@ (10005c78 <xTaskResumeAll+0x178>)
10005c5a:	469a      	mov	sl, r3
10005c5c:	e7c0      	b.n	10005be0 <xTaskResumeAll+0xe0>
10005c5e:	46c0      	nop			@ (mov r8, r8)
10005c60:	20021ef8 	.word	0x20021ef8
10005c64:	20021ef0 	.word	0x20021ef0
10005c68:	20021f7c 	.word	0x20021f7c
10005c6c:	20021f00 	.word	0x20021f00
10005c70:	20001b40 	.word	0x20001b40
10005c74:	20001b28 	.word	0x20001b28
10005c78:	20021fd0 	.word	0x20021fd0
10005c7c:	20001b30 	.word	0x20001b30
10005c80:	20021f68 	.word	0x20021f68
10005c84:	20021f78 	.word	0x20021f78

10005c88 <vTaskDelay>:
10005c88:	b5f0      	push	{r4, r5, r6, r7, lr}
10005c8a:	46c6      	mov	lr, r8
10005c8c:	0004      	movs	r4, r0
10005c8e:	b500      	push	{lr}
10005c90:	2800      	cmp	r0, #0
10005c92:	d021      	beq.n	10005cd8 <vTaskDelay+0x50>
10005c94:	4a17      	ldr	r2, [pc, #92]	@ (10005cf4 <vTaskDelay+0x6c>)
10005c96:	6813      	ldr	r3, [r2, #0]
10005c98:	3301      	adds	r3, #1
10005c9a:	6013      	str	r3, [r2, #0]
10005c9c:	4b16      	ldr	r3, [pc, #88]	@ (10005cf8 <vTaskDelay+0x70>)
10005c9e:	2100      	movs	r1, #0
10005ca0:	681e      	ldr	r6, [r3, #0]
10005ca2:	4b16      	ldr	r3, [pc, #88]	@ (10005cfc <vTaskDelay+0x74>)
10005ca4:	4d16      	ldr	r5, [pc, #88]	@ (10005d00 <vTaskDelay+0x78>)
10005ca6:	681f      	ldr	r7, [r3, #0]
10005ca8:	4b16      	ldr	r3, [pc, #88]	@ (10005d04 <vTaskDelay+0x7c>)
10005caa:	19a4      	adds	r4, r4, r6
10005cac:	681b      	ldr	r3, [r3, #0]
10005cae:	682a      	ldr	r2, [r5, #0]
10005cb0:	4698      	mov	r8, r3
10005cb2:	236d      	movs	r3, #109	@ 0x6d
10005cb4:	6828      	ldr	r0, [r5, #0]
10005cb6:	54d1      	strb	r1, [r2, r3]
10005cb8:	3004      	adds	r0, #4
10005cba:	f7ff f945 	bl	10004f48 <uxListRemove>
10005cbe:	682b      	ldr	r3, [r5, #0]
10005cc0:	6829      	ldr	r1, [r5, #0]
10005cc2:	605c      	str	r4, [r3, #4]
10005cc4:	3104      	adds	r1, #4
10005cc6:	42a6      	cmp	r6, r4
10005cc8:	d90b      	bls.n	10005ce2 <vTaskDelay+0x5a>
10005cca:	4640      	mov	r0, r8
10005ccc:	f7ff f924 	bl	10004f18 <vListInsert>
10005cd0:	f7ff ff16 	bl	10005b00 <xTaskResumeAll>
10005cd4:	2800      	cmp	r0, #0
10005cd6:	d101      	bne.n	10005cdc <vTaskDelay+0x54>
10005cd8:	f7fe fe14 	bl	10004904 <vPortYield>
10005cdc:	bc80      	pop	{r7}
10005cde:	46b8      	mov	r8, r7
10005ce0:	bdf0      	pop	{r4, r5, r6, r7, pc}
10005ce2:	0038      	movs	r0, r7
10005ce4:	f7ff f918 	bl	10004f18 <vListInsert>
10005ce8:	4b07      	ldr	r3, [pc, #28]	@ (10005d08 <vTaskDelay+0x80>)
10005cea:	681a      	ldr	r2, [r3, #0]
10005cec:	4294      	cmp	r4, r2
10005cee:	d2ef      	bcs.n	10005cd0 <vTaskDelay+0x48>
10005cf0:	601c      	str	r4, [r3, #0]
10005cf2:	e7ed      	b.n	10005cd0 <vTaskDelay+0x48>
10005cf4:	20021ef8 	.word	0x20021ef8
10005cf8:	20021fc4 	.word	0x20021fc4
10005cfc:	20001b30 	.word	0x20001b30
10005d00:	20001b28 	.word	0x20001b28
10005d04:	20001b38 	.word	0x20001b38
10005d08:	20021f68 	.word	0x20021f68

10005d0c <xTaskGetTickCount>:
10005d0c:	4b01      	ldr	r3, [pc, #4]	@ (10005d14 <xTaskGetTickCount+0x8>)
10005d0e:	6818      	ldr	r0, [r3, #0]
10005d10:	4770      	bx	lr
10005d12:	46c0      	nop			@ (mov r8, r8)
10005d14:	20021fc4 	.word	0x20021fc4

10005d18 <uxTaskGetNumberOfTasks>:
10005d18:	4b01      	ldr	r3, [pc, #4]	@ (10005d20 <uxTaskGetNumberOfTasks+0x8>)
10005d1a:	6818      	ldr	r0, [r3, #0]
10005d1c:	4770      	bx	lr
10005d1e:	46c0      	nop			@ (mov r8, r8)
10005d20:	20021ef0 	.word	0x20021ef0

10005d24 <xTaskIncrementTick>:
10005d24:	4b06      	ldr	r3, [pc, #24]	@ (10005d40 <xTaskIncrementTick+0x1c>)
10005d26:	b510      	push	{r4, lr}
10005d28:	681b      	ldr	r3, [r3, #0]
10005d2a:	2b00      	cmp	r3, #0
10005d2c:	d102      	bne.n	10005d34 <xTaskIncrementTick+0x10>
10005d2e:	f7ff fd0f 	bl	10005750 <xTaskIncrementTick.part.0>
10005d32:	bd10      	pop	{r4, pc}
10005d34:	4a03      	ldr	r2, [pc, #12]	@ (10005d44 <xTaskIncrementTick+0x20>)
10005d36:	2000      	movs	r0, #0
10005d38:	6813      	ldr	r3, [r2, #0]
10005d3a:	3301      	adds	r3, #1
10005d3c:	6013      	str	r3, [r2, #0]
10005d3e:	e7f8      	b.n	10005d32 <xTaskIncrementTick+0xe>
10005d40:	20021ef8 	.word	0x20021ef8
10005d44:	20021f78 	.word	0x20021f78

10005d48 <vTaskSwitchContext>:
10005d48:	4b19      	ldr	r3, [pc, #100]	@ (10005db0 <vTaskSwitchContext+0x68>)
10005d4a:	b530      	push	{r4, r5, lr}
10005d4c:	681b      	ldr	r3, [r3, #0]
10005d4e:	2b00      	cmp	r3, #0
10005d50:	d003      	beq.n	10005d5a <vTaskSwitchContext+0x12>
10005d52:	2201      	movs	r2, #1
10005d54:	4b17      	ldr	r3, [pc, #92]	@ (10005db4 <vTaskSwitchContext+0x6c>)
10005d56:	601a      	str	r2, [r3, #0]
10005d58:	bd30      	pop	{r4, r5, pc}
10005d5a:	4a16      	ldr	r2, [pc, #88]	@ (10005db4 <vTaskSwitchContext+0x6c>)
10005d5c:	4c16      	ldr	r4, [pc, #88]	@ (10005db8 <vTaskSwitchContext+0x70>)
10005d5e:	6013      	str	r3, [r2, #0]
10005d60:	6822      	ldr	r2, [r4, #0]
10005d62:	4816      	ldr	r0, [pc, #88]	@ (10005dbc <vTaskSwitchContext+0x74>)
10005d64:	0091      	lsls	r1, r2, #2
10005d66:	188b      	adds	r3, r1, r2
10005d68:	009b      	lsls	r3, r3, #2
10005d6a:	58c5      	ldr	r5, [r0, r3]
10005d6c:	2d00      	cmp	r5, #0
10005d6e:	d107      	bne.n	10005d80 <vTaskSwitchContext+0x38>
10005d70:	3b14      	subs	r3, #20
10005d72:	18c3      	adds	r3, r0, r3
10005d74:	6819      	ldr	r1, [r3, #0]
10005d76:	3b14      	subs	r3, #20
10005d78:	3a01      	subs	r2, #1
10005d7a:	2900      	cmp	r1, #0
10005d7c:	d0fa      	beq.n	10005d74 <vTaskSwitchContext+0x2c>
10005d7e:	0091      	lsls	r1, r2, #2
10005d80:	1889      	adds	r1, r1, r2
10005d82:	0089      	lsls	r1, r1, #2
10005d84:	1845      	adds	r5, r0, r1
10005d86:	686b      	ldr	r3, [r5, #4]
10005d88:	3108      	adds	r1, #8
10005d8a:	685b      	ldr	r3, [r3, #4]
10005d8c:	1840      	adds	r0, r0, r1
10005d8e:	606b      	str	r3, [r5, #4]
10005d90:	4283      	cmp	r3, r0
10005d92:	d005      	beq.n	10005da0 <vTaskSwitchContext+0x58>
10005d94:	68d9      	ldr	r1, [r3, #12]
10005d96:	4b0a      	ldr	r3, [pc, #40]	@ (10005dc0 <vTaskSwitchContext+0x78>)
10005d98:	6019      	str	r1, [r3, #0]
10005d9a:	6022      	str	r2, [r4, #0]
10005d9c:	681b      	ldr	r3, [r3, #0]
10005d9e:	e7db      	b.n	10005d58 <vTaskSwitchContext+0x10>
10005da0:	68eb      	ldr	r3, [r5, #12]
10005da2:	68d9      	ldr	r1, [r3, #12]
10005da4:	606b      	str	r3, [r5, #4]
10005da6:	4b06      	ldr	r3, [pc, #24]	@ (10005dc0 <vTaskSwitchContext+0x78>)
10005da8:	6019      	str	r1, [r3, #0]
10005daa:	6022      	str	r2, [r4, #0]
10005dac:	681b      	ldr	r3, [r3, #0]
10005dae:	e7d3      	b.n	10005d58 <vTaskSwitchContext+0x10>
10005db0:	20021ef8 	.word	0x20021ef8
10005db4:	20021fd0 	.word	0x20021fd0
10005db8:	20021f00 	.word	0x20021f00
10005dbc:	20001b40 	.word	0x20001b40
10005dc0:	20001b28 	.word	0x20001b28

10005dc4 <vTaskPlaceOnEventList>:
10005dc4:	b5f0      	push	{r4, r5, r6, r7, lr}
10005dc6:	46c6      	mov	lr, r8
10005dc8:	4d20      	ldr	r5, [pc, #128]	@ (10005e4c <vTaskPlaceOnEventList+0x88>)
10005dca:	000c      	movs	r4, r1
10005dcc:	6829      	ldr	r1, [r5, #0]
10005dce:	b500      	push	{lr}
10005dd0:	3118      	adds	r1, #24
10005dd2:	f7ff f8a1 	bl	10004f18 <vListInsert>
10005dd6:	4b1e      	ldr	r3, [pc, #120]	@ (10005e50 <vTaskPlaceOnEventList+0x8c>)
10005dd8:	2100      	movs	r1, #0
10005dda:	681e      	ldr	r6, [r3, #0]
10005ddc:	4b1d      	ldr	r3, [pc, #116]	@ (10005e54 <vTaskPlaceOnEventList+0x90>)
10005dde:	681f      	ldr	r7, [r3, #0]
10005de0:	4b1d      	ldr	r3, [pc, #116]	@ (10005e58 <vTaskPlaceOnEventList+0x94>)
10005de2:	681b      	ldr	r3, [r3, #0]
10005de4:	682a      	ldr	r2, [r5, #0]
10005de6:	4698      	mov	r8, r3
10005de8:	236d      	movs	r3, #109	@ 0x6d
10005dea:	6828      	ldr	r0, [r5, #0]
10005dec:	54d1      	strb	r1, [r2, r3]
10005dee:	3004      	adds	r0, #4
10005df0:	f7ff f8aa 	bl	10004f48 <uxListRemove>
10005df4:	1c63      	adds	r3, r4, #1
10005df6:	d015      	beq.n	10005e24 <vTaskPlaceOnEventList+0x60>
10005df8:	682b      	ldr	r3, [r5, #0]
10005dfa:	6829      	ldr	r1, [r5, #0]
10005dfc:	19a4      	adds	r4, r4, r6
10005dfe:	605c      	str	r4, [r3, #4]
10005e00:	3104      	adds	r1, #4
10005e02:	42a6      	cmp	r6, r4
10005e04:	d905      	bls.n	10005e12 <vTaskPlaceOnEventList+0x4e>
10005e06:	4640      	mov	r0, r8
10005e08:	f7ff f886 	bl	10004f18 <vListInsert>
10005e0c:	bc80      	pop	{r7}
10005e0e:	46b8      	mov	r8, r7
10005e10:	bdf0      	pop	{r4, r5, r6, r7, pc}
10005e12:	0038      	movs	r0, r7
10005e14:	f7ff f880 	bl	10004f18 <vListInsert>
10005e18:	4b10      	ldr	r3, [pc, #64]	@ (10005e5c <vTaskPlaceOnEventList+0x98>)
10005e1a:	681a      	ldr	r2, [r3, #0]
10005e1c:	4294      	cmp	r4, r2
10005e1e:	d2f5      	bcs.n	10005e0c <vTaskPlaceOnEventList+0x48>
10005e20:	601c      	str	r4, [r3, #0]
10005e22:	e7f3      	b.n	10005e0c <vTaskPlaceOnEventList+0x48>
10005e24:	4b0e      	ldr	r3, [pc, #56]	@ (10005e60 <vTaskPlaceOnEventList+0x9c>)
10005e26:	6829      	ldr	r1, [r5, #0]
10005e28:	685a      	ldr	r2, [r3, #4]
10005e2a:	608a      	str	r2, [r1, #8]
10005e2c:	6890      	ldr	r0, [r2, #8]
10005e2e:	6829      	ldr	r1, [r5, #0]
10005e30:	60c8      	str	r0, [r1, #12]
10005e32:	6829      	ldr	r1, [r5, #0]
10005e34:	3104      	adds	r1, #4
10005e36:	6041      	str	r1, [r0, #4]
10005e38:	6829      	ldr	r1, [r5, #0]
10005e3a:	3104      	adds	r1, #4
10005e3c:	6091      	str	r1, [r2, #8]
10005e3e:	682a      	ldr	r2, [r5, #0]
10005e40:	6153      	str	r3, [r2, #20]
10005e42:	681a      	ldr	r2, [r3, #0]
10005e44:	3201      	adds	r2, #1
10005e46:	601a      	str	r2, [r3, #0]
10005e48:	e7e0      	b.n	10005e0c <vTaskPlaceOnEventList+0x48>
10005e4a:	46c0      	nop			@ (mov r8, r8)
10005e4c:	20001b28 	.word	0x20001b28
10005e50:	20021fc4 	.word	0x20021fc4
10005e54:	20001b30 	.word	0x20001b30
10005e58:	20001b38 	.word	0x20001b38
10005e5c:	20021f68 	.word	0x20021f68
10005e60:	20021f9c 	.word	0x20021f9c

10005e64 <vTaskPlaceOnUnorderedEventList>:
10005e64:	2380      	movs	r3, #128	@ 0x80
10005e66:	b5f0      	push	{r4, r5, r6, r7, lr}
10005e68:	46c6      	mov	lr, r8
10005e6a:	4c29      	ldr	r4, [pc, #164]	@ (10005f10 <vTaskPlaceOnUnorderedEventList+0xac>)
10005e6c:	0015      	movs	r5, r2
10005e6e:	061b      	lsls	r3, r3, #24
10005e70:	6822      	ldr	r2, [r4, #0]
10005e72:	430b      	orrs	r3, r1
10005e74:	b500      	push	{lr}
10005e76:	6193      	str	r3, [r2, #24]
10005e78:	6822      	ldr	r2, [r4, #0]
10005e7a:	6843      	ldr	r3, [r0, #4]
10005e7c:	6899      	ldr	r1, [r3, #8]
10005e7e:	61d3      	str	r3, [r2, #28]
10005e80:	6822      	ldr	r2, [r4, #0]
10005e82:	6211      	str	r1, [r2, #32]
10005e84:	6822      	ldr	r2, [r4, #0]
10005e86:	3218      	adds	r2, #24
10005e88:	604a      	str	r2, [r1, #4]
10005e8a:	6822      	ldr	r2, [r4, #0]
10005e8c:	2100      	movs	r1, #0
10005e8e:	3218      	adds	r2, #24
10005e90:	609a      	str	r2, [r3, #8]
10005e92:	6823      	ldr	r3, [r4, #0]
10005e94:	6298      	str	r0, [r3, #40]	@ 0x28
10005e96:	6803      	ldr	r3, [r0, #0]
10005e98:	3301      	adds	r3, #1
10005e9a:	6003      	str	r3, [r0, #0]
10005e9c:	4b1d      	ldr	r3, [pc, #116]	@ (10005f14 <vTaskPlaceOnUnorderedEventList+0xb0>)
10005e9e:	681e      	ldr	r6, [r3, #0]
10005ea0:	4b1d      	ldr	r3, [pc, #116]	@ (10005f18 <vTaskPlaceOnUnorderedEventList+0xb4>)
10005ea2:	681f      	ldr	r7, [r3, #0]
10005ea4:	4b1d      	ldr	r3, [pc, #116]	@ (10005f1c <vTaskPlaceOnUnorderedEventList+0xb8>)
10005ea6:	681b      	ldr	r3, [r3, #0]
10005ea8:	6822      	ldr	r2, [r4, #0]
10005eaa:	4698      	mov	r8, r3
10005eac:	236d      	movs	r3, #109	@ 0x6d
10005eae:	6820      	ldr	r0, [r4, #0]
10005eb0:	54d1      	strb	r1, [r2, r3]
10005eb2:	3004      	adds	r0, #4
10005eb4:	f7ff f848 	bl	10004f48 <uxListRemove>
10005eb8:	1c6b      	adds	r3, r5, #1
10005eba:	d015      	beq.n	10005ee8 <vTaskPlaceOnUnorderedEventList+0x84>
10005ebc:	6823      	ldr	r3, [r4, #0]
10005ebe:	6821      	ldr	r1, [r4, #0]
10005ec0:	19ad      	adds	r5, r5, r6
10005ec2:	605d      	str	r5, [r3, #4]
10005ec4:	3104      	adds	r1, #4
10005ec6:	42ae      	cmp	r6, r5
10005ec8:	d905      	bls.n	10005ed6 <vTaskPlaceOnUnorderedEventList+0x72>
10005eca:	4640      	mov	r0, r8
10005ecc:	f7ff f824 	bl	10004f18 <vListInsert>
10005ed0:	bc80      	pop	{r7}
10005ed2:	46b8      	mov	r8, r7
10005ed4:	bdf0      	pop	{r4, r5, r6, r7, pc}
10005ed6:	0038      	movs	r0, r7
10005ed8:	f7ff f81e 	bl	10004f18 <vListInsert>
10005edc:	4b10      	ldr	r3, [pc, #64]	@ (10005f20 <vTaskPlaceOnUnorderedEventList+0xbc>)
10005ede:	681a      	ldr	r2, [r3, #0]
10005ee0:	4295      	cmp	r5, r2
10005ee2:	d2f5      	bcs.n	10005ed0 <vTaskPlaceOnUnorderedEventList+0x6c>
10005ee4:	601d      	str	r5, [r3, #0]
10005ee6:	e7f3      	b.n	10005ed0 <vTaskPlaceOnUnorderedEventList+0x6c>
10005ee8:	4b0e      	ldr	r3, [pc, #56]	@ (10005f24 <vTaskPlaceOnUnorderedEventList+0xc0>)
10005eea:	6821      	ldr	r1, [r4, #0]
10005eec:	685a      	ldr	r2, [r3, #4]
10005eee:	608a      	str	r2, [r1, #8]
10005ef0:	6890      	ldr	r0, [r2, #8]
10005ef2:	6821      	ldr	r1, [r4, #0]
10005ef4:	60c8      	str	r0, [r1, #12]
10005ef6:	6821      	ldr	r1, [r4, #0]
10005ef8:	3104      	adds	r1, #4
10005efa:	6041      	str	r1, [r0, #4]
10005efc:	6821      	ldr	r1, [r4, #0]
10005efe:	3104      	adds	r1, #4
10005f00:	6091      	str	r1, [r2, #8]
10005f02:	6822      	ldr	r2, [r4, #0]
10005f04:	6153      	str	r3, [r2, #20]
10005f06:	681a      	ldr	r2, [r3, #0]
10005f08:	3201      	adds	r2, #1
10005f0a:	601a      	str	r2, [r3, #0]
10005f0c:	e7e0      	b.n	10005ed0 <vTaskPlaceOnUnorderedEventList+0x6c>
10005f0e:	46c0      	nop			@ (mov r8, r8)
10005f10:	20001b28 	.word	0x20001b28
10005f14:	20021fc4 	.word	0x20021fc4
10005f18:	20001b30 	.word	0x20001b30
10005f1c:	20001b38 	.word	0x20001b38
10005f20:	20021f68 	.word	0x20021f68
10005f24:	20021f9c 	.word	0x20021f9c

10005f28 <vTaskPlaceOnEventListRestricted>:
10005f28:	b5f0      	push	{r4, r5, r6, r7, lr}
10005f2a:	46c6      	mov	lr, r8
10005f2c:	4c35      	ldr	r4, [pc, #212]	@ (10006004 <vTaskPlaceOnEventListRestricted+0xdc>)
10005f2e:	6843      	ldr	r3, [r0, #4]
10005f30:	000d      	movs	r5, r1
10005f32:	6821      	ldr	r1, [r4, #0]
10005f34:	b500      	push	{lr}
10005f36:	689e      	ldr	r6, [r3, #8]
10005f38:	61cb      	str	r3, [r1, #28]
10005f3a:	6821      	ldr	r1, [r4, #0]
10005f3c:	620e      	str	r6, [r1, #32]
10005f3e:	6821      	ldr	r1, [r4, #0]
10005f40:	3118      	adds	r1, #24
10005f42:	6071      	str	r1, [r6, #4]
10005f44:	6821      	ldr	r1, [r4, #0]
10005f46:	3118      	adds	r1, #24
10005f48:	6099      	str	r1, [r3, #8]
10005f4a:	6823      	ldr	r3, [r4, #0]
10005f4c:	6298      	str	r0, [r3, #40]	@ 0x28
10005f4e:	6803      	ldr	r3, [r0, #0]
10005f50:	3301      	adds	r3, #1
10005f52:	6003      	str	r3, [r0, #0]
10005f54:	4b2c      	ldr	r3, [pc, #176]	@ (10006008 <vTaskPlaceOnEventListRestricted+0xe0>)
10005f56:	2a00      	cmp	r2, #0
10005f58:	d021      	beq.n	10005f9e <vTaskPlaceOnEventListRestricted+0x76>
10005f5a:	681b      	ldr	r3, [r3, #0]
10005f5c:	4b2b      	ldr	r3, [pc, #172]	@ (1000600c <vTaskPlaceOnEventListRestricted+0xe4>)
10005f5e:	2100      	movs	r1, #0
10005f60:	681b      	ldr	r3, [r3, #0]
10005f62:	4b2b      	ldr	r3, [pc, #172]	@ (10006010 <vTaskPlaceOnEventListRestricted+0xe8>)
10005f64:	681b      	ldr	r3, [r3, #0]
10005f66:	236d      	movs	r3, #109	@ 0x6d
10005f68:	6822      	ldr	r2, [r4, #0]
10005f6a:	6820      	ldr	r0, [r4, #0]
10005f6c:	54d1      	strb	r1, [r2, r3]
10005f6e:	3004      	adds	r0, #4
10005f70:	f7fe ffea 	bl	10004f48 <uxListRemove>
10005f74:	4b27      	ldr	r3, [pc, #156]	@ (10006014 <vTaskPlaceOnEventListRestricted+0xec>)
10005f76:	6821      	ldr	r1, [r4, #0]
10005f78:	685a      	ldr	r2, [r3, #4]
10005f7a:	608a      	str	r2, [r1, #8]
10005f7c:	6890      	ldr	r0, [r2, #8]
10005f7e:	6821      	ldr	r1, [r4, #0]
10005f80:	60c8      	str	r0, [r1, #12]
10005f82:	6821      	ldr	r1, [r4, #0]
10005f84:	3104      	adds	r1, #4
10005f86:	6041      	str	r1, [r0, #4]
10005f88:	6821      	ldr	r1, [r4, #0]
10005f8a:	3104      	adds	r1, #4
10005f8c:	6091      	str	r1, [r2, #8]
10005f8e:	6822      	ldr	r2, [r4, #0]
10005f90:	6153      	str	r3, [r2, #20]
10005f92:	681a      	ldr	r2, [r3, #0]
10005f94:	3201      	adds	r2, #1
10005f96:	601a      	str	r2, [r3, #0]
10005f98:	bc80      	pop	{r7}
10005f9a:	46b8      	mov	r8, r7
10005f9c:	bdf0      	pop	{r4, r5, r6, r7, pc}
10005f9e:	681e      	ldr	r6, [r3, #0]
10005fa0:	4b1a      	ldr	r3, [pc, #104]	@ (1000600c <vTaskPlaceOnEventListRestricted+0xe4>)
10005fa2:	681f      	ldr	r7, [r3, #0]
10005fa4:	4b1a      	ldr	r3, [pc, #104]	@ (10006010 <vTaskPlaceOnEventListRestricted+0xe8>)
10005fa6:	681b      	ldr	r3, [r3, #0]
10005fa8:	6821      	ldr	r1, [r4, #0]
10005faa:	4698      	mov	r8, r3
10005fac:	236d      	movs	r3, #109	@ 0x6d
10005fae:	6820      	ldr	r0, [r4, #0]
10005fb0:	54ca      	strb	r2, [r1, r3]
10005fb2:	3004      	adds	r0, #4
10005fb4:	f7fe ffc8 	bl	10004f48 <uxListRemove>
10005fb8:	1c6b      	adds	r3, r5, #1
10005fba:	d015      	beq.n	10005fe8 <vTaskPlaceOnEventListRestricted+0xc0>
10005fbc:	6823      	ldr	r3, [r4, #0]
10005fbe:	19ad      	adds	r5, r5, r6
10005fc0:	605d      	str	r5, [r3, #4]
10005fc2:	42ae      	cmp	r6, r5
10005fc4:	d80a      	bhi.n	10005fdc <vTaskPlaceOnEventListRestricted+0xb4>
10005fc6:	6821      	ldr	r1, [r4, #0]
10005fc8:	0038      	movs	r0, r7
10005fca:	3104      	adds	r1, #4
10005fcc:	f7fe ffa4 	bl	10004f18 <vListInsert>
10005fd0:	4b11      	ldr	r3, [pc, #68]	@ (10006018 <vTaskPlaceOnEventListRestricted+0xf0>)
10005fd2:	681a      	ldr	r2, [r3, #0]
10005fd4:	4295      	cmp	r5, r2
10005fd6:	d2df      	bcs.n	10005f98 <vTaskPlaceOnEventListRestricted+0x70>
10005fd8:	601d      	str	r5, [r3, #0]
10005fda:	e7dd      	b.n	10005f98 <vTaskPlaceOnEventListRestricted+0x70>
10005fdc:	6821      	ldr	r1, [r4, #0]
10005fde:	4640      	mov	r0, r8
10005fe0:	3104      	adds	r1, #4
10005fe2:	f7fe ff99 	bl	10004f18 <vListInsert>
10005fe6:	e7d7      	b.n	10005f98 <vTaskPlaceOnEventListRestricted+0x70>
10005fe8:	6822      	ldr	r2, [r4, #0]
10005fea:	1e73      	subs	r3, r6, #1
10005fec:	6053      	str	r3, [r2, #4]
10005fee:	429e      	cmp	r6, r3
10005ff0:	d8f4      	bhi.n	10005fdc <vTaskPlaceOnEventListRestricted+0xb4>
10005ff2:	6821      	ldr	r1, [r4, #0]
10005ff4:	0038      	movs	r0, r7
10005ff6:	3104      	adds	r1, #4
10005ff8:	f7fe ff8e 	bl	10004f18 <vListInsert>
10005ffc:	4b06      	ldr	r3, [pc, #24]	@ (10006018 <vTaskPlaceOnEventListRestricted+0xf0>)
10005ffe:	681b      	ldr	r3, [r3, #0]
10006000:	e7ca      	b.n	10005f98 <vTaskPlaceOnEventListRestricted+0x70>
10006002:	46c0      	nop			@ (mov r8, r8)
10006004:	20001b28 	.word	0x20001b28
10006008:	20021fc4 	.word	0x20021fc4
1000600c:	20001b30 	.word	0x20001b30
10006010:	20001b38 	.word	0x20001b38
10006014:	20021f9c 	.word	0x20021f9c
10006018:	20021f68 	.word	0x20021f68

1000601c <xTaskRemoveFromEventList>:
1000601c:	68c3      	ldr	r3, [r0, #12]
1000601e:	b5f0      	push	{r4, r5, r6, r7, lr}
10006020:	68db      	ldr	r3, [r3, #12]
10006022:	69d8      	ldr	r0, [r3, #28]
10006024:	6a19      	ldr	r1, [r3, #32]
10006026:	6a9a      	ldr	r2, [r3, #40]	@ 0x28
10006028:	6081      	str	r1, [r0, #8]
1000602a:	6048      	str	r0, [r1, #4]
1000602c:	0018      	movs	r0, r3
1000602e:	6854      	ldr	r4, [r2, #4]
10006030:	3018      	adds	r0, #24
10006032:	4284      	cmp	r4, r0
10006034:	d041      	beq.n	100060ba <xTaskRemoveFromEventList+0x9e>
10006036:	2100      	movs	r1, #0
10006038:	6299      	str	r1, [r3, #40]	@ 0x28
1000603a:	6811      	ldr	r1, [r2, #0]
1000603c:	3901      	subs	r1, #1
1000603e:	6011      	str	r1, [r2, #0]
10006040:	4a23      	ldr	r2, [pc, #140]	@ (100060d0 <xTaskRemoveFromEventList+0xb4>)
10006042:	6ad9      	ldr	r1, [r3, #44]	@ 0x2c
10006044:	6812      	ldr	r2, [r2, #0]
10006046:	2a00      	cmp	r2, #0
10006048:	d129      	bne.n	1000609e <xTaskRemoveFromEventList+0x82>
1000604a:	695a      	ldr	r2, [r3, #20]
1000604c:	689c      	ldr	r4, [r3, #8]
1000604e:	68d8      	ldr	r0, [r3, #12]
10006050:	1d1d      	adds	r5, r3, #4
10006052:	60a0      	str	r0, [r4, #8]
10006054:	6044      	str	r4, [r0, #4]
10006056:	6854      	ldr	r4, [r2, #4]
10006058:	42ac      	cmp	r4, r5
1000605a:	d030      	beq.n	100060be <xTaskRemoveFromEventList+0xa2>
1000605c:	6810      	ldr	r0, [r2, #0]
1000605e:	3801      	subs	r0, #1
10006060:	6010      	str	r0, [r2, #0]
10006062:	4a1c      	ldr	r2, [pc, #112]	@ (100060d4 <xTaskRemoveFromEventList+0xb8>)
10006064:	6810      	ldr	r0, [r2, #0]
10006066:	4288      	cmp	r0, r1
10006068:	d325      	bcc.n	100060b6 <xTaskRemoveFromEventList+0x9a>
1000606a:	008a      	lsls	r2, r1, #2
1000606c:	481a      	ldr	r0, [pc, #104]	@ (100060d8 <xTaskRemoveFromEventList+0xbc>)
1000606e:	1852      	adds	r2, r2, r1
10006070:	0092      	lsls	r2, r2, #2
10006072:	1886      	adds	r6, r0, r2
10006074:	6874      	ldr	r4, [r6, #4]
10006076:	68a7      	ldr	r7, [r4, #8]
10006078:	609c      	str	r4, [r3, #8]
1000607a:	60df      	str	r7, [r3, #12]
1000607c:	607d      	str	r5, [r7, #4]
1000607e:	60a5      	str	r5, [r4, #8]
10006080:	615e      	str	r6, [r3, #20]
10006082:	5883      	ldr	r3, [r0, r2]
10006084:	3301      	adds	r3, #1
10006086:	5083      	str	r3, [r0, r2]
10006088:	4b14      	ldr	r3, [pc, #80]	@ (100060dc <xTaskRemoveFromEventList+0xc0>)
1000608a:	2000      	movs	r0, #0
1000608c:	681b      	ldr	r3, [r3, #0]
1000608e:	6adb      	ldr	r3, [r3, #44]	@ 0x2c
10006090:	428b      	cmp	r3, r1
10006092:	d203      	bcs.n	1000609c <xTaskRemoveFromEventList+0x80>
10006094:	2201      	movs	r2, #1
10006096:	4b12      	ldr	r3, [pc, #72]	@ (100060e0 <xTaskRemoveFromEventList+0xc4>)
10006098:	3001      	adds	r0, #1
1000609a:	601a      	str	r2, [r3, #0]
1000609c:	bdf0      	pop	{r4, r5, r6, r7, pc}
1000609e:	4a11      	ldr	r2, [pc, #68]	@ (100060e4 <xTaskRemoveFromEventList+0xc8>)
100060a0:	6854      	ldr	r4, [r2, #4]
100060a2:	68a5      	ldr	r5, [r4, #8]
100060a4:	61dc      	str	r4, [r3, #28]
100060a6:	621d      	str	r5, [r3, #32]
100060a8:	6068      	str	r0, [r5, #4]
100060aa:	60a0      	str	r0, [r4, #8]
100060ac:	629a      	str	r2, [r3, #40]	@ 0x28
100060ae:	6813      	ldr	r3, [r2, #0]
100060b0:	3301      	adds	r3, #1
100060b2:	6013      	str	r3, [r2, #0]
100060b4:	e7e8      	b.n	10006088 <xTaskRemoveFromEventList+0x6c>
100060b6:	6011      	str	r1, [r2, #0]
100060b8:	e7d7      	b.n	1000606a <xTaskRemoveFromEventList+0x4e>
100060ba:	6051      	str	r1, [r2, #4]
100060bc:	e7bb      	b.n	10006036 <xTaskRemoveFromEventList+0x1a>
100060be:	6050      	str	r0, [r2, #4]
100060c0:	6810      	ldr	r0, [r2, #0]
100060c2:	3801      	subs	r0, #1
100060c4:	6010      	str	r0, [r2, #0]
100060c6:	4a03      	ldr	r2, [pc, #12]	@ (100060d4 <xTaskRemoveFromEventList+0xb8>)
100060c8:	6810      	ldr	r0, [r2, #0]
100060ca:	4288      	cmp	r0, r1
100060cc:	d2cd      	bcs.n	1000606a <xTaskRemoveFromEventList+0x4e>
100060ce:	e7f2      	b.n	100060b6 <xTaskRemoveFromEventList+0x9a>
100060d0:	20021ef8 	.word	0x20021ef8
100060d4:	20021f00 	.word	0x20021f00
100060d8:	20001b40 	.word	0x20001b40
100060dc:	20001b28 	.word	0x20001b28
100060e0:	20021fd0 	.word	0x20021fd0
100060e4:	20021f7c 	.word	0x20021f7c

100060e8 <vTaskRemoveFromUnorderedEventList>:
100060e8:	2380      	movs	r3, #128	@ 0x80
100060ea:	061b      	lsls	r3, r3, #24
100060ec:	b5f0      	push	{r4, r5, r6, r7, lr}
100060ee:	6902      	ldr	r2, [r0, #16]
100060f0:	6844      	ldr	r4, [r0, #4]
100060f2:	430b      	orrs	r3, r1
100060f4:	6881      	ldr	r1, [r0, #8]
100060f6:	6003      	str	r3, [r0, #0]
100060f8:	68c3      	ldr	r3, [r0, #12]
100060fa:	60a1      	str	r1, [r4, #8]
100060fc:	604c      	str	r4, [r1, #4]
100060fe:	6854      	ldr	r4, [r2, #4]
10006100:	4284      	cmp	r4, r0
10006102:	d02e      	beq.n	10006162 <vTaskRemoveFromUnorderedEventList+0x7a>
10006104:	2100      	movs	r1, #0
10006106:	6101      	str	r1, [r0, #16]
10006108:	6811      	ldr	r1, [r2, #0]
1000610a:	6898      	ldr	r0, [r3, #8]
1000610c:	3901      	subs	r1, #1
1000610e:	6011      	str	r1, [r2, #0]
10006110:	695a      	ldr	r2, [r3, #20]
10006112:	68d9      	ldr	r1, [r3, #12]
10006114:	1d1d      	adds	r5, r3, #4
10006116:	6081      	str	r1, [r0, #8]
10006118:	6048      	str	r0, [r1, #4]
1000611a:	6850      	ldr	r0, [r2, #4]
1000611c:	42a8      	cmp	r0, r5
1000611e:	d022      	beq.n	10006166 <vTaskRemoveFromUnorderedEventList+0x7e>
10006120:	6811      	ldr	r1, [r2, #0]
10006122:	3901      	subs	r1, #1
10006124:	6011      	str	r1, [r2, #0]
10006126:	4a11      	ldr	r2, [pc, #68]	@ (1000616c <vTaskRemoveFromUnorderedEventList+0x84>)
10006128:	6ad9      	ldr	r1, [r3, #44]	@ 0x2c
1000612a:	6810      	ldr	r0, [r2, #0]
1000612c:	4281      	cmp	r1, r0
1000612e:	d900      	bls.n	10006132 <vTaskRemoveFromUnorderedEventList+0x4a>
10006130:	6011      	str	r1, [r2, #0]
10006132:	008a      	lsls	r2, r1, #2
10006134:	480e      	ldr	r0, [pc, #56]	@ (10006170 <vTaskRemoveFromUnorderedEventList+0x88>)
10006136:	1852      	adds	r2, r2, r1
10006138:	0092      	lsls	r2, r2, #2
1000613a:	1886      	adds	r6, r0, r2
1000613c:	6874      	ldr	r4, [r6, #4]
1000613e:	68a7      	ldr	r7, [r4, #8]
10006140:	609c      	str	r4, [r3, #8]
10006142:	60df      	str	r7, [r3, #12]
10006144:	607d      	str	r5, [r7, #4]
10006146:	60a5      	str	r5, [r4, #8]
10006148:	615e      	str	r6, [r3, #20]
1000614a:	5883      	ldr	r3, [r0, r2]
1000614c:	3301      	adds	r3, #1
1000614e:	5083      	str	r3, [r0, r2]
10006150:	4b08      	ldr	r3, [pc, #32]	@ (10006174 <vTaskRemoveFromUnorderedEventList+0x8c>)
10006152:	681b      	ldr	r3, [r3, #0]
10006154:	6adb      	ldr	r3, [r3, #44]	@ 0x2c
10006156:	4299      	cmp	r1, r3
10006158:	d902      	bls.n	10006160 <vTaskRemoveFromUnorderedEventList+0x78>
1000615a:	2201      	movs	r2, #1
1000615c:	4b06      	ldr	r3, [pc, #24]	@ (10006178 <vTaskRemoveFromUnorderedEventList+0x90>)
1000615e:	601a      	str	r2, [r3, #0]
10006160:	bdf0      	pop	{r4, r5, r6, r7, pc}
10006162:	6051      	str	r1, [r2, #4]
10006164:	e7ce      	b.n	10006104 <vTaskRemoveFromUnorderedEventList+0x1c>
10006166:	6051      	str	r1, [r2, #4]
10006168:	e7da      	b.n	10006120 <vTaskRemoveFromUnorderedEventList+0x38>
1000616a:	46c0      	nop			@ (mov r8, r8)
1000616c:	20021f00 	.word	0x20021f00
10006170:	20001b40 	.word	0x20001b40
10006174:	20001b28 	.word	0x20001b28
10006178:	20021fd0 	.word	0x20021fd0

1000617c <vTaskInternalSetTimeOutState>:
1000617c:	4b03      	ldr	r3, [pc, #12]	@ (1000618c <vTaskInternalSetTimeOutState+0x10>)
1000617e:	681b      	ldr	r3, [r3, #0]
10006180:	6003      	str	r3, [r0, #0]
10006182:	4b03      	ldr	r3, [pc, #12]	@ (10006190 <vTaskInternalSetTimeOutState+0x14>)
10006184:	681b      	ldr	r3, [r3, #0]
10006186:	6043      	str	r3, [r0, #4]
10006188:	4770      	bx	lr
1000618a:	46c0      	nop			@ (mov r8, r8)
1000618c:	20021f6c 	.word	0x20021f6c
10006190:	20021fc4 	.word	0x20021fc4

10006194 <xTaskCheckForTimeOut>:
10006194:	b5f0      	push	{r4, r5, r6, r7, lr}
10006196:	46c6      	mov	lr, r8
10006198:	b500      	push	{lr}
1000619a:	0004      	movs	r4, r0
1000619c:	000e      	movs	r6, r1
1000619e:	f7fe fbbd 	bl	1000491c <vPortEnterCritical>
100061a2:	236d      	movs	r3, #109	@ 0x6d
100061a4:	4815      	ldr	r0, [pc, #84]	@ (100061fc <xTaskCheckForTimeOut+0x68>)
100061a6:	4a16      	ldr	r2, [pc, #88]	@ (10006200 <xTaskCheckForTimeOut+0x6c>)
100061a8:	6807      	ldr	r7, [r0, #0]
100061aa:	6815      	ldr	r5, [r2, #0]
100061ac:	6861      	ldr	r1, [r4, #4]
100061ae:	5ced      	ldrb	r5, [r5, r3]
100061b0:	2d00      	cmp	r5, #0
100061b2:	d009      	beq.n	100061c8 <xTaskCheckForTimeOut+0x34>
100061b4:	2100      	movs	r1, #0
100061b6:	6812      	ldr	r2, [r2, #0]
100061b8:	54d1      	strb	r1, [r2, r3]
100061ba:	2401      	movs	r4, #1
100061bc:	f7fe fbba 	bl	10004934 <vPortExitCritical>
100061c0:	0020      	movs	r0, r4
100061c2:	bc80      	pop	{r7}
100061c4:	46b8      	mov	r8, r7
100061c6:	bdf0      	pop	{r4, r5, r6, r7, pc}
100061c8:	6833      	ldr	r3, [r6, #0]
100061ca:	1c5a      	adds	r2, r3, #1
100061cc:	d014      	beq.n	100061f8 <xTaskCheckForTimeOut+0x64>
100061ce:	4a0d      	ldr	r2, [pc, #52]	@ (10006204 <xTaskCheckForTimeOut+0x70>)
100061d0:	6815      	ldr	r5, [r2, #0]
100061d2:	46a8      	mov	r8, r5
100061d4:	6825      	ldr	r5, [r4, #0]
100061d6:	4545      	cmp	r5, r8
100061d8:	d004      	beq.n	100061e4 <xTaskCheckForTimeOut+0x50>
100061da:	42b9      	cmp	r1, r7
100061dc:	d802      	bhi.n	100061e4 <xTaskCheckForTimeOut+0x50>
100061de:	2300      	movs	r3, #0
100061e0:	6033      	str	r3, [r6, #0]
100061e2:	e7ea      	b.n	100061ba <xTaskCheckForTimeOut+0x26>
100061e4:	1a7d      	subs	r5, r7, r1
100061e6:	42ab      	cmp	r3, r5
100061e8:	d9f9      	bls.n	100061de <xTaskCheckForTimeOut+0x4a>
100061ea:	1bdb      	subs	r3, r3, r7
100061ec:	185b      	adds	r3, r3, r1
100061ee:	6033      	str	r3, [r6, #0]
100061f0:	6813      	ldr	r3, [r2, #0]
100061f2:	6023      	str	r3, [r4, #0]
100061f4:	6803      	ldr	r3, [r0, #0]
100061f6:	6063      	str	r3, [r4, #4]
100061f8:	2400      	movs	r4, #0
100061fa:	e7df      	b.n	100061bc <xTaskCheckForTimeOut+0x28>
100061fc:	20021fc4 	.word	0x20021fc4
10006200:	20001b28 	.word	0x20001b28
10006204:	20021f6c 	.word	0x20021f6c

10006208 <vTaskMissedYield>:
10006208:	2201      	movs	r2, #1
1000620a:	4b01      	ldr	r3, [pc, #4]	@ (10006210 <vTaskMissedYield+0x8>)
1000620c:	601a      	str	r2, [r3, #0]
1000620e:	4770      	bx	lr
10006210:	20021fd0 	.word	0x20021fd0

10006214 <xTaskGetCurrentTaskHandle>:
10006214:	4b01      	ldr	r3, [pc, #4]	@ (1000621c <xTaskGetCurrentTaskHandle+0x8>)
10006216:	6818      	ldr	r0, [r3, #0]
10006218:	4770      	bx	lr
1000621a:	46c0      	nop			@ (mov r8, r8)
1000621c:	20001b28 	.word	0x20001b28

10006220 <xTaskPriorityDisinherit>:
10006220:	b570      	push	{r4, r5, r6, lr}
10006222:	1e04      	subs	r4, r0, #0
10006224:	d008      	beq.n	10006238 <xTaskPriorityDisinherit+0x18>
10006226:	6d03      	ldr	r3, [r0, #80]	@ 0x50
10006228:	6ac1      	ldr	r1, [r0, #44]	@ 0x2c
1000622a:	6cc2      	ldr	r2, [r0, #76]	@ 0x4c
1000622c:	3b01      	subs	r3, #1
1000622e:	6503      	str	r3, [r0, #80]	@ 0x50
10006230:	4291      	cmp	r1, r2
10006232:	d001      	beq.n	10006238 <xTaskPriorityDisinherit+0x18>
10006234:	2b00      	cmp	r3, #0
10006236:	d001      	beq.n	1000623c <xTaskPriorityDisinherit+0x1c>
10006238:	2000      	movs	r0, #0
1000623a:	bd70      	pop	{r4, r5, r6, pc}
1000623c:	1d05      	adds	r5, r0, #4
1000623e:	0028      	movs	r0, r5
10006240:	f7fe fe82 	bl	10004f48 <uxListRemove>
10006244:	2320      	movs	r3, #32
10006246:	6ce2      	ldr	r2, [r4, #76]	@ 0x4c
10006248:	1a9b      	subs	r3, r3, r2
1000624a:	61a3      	str	r3, [r4, #24]
1000624c:	4b0b      	ldr	r3, [pc, #44]	@ (1000627c <xTaskPriorityDisinherit+0x5c>)
1000624e:	62e2      	str	r2, [r4, #44]	@ 0x2c
10006250:	6819      	ldr	r1, [r3, #0]
10006252:	428a      	cmp	r2, r1
10006254:	d900      	bls.n	10006258 <xTaskPriorityDisinherit+0x38>
10006256:	601a      	str	r2, [r3, #0]
10006258:	0093      	lsls	r3, r2, #2
1000625a:	4909      	ldr	r1, [pc, #36]	@ (10006280 <xTaskPriorityDisinherit+0x60>)
1000625c:	189b      	adds	r3, r3, r2
1000625e:	009b      	lsls	r3, r3, #2
10006260:	18c8      	adds	r0, r1, r3
10006262:	6842      	ldr	r2, [r0, #4]
10006264:	6896      	ldr	r6, [r2, #8]
10006266:	60a2      	str	r2, [r4, #8]
10006268:	60e6      	str	r6, [r4, #12]
1000626a:	6075      	str	r5, [r6, #4]
1000626c:	6095      	str	r5, [r2, #8]
1000626e:	58ca      	ldr	r2, [r1, r3]
10006270:	6160      	str	r0, [r4, #20]
10006272:	3201      	adds	r2, #1
10006274:	2001      	movs	r0, #1
10006276:	50ca      	str	r2, [r1, r3]
10006278:	e7df      	b.n	1000623a <xTaskPriorityDisinherit+0x1a>
1000627a:	46c0      	nop			@ (mov r8, r8)
1000627c:	20021f00 	.word	0x20021f00
10006280:	20001b40 	.word	0x20001b40

10006284 <uxTaskResetEventItemValue>:
10006284:	4b04      	ldr	r3, [pc, #16]	@ (10006298 <uxTaskResetEventItemValue+0x14>)
10006286:	681a      	ldr	r2, [r3, #0]
10006288:	6819      	ldr	r1, [r3, #0]
1000628a:	6990      	ldr	r0, [r2, #24]
1000628c:	681a      	ldr	r2, [r3, #0]
1000628e:	2320      	movs	r3, #32
10006290:	6ac9      	ldr	r1, [r1, #44]	@ 0x2c
10006292:	1a5b      	subs	r3, r3, r1
10006294:	6193      	str	r3, [r2, #24]
10006296:	4770      	bx	lr
10006298:	20001b28 	.word	0x20001b28

1000629c <prvTimerTask>:
1000629c:	b5f0      	push	{r4, r5, r6, r7, lr}
1000629e:	4657      	mov	r7, sl
100062a0:	46de      	mov	lr, fp
100062a2:	464e      	mov	r6, r9
100062a4:	4645      	mov	r5, r8
100062a6:	b5e0      	push	{r5, r6, r7, lr}
100062a8:	4aca      	ldr	r2, [pc, #808]	@ (100065d4 <prvTimerTask+0x338>)
100062aa:	b08b      	sub	sp, #44	@ 0x2c
100062ac:	9203      	str	r2, [sp, #12]
100062ae:	2228      	movs	r2, #40	@ 0x28
100062b0:	4bc9      	ldr	r3, [pc, #804]	@ (100065d8 <prvTimerTask+0x33c>)
100062b2:	4fca      	ldr	r7, [pc, #808]	@ (100065dc <prvTimerTask+0x340>)
100062b4:	9301      	str	r3, [sp, #4]
100062b6:	4bca      	ldr	r3, [pc, #808]	@ (100065e0 <prvTimerTask+0x344>)
100062b8:	46b9      	mov	r9, r7
100062ba:	469a      	mov	sl, r3
100062bc:	4bc9      	ldr	r3, [pc, #804]	@ (100065e4 <prvTimerTask+0x348>)
100062be:	4693      	mov	fp, r2
100062c0:	001f      	movs	r7, r3
100062c2:	464b      	mov	r3, r9
100062c4:	681b      	ldr	r3, [r3, #0]
100062c6:	681d      	ldr	r5, [r3, #0]
100062c8:	2d00      	cmp	r5, #0
100062ca:	d100      	bne.n	100062ce <prvTimerTask+0x32>
100062cc:	e0a5      	b.n	1000641a <prvTimerTask+0x17e>
100062ce:	68db      	ldr	r3, [r3, #12]
100062d0:	681d      	ldr	r5, [r3, #0]
100062d2:	f7ff fc0d 	bl	10005af0 <vTaskSuspendAll>
100062d6:	f7ff fd19 	bl	10005d0c <xTaskGetTickCount>
100062da:	9b01      	ldr	r3, [sp, #4]
100062dc:	9002      	str	r0, [sp, #8]
100062de:	681b      	ldr	r3, [r3, #0]
100062e0:	4298      	cmp	r0, r3
100062e2:	d200      	bcs.n	100062e6 <prvTimerTask+0x4a>
100062e4:	e0ab      	b.n	1000643e <prvTimerTask+0x1a2>
100062e6:	9a01      	ldr	r2, [sp, #4]
100062e8:	6010      	str	r0, [r2, #0]
100062ea:	4285      	cmp	r5, r0
100062ec:	d800      	bhi.n	100062f0 <prvTimerTask+0x54>
100062ee:	e14d      	b.n	1000658c <prvTimerTask+0x2f0>
100062f0:	2200      	movs	r2, #0
100062f2:	9b02      	ldr	r3, [sp, #8]
100062f4:	6838      	ldr	r0, [r7, #0]
100062f6:	1ae9      	subs	r1, r5, r3
100062f8:	f7ff f944 	bl	10005584 <vQueueWaitForMessageRestricted>
100062fc:	f7ff fc00 	bl	10005b00 <xTaskResumeAll>
10006300:	2800      	cmp	r0, #0
10006302:	d100      	bne.n	10006306 <prvTimerTask+0x6a>
10006304:	e134      	b.n	10006570 <prvTimerTask+0x2d4>
10006306:	2210      	movs	r2, #16
10006308:	2100      	movs	r1, #0
1000630a:	a806      	add	r0, sp, #24
1000630c:	f7fc f950 	bl	100025b0 <__wrap_memset>
10006310:	2200      	movs	r2, #0
10006312:	6838      	ldr	r0, [r7, #0]
10006314:	a906      	add	r1, sp, #24
10006316:	f7ff f81b 	bl	10005350 <xQueueReceive>
1000631a:	2800      	cmp	r0, #0
1000631c:	d0d1      	beq.n	100062c2 <prvTimerTask+0x26>
1000631e:	9b06      	ldr	r3, [sp, #24]
10006320:	9808      	ldr	r0, [sp, #32]
10006322:	2b00      	cmp	r3, #0
10006324:	db71      	blt.n	1000640a <prvTimerTask+0x16e>
10006326:	9c08      	ldr	r4, [sp, #32]
10006328:	6963      	ldr	r3, [r4, #20]
1000632a:	2b00      	cmp	r3, #0
1000632c:	d002      	beq.n	10006334 <prvTimerTask+0x98>
1000632e:	1d20      	adds	r0, r4, #4
10006330:	f7fe fe0a 	bl	10004f48 <uxListRemove>
10006334:	f7ff fcea 	bl	10005d0c <xTaskGetTickCount>
10006338:	9b01      	ldr	r3, [sp, #4]
1000633a:	0005      	movs	r5, r0
1000633c:	681b      	ldr	r3, [r3, #0]
1000633e:	4298      	cmp	r0, r3
10006340:	d200      	bcs.n	10006344 <prvTimerTask+0xa8>
10006342:	e0c9      	b.n	100064d8 <prvTimerTask+0x23c>
10006344:	9b01      	ldr	r3, [sp, #4]
10006346:	601d      	str	r5, [r3, #0]
10006348:	9b06      	ldr	r3, [sp, #24]
1000634a:	2b09      	cmp	r3, #9
1000634c:	d8e0      	bhi.n	10006310 <prvTimerTask+0x74>
1000634e:	9a03      	ldr	r2, [sp, #12]
10006350:	009b      	lsls	r3, r3, #2
10006352:	58d3      	ldr	r3, [r2, r3]
10006354:	469f      	mov	pc, r3
10006356:	465b      	mov	r3, fp
10006358:	5ce0      	ldrb	r0, [r4, r3]
1000635a:	2301      	movs	r3, #1
1000635c:	465a      	mov	r2, fp
1000635e:	4303      	orrs	r3, r0
10006360:	54a3      	strb	r3, [r4, r2]
10006362:	9907      	ldr	r1, [sp, #28]
10006364:	69a2      	ldr	r2, [r4, #24]
10006366:	6124      	str	r4, [r4, #16]
10006368:	188b      	adds	r3, r1, r2
1000636a:	6063      	str	r3, [r4, #4]
1000636c:	42ab      	cmp	r3, r5
1000636e:	d900      	bls.n	10006372 <prvTimerTask+0xd6>
10006370:	e101      	b.n	10006576 <prvTimerTask+0x2da>
10006372:	1a69      	subs	r1, r5, r1
10006374:	428a      	cmp	r2, r1
10006376:	d831      	bhi.n	100063dc <prvTimerTask+0x140>
10006378:	0741      	lsls	r1, r0, #29
1000637a:	d410      	bmi.n	1000639e <prvTimerTask+0x102>
1000637c:	2301      	movs	r3, #1
1000637e:	4398      	bics	r0, r3
10006380:	465b      	mov	r3, fp
10006382:	54e0      	strb	r0, [r4, r3]
10006384:	0020      	movs	r0, r4
10006386:	6a23      	ldr	r3, [r4, #32]
10006388:	4798      	blx	r3
1000638a:	e7c1      	b.n	10006310 <prvTimerTask+0x74>
1000638c:	1aeb      	subs	r3, r5, r3
1000638e:	429a      	cmp	r2, r3
10006390:	d900      	bls.n	10006394 <prvTimerTask+0xf8>
10006392:	e115      	b.n	100065c0 <prvTimerTask+0x324>
10006394:	6a23      	ldr	r3, [r4, #32]
10006396:	0020      	movs	r0, r4
10006398:	4798      	blx	r3
1000639a:	0033      	movs	r3, r6
1000639c:	69a2      	ldr	r2, [r4, #24]
1000639e:	18d6      	adds	r6, r2, r3
100063a0:	6066      	str	r6, [r4, #4]
100063a2:	6124      	str	r4, [r4, #16]
100063a4:	42b5      	cmp	r5, r6
100063a6:	d2f1      	bcs.n	1000638c <prvTimerTask+0xf0>
100063a8:	429d      	cmp	r5, r3
100063aa:	d201      	bcs.n	100063b0 <prvTimerTask+0x114>
100063ac:	42b3      	cmp	r3, r6
100063ae:	d9f1      	bls.n	10006394 <prvTimerTask+0xf8>
100063b0:	464b      	mov	r3, r9
100063b2:	1d21      	adds	r1, r4, #4
100063b4:	6818      	ldr	r0, [r3, #0]
100063b6:	f7fe fdaf 	bl	10004f18 <vListInsert>
100063ba:	e7e3      	b.n	10006384 <prvTimerTask+0xe8>
100063bc:	465b      	mov	r3, fp
100063be:	2201      	movs	r2, #1
100063c0:	5ce3      	ldrb	r3, [r4, r3]
100063c2:	4313      	orrs	r3, r2
100063c4:	465a      	mov	r2, fp
100063c6:	54a3      	strb	r3, [r4, r2]
100063c8:	9b07      	ldr	r3, [sp, #28]
100063ca:	6124      	str	r4, [r4, #16]
100063cc:	195a      	adds	r2, r3, r5
100063ce:	61a3      	str	r3, [r4, #24]
100063d0:	6062      	str	r2, [r4, #4]
100063d2:	42aa      	cmp	r2, r5
100063d4:	d900      	bls.n	100063d8 <prvTimerTask+0x13c>
100063d6:	e0d3      	b.n	10006580 <prvTimerTask+0x2e4>
100063d8:	2b00      	cmp	r3, #0
100063da:	d099      	beq.n	10006310 <prvTimerTask+0x74>
100063dc:	4653      	mov	r3, sl
100063de:	1d21      	adds	r1, r4, #4
100063e0:	6818      	ldr	r0, [r3, #0]
100063e2:	f7fe fd99 	bl	10004f18 <vListInsert>
100063e6:	e793      	b.n	10006310 <prvTimerTask+0x74>
100063e8:	465b      	mov	r3, fp
100063ea:	2201      	movs	r2, #1
100063ec:	5ce3      	ldrb	r3, [r4, r3]
100063ee:	4393      	bics	r3, r2
100063f0:	465a      	mov	r2, fp
100063f2:	54a3      	strb	r3, [r4, r2]
100063f4:	e78c      	b.n	10006310 <prvTimerTask+0x74>
100063f6:	465b      	mov	r3, fp
100063f8:	5ce3      	ldrb	r3, [r4, r3]
100063fa:	079a      	lsls	r2, r3, #30
100063fc:	d400      	bmi.n	10006400 <prvTimerTask+0x164>
100063fe:	e0db      	b.n	100065b8 <prvTimerTask+0x31c>
10006400:	2201      	movs	r2, #1
10006402:	4393      	bics	r3, r2
10006404:	465a      	mov	r2, fp
10006406:	54a3      	strb	r3, [r4, r2]
10006408:	e782      	b.n	10006310 <prvTimerTask+0x74>
1000640a:	9b07      	ldr	r3, [sp, #28]
1000640c:	9909      	ldr	r1, [sp, #36]	@ 0x24
1000640e:	4798      	blx	r3
10006410:	9b06      	ldr	r3, [sp, #24]
10006412:	2b00      	cmp	r3, #0
10006414:	da00      	bge.n	10006418 <prvTimerTask+0x17c>
10006416:	e77b      	b.n	10006310 <prvTimerTask+0x74>
10006418:	e785      	b.n	10006326 <prvTimerTask+0x8a>
1000641a:	f7ff fb69 	bl	10005af0 <vTaskSuspendAll>
1000641e:	f7ff fc75 	bl	10005d0c <xTaskGetTickCount>
10006422:	9b01      	ldr	r3, [sp, #4]
10006424:	0002      	movs	r2, r0
10006426:	681b      	ldr	r3, [r3, #0]
10006428:	9002      	str	r0, [sp, #8]
1000642a:	4298      	cmp	r0, r3
1000642c:	d307      	bcc.n	1000643e <prvTimerTask+0x1a2>
1000642e:	9b01      	ldr	r3, [sp, #4]
10006430:	601a      	str	r2, [r3, #0]
10006432:	4653      	mov	r3, sl
10006434:	681b      	ldr	r3, [r3, #0]
10006436:	681a      	ldr	r2, [r3, #0]
10006438:	4253      	negs	r3, r2
1000643a:	415a      	adcs	r2, r3
1000643c:	e759      	b.n	100062f2 <prvTimerTask+0x56>
1000643e:	464b      	mov	r3, r9
10006440:	681b      	ldr	r3, [r3, #0]
10006442:	681a      	ldr	r2, [r3, #0]
10006444:	2a00      	cmp	r2, #0
10006446:	d03b      	beq.n	100064c0 <prvTimerTask+0x224>
10006448:	2204      	movs	r2, #4
1000644a:	9704      	str	r7, [sp, #16]
1000644c:	4690      	mov	r8, r2
1000644e:	e00b      	b.n	10006468 <prvTimerTask+0x1cc>
10006450:	2201      	movs	r2, #1
10006452:	4393      	bics	r3, r2
10006454:	465a      	mov	r2, fp
10006456:	54a3      	strb	r3, [r4, r2]
10006458:	6a23      	ldr	r3, [r4, #32]
1000645a:	0020      	movs	r0, r4
1000645c:	4798      	blx	r3
1000645e:	464b      	mov	r3, r9
10006460:	681b      	ldr	r3, [r3, #0]
10006462:	681a      	ldr	r2, [r3, #0]
10006464:	2a00      	cmp	r2, #0
10006466:	d02a      	beq.n	100064be <prvTimerTask+0x222>
10006468:	68db      	ldr	r3, [r3, #12]
1000646a:	68dc      	ldr	r4, [r3, #12]
1000646c:	681e      	ldr	r6, [r3, #0]
1000646e:	1d27      	adds	r7, r4, #4
10006470:	0038      	movs	r0, r7
10006472:	f7fe fd69 	bl	10004f48 <uxListRemove>
10006476:	465b      	mov	r3, fp
10006478:	4642      	mov	r2, r8
1000647a:	5ce3      	ldrb	r3, [r4, r3]
1000647c:	421a      	tst	r2, r3
1000647e:	d0e7      	beq.n	10006450 <prvTimerTask+0x1b4>
10006480:	69a3      	ldr	r3, [r4, #24]
10006482:	6124      	str	r4, [r4, #16]
10006484:	18f5      	adds	r5, r6, r3
10006486:	43f6      	mvns	r6, r6
10006488:	6065      	str	r5, [r4, #4]
1000648a:	42b3      	cmp	r3, r6
1000648c:	d80a      	bhi.n	100064a4 <prvTimerTask+0x208>
1000648e:	002e      	movs	r6, r5
10006490:	43f6      	mvns	r6, r6
10006492:	6a23      	ldr	r3, [r4, #32]
10006494:	0020      	movs	r0, r4
10006496:	4798      	blx	r3
10006498:	69a3      	ldr	r3, [r4, #24]
1000649a:	6124      	str	r4, [r4, #16]
1000649c:	18ed      	adds	r5, r5, r3
1000649e:	6065      	str	r5, [r4, #4]
100064a0:	42b3      	cmp	r3, r6
100064a2:	d9f4      	bls.n	1000648e <prvTimerTask+0x1f2>
100064a4:	4653      	mov	r3, sl
100064a6:	0039      	movs	r1, r7
100064a8:	6818      	ldr	r0, [r3, #0]
100064aa:	f7fe fd35 	bl	10004f18 <vListInsert>
100064ae:	6a23      	ldr	r3, [r4, #32]
100064b0:	0020      	movs	r0, r4
100064b2:	4798      	blx	r3
100064b4:	464b      	mov	r3, r9
100064b6:	681b      	ldr	r3, [r3, #0]
100064b8:	681a      	ldr	r2, [r3, #0]
100064ba:	2a00      	cmp	r2, #0
100064bc:	d1d4      	bne.n	10006468 <prvTimerTask+0x1cc>
100064be:	9f04      	ldr	r7, [sp, #16]
100064c0:	4652      	mov	r2, sl
100064c2:	4649      	mov	r1, r9
100064c4:	6812      	ldr	r2, [r2, #0]
100064c6:	600a      	str	r2, [r1, #0]
100064c8:	4652      	mov	r2, sl
100064ca:	6013      	str	r3, [r2, #0]
100064cc:	9b01      	ldr	r3, [sp, #4]
100064ce:	9a02      	ldr	r2, [sp, #8]
100064d0:	601a      	str	r2, [r3, #0]
100064d2:	f7ff fb15 	bl	10005b00 <xTaskResumeAll>
100064d6:	e716      	b.n	10006306 <prvTimerTask+0x6a>
100064d8:	464b      	mov	r3, r9
100064da:	681b      	ldr	r3, [r3, #0]
100064dc:	681a      	ldr	r2, [r3, #0]
100064de:	2a00      	cmp	r2, #0
100064e0:	d03f      	beq.n	10006562 <prvTimerTask+0x2c6>
100064e2:	2204      	movs	r2, #4
100064e4:	9402      	str	r4, [sp, #8]
100064e6:	4690      	mov	r8, r2
100064e8:	9004      	str	r0, [sp, #16]
100064ea:	9705      	str	r7, [sp, #20]
100064ec:	e00b      	b.n	10006506 <prvTimerTask+0x26a>
100064ee:	2201      	movs	r2, #1
100064f0:	4393      	bics	r3, r2
100064f2:	465a      	mov	r2, fp
100064f4:	54a3      	strb	r3, [r4, r2]
100064f6:	6a23      	ldr	r3, [r4, #32]
100064f8:	0020      	movs	r0, r4
100064fa:	4798      	blx	r3
100064fc:	464b      	mov	r3, r9
100064fe:	681b      	ldr	r3, [r3, #0]
10006500:	681a      	ldr	r2, [r3, #0]
10006502:	2a00      	cmp	r2, #0
10006504:	d02a      	beq.n	1000655c <prvTimerTask+0x2c0>
10006506:	68db      	ldr	r3, [r3, #12]
10006508:	68dc      	ldr	r4, [r3, #12]
1000650a:	681e      	ldr	r6, [r3, #0]
1000650c:	1d27      	adds	r7, r4, #4
1000650e:	0038      	movs	r0, r7
10006510:	f7fe fd1a 	bl	10004f48 <uxListRemove>
10006514:	465b      	mov	r3, fp
10006516:	4642      	mov	r2, r8
10006518:	5ce3      	ldrb	r3, [r4, r3]
1000651a:	421a      	tst	r2, r3
1000651c:	d0e7      	beq.n	100064ee <prvTimerTask+0x252>
1000651e:	69a3      	ldr	r3, [r4, #24]
10006520:	6124      	str	r4, [r4, #16]
10006522:	18f5      	adds	r5, r6, r3
10006524:	43f6      	mvns	r6, r6
10006526:	6065      	str	r5, [r4, #4]
10006528:	429e      	cmp	r6, r3
1000652a:	d30a      	bcc.n	10006542 <prvTimerTask+0x2a6>
1000652c:	002e      	movs	r6, r5
1000652e:	43f6      	mvns	r6, r6
10006530:	6a23      	ldr	r3, [r4, #32]
10006532:	0020      	movs	r0, r4
10006534:	4798      	blx	r3
10006536:	69a3      	ldr	r3, [r4, #24]
10006538:	6124      	str	r4, [r4, #16]
1000653a:	18ed      	adds	r5, r5, r3
1000653c:	6065      	str	r5, [r4, #4]
1000653e:	42b3      	cmp	r3, r6
10006540:	d9f4      	bls.n	1000652c <prvTimerTask+0x290>
10006542:	4653      	mov	r3, sl
10006544:	0039      	movs	r1, r7
10006546:	6818      	ldr	r0, [r3, #0]
10006548:	f7fe fce6 	bl	10004f18 <vListInsert>
1000654c:	6a23      	ldr	r3, [r4, #32]
1000654e:	0020      	movs	r0, r4
10006550:	4798      	blx	r3
10006552:	464b      	mov	r3, r9
10006554:	681b      	ldr	r3, [r3, #0]
10006556:	681a      	ldr	r2, [r3, #0]
10006558:	2a00      	cmp	r2, #0
1000655a:	d1d4      	bne.n	10006506 <prvTimerTask+0x26a>
1000655c:	9c02      	ldr	r4, [sp, #8]
1000655e:	9d04      	ldr	r5, [sp, #16]
10006560:	9f05      	ldr	r7, [sp, #20]
10006562:	4652      	mov	r2, sl
10006564:	4649      	mov	r1, r9
10006566:	6812      	ldr	r2, [r2, #0]
10006568:	600a      	str	r2, [r1, #0]
1000656a:	4652      	mov	r2, sl
1000656c:	6013      	str	r3, [r2, #0]
1000656e:	e6e9      	b.n	10006344 <prvTimerTask+0xa8>
10006570:	f7fe f9c8 	bl	10004904 <vPortYield>
10006574:	e6c7      	b.n	10006306 <prvTimerTask+0x6a>
10006576:	42a9      	cmp	r1, r5
10006578:	d902      	bls.n	10006580 <prvTimerTask+0x2e4>
1000657a:	4299      	cmp	r1, r3
1000657c:	d800      	bhi.n	10006580 <prvTimerTask+0x2e4>
1000657e:	e6fb      	b.n	10006378 <prvTimerTask+0xdc>
10006580:	464b      	mov	r3, r9
10006582:	1d21      	adds	r1, r4, #4
10006584:	6818      	ldr	r0, [r3, #0]
10006586:	f7fe fcc7 	bl	10004f18 <vListInsert>
1000658a:	e6c1      	b.n	10006310 <prvTimerTask+0x74>
1000658c:	f7ff fab8 	bl	10005b00 <xTaskResumeAll>
10006590:	464b      	mov	r3, r9
10006592:	681b      	ldr	r3, [r3, #0]
10006594:	68db      	ldr	r3, [r3, #12]
10006596:	68de      	ldr	r6, [r3, #12]
10006598:	1d34      	adds	r4, r6, #4
1000659a:	0020      	movs	r0, r4
1000659c:	f7fe fcd4 	bl	10004f48 <uxListRemove>
100065a0:	465b      	mov	r3, fp
100065a2:	5cf3      	ldrb	r3, [r6, r3]
100065a4:	075a      	lsls	r2, r3, #29
100065a6:	d411      	bmi.n	100065cc <prvTimerTask+0x330>
100065a8:	2201      	movs	r2, #1
100065aa:	4393      	bics	r3, r2
100065ac:	465a      	mov	r2, fp
100065ae:	54b3      	strb	r3, [r6, r2]
100065b0:	0030      	movs	r0, r6
100065b2:	6a33      	ldr	r3, [r6, #32]
100065b4:	4798      	blx	r3
100065b6:	e6a6      	b.n	10006306 <prvTimerTask+0x6a>
100065b8:	0020      	movs	r0, r4
100065ba:	f7fe f8b1 	bl	10004720 <vPortFree>
100065be:	e6a7      	b.n	10006310 <prvTimerTask+0x74>
100065c0:	4653      	mov	r3, sl
100065c2:	1d21      	adds	r1, r4, #4
100065c4:	6818      	ldr	r0, [r3, #0]
100065c6:	f7fe fca7 	bl	10004f18 <vListInsert>
100065ca:	e6db      	b.n	10006384 <prvTimerTask+0xe8>
100065cc:	46a0      	mov	r8, r4
100065ce:	002b      	movs	r3, r5
100065d0:	9c02      	ldr	r4, [sp, #8]
100065d2:	e010      	b.n	100065f6 <prvTimerTask+0x35a>
100065d4:	1000b814 	.word	0x1000b814
100065d8:	20021f60 	.word	0x20021f60
100065dc:	20001b2c 	.word	0x20001b2c
100065e0:	20001b3c 	.word	0x20001b3c
100065e4:	20021fc8 	.word	0x20021fc8
100065e8:	1ae3      	subs	r3, r4, r3
100065ea:	429a      	cmp	r2, r3
100065ec:	d814      	bhi.n	10006618 <prvTimerTask+0x37c>
100065ee:	6a33      	ldr	r3, [r6, #32]
100065f0:	0030      	movs	r0, r6
100065f2:	4798      	blx	r3
100065f4:	002b      	movs	r3, r5
100065f6:	69b2      	ldr	r2, [r6, #24]
100065f8:	6136      	str	r6, [r6, #16]
100065fa:	189d      	adds	r5, r3, r2
100065fc:	6075      	str	r5, [r6, #4]
100065fe:	42ac      	cmp	r4, r5
10006600:	d2f2      	bcs.n	100065e8 <prvTimerTask+0x34c>
10006602:	429c      	cmp	r4, r3
10006604:	d201      	bcs.n	1000660a <prvTimerTask+0x36e>
10006606:	42ab      	cmp	r3, r5
10006608:	d9f1      	bls.n	100065ee <prvTimerTask+0x352>
1000660a:	4644      	mov	r4, r8
1000660c:	464b      	mov	r3, r9
1000660e:	0021      	movs	r1, r4
10006610:	6818      	ldr	r0, [r3, #0]
10006612:	f7fe fc81 	bl	10004f18 <vListInsert>
10006616:	e7cb      	b.n	100065b0 <prvTimerTask+0x314>
10006618:	4644      	mov	r4, r8
1000661a:	4653      	mov	r3, sl
1000661c:	0021      	movs	r1, r4
1000661e:	6818      	ldr	r0, [r3, #0]
10006620:	f7fe fc7a 	bl	10004f18 <vListInsert>
10006624:	e7c4      	b.n	100065b0 <prvTimerTask+0x314>
10006626:	46c0      	nop			@ (mov r8, r8)

10006628 <xTimerCreateTimerTask>:
10006628:	b570      	push	{r4, r5, r6, lr}
1000662a:	b082      	sub	sp, #8
1000662c:	f7fe f976 	bl	1000491c <vPortEnterCritical>
10006630:	4c17      	ldr	r4, [pc, #92]	@ (10006690 <xTimerCreateTimerTask+0x68>)
10006632:	6823      	ldr	r3, [r4, #0]
10006634:	2b00      	cmp	r3, #0
10006636:	d012      	beq.n	1000665e <xTimerCreateTimerTask+0x36>
10006638:	f7fe f97c 	bl	10004934 <vPortExitCritical>
1000663c:	6823      	ldr	r3, [r4, #0]
1000663e:	2000      	movs	r0, #0
10006640:	2b00      	cmp	r3, #0
10006642:	d00a      	beq.n	1000665a <xTimerCreateTimerTask+0x32>
10006644:	4b13      	ldr	r3, [pc, #76]	@ (10006694 <xTimerCreateTimerTask+0x6c>)
10006646:	2280      	movs	r2, #128	@ 0x80
10006648:	9301      	str	r3, [sp, #4]
1000664a:	231f      	movs	r3, #31
1000664c:	4912      	ldr	r1, [pc, #72]	@ (10006698 <xTimerCreateTimerTask+0x70>)
1000664e:	9300      	str	r3, [sp, #0]
10006650:	4812      	ldr	r0, [pc, #72]	@ (1000669c <xTimerCreateTimerTask+0x74>)
10006652:	2300      	movs	r3, #0
10006654:	00d2      	lsls	r2, r2, #3
10006656:	f7ff f943 	bl	100058e0 <xTaskCreate>
1000665a:	b002      	add	sp, #8
1000665c:	bd70      	pop	{r4, r5, r6, pc}
1000665e:	4e10      	ldr	r6, [pc, #64]	@ (100066a0 <xTimerCreateTimerTask+0x78>)
10006660:	0030      	movs	r0, r6
10006662:	f7fe fc49 	bl	10004ef8 <vListInitialise>
10006666:	4d0f      	ldr	r5, [pc, #60]	@ (100066a4 <xTimerCreateTimerTask+0x7c>)
10006668:	0028      	movs	r0, r5
1000666a:	f7fe fc45 	bl	10004ef8 <vListInitialise>
1000666e:	4b0e      	ldr	r3, [pc, #56]	@ (100066a8 <xTimerCreateTimerTask+0x80>)
10006670:	2200      	movs	r2, #0
10006672:	601e      	str	r6, [r3, #0]
10006674:	4b0d      	ldr	r3, [pc, #52]	@ (100066ac <xTimerCreateTimerTask+0x84>)
10006676:	2110      	movs	r1, #16
10006678:	200a      	movs	r0, #10
1000667a:	601d      	str	r5, [r3, #0]
1000667c:	f7fe fd7c 	bl	10005178 <xQueueGenericCreate>
10006680:	6020      	str	r0, [r4, #0]
10006682:	2800      	cmp	r0, #0
10006684:	d0d8      	beq.n	10006638 <xTimerCreateTimerTask+0x10>
10006686:	490a      	ldr	r1, [pc, #40]	@ (100066b0 <xTimerCreateTimerTask+0x88>)
10006688:	f7fe fef0 	bl	1000546c <vQueueAddToRegistry>
1000668c:	e7d4      	b.n	10006638 <xTimerCreateTimerTask+0x10>
1000668e:	46c0      	nop			@ (mov r8, r8)
10006690:	20021fc8 	.word	0x20021fc8
10006694:	20021fcc 	.word	0x20021fcc
10006698:	1000b1cc 	.word	0x1000b1cc
1000669c:	1000629d 	.word	0x1000629d
100066a0:	20021f04 	.word	0x20021f04
100066a4:	20021f18 	.word	0x20021f18
100066a8:	20001b2c 	.word	0x20001b2c
100066ac:	20001b3c 	.word	0x20001b3c
100066b0:	1000b1c4 	.word	0x1000b1c4

100066b4 <xTimerPendFunctionCallFromISR>:
100066b4:	b510      	push	{r4, lr}
100066b6:	0014      	movs	r4, r2
100066b8:	001a      	movs	r2, r3
100066ba:	2302      	movs	r3, #2
100066bc:	b084      	sub	sp, #16
100066be:	425b      	negs	r3, r3
100066c0:	9300      	str	r3, [sp, #0]
100066c2:	4b05      	ldr	r3, [pc, #20]	@ (100066d8 <xTimerPendFunctionCallFromISR+0x24>)
100066c4:	9001      	str	r0, [sp, #4]
100066c6:	9102      	str	r1, [sp, #8]
100066c8:	6818      	ldr	r0, [r3, #0]
100066ca:	4669      	mov	r1, sp
100066cc:	2300      	movs	r3, #0
100066ce:	9403      	str	r4, [sp, #12]
100066d0:	f7fe fda4 	bl	1000521c <xQueueGenericSendFromISR>
100066d4:	b004      	add	sp, #16
100066d6:	bd10      	pop	{r4, pc}
100066d8:	20021fc8 	.word	0x20021fc8

100066dc <exception_set_exclusive_handler>:
100066dc:	b510      	push	{r4, lr}
100066de:	f3ef 8c10 	mrs	ip, PRIMASK
100066e2:	b672      	cpsid	i
100066e4:	4b0a      	ldr	r3, [pc, #40]	@ (10006710 <exception_set_exclusive_handler+0x34>)
100066e6:	689a      	ldr	r2, [r3, #8]
100066e8:	0083      	lsls	r3, r0, #2
100066ea:	58d0      	ldr	r0, [r2, r3]
100066ec:	4281      	cmp	r1, r0
100066ee:	d005      	beq.n	100066fc <exception_set_exclusive_handler+0x20>
100066f0:	4a08      	ldr	r2, [pc, #32]	@ (10006714 <exception_set_exclusive_handler+0x38>)
100066f2:	4290      	cmp	r0, r2
100066f4:	d30a      	bcc.n	1000670c <exception_set_exclusive_handler+0x30>
100066f6:	4a08      	ldr	r2, [pc, #32]	@ (10006718 <exception_set_exclusive_handler+0x3c>)
100066f8:	4290      	cmp	r0, r2
100066fa:	d207      	bcs.n	1000670c <exception_set_exclusive_handler+0x30>
100066fc:	4a04      	ldr	r2, [pc, #16]	@ (10006710 <exception_set_exclusive_handler+0x34>)
100066fe:	6892      	ldr	r2, [r2, #8]
10006700:	50d1      	str	r1, [r2, r3]
10006702:	f3bf 8f5f 	dmb	sy
10006706:	f38c 8810 	msr	PRIMASK, ip
1000670a:	bd10      	pop	{r4, pc}
1000670c:	f7fb f9e0 	bl	10001ad0 <hard_assertion_failure>
10006710:	e000ed00 	.word	0xe000ed00
10006714:	100001c0 	.word	0x100001c0
10006718:	100001d4 	.word	0x100001d4

1000671c <cyw43_arch_set_async_context>:
1000671c:	4b01      	ldr	r3, [pc, #4]	@ (10006724 <cyw43_arch_set_async_context+0x8>)
1000671e:	6018      	str	r0, [r3, #0]
10006720:	4770      	bx	lr
10006722:	46c0      	nop			@ (mov r8, r8)
10006724:	200010b4 	.word	0x200010b4

10006728 <cyw43_arch_gpio_put>:
10006728:	b510      	push	{r4, lr}
1000672a:	4b03      	ldr	r3, [pc, #12]	@ (10006738 <cyw43_arch_gpio_put+0x10>)
1000672c:	000a      	movs	r2, r1
1000672e:	0001      	movs	r1, r0
10006730:	0018      	movs	r0, r3
10006732:	f002 ffdb 	bl	100096ec <cyw43_gpio_set>
10006736:	bd10      	pop	{r4, pc}
10006738:	20001228 	.word	0x20001228

1000673c <cyw43_arch_async_context>:
1000673c:	4b01      	ldr	r3, [pc, #4]	@ (10006744 <cyw43_arch_async_context+0x8>)
1000673e:	6818      	ldr	r0, [r3, #0]
10006740:	4770      	bx	lr
10006742:	46c0      	nop			@ (mov r8, r8)
10006744:	200010b4 	.word	0x200010b4

10006748 <cyw43_arch_init>:
10006748:	b510      	push	{r4, lr}
1000674a:	b082      	sub	sp, #8
1000674c:	f7ff fff6 	bl	1000673c <cyw43_arch_async_context>
10006750:	2800      	cmp	r0, #0
10006752:	d007      	beq.n	10006764 <cyw43_arch_init+0x1c>
10006754:	f003 fa9e 	bl	10009c94 <cyw43_driver_init>
10006758:	0003      	movs	r3, r0
1000675a:	2000      	movs	r0, #0
1000675c:	2b00      	cmp	r3, #0
1000675e:	d010      	beq.n	10006782 <cyw43_arch_init+0x3a>
10006760:	b002      	add	sp, #8
10006762:	bd10      	pop	{r4, pc}
10006764:	4668      	mov	r0, sp
10006766:	f003 fe81 	bl	1000a46c <async_context_threadsafe_background_default_config>
1000676a:	4c0f      	ldr	r4, [pc, #60]	@ (100067a8 <cyw43_arch_init+0x60>)
1000676c:	4669      	mov	r1, sp
1000676e:	0020      	movs	r0, r4
10006770:	f003 fe82 	bl	1000a478 <async_context_threadsafe_background_init>
10006774:	2800      	cmp	r0, #0
10006776:	d013      	beq.n	100067a0 <cyw43_arch_init+0x58>
10006778:	0020      	movs	r0, r4
1000677a:	f7ff ffcf 	bl	1000671c <cyw43_arch_set_async_context>
1000677e:	0020      	movs	r0, r4
10006780:	e7e8      	b.n	10006754 <cyw43_arch_init+0xc>
10006782:	f7ff ffdb 	bl	1000673c <cyw43_arch_async_context>
10006786:	0004      	movs	r4, r0
10006788:	f003 faa0 	bl	10009ccc <cyw43_driver_deinit>
1000678c:	4b06      	ldr	r3, [pc, #24]	@ (100067a8 <cyw43_arch_init+0x60>)
1000678e:	429c      	cmp	r4, r3
10006790:	d106      	bne.n	100067a0 <cyw43_arch_init+0x58>
10006792:	6823      	ldr	r3, [r4, #0]
10006794:	0020      	movs	r0, r4
10006796:	6b5b      	ldr	r3, [r3, #52]	@ 0x34
10006798:	4798      	blx	r3
1000679a:	2000      	movs	r0, #0
1000679c:	f7ff ffbe 	bl	1000671c <cyw43_arch_set_async_context>
100067a0:	2001      	movs	r0, #1
100067a2:	4240      	negs	r0, r0
100067a4:	e7dc      	b.n	10006760 <cyw43_arch_init+0x18>
100067a6:	46c0      	nop			@ (mov r8, r8)
100067a8:	20000c20 	.word	0x20000c20

100067ac <_retrieve_unique_id_on_boot>:
100067ac:	b510      	push	{r4, lr}
100067ae:	4802      	ldr	r0, [pc, #8]	@ (100067b8 <_retrieve_unique_id_on_boot+0xc>)
100067b0:	f000 f80c 	bl	100067cc <flash_get_unique_id>
100067b4:	bd10      	pop	{r4, pc}
100067b6:	46c0      	nop			@ (mov r8, r8)
100067b8:	20001dcc 	.word	0x20001dcc

100067bc <pico_get_unique_board_id>:
100067bc:	b510      	push	{r4, lr}
100067be:	2208      	movs	r2, #8
100067c0:	4901      	ldr	r1, [pc, #4]	@ (100067c8 <pico_get_unique_board_id+0xc>)
100067c2:	f7fb fefb 	bl	100025bc <__wrap___aeabi_memcpy>
100067c6:	bd10      	pop	{r4, pc}
100067c8:	20001dcc 	.word	0x20001dcc

100067cc <flash_get_unique_id>:
100067cc:	b510      	push	{r4, lr}
100067ce:	b088      	sub	sp, #32
100067d0:	0004      	movs	r4, r0
100067d2:	220d      	movs	r2, #13
100067d4:	2100      	movs	r1, #0
100067d6:	4668      	mov	r0, sp
100067d8:	f7fb feea 	bl	100025b0 <__wrap_memset>
100067dc:	220d      	movs	r2, #13
100067de:	2100      	movs	r1, #0
100067e0:	a804      	add	r0, sp, #16
100067e2:	f7fb fee5 	bl	100025b0 <__wrap_memset>
100067e6:	466a      	mov	r2, sp
100067e8:	234b      	movs	r3, #75	@ 0x4b
100067ea:	4668      	mov	r0, sp
100067ec:	7013      	strb	r3, [r2, #0]
100067ee:	a904      	add	r1, sp, #16
100067f0:	2300      	movs	r3, #0
100067f2:	220d      	movs	r2, #13
100067f4:	f004 fbf0 	bl	1000afd8 <__flash_do_cmd_cs_veneer>
100067f8:	2115      	movs	r1, #21
100067fa:	2208      	movs	r2, #8
100067fc:	0020      	movs	r0, r4
100067fe:	4469      	add	r1, sp
10006800:	f7fb fedc 	bl	100025bc <__wrap___aeabi_memcpy>
10006804:	b008      	add	sp, #32
10006806:	bd10      	pop	{r4, pc}

10006808 <ns_delay.constprop.0>:
10006808:	b510      	push	{r4, lr}
1000680a:	2005      	movs	r0, #5
1000680c:	f7fb f8a8 	bl	10001960 <clock_get_hz>
10006810:	0c03      	lsrs	r3, r0, #16
10006812:	2064      	movs	r0, #100	@ 0x64
10006814:	4903      	ldr	r1, [pc, #12]	@ (10006824 <ns_delay.constprop.0+0x1c>)
10006816:	4358      	muls	r0, r3
10006818:	f7fb fab2 	bl	10001d80 <__wrap___aeabi_uidiv>
1000681c:	3803      	subs	r0, #3
1000681e:	d2fd      	bcs.n	1000681c <ns_delay.constprop.0+0x14>
10006820:	bd10      	pop	{r4, pc}
10006822:	46c0      	nop			@ (mov r8, r8)
10006824:	00003b9a 	.word	0x00003b9a

10006828 <cyw43_spi_deinit>:
10006828:	4b18      	ldr	r3, [pc, #96]	@ (1000688c <cyw43_spi_deinit+0x64>)
1000682a:	b570      	push	{r4, r5, r6, lr}
1000682c:	58c4      	ldr	r4, [r0, r3]
1000682e:	0005      	movs	r5, r0
10006830:	2c00      	cmp	r4, #0
10006832:	d014      	beq.n	1000685e <cyw43_spi_deinit+0x36>
10006834:	6821      	ldr	r1, [r4, #0]
10006836:	2900      	cmp	r1, #0
10006838:	d006      	beq.n	10006848 <cyw43_spi_deinit+0x20>
1000683a:	6863      	ldr	r3, [r4, #4]
1000683c:	68a2      	ldr	r2, [r4, #8]
1000683e:	4814      	ldr	r0, [pc, #80]	@ (10006890 <cyw43_spi_deinit+0x68>)
10006840:	f003 f922 	bl	10009a88 <pio_remove_program_and_unclaim_sm>
10006844:	2300      	movs	r3, #0
10006846:	6023      	str	r3, [r4, #0]
10006848:	200c      	movs	r0, #12
1000684a:	5620      	ldrsb	r0, [r4, r0]
1000684c:	2800      	cmp	r0, #0
1000684e:	da10      	bge.n	10006872 <cyw43_spi_deinit+0x4a>
10006850:	200d      	movs	r0, #13
10006852:	5620      	ldrsb	r0, [r4, r0]
10006854:	2800      	cmp	r0, #0
10006856:	da03      	bge.n	10006860 <cyw43_spi_deinit+0x38>
10006858:	2200      	movs	r2, #0
1000685a:	4b0c      	ldr	r3, [pc, #48]	@ (1000688c <cyw43_spi_deinit+0x64>)
1000685c:	50ea      	str	r2, [r5, r3]
1000685e:	bd70      	pop	{r4, r5, r6, pc}
10006860:	f003 f94e 	bl	10009b00 <dma_channel_cleanup>
10006864:	200d      	movs	r0, #13
10006866:	5620      	ldrsb	r0, [r4, r0]
10006868:	f003 f92e 	bl	10009ac8 <dma_channel_unclaim>
1000686c:	23ff      	movs	r3, #255	@ 0xff
1000686e:	7363      	strb	r3, [r4, #13]
10006870:	e7f2      	b.n	10006858 <cyw43_spi_deinit+0x30>
10006872:	f003 f945 	bl	10009b00 <dma_channel_cleanup>
10006876:	200c      	movs	r0, #12
10006878:	5620      	ldrsb	r0, [r4, r0]
1000687a:	f003 f925 	bl	10009ac8 <dma_channel_unclaim>
1000687e:	23ff      	movs	r3, #255	@ 0xff
10006880:	200d      	movs	r0, #13
10006882:	7323      	strb	r3, [r4, #12]
10006884:	5620      	ldrsb	r0, [r4, r0]
10006886:	2800      	cmp	r0, #0
10006888:	dbe6      	blt.n	10006858 <cyw43_spi_deinit+0x30>
1000688a:	e7e9      	b.n	10006860 <cyw43_spi_deinit+0x38>
1000688c:	0000084c 	.word	0x0000084c
10006890:	1000b83c 	.word	0x1000b83c

10006894 <cyw43_spi_init>:
10006894:	b5f0      	push	{r4, r5, r6, r7, lr}
10006896:	46c6      	mov	lr, r8
10006898:	4c3f      	ldr	r4, [pc, #252]	@ (10006998 <cyw43_spi_init+0x104>)
1000689a:	4b40      	ldr	r3, [pc, #256]	@ (1000699c <cyw43_spi_init+0x108>)
1000689c:	b500      	push	{lr}
1000689e:	50c4      	str	r4, [r0, r3]
100068a0:	2300      	movs	r3, #0
100068a2:	2106      	movs	r1, #6
100068a4:	0022      	movs	r2, r4
100068a6:	2601      	movs	r6, #1
100068a8:	b084      	sub	sp, #16
100068aa:	6023      	str	r3, [r4, #0]
100068ac:	3b01      	subs	r3, #1
100068ae:	81a3      	strh	r3, [r4, #12]
100068b0:	9101      	str	r1, [sp, #4]
100068b2:	3112      	adds	r1, #18
100068b4:	0005      	movs	r5, r0
100068b6:	9100      	str	r1, [sp, #0]
100068b8:	4839      	ldr	r0, [pc, #228]	@ (100069a0 <cyw43_spi_init+0x10c>)
100068ba:	0021      	movs	r1, r4
100068bc:	1d23      	adds	r3, r4, #4
100068be:	3208      	adds	r2, #8
100068c0:	9602      	str	r6, [sp, #8]
100068c2:	f003 f8d3 	bl	10009a6c <pio_claim_free_sm_and_add_program_for_gpio_range>
100068c6:	2800      	cmp	r0, #0
100068c8:	d060      	beq.n	1000698c <cyw43_spi_init+0xf8>
100068ca:	6863      	ldr	r3, [r4, #4]
100068cc:	4935      	ldr	r1, [pc, #212]	@ (100069a4 <cyw43_spi_init+0x110>)
100068ce:	1d5f      	adds	r7, r3, #5
100068d0:	033f      	lsls	r7, r7, #12
100068d2:	01db      	lsls	r3, r3, #7
100068d4:	431f      	orrs	r7, r3
100068d6:	4b34      	ldr	r3, [pc, #208]	@ (100069a8 <cyw43_spi_init+0x114>)
100068d8:	680a      	ldr	r2, [r1, #0]
100068da:	401f      	ands	r7, r3
100068dc:	2330      	movs	r3, #48	@ 0x30
100068de:	4393      	bics	r3, r2
100068e0:	4a32      	ldr	r2, [pc, #200]	@ (100069ac <cyw43_spi_init+0x118>)
100068e2:	6820      	ldr	r0, [r4, #0]
100068e4:	6013      	str	r3, [r2, #0]
100068e6:	680b      	ldr	r3, [r1, #0]
100068e8:	0031      	movs	r1, r6
100068ea:	4399      	bics	r1, r3
100068ec:	6011      	str	r1, [r2, #0]
100068ee:	2280      	movs	r2, #128	@ 0x80
100068f0:	2300      	movs	r3, #0
100068f2:	0452      	lsls	r2, r2, #17
100068f4:	9200      	str	r2, [sp, #0]
100068f6:	9301      	str	r3, [sp, #4]
100068f8:	f002 ff9e 	bl	10009838 <pio_set_input_sync_bypass_with_mask64>
100068fc:	68a1      	ldr	r1, [r4, #8]
100068fe:	6820      	ldr	r0, [r4, #0]
10006900:	004b      	lsls	r3, r1, #1
10006902:	185b      	adds	r3, r3, r1
10006904:	00db      	lsls	r3, r3, #3
10006906:	18c3      	adds	r3, r0, r3
10006908:	46b8      	mov	r8, r7
1000690a:	001a      	movs	r2, r3
1000690c:	2780      	movs	r7, #128	@ 0x80
1000690e:	32c8      	adds	r2, #200	@ 0xc8
10006910:	02bf      	lsls	r7, r7, #10
10006912:	6017      	str	r7, [r2, #0]
10006914:	27c0      	movs	r7, #192	@ 0xc0
10006916:	02bf      	lsls	r7, r7, #10
10006918:	6097      	str	r7, [r2, #8]
1000691a:	4647      	mov	r7, r8
1000691c:	3204      	adds	r2, #4
1000691e:	6017      	str	r7, [r2, #0]
10006920:	4a23      	ldr	r2, [pc, #140]	@ (100069b0 <cyw43_spi_init+0x11c>)
10006922:	33dc      	adds	r3, #220	@ 0xdc
10006924:	601a      	str	r2, [r3, #0]
10006926:	221d      	movs	r2, #29
10006928:	2301      	movs	r3, #1
1000692a:	9600      	str	r6, [sp, #0]
1000692c:	f002 ff90 	bl	10009850 <pio_sm_set_consecutive_pindirs>
10006930:	4b20      	ldr	r3, [pc, #128]	@ (100069b4 <cyw43_spi_init+0x120>)
10006932:	6821      	ldr	r1, [r4, #0]
10006934:	469c      	mov	ip, r3
10006936:	4461      	add	r1, ip
10006938:	0d09      	lsrs	r1, r1, #20
1000693a:	3106      	adds	r1, #6
1000693c:	2018      	movs	r0, #24
1000693e:	b2c9      	uxtb	r1, r1
10006940:	f7f9 fd08 	bl	10000354 <gpio_set_function>
10006944:	2201      	movs	r2, #1
10006946:	2100      	movs	r1, #0
10006948:	2018      	movs	r0, #24
1000694a:	f7f9 fd1d 	bl	10000388 <gpio_set_pulls>
1000694e:	2101      	movs	r1, #1
10006950:	2018      	movs	r0, #24
10006952:	f7f9 fd2d 	bl	100003b0 <gpio_set_input_hysteresis_enabled>
10006956:	68a1      	ldr	r1, [r4, #8]
10006958:	6823      	ldr	r3, [r4, #0]
1000695a:	004a      	lsls	r2, r1, #1
1000695c:	1852      	adds	r2, r2, r1
1000695e:	00d2      	lsls	r2, r2, #3
10006960:	189b      	adds	r3, r3, r2
10006962:	4a15      	ldr	r2, [pc, #84]	@ (100069b8 <cyw43_spi_init+0x124>)
10006964:	33d8      	adds	r3, #216	@ 0xd8
10006966:	601a      	str	r2, [r3, #0]
10006968:	2000      	movs	r0, #0
1000696a:	f003 f8b7 	bl	10009adc <dma_claim_unused_channel>
1000696e:	7320      	strb	r0, [r4, #12]
10006970:	2000      	movs	r0, #0
10006972:	f003 f8b3 	bl	10009adc <dma_claim_unused_channel>
10006976:	7b23      	ldrb	r3, [r4, #12]
10006978:	b240      	sxtb	r0, r0
1000697a:	7360      	strb	r0, [r4, #13]
1000697c:	4318      	orrs	r0, r3
1000697e:	0600      	lsls	r0, r0, #24
10006980:	d404      	bmi.n	1000698c <cyw43_spi_init+0xf8>
10006982:	2000      	movs	r0, #0
10006984:	b004      	add	sp, #16
10006986:	bc80      	pop	{r7}
10006988:	46b8      	mov	r8, r7
1000698a:	bdf0      	pop	{r4, r5, r6, r7, pc}
1000698c:	0028      	movs	r0, r5
1000698e:	f7ff ff4b 	bl	10006828 <cyw43_spi_deinit>
10006992:	2006      	movs	r0, #6
10006994:	4240      	negs	r0, r0
10006996:	e7f5      	b.n	10006984 <cyw43_spi_init+0xf0>
10006998:	200011d0 	.word	0x200011d0
1000699c:	0000084c 	.word	0x0000084c
100069a0:	1000b83c 	.word	0x1000b83c
100069a4:	4001c078 	.word	0x4001c078
100069a8:	9fffffff 	.word	0x9fffffff
100069ac:	4001d078 	.word	0x4001d078
100069b0:	241c7718 	.word	0x241c7718
100069b4:	afe00000 	.word	0xafe00000
100069b8:	0000e001 	.word	0x0000e001

100069bc <cyw43_spi_transfer>:
100069bc:	b5f0      	push	{r4, r5, r6, r7, lr}
100069be:	464e      	mov	r6, r9
100069c0:	4645      	mov	r5, r8
100069c2:	46de      	mov	lr, fp
100069c4:	4657      	mov	r7, sl
100069c6:	b5e0      	push	{r5, r6, r7, lr}
100069c8:	4689      	mov	r9, r1
100069ca:	0016      	movs	r6, r2
100069cc:	4698      	mov	r8, r3
100069ce:	b089      	sub	sp, #36	@ 0x24
100069d0:	2900      	cmp	r1, #0
100069d2:	d100      	bne.n	100069d6 <cyw43_spi_transfer+0x1a>
100069d4:	e124      	b.n	10006c20 <cyw43_spi_transfer+0x264>
100069d6:	4b96      	ldr	r3, [pc, #600]	@ (10006c30 <cyw43_spi_transfer+0x274>)
100069d8:	58c4      	ldr	r4, [r0, r3]
100069da:	4b96      	ldr	r3, [pc, #600]	@ (10006c34 <cyw43_spi_transfer+0x278>)
100069dc:	6821      	ldr	r1, [r4, #0]
100069de:	469c      	mov	ip, r3
100069e0:	4461      	add	r1, ip
100069e2:	0d09      	lsrs	r1, r1, #20
100069e4:	3106      	adds	r1, #6
100069e6:	2018      	movs	r0, #24
100069e8:	b2c9      	uxtb	r1, r1
100069ea:	f7f9 fcb3 	bl	10000354 <gpio_set_function>
100069ee:	4b91      	ldr	r3, [pc, #580]	@ (10006c34 <cyw43_spi_transfer+0x278>)
100069f0:	6821      	ldr	r1, [r4, #0]
100069f2:	469c      	mov	ip, r3
100069f4:	4461      	add	r1, ip
100069f6:	0d09      	lsrs	r1, r1, #20
100069f8:	3106      	adds	r1, #6
100069fa:	201d      	movs	r0, #29
100069fc:	b2c9      	uxtb	r1, r1
100069fe:	f7f9 fca9 	bl	10000354 <gpio_set_function>
10006a02:	2201      	movs	r2, #1
10006a04:	2100      	movs	r1, #0
10006a06:	201d      	movs	r0, #29
10006a08:	f7f9 fcbe 	bl	10000388 <gpio_set_pulls>
10006a0c:	23d0      	movs	r3, #208	@ 0xd0
10006a0e:	2280      	movs	r2, #128	@ 0x80
10006a10:	061b      	lsls	r3, r3, #24
10006a12:	0492      	lsls	r2, r2, #18
10006a14:	619a      	str	r2, [r3, #24]
10006a16:	4643      	mov	r3, r8
10006a18:	2b00      	cmp	r3, #0
10006a1a:	d100      	bne.n	10006a1e <cyw43_spi_transfer+0x62>
10006a1c:	e122      	b.n	10006c64 <cyw43_spi_transfer+0x2a8>
10006a1e:	464b      	mov	r3, r9
10006a20:	2b00      	cmp	r3, #0
10006a22:	d100      	bne.n	10006a26 <cyw43_spi_transfer+0x6a>
10006a24:	e0fa      	b.n	10006c1c <cyw43_spi_transfer+0x260>
10006a26:	2501      	movs	r5, #1
10006a28:	002a      	movs	r2, r5
10006a2a:	68a1      	ldr	r1, [r4, #8]
10006a2c:	6820      	ldr	r0, [r4, #0]
10006a2e:	408a      	lsls	r2, r1
10006a30:	6803      	ldr	r3, [r0, #0]
10006a32:	4393      	bics	r3, r2
10006a34:	6003      	str	r3, [r0, #0]
10006a36:	6863      	ldr	r3, [r4, #4]
10006a38:	469c      	mov	ip, r3
10006a3a:	004b      	lsls	r3, r1, #1
10006a3c:	185b      	adds	r3, r3, r1
10006a3e:	00db      	lsls	r3, r3, #3
10006a40:	18c7      	adds	r7, r0, r3
10006a42:	37cc      	adds	r7, #204	@ 0xcc
10006a44:	9303      	str	r3, [sp, #12]
10006a46:	683b      	ldr	r3, [r7, #0]
10006a48:	469a      	mov	sl, r3
10006a4a:	4663      	mov	r3, ip
10006a4c:	1d5a      	adds	r2, r3, #5
10006a4e:	4b7a      	ldr	r3, [pc, #488]	@ (10006c38 <cyw43_spi_transfer+0x27c>)
10006a50:	0312      	lsls	r2, r2, #12
10006a52:	469b      	mov	fp, r3
10006a54:	9204      	str	r2, [sp, #16]
10006a56:	4653      	mov	r3, sl
10006a58:	465a      	mov	r2, fp
10006a5a:	4013      	ands	r3, r2
10006a5c:	9a04      	ldr	r2, [sp, #16]
10006a5e:	431a      	orrs	r2, r3
10006a60:	4663      	mov	r3, ip
10006a62:	01db      	lsls	r3, r3, #7
10006a64:	431a      	orrs	r2, r3
10006a66:	603a      	str	r2, [r7, #0]
10006a68:	4a74      	ldr	r2, [pc, #464]	@ (10006c3c <cyw43_spi_transfer+0x280>)
10006a6a:	9b03      	ldr	r3, [sp, #12]
10006a6c:	4694      	mov	ip, r2
10006a6e:	2280      	movs	r2, #128	@ 0x80
10006a70:	18c3      	adds	r3, r0, r3
10006a72:	4463      	add	r3, ip
10006a74:	0612      	lsls	r2, r2, #24
10006a76:	601a      	str	r2, [r3, #0]
10006a78:	601a      	str	r2, [r3, #0]
10006a7a:	2280      	movs	r2, #128	@ 0x80
10006a7c:	2300      	movs	r3, #0
10006a7e:	0452      	lsls	r2, r2, #17
10006a80:	9200      	str	r2, [sp, #0]
10006a82:	9301      	str	r3, [sp, #4]
10006a84:	f002 fe82 	bl	1000978c <pio_sm_set_pindirs_with_mask64>
10006a88:	0029      	movs	r1, r5
10006a8a:	68a3      	ldr	r3, [r4, #8]
10006a8c:	6827      	ldr	r7, [r4, #0]
10006a8e:	1d1a      	adds	r2, r3, #4
10006a90:	4091      	lsls	r1, r2
10006a92:	4694      	mov	ip, r2
10006a94:	2280      	movs	r2, #128	@ 0x80
10006a96:	0192      	lsls	r2, r2, #6
10006a98:	18ba      	adds	r2, r7, r2
10006a9a:	6011      	str	r1, [r2, #0]
10006a9c:	0019      	movs	r1, r3
10006a9e:	0028      	movs	r0, r5
10006aa0:	3108      	adds	r1, #8
10006aa2:	4088      	lsls	r0, r1
10006aa4:	0099      	lsls	r1, r3, #2
10006aa6:	6010      	str	r0, [r2, #0]
10006aa8:	00f2      	lsls	r2, r6, #3
10006aaa:	1879      	adds	r1, r7, r1
10006aac:	3a01      	subs	r2, #1
10006aae:	610a      	str	r2, [r1, #16]
10006ab0:	005a      	lsls	r2, r3, #1
10006ab2:	18d2      	adds	r2, r2, r3
10006ab4:	00d2      	lsls	r2, r2, #3
10006ab6:	4862      	ldr	r0, [pc, #392]	@ (10006c40 <cyw43_spi_transfer+0x284>)
10006ab8:	18ba      	adds	r2, r7, r2
10006aba:	32d8      	adds	r2, #216	@ 0xd8
10006abc:	6010      	str	r0, [r2, #0]
10006abe:	9812      	ldr	r0, [sp, #72]	@ 0x48
10006ac0:	1b80      	subs	r0, r0, r6
10006ac2:	00c0      	lsls	r0, r0, #3
10006ac4:	3801      	subs	r0, #1
10006ac6:	6108      	str	r0, [r1, #16]
10006ac8:	201f      	movs	r0, #31
10006aca:	495e      	ldr	r1, [pc, #376]	@ (10006c44 <cyw43_spi_transfer+0x288>)
10006acc:	6011      	str	r1, [r2, #0]
10006ace:	6861      	ldr	r1, [r4, #4]
10006ad0:	4001      	ands	r1, r0
10006ad2:	6011      	str	r1, [r2, #0]
10006ad4:	21a0      	movs	r1, #160	@ 0xa0
10006ad6:	220c      	movs	r2, #12
10006ad8:	05c9      	lsls	r1, r1, #23
10006ada:	468a      	mov	sl, r1
10006adc:	56a2      	ldrsb	r2, [r4, r2]
10006ade:	4650      	mov	r0, sl
10006ae0:	4095      	lsls	r5, r2
10006ae2:	4959      	ldr	r1, [pc, #356]	@ (10006c48 <cyw43_spi_transfer+0x28c>)
10006ae4:	5045      	str	r5, [r0, r1]
10006ae6:	0191      	lsls	r1, r2, #6
10006ae8:	0008      	movs	r0, r1
10006aea:	2580      	movs	r5, #128	@ 0x80
10006aec:	4683      	mov	fp, r0
10006aee:	9107      	str	r1, [sp, #28]
10006af0:	4956      	ldr	r1, [pc, #344]	@ (10006c4c <cyw43_spi_transfer+0x290>)
10006af2:	046d      	lsls	r5, r5, #17
10006af4:	4459      	add	r1, fp
10006af6:	6808      	ldr	r0, [r1, #0]
10006af8:	4228      	tst	r0, r5
10006afa:	d1fc      	bne.n	10006af6 <cyw43_spi_transfer+0x13a>
10006afc:	200d      	movs	r0, #13
10006afe:	2501      	movs	r5, #1
10006b00:	5620      	ldrsb	r0, [r4, r0]
10006b02:	4951      	ldr	r1, [pc, #324]	@ (10006c48 <cyw43_spi_transfer+0x28c>)
10006b04:	4085      	lsls	r5, r0
10006b06:	9003      	str	r0, [sp, #12]
10006b08:	4650      	mov	r0, sl
10006b0a:	5045      	str	r5, [r0, r1]
10006b0c:	21a0      	movs	r1, #160	@ 0xa0
10006b0e:	05c9      	lsls	r1, r1, #23
10006b10:	468a      	mov	sl, r1
10006b12:	494e      	ldr	r1, [pc, #312]	@ (10006c4c <cyw43_spi_transfer+0x290>)
10006b14:	9803      	ldr	r0, [sp, #12]
10006b16:	468b      	mov	fp, r1
10006b18:	0185      	lsls	r5, r0, #6
10006b1a:	2180      	movs	r1, #128	@ 0x80
10006b1c:	44aa      	add	sl, r5
10006b1e:	445d      	add	r5, fp
10006b20:	469b      	mov	fp, r3
10006b22:	002b      	movs	r3, r5
10006b24:	0449      	lsls	r1, r1, #17
10006b26:	681d      	ldr	r5, [r3, #0]
10006b28:	420d      	tst	r5, r1
10006b2a:	d1fc      	bne.n	10006b26 <cyw43_spi_transfer+0x16a>
10006b2c:	465b      	mov	r3, fp
10006b2e:	4941      	ldr	r1, [pc, #260]	@ (10006c34 <cyw43_spi_transfer+0x278>)
10006b30:	9003      	str	r0, [sp, #12]
10006b32:	187d      	adds	r5, r7, r1
10006b34:	0d2d      	lsrs	r5, r5, #20
10006b36:	00ed      	lsls	r5, r5, #3
10006b38:	1959      	adds	r1, r3, r5
10006b3a:	03c9      	lsls	r1, r1, #15
10006b3c:	468b      	mov	fp, r1
10006b3e:	4658      	mov	r0, fp
10006b40:	4943      	ldr	r1, [pc, #268]	@ (10006c50 <cyw43_spi_transfer+0x294>)
10006b42:	02d2      	lsls	r2, r2, #11
10006b44:	400a      	ands	r2, r1
10006b46:	4302      	orrs	r2, r0
10006b48:	4842      	ldr	r0, [pc, #264]	@ (10006c54 <cyw43_spi_transfer+0x298>)
10006b4a:	9506      	str	r5, [sp, #24]
10006b4c:	0001      	movs	r1, r0
10006b4e:	20a0      	movs	r0, #160	@ 0xa0
10006b50:	4311      	orrs	r1, r2
10006b52:	05c0      	lsls	r0, r0, #23
10006b54:	4662      	mov	r2, ip
10006b56:	4683      	mov	fp, r0
10006b58:	4648      	mov	r0, r9
10006b5a:	9d07      	ldr	r5, [sp, #28]
10006b5c:	0092      	lsls	r2, r2, #2
10006b5e:	445d      	add	r5, fp
10006b60:	9204      	str	r2, [sp, #16]
10006b62:	6028      	str	r0, [r5, #0]
10006b64:	9804      	ldr	r0, [sp, #16]
10006b66:	46b9      	mov	r9, r7
10006b68:	4683      	mov	fp, r0
10006b6a:	44d9      	add	r9, fp
10006b6c:	4648      	mov	r0, r9
10006b6e:	9105      	str	r1, [sp, #20]
10006b70:	0029      	movs	r1, r5
10006b72:	08b2      	lsrs	r2, r6, #2
10006b74:	6068      	str	r0, [r5, #4]
10006b76:	60aa      	str	r2, [r5, #8]
10006b78:	9d05      	ldr	r5, [sp, #20]
10006b7a:	60cd      	str	r5, [r1, #12]
10006b7c:	9903      	ldr	r1, [sp, #12]
10006b7e:	9d06      	ldr	r5, [sp, #24]
10006b80:	02c8      	lsls	r0, r1, #11
10006b82:	4933      	ldr	r1, [pc, #204]	@ (10006c50 <cyw43_spi_transfer+0x294>)
10006b84:	4465      	add	r5, ip
10006b86:	4008      	ands	r0, r1
10006b88:	9912      	ldr	r1, [sp, #72]	@ 0x48
10006b8a:	03ed      	lsls	r5, r5, #15
10006b8c:	0889      	lsrs	r1, r1, #2
10006b8e:	4305      	orrs	r5, r0
10006b90:	1a8a      	subs	r2, r1, r2
10006b92:	4831      	ldr	r0, [pc, #196]	@ (10006c58 <cyw43_spi_transfer+0x29c>)
10006b94:	4659      	mov	r1, fp
10006b96:	4328      	orrs	r0, r5
10006b98:	4655      	mov	r5, sl
10006b9a:	3110      	adds	r1, #16
10006b9c:	1879      	adds	r1, r7, r1
10006b9e:	6029      	str	r1, [r5, #0]
10006ba0:	4641      	mov	r1, r8
10006ba2:	1989      	adds	r1, r1, r6
10006ba4:	6069      	str	r1, [r5, #4]
10006ba6:	60aa      	str	r2, [r5, #8]
10006ba8:	2201      	movs	r2, #1
10006baa:	409a      	lsls	r2, r3
10006bac:	0013      	movs	r3, r2
10006bae:	60e8      	str	r0, [r5, #12]
10006bb0:	6839      	ldr	r1, [r7, #0]
10006bb2:	430b      	orrs	r3, r1
10006bb4:	603b      	str	r3, [r7, #0]
10006bb6:	220c      	movs	r2, #12
10006bb8:	4b28      	ldr	r3, [pc, #160]	@ (10006c5c <cyw43_spi_transfer+0x2a0>)
10006bba:	2180      	movs	r1, #128	@ 0x80
10006bbc:	469c      	mov	ip, r3
10006bbe:	56a2      	ldrsb	r2, [r4, r2]
10006bc0:	0449      	lsls	r1, r1, #17
10006bc2:	0192      	lsls	r2, r2, #6
10006bc4:	4462      	add	r2, ip
10006bc6:	6813      	ldr	r3, [r2, #0]
10006bc8:	420b      	tst	r3, r1
10006bca:	d1fc      	bne.n	10006bc6 <cyw43_spi_transfer+0x20a>
10006bcc:	220d      	movs	r2, #13
10006bce:	4b23      	ldr	r3, [pc, #140]	@ (10006c5c <cyw43_spi_transfer+0x2a0>)
10006bd0:	2180      	movs	r1, #128	@ 0x80
10006bd2:	469c      	mov	ip, r3
10006bd4:	56a2      	ldrsb	r2, [r4, r2]
10006bd6:	0449      	lsls	r1, r1, #17
10006bd8:	0192      	lsls	r2, r2, #6
10006bda:	4462      	add	r2, ip
10006bdc:	6813      	ldr	r3, [r2, #0]
10006bde:	420b      	tst	r3, r1
10006be0:	d1fc      	bne.n	10006bdc <cyw43_spi_transfer+0x220>
10006be2:	2100      	movs	r1, #0
10006be4:	0032      	movs	r2, r6
10006be6:	4640      	mov	r0, r8
10006be8:	f7fb fce2 	bl	100025b0 <__wrap_memset>
10006bec:	68a1      	ldr	r1, [r4, #8]
10006bee:	6823      	ldr	r3, [r4, #0]
10006bf0:	004a      	lsls	r2, r1, #1
10006bf2:	1852      	adds	r2, r2, r1
10006bf4:	00d2      	lsls	r2, r2, #3
10006bf6:	189b      	adds	r3, r3, r2
10006bf8:	4a19      	ldr	r2, [pc, #100]	@ (10006c60 <cyw43_spi_transfer+0x2a4>)
10006bfa:	33d8      	adds	r3, #216	@ 0xd8
10006bfc:	601a      	str	r2, [r3, #0]
10006bfe:	23d0      	movs	r3, #208	@ 0xd0
10006c00:	2280      	movs	r2, #128	@ 0x80
10006c02:	061b      	lsls	r3, r3, #24
10006c04:	0492      	lsls	r2, r2, #18
10006c06:	615a      	str	r2, [r3, #20]
10006c08:	f7ff fdfe 	bl	10006808 <ns_delay.constprop.0>
10006c0c:	2000      	movs	r0, #0
10006c0e:	b009      	add	sp, #36	@ 0x24
10006c10:	bcf0      	pop	{r4, r5, r6, r7}
10006c12:	46bb      	mov	fp, r7
10006c14:	46b2      	mov	sl, r6
10006c16:	46a9      	mov	r9, r5
10006c18:	46a0      	mov	r8, r4
10006c1a:	bdf0      	pop	{r4, r5, r6, r7, pc}
10006c1c:	46c1      	mov	r9, r8
10006c1e:	e702      	b.n	10006a26 <cyw43_spi_transfer+0x6a>
10006c20:	4643      	mov	r3, r8
10006c22:	2b00      	cmp	r3, #0
10006c24:	d000      	beq.n	10006c28 <cyw43_spi_transfer+0x26c>
10006c26:	e6d6      	b.n	100069d6 <cyw43_spi_transfer+0x1a>
10006c28:	2005      	movs	r0, #5
10006c2a:	4240      	negs	r0, r0
10006c2c:	e7ef      	b.n	10006c0e <cyw43_spi_transfer+0x252>
10006c2e:	46c0      	nop			@ (mov r8, r8)
10006c30:	0000084c 	.word	0x0000084c
10006c34:	afe00000 	.word	0xafe00000
10006c38:	fffe007f 	.word	0xfffe007f
10006c3c:	000010d0 	.word	0x000010d0
10006c40:	00006020 	.word	0x00006020
10006c44:	00006040 	.word	0x00006040
10006c48:	00000444 	.word	0x00000444
10006c4c:	5000000c 	.word	0x5000000c
10006c50:	ff007ffd 	.word	0xff007ffd
10006c54:	00400019 	.word	0x00400019
10006c58:	00400029 	.word	0x00400029
10006c5c:	50000010 	.word	0x50000010
10006c60:	0000a003 	.word	0x0000a003
10006c64:	464b      	mov	r3, r9
10006c66:	2b00      	cmp	r3, #0
10006c68:	d0c0      	beq.n	10006bec <cyw43_spi_transfer+0x230>
10006c6a:	2701      	movs	r7, #1
10006c6c:	003a      	movs	r2, r7
10006c6e:	68a1      	ldr	r1, [r4, #8]
10006c70:	6820      	ldr	r0, [r4, #0]
10006c72:	408a      	lsls	r2, r1
10006c74:	6803      	ldr	r3, [r0, #0]
10006c76:	4393      	bics	r3, r2
10006c78:	6003      	str	r3, [r0, #0]
10006c7a:	6863      	ldr	r3, [r4, #4]
10006c7c:	469c      	mov	ip, r3
10006c7e:	004b      	lsls	r3, r1, #1
10006c80:	185b      	adds	r3, r3, r1
10006c82:	00db      	lsls	r3, r3, #3
10006c84:	18c5      	adds	r5, r0, r3
10006c86:	35cc      	adds	r5, #204	@ 0xcc
10006c88:	9303      	str	r3, [sp, #12]
10006c8a:	682b      	ldr	r3, [r5, #0]
10006c8c:	469a      	mov	sl, r3
10006c8e:	4663      	mov	r3, ip
10006c90:	1c5a      	adds	r2, r3, #1
10006c92:	4b48      	ldr	r3, [pc, #288]	@ (10006db4 <cyw43_spi_transfer+0x3f8>)
10006c94:	0312      	lsls	r2, r2, #12
10006c96:	469b      	mov	fp, r3
10006c98:	9204      	str	r2, [sp, #16]
10006c9a:	4653      	mov	r3, sl
10006c9c:	465a      	mov	r2, fp
10006c9e:	4013      	ands	r3, r2
10006ca0:	9a04      	ldr	r2, [sp, #16]
10006ca2:	431a      	orrs	r2, r3
10006ca4:	4663      	mov	r3, ip
10006ca6:	01db      	lsls	r3, r3, #7
10006ca8:	431a      	orrs	r2, r3
10006caa:	602a      	str	r2, [r5, #0]
10006cac:	4a42      	ldr	r2, [pc, #264]	@ (10006db8 <cyw43_spi_transfer+0x3fc>)
10006cae:	9b03      	ldr	r3, [sp, #12]
10006cb0:	4694      	mov	ip, r2
10006cb2:	2280      	movs	r2, #128	@ 0x80
10006cb4:	18c3      	adds	r3, r0, r3
10006cb6:	4463      	add	r3, ip
10006cb8:	0612      	lsls	r2, r2, #24
10006cba:	601a      	str	r2, [r3, #0]
10006cbc:	601a      	str	r2, [r3, #0]
10006cbe:	2280      	movs	r2, #128	@ 0x80
10006cc0:	2300      	movs	r3, #0
10006cc2:	0452      	lsls	r2, r2, #17
10006cc4:	9200      	str	r2, [sp, #0]
10006cc6:	9301      	str	r3, [sp, #4]
10006cc8:	f002 fd60 	bl	1000978c <pio_sm_set_pindirs_with_mask64>
10006ccc:	003a      	movs	r2, r7
10006cce:	68a0      	ldr	r0, [r4, #8]
10006cd0:	6821      	ldr	r1, [r4, #0]
10006cd2:	1d03      	adds	r3, r0, #4
10006cd4:	409a      	lsls	r2, r3
10006cd6:	469a      	mov	sl, r3
10006cd8:	2380      	movs	r3, #128	@ 0x80
10006cda:	019b      	lsls	r3, r3, #6
10006cdc:	18cb      	adds	r3, r1, r3
10006cde:	601a      	str	r2, [r3, #0]
10006ce0:	0002      	movs	r2, r0
10006ce2:	003d      	movs	r5, r7
10006ce4:	3208      	adds	r2, #8
10006ce6:	4095      	lsls	r5, r2
10006ce8:	0082      	lsls	r2, r0, #2
10006cea:	601d      	str	r5, [r3, #0]
10006cec:	00f3      	lsls	r3, r6, #3
10006cee:	188a      	adds	r2, r1, r2
10006cf0:	3b01      	subs	r3, #1
10006cf2:	6113      	str	r3, [r2, #16]
10006cf4:	0043      	lsls	r3, r0, #1
10006cf6:	181b      	adds	r3, r3, r0
10006cf8:	00db      	lsls	r3, r3, #3
10006cfa:	4d30      	ldr	r5, [pc, #192]	@ (10006dbc <cyw43_spi_transfer+0x400>)
10006cfc:	18cb      	adds	r3, r1, r3
10006cfe:	33d8      	adds	r3, #216	@ 0xd8
10006d00:	601d      	str	r5, [r3, #0]
10006d02:	4645      	mov	r5, r8
10006d04:	6115      	str	r5, [r2, #16]
10006d06:	251f      	movs	r5, #31
10006d08:	4a2d      	ldr	r2, [pc, #180]	@ (10006dc0 <cyw43_spi_transfer+0x404>)
10006d0a:	601a      	str	r2, [r3, #0]
10006d0c:	6862      	ldr	r2, [r4, #4]
10006d0e:	402a      	ands	r2, r5
10006d10:	601a      	str	r2, [r3, #0]
10006d12:	230c      	movs	r3, #12
10006d14:	56e3      	ldrsb	r3, [r4, r3]
10006d16:	22a0      	movs	r2, #160	@ 0xa0
10006d18:	409f      	lsls	r7, r3
10006d1a:	469c      	mov	ip, r3
10006d1c:	4b29      	ldr	r3, [pc, #164]	@ (10006dc4 <cyw43_spi_transfer+0x408>)
10006d1e:	05d2      	lsls	r2, r2, #23
10006d20:	50d7      	str	r7, [r2, r3]
10006d22:	4663      	mov	r3, ip
10006d24:	019b      	lsls	r3, r3, #6
10006d26:	469b      	mov	fp, r3
10006d28:	0017      	movs	r7, r2
10006d2a:	2580      	movs	r5, #128	@ 0x80
10006d2c:	4a26      	ldr	r2, [pc, #152]	@ (10006dc8 <cyw43_spi_transfer+0x40c>)
10006d2e:	445f      	add	r7, fp
10006d30:	445a      	add	r2, fp
10006d32:	046d      	lsls	r5, r5, #17
10006d34:	6813      	ldr	r3, [r2, #0]
10006d36:	422b      	tst	r3, r5
10006d38:	d1fc      	bne.n	10006d34 <cyw43_spi_transfer+0x378>
10006d3a:	4662      	mov	r2, ip
10006d3c:	02d2      	lsls	r2, r2, #11
10006d3e:	4694      	mov	ip, r2
10006d40:	4a22      	ldr	r2, [pc, #136]	@ (10006dcc <cyw43_spi_transfer+0x410>)
10006d42:	4b23      	ldr	r3, [pc, #140]	@ (10006dd0 <cyw43_spi_transfer+0x414>)
10006d44:	4690      	mov	r8, r2
10006d46:	4662      	mov	r2, ip
10006d48:	4645      	mov	r5, r8
10006d4a:	18cb      	adds	r3, r1, r3
10006d4c:	0d1b      	lsrs	r3, r3, #20
10006d4e:	00db      	lsls	r3, r3, #3
10006d50:	181b      	adds	r3, r3, r0
10006d52:	402a      	ands	r2, r5
10006d54:	03db      	lsls	r3, r3, #15
10006d56:	4313      	orrs	r3, r2
10006d58:	4a1e      	ldr	r2, [pc, #120]	@ (10006dd4 <cyw43_spi_transfer+0x418>)
10006d5a:	08b6      	lsrs	r6, r6, #2
10006d5c:	4313      	orrs	r3, r2
10006d5e:	464a      	mov	r2, r9
10006d60:	603a      	str	r2, [r7, #0]
10006d62:	4652      	mov	r2, sl
10006d64:	0095      	lsls	r5, r2, #2
10006d66:	194d      	adds	r5, r1, r5
10006d68:	607d      	str	r5, [r7, #4]
10006d6a:	60be      	str	r6, [r7, #8]
10006d6c:	60fb      	str	r3, [r7, #12]
10006d6e:	2301      	movs	r3, #1
10006d70:	4083      	lsls	r3, r0
10006d72:	680d      	ldr	r5, [r1, #0]
10006d74:	4a18      	ldr	r2, [pc, #96]	@ (10006dd8 <cyw43_spi_transfer+0x41c>)
10006d76:	432b      	orrs	r3, r5
10006d78:	600b      	str	r3, [r1, #0]
10006d7a:	2180      	movs	r1, #128	@ 0x80
10006d7c:	445a      	add	r2, fp
10006d7e:	0449      	lsls	r1, r1, #17
10006d80:	6813      	ldr	r3, [r2, #0]
10006d82:	420b      	tst	r3, r1
10006d84:	d1fc      	bne.n	10006d80 <cyw43_spi_transfer+0x3c4>
10006d86:	2201      	movs	r2, #1
10006d88:	68a3      	ldr	r3, [r4, #8]
10006d8a:	6821      	ldr	r1, [r4, #0]
10006d8c:	3318      	adds	r3, #24
10006d8e:	409a      	lsls	r2, r3
10006d90:	608a      	str	r2, [r1, #8]
10006d92:	688b      	ldr	r3, [r1, #8]
10006d94:	421a      	tst	r2, r3
10006d96:	d0fc      	beq.n	10006d92 <cyw43_spi_transfer+0x3d6>
10006d98:	2201      	movs	r2, #1
10006d9a:	68a1      	ldr	r1, [r4, #8]
10006d9c:	6820      	ldr	r0, [r4, #0]
10006d9e:	408a      	lsls	r2, r1
10006da0:	6803      	ldr	r3, [r0, #0]
10006da2:	4393      	bics	r3, r2
10006da4:	6003      	str	r3, [r0, #0]
10006da6:	2300      	movs	r3, #0
10006da8:	2218      	movs	r2, #24
10006daa:	9300      	str	r3, [sp, #0]
10006dac:	3301      	adds	r3, #1
10006dae:	f002 fd4f 	bl	10009850 <pio_sm_set_consecutive_pindirs>
10006db2:	e71b      	b.n	10006bec <cyw43_spi_transfer+0x230>
10006db4:	fffe007f 	.word	0xfffe007f
10006db8:	000010d0 	.word	0x000010d0
10006dbc:	00006020 	.word	0x00006020
10006dc0:	00006040 	.word	0x00006040
10006dc4:	00000444 	.word	0x00000444
10006dc8:	5000000c 	.word	0x5000000c
10006dcc:	ff007ffd 	.word	0xff007ffd
10006dd0:	afe00000 	.word	0xafe00000
10006dd4:	00400019 	.word	0x00400019
10006dd8:	50000010 	.word	0x50000010

10006ddc <cyw43_spi_gpio_setup>:
10006ddc:	b510      	push	{r4, lr}
10006dde:	2017      	movs	r0, #23
10006de0:	f7f9 fb44 	bl	1000046c <gpio_init>
10006de4:	24d0      	movs	r4, #208	@ 0xd0
10006de6:	2380      	movs	r3, #128	@ 0x80
10006de8:	0624      	lsls	r4, r4, #24
10006dea:	041b      	lsls	r3, r3, #16
10006dec:	2200      	movs	r2, #0
10006dee:	2101      	movs	r1, #1
10006df0:	6263      	str	r3, [r4, #36]	@ 0x24
10006df2:	2017      	movs	r0, #23
10006df4:	f7f9 fac8 	bl	10000388 <gpio_set_pulls>
10006df8:	2018      	movs	r0, #24
10006dfa:	f7f9 fb37 	bl	1000046c <gpio_init>
10006dfe:	2380      	movs	r3, #128	@ 0x80
10006e00:	045b      	lsls	r3, r3, #17
10006e02:	6263      	str	r3, [r4, #36]	@ 0x24
10006e04:	2019      	movs	r0, #25
10006e06:	61a3      	str	r3, [r4, #24]
10006e08:	f7f9 fb30 	bl	1000046c <gpio_init>
10006e0c:	2380      	movs	r3, #128	@ 0x80
10006e0e:	049b      	lsls	r3, r3, #18
10006e10:	6263      	str	r3, [r4, #36]	@ 0x24
10006e12:	6163      	str	r3, [r4, #20]
10006e14:	bd10      	pop	{r4, pc}
10006e16:	46c0      	nop			@ (mov r8, r8)

10006e18 <cyw43_spi_reset>:
10006e18:	b570      	push	{r4, r5, r6, lr}
10006e1a:	24d0      	movs	r4, #208	@ 0xd0
10006e1c:	2580      	movs	r5, #128	@ 0x80
10006e1e:	0624      	lsls	r4, r4, #24
10006e20:	042d      	lsls	r5, r5, #16
10006e22:	61a5      	str	r5, [r4, #24]
10006e24:	2014      	movs	r0, #20
10006e26:	f002 ffd1 	bl	10009dcc <cyw43_delay_ms>
10006e2a:	6165      	str	r5, [r4, #20]
10006e2c:	20fa      	movs	r0, #250	@ 0xfa
10006e2e:	f002 ffcd 	bl	10009dcc <cyw43_delay_ms>
10006e32:	2018      	movs	r0, #24
10006e34:	f7f9 fb1a 	bl	1000046c <gpio_init>
10006e38:	2380      	movs	r3, #128	@ 0x80
10006e3a:	045b      	lsls	r3, r3, #17
10006e3c:	62a3      	str	r3, [r4, #40]	@ 0x28
10006e3e:	bd70      	pop	{r4, r5, r6, pc}

10006e40 <read_reg_u32_swap>:
10006e40:	2300      	movs	r3, #0
10006e42:	b500      	push	{lr}
10006e44:	b085      	sub	sp, #20
10006e46:	9303      	str	r3, [sp, #12]
10006e48:	4b0a      	ldr	r3, [pc, #40]	@ (10006e74 <read_reg_u32_swap+0x34>)
10006e4a:	02d2      	lsls	r2, r2, #11
10006e4c:	401a      	ands	r2, r3
10006e4e:	2308      	movs	r3, #8
10006e50:	0709      	lsls	r1, r1, #28
10006e52:	4311      	orrs	r1, r2
10006e54:	4a08      	ldr	r2, [pc, #32]	@ (10006e78 <read_reg_u32_swap+0x38>)
10006e56:	9300      	str	r3, [sp, #0]
10006e58:	430a      	orrs	r2, r1
10006e5a:	ab02      	add	r3, sp, #8
10006e5c:	ba52      	rev16	r2, r2
10006e5e:	2100      	movs	r1, #0
10006e60:	9202      	str	r2, [sp, #8]
10006e62:	2204      	movs	r2, #4
10006e64:	f7ff fdaa 	bl	100069bc <cyw43_spi_transfer>
10006e68:	2800      	cmp	r0, #0
10006e6a:	d101      	bne.n	10006e70 <read_reg_u32_swap+0x30>
10006e6c:	9803      	ldr	r0, [sp, #12]
10006e6e:	ba40      	rev16	r0, r0
10006e70:	b005      	add	sp, #20
10006e72:	bd00      	pop	{pc}
10006e74:	0ffff800 	.word	0x0ffff800
10006e78:	40000004 	.word	0x40000004

10006e7c <cyw43_read_reg_u32>:
10006e7c:	b510      	push	{r4, lr}
10006e7e:	4b11      	ldr	r3, [pc, #68]	@ (10006ec4 <cyw43_read_reg_u32+0x48>)
10006e80:	02d2      	lsls	r2, r2, #11
10006e82:	401a      	ands	r2, r3
10006e84:	070b      	lsls	r3, r1, #28
10006e86:	431a      	orrs	r2, r3
10006e88:	4b0f      	ldr	r3, [pc, #60]	@ (10006ec8 <cyw43_read_reg_u32+0x4c>)
10006e8a:	b088      	sub	sp, #32
10006e8c:	4313      	orrs	r3, r2
10006e8e:	1e4c      	subs	r4, r1, #1
10006e90:	9302      	str	r3, [sp, #8]
10006e92:	4263      	negs	r3, r4
10006e94:	4163      	adcs	r3, r4
10006e96:	011b      	lsls	r3, r3, #4
10006e98:	3308      	adds	r3, #8
10006e9a:	9300      	str	r3, [sp, #0]
10006e9c:	2204      	movs	r2, #4
10006e9e:	2100      	movs	r1, #0
10006ea0:	ab02      	add	r3, sp, #8
10006ea2:	f7ff fd8b 	bl	100069bc <cyw43_spi_transfer>
10006ea6:	2800      	cmp	r0, #0
10006ea8:	d10a      	bne.n	10006ec0 <cyw43_read_reg_u32+0x44>
10006eaa:	1e63      	subs	r3, r4, #1
10006eac:	419c      	sbcs	r4, r3
10006eae:	2303      	movs	r3, #3
10006eb0:	4261      	negs	r1, r4
10006eb2:	4399      	bics	r1, r3
10006eb4:	2208      	movs	r2, #8
10006eb6:	466b      	mov	r3, sp
10006eb8:	3105      	adds	r1, #5
10006eba:	0089      	lsls	r1, r1, #2
10006ebc:	189b      	adds	r3, r3, r2
10006ebe:	5858      	ldr	r0, [r3, r1]
10006ec0:	b008      	add	sp, #32
10006ec2:	bd10      	pop	{r4, pc}
10006ec4:	0ffff800 	.word	0x0ffff800
10006ec8:	40000004 	.word	0x40000004

10006ecc <cyw43_read_reg_u16>:
10006ecc:	b510      	push	{r4, lr}
10006ece:	4b11      	ldr	r3, [pc, #68]	@ (10006f14 <cyw43_read_reg_u16+0x48>)
10006ed0:	02d2      	lsls	r2, r2, #11
10006ed2:	401a      	ands	r2, r3
10006ed4:	070b      	lsls	r3, r1, #28
10006ed6:	431a      	orrs	r2, r3
10006ed8:	4b0f      	ldr	r3, [pc, #60]	@ (10006f18 <cyw43_read_reg_u16+0x4c>)
10006eda:	b088      	sub	sp, #32
10006edc:	4313      	orrs	r3, r2
10006ede:	1e4c      	subs	r4, r1, #1
10006ee0:	9302      	str	r3, [sp, #8]
10006ee2:	4263      	negs	r3, r4
10006ee4:	4163      	adcs	r3, r4
10006ee6:	011b      	lsls	r3, r3, #4
10006ee8:	3308      	adds	r3, #8
10006eea:	9300      	str	r3, [sp, #0]
10006eec:	2204      	movs	r2, #4
10006eee:	2100      	movs	r1, #0
10006ef0:	ab02      	add	r3, sp, #8
10006ef2:	f7ff fd63 	bl	100069bc <cyw43_spi_transfer>
10006ef6:	2800      	cmp	r0, #0
10006ef8:	d10a      	bne.n	10006f10 <cyw43_read_reg_u16+0x44>
10006efa:	1e63      	subs	r3, r4, #1
10006efc:	419c      	sbcs	r4, r3
10006efe:	2303      	movs	r3, #3
10006f00:	4261      	negs	r1, r4
10006f02:	4399      	bics	r1, r3
10006f04:	2208      	movs	r2, #8
10006f06:	466b      	mov	r3, sp
10006f08:	3105      	adds	r1, #5
10006f0a:	0089      	lsls	r1, r1, #2
10006f0c:	189b      	adds	r3, r3, r2
10006f0e:	5858      	ldr	r0, [r3, r1]
10006f10:	b008      	add	sp, #32
10006f12:	bd10      	pop	{r4, pc}
10006f14:	0ffff800 	.word	0x0ffff800
10006f18:	40000002 	.word	0x40000002

10006f1c <cyw43_read_reg_u8>:
10006f1c:	b510      	push	{r4, lr}
10006f1e:	4b11      	ldr	r3, [pc, #68]	@ (10006f64 <cyw43_read_reg_u8+0x48>)
10006f20:	02d2      	lsls	r2, r2, #11
10006f22:	401a      	ands	r2, r3
10006f24:	070b      	lsls	r3, r1, #28
10006f26:	431a      	orrs	r2, r3
10006f28:	4b0f      	ldr	r3, [pc, #60]	@ (10006f68 <cyw43_read_reg_u8+0x4c>)
10006f2a:	b088      	sub	sp, #32
10006f2c:	4313      	orrs	r3, r2
10006f2e:	1e4c      	subs	r4, r1, #1
10006f30:	9302      	str	r3, [sp, #8]
10006f32:	4263      	negs	r3, r4
10006f34:	4163      	adcs	r3, r4
10006f36:	011b      	lsls	r3, r3, #4
10006f38:	3308      	adds	r3, #8
10006f3a:	9300      	str	r3, [sp, #0]
10006f3c:	2204      	movs	r2, #4
10006f3e:	2100      	movs	r1, #0
10006f40:	ab02      	add	r3, sp, #8
10006f42:	f7ff fd3b 	bl	100069bc <cyw43_spi_transfer>
10006f46:	2800      	cmp	r0, #0
10006f48:	d10a      	bne.n	10006f60 <cyw43_read_reg_u8+0x44>
10006f4a:	1e63      	subs	r3, r4, #1
10006f4c:	419c      	sbcs	r4, r3
10006f4e:	2303      	movs	r3, #3
10006f50:	4261      	negs	r1, r4
10006f52:	4399      	bics	r1, r3
10006f54:	2208      	movs	r2, #8
10006f56:	466b      	mov	r3, sp
10006f58:	3105      	adds	r1, #5
10006f5a:	0089      	lsls	r1, r1, #2
10006f5c:	189b      	adds	r3, r3, r2
10006f5e:	5858      	ldr	r0, [r3, r1]
10006f60:	b008      	add	sp, #32
10006f62:	bd10      	pop	{r4, pc}
10006f64:	0ffff800 	.word	0x0ffff800
10006f68:	40000001 	.word	0x40000001

10006f6c <write_reg_u32_swap>:
10006f6c:	b5f0      	push	{r4, r5, r6, r7, lr}
10006f6e:	ba5b      	rev16	r3, r3
10006f70:	46de      	mov	lr, fp
10006f72:	4657      	mov	r7, sl
10006f74:	464e      	mov	r6, r9
10006f76:	4645      	mov	r5, r8
10006f78:	b5e0      	push	{r5, r6, r7, lr}
10006f7a:	4c73      	ldr	r4, [pc, #460]	@ (10007148 <write_reg_u32_swap+0x1dc>)
10006f7c:	02d2      	lsls	r2, r2, #11
10006f7e:	4022      	ands	r2, r4
10006f80:	0709      	lsls	r1, r1, #28
10006f82:	4311      	orrs	r1, r2
10006f84:	4a71      	ldr	r2, [pc, #452]	@ (1000714c <write_reg_u32_swap+0x1e0>)
10006f86:	b085      	sub	sp, #20
10006f88:	430a      	orrs	r2, r1
10006f8a:	9303      	str	r3, [sp, #12]
10006f8c:	4b70      	ldr	r3, [pc, #448]	@ (10007150 <write_reg_u32_swap+0x1e4>)
10006f8e:	a902      	add	r1, sp, #8
10006f90:	58c4      	ldr	r4, [r0, r3]
10006f92:	4b70      	ldr	r3, [pc, #448]	@ (10007154 <write_reg_u32_swap+0x1e8>)
10006f94:	468a      	mov	sl, r1
10006f96:	ba52      	rev16	r2, r2
10006f98:	469c      	mov	ip, r3
10006f9a:	6821      	ldr	r1, [r4, #0]
10006f9c:	2018      	movs	r0, #24
10006f9e:	4461      	add	r1, ip
10006fa0:	0d09      	lsrs	r1, r1, #20
10006fa2:	3106      	adds	r1, #6
10006fa4:	b2c9      	uxtb	r1, r1
10006fa6:	9202      	str	r2, [sp, #8]
10006fa8:	f7f9 f9d4 	bl	10000354 <gpio_set_function>
10006fac:	4b69      	ldr	r3, [pc, #420]	@ (10007154 <write_reg_u32_swap+0x1e8>)
10006fae:	6821      	ldr	r1, [r4, #0]
10006fb0:	469c      	mov	ip, r3
10006fb2:	4461      	add	r1, ip
10006fb4:	0d09      	lsrs	r1, r1, #20
10006fb6:	3106      	adds	r1, #6
10006fb8:	201d      	movs	r0, #29
10006fba:	b2c9      	uxtb	r1, r1
10006fbc:	f7f9 f9ca 	bl	10000354 <gpio_set_function>
10006fc0:	2201      	movs	r2, #1
10006fc2:	2100      	movs	r1, #0
10006fc4:	201d      	movs	r0, #29
10006fc6:	f7f9 f9df 	bl	10000388 <gpio_set_pulls>
10006fca:	23d0      	movs	r3, #208	@ 0xd0
10006fcc:	2280      	movs	r2, #128	@ 0x80
10006fce:	2701      	movs	r7, #1
10006fd0:	061b      	lsls	r3, r3, #24
10006fd2:	0492      	lsls	r2, r2, #18
10006fd4:	619a      	str	r2, [r3, #24]
10006fd6:	003a      	movs	r2, r7
10006fd8:	68a1      	ldr	r1, [r4, #8]
10006fda:	6820      	ldr	r0, [r4, #0]
10006fdc:	408a      	lsls	r2, r1
10006fde:	6803      	ldr	r3, [r0, #0]
10006fe0:	6865      	ldr	r5, [r4, #4]
10006fe2:	4393      	bics	r3, r2
10006fe4:	6003      	str	r3, [r0, #0]
10006fe6:	004b      	lsls	r3, r1, #1
10006fe8:	185b      	adds	r3, r3, r1
10006fea:	00db      	lsls	r3, r3, #3
10006fec:	18c6      	adds	r6, r0, r3
10006fee:	36cc      	adds	r6, #204	@ 0xcc
10006ff0:	6832      	ldr	r2, [r6, #0]
10006ff2:	469c      	mov	ip, r3
10006ff4:	4690      	mov	r8, r2
10006ff6:	1c6a      	adds	r2, r5, #1
10006ff8:	0313      	lsls	r3, r2, #12
10006ffa:	4a57      	ldr	r2, [pc, #348]	@ (10007158 <write_reg_u32_swap+0x1ec>)
10006ffc:	469b      	mov	fp, r3
10006ffe:	4691      	mov	r9, r2
10007000:	4642      	mov	r2, r8
10007002:	464b      	mov	r3, r9
10007004:	401a      	ands	r2, r3
10007006:	0013      	movs	r3, r2
10007008:	465a      	mov	r2, fp
1000700a:	01ed      	lsls	r5, r5, #7
1000700c:	431a      	orrs	r2, r3
1000700e:	432a      	orrs	r2, r5
10007010:	6032      	str	r2, [r6, #0]
10007012:	4a52      	ldr	r2, [pc, #328]	@ (1000715c <write_reg_u32_swap+0x1f0>)
10007014:	4663      	mov	r3, ip
10007016:	4694      	mov	ip, r2
10007018:	2280      	movs	r2, #128	@ 0x80
1000701a:	18c3      	adds	r3, r0, r3
1000701c:	4463      	add	r3, ip
1000701e:	0612      	lsls	r2, r2, #24
10007020:	601a      	str	r2, [r3, #0]
10007022:	601a      	str	r2, [r3, #0]
10007024:	2280      	movs	r2, #128	@ 0x80
10007026:	2300      	movs	r3, #0
10007028:	0452      	lsls	r2, r2, #17
1000702a:	9200      	str	r2, [sp, #0]
1000702c:	9301      	str	r3, [sp, #4]
1000702e:	f002 fbad 	bl	1000978c <pio_sm_set_pindirs_with_mask64>
10007032:	003a      	movs	r2, r7
10007034:	68a0      	ldr	r0, [r4, #8]
10007036:	6821      	ldr	r1, [r4, #0]
10007038:	1d03      	adds	r3, r0, #4
1000703a:	409a      	lsls	r2, r3
1000703c:	4699      	mov	r9, r3
1000703e:	2380      	movs	r3, #128	@ 0x80
10007040:	019b      	lsls	r3, r3, #6
10007042:	18cb      	adds	r3, r1, r3
10007044:	601a      	str	r2, [r3, #0]
10007046:	0002      	movs	r2, r0
10007048:	003d      	movs	r5, r7
1000704a:	3208      	adds	r2, #8
1000704c:	4095      	lsls	r5, r2
1000704e:	601d      	str	r5, [r3, #0]
10007050:	233f      	movs	r3, #63	@ 0x3f
10007052:	0082      	lsls	r2, r0, #2
10007054:	188a      	adds	r2, r1, r2
10007056:	6113      	str	r3, [r2, #16]
10007058:	0043      	lsls	r3, r0, #1
1000705a:	181b      	adds	r3, r3, r0
1000705c:	00db      	lsls	r3, r3, #3
1000705e:	4d40      	ldr	r5, [pc, #256]	@ (10007160 <write_reg_u32_swap+0x1f4>)
10007060:	18cb      	adds	r3, r1, r3
10007062:	33d8      	adds	r3, #216	@ 0xd8
10007064:	601d      	str	r5, [r3, #0]
10007066:	2500      	movs	r5, #0
10007068:	6115      	str	r5, [r2, #16]
1000706a:	4a3e      	ldr	r2, [pc, #248]	@ (10007164 <write_reg_u32_swap+0x1f8>)
1000706c:	351f      	adds	r5, #31
1000706e:	601a      	str	r2, [r3, #0]
10007070:	6862      	ldr	r2, [r4, #4]
10007072:	2680      	movs	r6, #128	@ 0x80
10007074:	402a      	ands	r2, r5
10007076:	601a      	str	r2, [r3, #0]
10007078:	230c      	movs	r3, #12
1000707a:	56e3      	ldrsb	r3, [r4, r3]
1000707c:	22a0      	movs	r2, #160	@ 0xa0
1000707e:	409f      	lsls	r7, r3
10007080:	469c      	mov	ip, r3
10007082:	4b39      	ldr	r3, [pc, #228]	@ (10007168 <write_reg_u32_swap+0x1fc>)
10007084:	05d2      	lsls	r2, r2, #23
10007086:	50d7      	str	r7, [r2, r3]
10007088:	4663      	mov	r3, ip
1000708a:	019a      	lsls	r2, r3, #6
1000708c:	23a0      	movs	r3, #160	@ 0xa0
1000708e:	05db      	lsls	r3, r3, #23
10007090:	18d7      	adds	r7, r2, r3
10007092:	4b36      	ldr	r3, [pc, #216]	@ (1000716c <write_reg_u32_swap+0x200>)
10007094:	0476      	lsls	r6, r6, #17
10007096:	18d5      	adds	r5, r2, r3
10007098:	682b      	ldr	r3, [r5, #0]
1000709a:	4233      	tst	r3, r6
1000709c:	d1fc      	bne.n	10007098 <write_reg_u32_swap+0x12c>
1000709e:	4665      	mov	r5, ip
100070a0:	02ed      	lsls	r5, r5, #11
100070a2:	46ac      	mov	ip, r5
100070a4:	4d32      	ldr	r5, [pc, #200]	@ (10007170 <write_reg_u32_swap+0x204>)
100070a6:	4b2b      	ldr	r3, [pc, #172]	@ (10007154 <write_reg_u32_swap+0x1e8>)
100070a8:	46a8      	mov	r8, r5
100070aa:	4665      	mov	r5, ip
100070ac:	4646      	mov	r6, r8
100070ae:	18cb      	adds	r3, r1, r3
100070b0:	0d1b      	lsrs	r3, r3, #20
100070b2:	00db      	lsls	r3, r3, #3
100070b4:	181b      	adds	r3, r3, r0
100070b6:	4035      	ands	r5, r6
100070b8:	03db      	lsls	r3, r3, #15
100070ba:	432b      	orrs	r3, r5
100070bc:	4d2d      	ldr	r5, [pc, #180]	@ (10007174 <write_reg_u32_swap+0x208>)
100070be:	432b      	orrs	r3, r5
100070c0:	4655      	mov	r5, sl
100070c2:	603d      	str	r5, [r7, #0]
100070c4:	464d      	mov	r5, r9
100070c6:	00ae      	lsls	r6, r5, #2
100070c8:	2502      	movs	r5, #2
100070ca:	198e      	adds	r6, r1, r6
100070cc:	607e      	str	r6, [r7, #4]
100070ce:	60bd      	str	r5, [r7, #8]
100070d0:	60fb      	str	r3, [r7, #12]
100070d2:	2301      	movs	r3, #1
100070d4:	4083      	lsls	r3, r0
100070d6:	680d      	ldr	r5, [r1, #0]
100070d8:	432b      	orrs	r3, r5
100070da:	600b      	str	r3, [r1, #0]
100070dc:	4b26      	ldr	r3, [pc, #152]	@ (10007178 <write_reg_u32_swap+0x20c>)
100070de:	2180      	movs	r1, #128	@ 0x80
100070e0:	469c      	mov	ip, r3
100070e2:	0449      	lsls	r1, r1, #17
100070e4:	4462      	add	r2, ip
100070e6:	6813      	ldr	r3, [r2, #0]
100070e8:	420b      	tst	r3, r1
100070ea:	d1fc      	bne.n	100070e6 <write_reg_u32_swap+0x17a>
100070ec:	2201      	movs	r2, #1
100070ee:	68a3      	ldr	r3, [r4, #8]
100070f0:	6821      	ldr	r1, [r4, #0]
100070f2:	3318      	adds	r3, #24
100070f4:	409a      	lsls	r2, r3
100070f6:	608a      	str	r2, [r1, #8]
100070f8:	688b      	ldr	r3, [r1, #8]
100070fa:	4213      	tst	r3, r2
100070fc:	d0fc      	beq.n	100070f8 <write_reg_u32_swap+0x18c>
100070fe:	2201      	movs	r2, #1
10007100:	68a1      	ldr	r1, [r4, #8]
10007102:	6820      	ldr	r0, [r4, #0]
10007104:	408a      	lsls	r2, r1
10007106:	6803      	ldr	r3, [r0, #0]
10007108:	4393      	bics	r3, r2
1000710a:	6003      	str	r3, [r0, #0]
1000710c:	2300      	movs	r3, #0
1000710e:	2218      	movs	r2, #24
10007110:	9300      	str	r3, [sp, #0]
10007112:	3301      	adds	r3, #1
10007114:	f002 fb9c 	bl	10009850 <pio_sm_set_consecutive_pindirs>
10007118:	68a1      	ldr	r1, [r4, #8]
1000711a:	6823      	ldr	r3, [r4, #0]
1000711c:	004a      	lsls	r2, r1, #1
1000711e:	1852      	adds	r2, r2, r1
10007120:	00d2      	lsls	r2, r2, #3
10007122:	189b      	adds	r3, r3, r2
10007124:	4a15      	ldr	r2, [pc, #84]	@ (1000717c <write_reg_u32_swap+0x210>)
10007126:	33d8      	adds	r3, #216	@ 0xd8
10007128:	601a      	str	r2, [r3, #0]
1000712a:	23d0      	movs	r3, #208	@ 0xd0
1000712c:	2280      	movs	r2, #128	@ 0x80
1000712e:	061b      	lsls	r3, r3, #24
10007130:	0492      	lsls	r2, r2, #18
10007132:	615a      	str	r2, [r3, #20]
10007134:	f7ff fb68 	bl	10006808 <ns_delay.constprop.0>
10007138:	2000      	movs	r0, #0
1000713a:	b005      	add	sp, #20
1000713c:	bcf0      	pop	{r4, r5, r6, r7}
1000713e:	46bb      	mov	fp, r7
10007140:	46b2      	mov	sl, r6
10007142:	46a9      	mov	r9, r5
10007144:	46a0      	mov	r8, r4
10007146:	bdf0      	pop	{r4, r5, r6, r7, pc}
10007148:	0ffff800 	.word	0x0ffff800
1000714c:	c0000004 	.word	0xc0000004
10007150:	0000084c 	.word	0x0000084c
10007154:	afe00000 	.word	0xafe00000
10007158:	fffe007f 	.word	0xfffe007f
1000715c:	000010d0 	.word	0x000010d0
10007160:	00006020 	.word	0x00006020
10007164:	00006040 	.word	0x00006040
10007168:	00000444 	.word	0x00000444
1000716c:	5000000c 	.word	0x5000000c
10007170:	ff007ffd 	.word	0xff007ffd
10007174:	00400019 	.word	0x00400019
10007178:	50000010 	.word	0x50000010
1000717c:	0000a003 	.word	0x0000a003

10007180 <cyw43_write_reg_u32>:
10007180:	b5f0      	push	{r4, r5, r6, r7, lr}
10007182:	46de      	mov	lr, fp
10007184:	4657      	mov	r7, sl
10007186:	464e      	mov	r6, r9
10007188:	4645      	mov	r5, r8
1000718a:	b5e0      	push	{r5, r6, r7, lr}
1000718c:	b085      	sub	sp, #20
1000718e:	ac02      	add	r4, sp, #8
10007190:	46a2      	mov	sl, r4
10007192:	4c72      	ldr	r4, [pc, #456]	@ (1000735c <cyw43_write_reg_u32+0x1dc>)
10007194:	02d2      	lsls	r2, r2, #11
10007196:	4022      	ands	r2, r4
10007198:	0709      	lsls	r1, r1, #28
1000719a:	430a      	orrs	r2, r1
1000719c:	4970      	ldr	r1, [pc, #448]	@ (10007360 <cyw43_write_reg_u32+0x1e0>)
1000719e:	2701      	movs	r7, #1
100071a0:	430a      	orrs	r2, r1
100071a2:	9202      	str	r2, [sp, #8]
100071a4:	4652      	mov	r2, sl
100071a6:	6053      	str	r3, [r2, #4]
100071a8:	4b6e      	ldr	r3, [pc, #440]	@ (10007364 <cyw43_write_reg_u32+0x1e4>)
100071aa:	58c4      	ldr	r4, [r0, r3]
100071ac:	4b6e      	ldr	r3, [pc, #440]	@ (10007368 <cyw43_write_reg_u32+0x1e8>)
100071ae:	6821      	ldr	r1, [r4, #0]
100071b0:	469c      	mov	ip, r3
100071b2:	4461      	add	r1, ip
100071b4:	0d09      	lsrs	r1, r1, #20
100071b6:	3106      	adds	r1, #6
100071b8:	2018      	movs	r0, #24
100071ba:	b2c9      	uxtb	r1, r1
100071bc:	f7f9 f8ca 	bl	10000354 <gpio_set_function>
100071c0:	4b69      	ldr	r3, [pc, #420]	@ (10007368 <cyw43_write_reg_u32+0x1e8>)
100071c2:	6821      	ldr	r1, [r4, #0]
100071c4:	469c      	mov	ip, r3
100071c6:	4461      	add	r1, ip
100071c8:	0d09      	lsrs	r1, r1, #20
100071ca:	3106      	adds	r1, #6
100071cc:	201d      	movs	r0, #29
100071ce:	b2c9      	uxtb	r1, r1
100071d0:	f7f9 f8c0 	bl	10000354 <gpio_set_function>
100071d4:	2201      	movs	r2, #1
100071d6:	2100      	movs	r1, #0
100071d8:	201d      	movs	r0, #29
100071da:	f7f9 f8d5 	bl	10000388 <gpio_set_pulls>
100071de:	23d0      	movs	r3, #208	@ 0xd0
100071e0:	2280      	movs	r2, #128	@ 0x80
100071e2:	061b      	lsls	r3, r3, #24
100071e4:	0492      	lsls	r2, r2, #18
100071e6:	619a      	str	r2, [r3, #24]
100071e8:	003a      	movs	r2, r7
100071ea:	68a1      	ldr	r1, [r4, #8]
100071ec:	6820      	ldr	r0, [r4, #0]
100071ee:	408a      	lsls	r2, r1
100071f0:	6803      	ldr	r3, [r0, #0]
100071f2:	6865      	ldr	r5, [r4, #4]
100071f4:	4393      	bics	r3, r2
100071f6:	6003      	str	r3, [r0, #0]
100071f8:	004b      	lsls	r3, r1, #1
100071fa:	185b      	adds	r3, r3, r1
100071fc:	00db      	lsls	r3, r3, #3
100071fe:	18c6      	adds	r6, r0, r3
10007200:	36cc      	adds	r6, #204	@ 0xcc
10007202:	6832      	ldr	r2, [r6, #0]
10007204:	469c      	mov	ip, r3
10007206:	4690      	mov	r8, r2
10007208:	1c6a      	adds	r2, r5, #1
1000720a:	0313      	lsls	r3, r2, #12
1000720c:	4a57      	ldr	r2, [pc, #348]	@ (1000736c <cyw43_write_reg_u32+0x1ec>)
1000720e:	469b      	mov	fp, r3
10007210:	4691      	mov	r9, r2
10007212:	4642      	mov	r2, r8
10007214:	464b      	mov	r3, r9
10007216:	401a      	ands	r2, r3
10007218:	0013      	movs	r3, r2
1000721a:	465a      	mov	r2, fp
1000721c:	01ed      	lsls	r5, r5, #7
1000721e:	431a      	orrs	r2, r3
10007220:	432a      	orrs	r2, r5
10007222:	6032      	str	r2, [r6, #0]
10007224:	4a52      	ldr	r2, [pc, #328]	@ (10007370 <cyw43_write_reg_u32+0x1f0>)
10007226:	4663      	mov	r3, ip
10007228:	4694      	mov	ip, r2
1000722a:	2280      	movs	r2, #128	@ 0x80
1000722c:	18c3      	adds	r3, r0, r3
1000722e:	4463      	add	r3, ip
10007230:	0612      	lsls	r2, r2, #24
10007232:	601a      	str	r2, [r3, #0]
10007234:	601a      	str	r2, [r3, #0]
10007236:	2280      	movs	r2, #128	@ 0x80
10007238:	2300      	movs	r3, #0
1000723a:	0452      	lsls	r2, r2, #17
1000723c:	9200      	str	r2, [sp, #0]
1000723e:	9301      	str	r3, [sp, #4]
10007240:	f002 faa4 	bl	1000978c <pio_sm_set_pindirs_with_mask64>
10007244:	003a      	movs	r2, r7
10007246:	68a0      	ldr	r0, [r4, #8]
10007248:	6821      	ldr	r1, [r4, #0]
1000724a:	1d03      	adds	r3, r0, #4
1000724c:	409a      	lsls	r2, r3
1000724e:	4699      	mov	r9, r3
10007250:	2380      	movs	r3, #128	@ 0x80
10007252:	019b      	lsls	r3, r3, #6
10007254:	18cb      	adds	r3, r1, r3
10007256:	601a      	str	r2, [r3, #0]
10007258:	0002      	movs	r2, r0
1000725a:	003d      	movs	r5, r7
1000725c:	3208      	adds	r2, #8
1000725e:	4095      	lsls	r5, r2
10007260:	601d      	str	r5, [r3, #0]
10007262:	233f      	movs	r3, #63	@ 0x3f
10007264:	0082      	lsls	r2, r0, #2
10007266:	188a      	adds	r2, r1, r2
10007268:	6113      	str	r3, [r2, #16]
1000726a:	0043      	lsls	r3, r0, #1
1000726c:	181b      	adds	r3, r3, r0
1000726e:	00db      	lsls	r3, r3, #3
10007270:	4d40      	ldr	r5, [pc, #256]	@ (10007374 <cyw43_write_reg_u32+0x1f4>)
10007272:	18cb      	adds	r3, r1, r3
10007274:	33d8      	adds	r3, #216	@ 0xd8
10007276:	601d      	str	r5, [r3, #0]
10007278:	2500      	movs	r5, #0
1000727a:	6115      	str	r5, [r2, #16]
1000727c:	4a3e      	ldr	r2, [pc, #248]	@ (10007378 <cyw43_write_reg_u32+0x1f8>)
1000727e:	351f      	adds	r5, #31
10007280:	601a      	str	r2, [r3, #0]
10007282:	6862      	ldr	r2, [r4, #4]
10007284:	2680      	movs	r6, #128	@ 0x80
10007286:	402a      	ands	r2, r5
10007288:	601a      	str	r2, [r3, #0]
1000728a:	230c      	movs	r3, #12
1000728c:	56e3      	ldrsb	r3, [r4, r3]
1000728e:	22a0      	movs	r2, #160	@ 0xa0
10007290:	409f      	lsls	r7, r3
10007292:	469c      	mov	ip, r3
10007294:	4b39      	ldr	r3, [pc, #228]	@ (1000737c <cyw43_write_reg_u32+0x1fc>)
10007296:	05d2      	lsls	r2, r2, #23
10007298:	50d7      	str	r7, [r2, r3]
1000729a:	4663      	mov	r3, ip
1000729c:	019a      	lsls	r2, r3, #6
1000729e:	23a0      	movs	r3, #160	@ 0xa0
100072a0:	05db      	lsls	r3, r3, #23
100072a2:	18d7      	adds	r7, r2, r3
100072a4:	4b36      	ldr	r3, [pc, #216]	@ (10007380 <cyw43_write_reg_u32+0x200>)
100072a6:	0476      	lsls	r6, r6, #17
100072a8:	18d5      	adds	r5, r2, r3
100072aa:	682b      	ldr	r3, [r5, #0]
100072ac:	4233      	tst	r3, r6
100072ae:	d1fc      	bne.n	100072aa <cyw43_write_reg_u32+0x12a>
100072b0:	4665      	mov	r5, ip
100072b2:	02ed      	lsls	r5, r5, #11
100072b4:	46ac      	mov	ip, r5
100072b6:	4d33      	ldr	r5, [pc, #204]	@ (10007384 <cyw43_write_reg_u32+0x204>)
100072b8:	4b2b      	ldr	r3, [pc, #172]	@ (10007368 <cyw43_write_reg_u32+0x1e8>)
100072ba:	46a8      	mov	r8, r5
100072bc:	4665      	mov	r5, ip
100072be:	4646      	mov	r6, r8
100072c0:	18cb      	adds	r3, r1, r3
100072c2:	0d1b      	lsrs	r3, r3, #20
100072c4:	00db      	lsls	r3, r3, #3
100072c6:	181b      	adds	r3, r3, r0
100072c8:	4035      	ands	r5, r6
100072ca:	03db      	lsls	r3, r3, #15
100072cc:	432b      	orrs	r3, r5
100072ce:	4d2e      	ldr	r5, [pc, #184]	@ (10007388 <cyw43_write_reg_u32+0x208>)
100072d0:	432b      	orrs	r3, r5
100072d2:	4655      	mov	r5, sl
100072d4:	603d      	str	r5, [r7, #0]
100072d6:	464d      	mov	r5, r9
100072d8:	00ae      	lsls	r6, r5, #2
100072da:	2502      	movs	r5, #2
100072dc:	198e      	adds	r6, r1, r6
100072de:	607e      	str	r6, [r7, #4]
100072e0:	60bd      	str	r5, [r7, #8]
100072e2:	60fb      	str	r3, [r7, #12]
100072e4:	2301      	movs	r3, #1
100072e6:	4083      	lsls	r3, r0
100072e8:	680d      	ldr	r5, [r1, #0]
100072ea:	432b      	orrs	r3, r5
100072ec:	600b      	str	r3, [r1, #0]
100072ee:	4b27      	ldr	r3, [pc, #156]	@ (1000738c <cyw43_write_reg_u32+0x20c>)
100072f0:	2180      	movs	r1, #128	@ 0x80
100072f2:	469c      	mov	ip, r3
100072f4:	0449      	lsls	r1, r1, #17
100072f6:	4462      	add	r2, ip
100072f8:	6813      	ldr	r3, [r2, #0]
100072fa:	420b      	tst	r3, r1
100072fc:	d1fc      	bne.n	100072f8 <cyw43_write_reg_u32+0x178>
100072fe:	2201      	movs	r2, #1
10007300:	68a3      	ldr	r3, [r4, #8]
10007302:	6821      	ldr	r1, [r4, #0]
10007304:	3318      	adds	r3, #24
10007306:	409a      	lsls	r2, r3
10007308:	608a      	str	r2, [r1, #8]
1000730a:	688b      	ldr	r3, [r1, #8]
1000730c:	4213      	tst	r3, r2
1000730e:	d0fc      	beq.n	1000730a <cyw43_write_reg_u32+0x18a>
10007310:	2201      	movs	r2, #1
10007312:	68a1      	ldr	r1, [r4, #8]
10007314:	6820      	ldr	r0, [r4, #0]
10007316:	408a      	lsls	r2, r1
10007318:	6803      	ldr	r3, [r0, #0]
1000731a:	4393      	bics	r3, r2
1000731c:	6003      	str	r3, [r0, #0]
1000731e:	2300      	movs	r3, #0
10007320:	2218      	movs	r2, #24
10007322:	9300      	str	r3, [sp, #0]
10007324:	3301      	adds	r3, #1
10007326:	f002 fa93 	bl	10009850 <pio_sm_set_consecutive_pindirs>
1000732a:	68a1      	ldr	r1, [r4, #8]
1000732c:	6823      	ldr	r3, [r4, #0]
1000732e:	004a      	lsls	r2, r1, #1
10007330:	1852      	adds	r2, r2, r1
10007332:	00d2      	lsls	r2, r2, #3
10007334:	189b      	adds	r3, r3, r2
10007336:	4a16      	ldr	r2, [pc, #88]	@ (10007390 <cyw43_write_reg_u32+0x210>)
10007338:	33d8      	adds	r3, #216	@ 0xd8
1000733a:	601a      	str	r2, [r3, #0]
1000733c:	23d0      	movs	r3, #208	@ 0xd0
1000733e:	2280      	movs	r2, #128	@ 0x80
10007340:	061b      	lsls	r3, r3, #24
10007342:	0492      	lsls	r2, r2, #18
10007344:	615a      	str	r2, [r3, #20]
10007346:	f7ff fa5f 	bl	10006808 <ns_delay.constprop.0>
1000734a:	2000      	movs	r0, #0
1000734c:	b005      	add	sp, #20
1000734e:	bcf0      	pop	{r4, r5, r6, r7}
10007350:	46bb      	mov	fp, r7
10007352:	46b2      	mov	sl, r6
10007354:	46a9      	mov	r9, r5
10007356:	46a0      	mov	r8, r4
10007358:	bdf0      	pop	{r4, r5, r6, r7, pc}
1000735a:	46c0      	nop			@ (mov r8, r8)
1000735c:	0ffff800 	.word	0x0ffff800
10007360:	c0000004 	.word	0xc0000004
10007364:	0000084c 	.word	0x0000084c
10007368:	afe00000 	.word	0xafe00000
1000736c:	fffe007f 	.word	0xfffe007f
10007370:	000010d0 	.word	0x000010d0
10007374:	00006020 	.word	0x00006020
10007378:	00006040 	.word	0x00006040
1000737c:	00000444 	.word	0x00000444
10007380:	5000000c 	.word	0x5000000c
10007384:	ff007ffd 	.word	0xff007ffd
10007388:	00400019 	.word	0x00400019
1000738c:	50000010 	.word	0x50000010
10007390:	0000a003 	.word	0x0000a003

10007394 <cyw43_write_reg_u16>:
10007394:	b5f0      	push	{r4, r5, r6, r7, lr}
10007396:	46de      	mov	lr, fp
10007398:	4657      	mov	r7, sl
1000739a:	464e      	mov	r6, r9
1000739c:	4645      	mov	r5, r8
1000739e:	b5e0      	push	{r5, r6, r7, lr}
100073a0:	b085      	sub	sp, #20
100073a2:	ac02      	add	r4, sp, #8
100073a4:	46a2      	mov	sl, r4
100073a6:	4c72      	ldr	r4, [pc, #456]	@ (10007570 <cyw43_write_reg_u16+0x1dc>)
100073a8:	02d2      	lsls	r2, r2, #11
100073aa:	4022      	ands	r2, r4
100073ac:	0709      	lsls	r1, r1, #28
100073ae:	430a      	orrs	r2, r1
100073b0:	4970      	ldr	r1, [pc, #448]	@ (10007574 <cyw43_write_reg_u16+0x1e0>)
100073b2:	2701      	movs	r7, #1
100073b4:	430a      	orrs	r2, r1
100073b6:	9202      	str	r2, [sp, #8]
100073b8:	4652      	mov	r2, sl
100073ba:	6053      	str	r3, [r2, #4]
100073bc:	4b6e      	ldr	r3, [pc, #440]	@ (10007578 <cyw43_write_reg_u16+0x1e4>)
100073be:	58c4      	ldr	r4, [r0, r3]
100073c0:	4b6e      	ldr	r3, [pc, #440]	@ (1000757c <cyw43_write_reg_u16+0x1e8>)
100073c2:	6821      	ldr	r1, [r4, #0]
100073c4:	469c      	mov	ip, r3
100073c6:	4461      	add	r1, ip
100073c8:	0d09      	lsrs	r1, r1, #20
100073ca:	3106      	adds	r1, #6
100073cc:	2018      	movs	r0, #24
100073ce:	b2c9      	uxtb	r1, r1
100073d0:	f7f8 ffc0 	bl	10000354 <gpio_set_function>
100073d4:	4b69      	ldr	r3, [pc, #420]	@ (1000757c <cyw43_write_reg_u16+0x1e8>)
100073d6:	6821      	ldr	r1, [r4, #0]
100073d8:	469c      	mov	ip, r3
100073da:	4461      	add	r1, ip
100073dc:	0d09      	lsrs	r1, r1, #20
100073de:	3106      	adds	r1, #6
100073e0:	201d      	movs	r0, #29
100073e2:	b2c9      	uxtb	r1, r1
100073e4:	f7f8 ffb6 	bl	10000354 <gpio_set_function>
100073e8:	2201      	movs	r2, #1
100073ea:	2100      	movs	r1, #0
100073ec:	201d      	movs	r0, #29
100073ee:	f7f8 ffcb 	bl	10000388 <gpio_set_pulls>
100073f2:	23d0      	movs	r3, #208	@ 0xd0
100073f4:	2280      	movs	r2, #128	@ 0x80
100073f6:	061b      	lsls	r3, r3, #24
100073f8:	0492      	lsls	r2, r2, #18
100073fa:	619a      	str	r2, [r3, #24]
100073fc:	003a      	movs	r2, r7
100073fe:	68a1      	ldr	r1, [r4, #8]
10007400:	6820      	ldr	r0, [r4, #0]
10007402:	408a      	lsls	r2, r1
10007404:	6803      	ldr	r3, [r0, #0]
10007406:	6865      	ldr	r5, [r4, #4]
10007408:	4393      	bics	r3, r2
1000740a:	6003      	str	r3, [r0, #0]
1000740c:	004b      	lsls	r3, r1, #1
1000740e:	185b      	adds	r3, r3, r1
10007410:	00db      	lsls	r3, r3, #3
10007412:	18c6      	adds	r6, r0, r3
10007414:	36cc      	adds	r6, #204	@ 0xcc
10007416:	6832      	ldr	r2, [r6, #0]
10007418:	469c      	mov	ip, r3
1000741a:	4690      	mov	r8, r2
1000741c:	1c6a      	adds	r2, r5, #1
1000741e:	0313      	lsls	r3, r2, #12
10007420:	4a57      	ldr	r2, [pc, #348]	@ (10007580 <cyw43_write_reg_u16+0x1ec>)
10007422:	469b      	mov	fp, r3
10007424:	4691      	mov	r9, r2
10007426:	4642      	mov	r2, r8
10007428:	464b      	mov	r3, r9
1000742a:	401a      	ands	r2, r3
1000742c:	0013      	movs	r3, r2
1000742e:	465a      	mov	r2, fp
10007430:	01ed      	lsls	r5, r5, #7
10007432:	431a      	orrs	r2, r3
10007434:	432a      	orrs	r2, r5
10007436:	6032      	str	r2, [r6, #0]
10007438:	4a52      	ldr	r2, [pc, #328]	@ (10007584 <cyw43_write_reg_u16+0x1f0>)
1000743a:	4663      	mov	r3, ip
1000743c:	4694      	mov	ip, r2
1000743e:	2280      	movs	r2, #128	@ 0x80
10007440:	18c3      	adds	r3, r0, r3
10007442:	4463      	add	r3, ip
10007444:	0612      	lsls	r2, r2, #24
10007446:	601a      	str	r2, [r3, #0]
10007448:	601a      	str	r2, [r3, #0]
1000744a:	2280      	movs	r2, #128	@ 0x80
1000744c:	2300      	movs	r3, #0
1000744e:	0452      	lsls	r2, r2, #17
10007450:	9200      	str	r2, [sp, #0]
10007452:	9301      	str	r3, [sp, #4]
10007454:	f002 f99a 	bl	1000978c <pio_sm_set_pindirs_with_mask64>
10007458:	003a      	movs	r2, r7
1000745a:	68a0      	ldr	r0, [r4, #8]
1000745c:	6821      	ldr	r1, [r4, #0]
1000745e:	1d03      	adds	r3, r0, #4
10007460:	409a      	lsls	r2, r3
10007462:	4699      	mov	r9, r3
10007464:	2380      	movs	r3, #128	@ 0x80
10007466:	019b      	lsls	r3, r3, #6
10007468:	18cb      	adds	r3, r1, r3
1000746a:	601a      	str	r2, [r3, #0]
1000746c:	0002      	movs	r2, r0
1000746e:	003d      	movs	r5, r7
10007470:	3208      	adds	r2, #8
10007472:	4095      	lsls	r5, r2
10007474:	601d      	str	r5, [r3, #0]
10007476:	233f      	movs	r3, #63	@ 0x3f
10007478:	0082      	lsls	r2, r0, #2
1000747a:	188a      	adds	r2, r1, r2
1000747c:	6113      	str	r3, [r2, #16]
1000747e:	0043      	lsls	r3, r0, #1
10007480:	181b      	adds	r3, r3, r0
10007482:	00db      	lsls	r3, r3, #3
10007484:	4d40      	ldr	r5, [pc, #256]	@ (10007588 <cyw43_write_reg_u16+0x1f4>)
10007486:	18cb      	adds	r3, r1, r3
10007488:	33d8      	adds	r3, #216	@ 0xd8
1000748a:	601d      	str	r5, [r3, #0]
1000748c:	2500      	movs	r5, #0
1000748e:	6115      	str	r5, [r2, #16]
10007490:	4a3e      	ldr	r2, [pc, #248]	@ (1000758c <cyw43_write_reg_u16+0x1f8>)
10007492:	351f      	adds	r5, #31
10007494:	601a      	str	r2, [r3, #0]
10007496:	6862      	ldr	r2, [r4, #4]
10007498:	2680      	movs	r6, #128	@ 0x80
1000749a:	402a      	ands	r2, r5
1000749c:	601a      	str	r2, [r3, #0]
1000749e:	230c      	movs	r3, #12
100074a0:	56e3      	ldrsb	r3, [r4, r3]
100074a2:	22a0      	movs	r2, #160	@ 0xa0
100074a4:	409f      	lsls	r7, r3
100074a6:	469c      	mov	ip, r3
100074a8:	4b39      	ldr	r3, [pc, #228]	@ (10007590 <cyw43_write_reg_u16+0x1fc>)
100074aa:	05d2      	lsls	r2, r2, #23
100074ac:	50d7      	str	r7, [r2, r3]
100074ae:	4663      	mov	r3, ip
100074b0:	019a      	lsls	r2, r3, #6
100074b2:	23a0      	movs	r3, #160	@ 0xa0
100074b4:	05db      	lsls	r3, r3, #23
100074b6:	18d7      	adds	r7, r2, r3
100074b8:	4b36      	ldr	r3, [pc, #216]	@ (10007594 <cyw43_write_reg_u16+0x200>)
100074ba:	0476      	lsls	r6, r6, #17
100074bc:	18d5      	adds	r5, r2, r3
100074be:	682b      	ldr	r3, [r5, #0]
100074c0:	4233      	tst	r3, r6
100074c2:	d1fc      	bne.n	100074be <cyw43_write_reg_u16+0x12a>
100074c4:	4665      	mov	r5, ip
100074c6:	02ed      	lsls	r5, r5, #11
100074c8:	46ac      	mov	ip, r5
100074ca:	4d33      	ldr	r5, [pc, #204]	@ (10007598 <cyw43_write_reg_u16+0x204>)
100074cc:	4b2b      	ldr	r3, [pc, #172]	@ (1000757c <cyw43_write_reg_u16+0x1e8>)
100074ce:	46a8      	mov	r8, r5
100074d0:	4665      	mov	r5, ip
100074d2:	4646      	mov	r6, r8
100074d4:	18cb      	adds	r3, r1, r3
100074d6:	0d1b      	lsrs	r3, r3, #20
100074d8:	00db      	lsls	r3, r3, #3
100074da:	181b      	adds	r3, r3, r0
100074dc:	4035      	ands	r5, r6
100074de:	03db      	lsls	r3, r3, #15
100074e0:	432b      	orrs	r3, r5
100074e2:	4d2e      	ldr	r5, [pc, #184]	@ (1000759c <cyw43_write_reg_u16+0x208>)
100074e4:	432b      	orrs	r3, r5
100074e6:	4655      	mov	r5, sl
100074e8:	603d      	str	r5, [r7, #0]
100074ea:	464d      	mov	r5, r9
100074ec:	00ae      	lsls	r6, r5, #2
100074ee:	2502      	movs	r5, #2
100074f0:	198e      	adds	r6, r1, r6
100074f2:	607e      	str	r6, [r7, #4]
100074f4:	60bd      	str	r5, [r7, #8]
100074f6:	60fb      	str	r3, [r7, #12]
100074f8:	2301      	movs	r3, #1
100074fa:	4083      	lsls	r3, r0
100074fc:	680d      	ldr	r5, [r1, #0]
100074fe:	432b      	orrs	r3, r5
10007500:	600b      	str	r3, [r1, #0]
10007502:	4b27      	ldr	r3, [pc, #156]	@ (100075a0 <cyw43_write_reg_u16+0x20c>)
10007504:	2180      	movs	r1, #128	@ 0x80
10007506:	469c      	mov	ip, r3
10007508:	0449      	lsls	r1, r1, #17
1000750a:	4462      	add	r2, ip
1000750c:	6813      	ldr	r3, [r2, #0]
1000750e:	420b      	tst	r3, r1
10007510:	d1fc      	bne.n	1000750c <cyw43_write_reg_u16+0x178>
10007512:	2201      	movs	r2, #1
10007514:	68a3      	ldr	r3, [r4, #8]
10007516:	6821      	ldr	r1, [r4, #0]
10007518:	3318      	adds	r3, #24
1000751a:	409a      	lsls	r2, r3
1000751c:	608a      	str	r2, [r1, #8]
1000751e:	688b      	ldr	r3, [r1, #8]
10007520:	4213      	tst	r3, r2
10007522:	d0fc      	beq.n	1000751e <cyw43_write_reg_u16+0x18a>
10007524:	2201      	movs	r2, #1
10007526:	68a1      	ldr	r1, [r4, #8]
10007528:	6820      	ldr	r0, [r4, #0]
1000752a:	408a      	lsls	r2, r1
1000752c:	6803      	ldr	r3, [r0, #0]
1000752e:	4393      	bics	r3, r2
10007530:	6003      	str	r3, [r0, #0]
10007532:	2300      	movs	r3, #0
10007534:	2218      	movs	r2, #24
10007536:	9300      	str	r3, [sp, #0]
10007538:	3301      	adds	r3, #1
1000753a:	f002 f989 	bl	10009850 <pio_sm_set_consecutive_pindirs>
1000753e:	68a1      	ldr	r1, [r4, #8]
10007540:	6823      	ldr	r3, [r4, #0]
10007542:	004a      	lsls	r2, r1, #1
10007544:	1852      	adds	r2, r2, r1
10007546:	00d2      	lsls	r2, r2, #3
10007548:	189b      	adds	r3, r3, r2
1000754a:	4a16      	ldr	r2, [pc, #88]	@ (100075a4 <cyw43_write_reg_u16+0x210>)
1000754c:	33d8      	adds	r3, #216	@ 0xd8
1000754e:	601a      	str	r2, [r3, #0]
10007550:	23d0      	movs	r3, #208	@ 0xd0
10007552:	2280      	movs	r2, #128	@ 0x80
10007554:	061b      	lsls	r3, r3, #24
10007556:	0492      	lsls	r2, r2, #18
10007558:	615a      	str	r2, [r3, #20]
1000755a:	f7ff f955 	bl	10006808 <ns_delay.constprop.0>
1000755e:	2000      	movs	r0, #0
10007560:	b005      	add	sp, #20
10007562:	bcf0      	pop	{r4, r5, r6, r7}
10007564:	46bb      	mov	fp, r7
10007566:	46b2      	mov	sl, r6
10007568:	46a9      	mov	r9, r5
1000756a:	46a0      	mov	r8, r4
1000756c:	bdf0      	pop	{r4, r5, r6, r7, pc}
1000756e:	46c0      	nop			@ (mov r8, r8)
10007570:	0ffff800 	.word	0x0ffff800
10007574:	c0000002 	.word	0xc0000002
10007578:	0000084c 	.word	0x0000084c
1000757c:	afe00000 	.word	0xafe00000
10007580:	fffe007f 	.word	0xfffe007f
10007584:	000010d0 	.word	0x000010d0
10007588:	00006020 	.word	0x00006020
1000758c:	00006040 	.word	0x00006040
10007590:	00000444 	.word	0x00000444
10007594:	5000000c 	.word	0x5000000c
10007598:	ff007ffd 	.word	0xff007ffd
1000759c:	00400019 	.word	0x00400019
100075a0:	50000010 	.word	0x50000010
100075a4:	0000a003 	.word	0x0000a003

100075a8 <cyw43_write_reg_u8>:
100075a8:	b5f0      	push	{r4, r5, r6, r7, lr}
100075aa:	46de      	mov	lr, fp
100075ac:	4657      	mov	r7, sl
100075ae:	464e      	mov	r6, r9
100075b0:	4645      	mov	r5, r8
100075b2:	b5e0      	push	{r5, r6, r7, lr}
100075b4:	b085      	sub	sp, #20
100075b6:	ac02      	add	r4, sp, #8
100075b8:	46a2      	mov	sl, r4
100075ba:	4c72      	ldr	r4, [pc, #456]	@ (10007784 <cyw43_write_reg_u8+0x1dc>)
100075bc:	02d2      	lsls	r2, r2, #11
100075be:	4022      	ands	r2, r4
100075c0:	0709      	lsls	r1, r1, #28
100075c2:	430a      	orrs	r2, r1
100075c4:	4970      	ldr	r1, [pc, #448]	@ (10007788 <cyw43_write_reg_u8+0x1e0>)
100075c6:	2701      	movs	r7, #1
100075c8:	430a      	orrs	r2, r1
100075ca:	9202      	str	r2, [sp, #8]
100075cc:	4652      	mov	r2, sl
100075ce:	6053      	str	r3, [r2, #4]
100075d0:	4b6e      	ldr	r3, [pc, #440]	@ (1000778c <cyw43_write_reg_u8+0x1e4>)
100075d2:	58c4      	ldr	r4, [r0, r3]
100075d4:	4b6e      	ldr	r3, [pc, #440]	@ (10007790 <cyw43_write_reg_u8+0x1e8>)
100075d6:	6821      	ldr	r1, [r4, #0]
100075d8:	469c      	mov	ip, r3
100075da:	4461      	add	r1, ip
100075dc:	0d09      	lsrs	r1, r1, #20
100075de:	3106      	adds	r1, #6
100075e0:	2018      	movs	r0, #24
100075e2:	b2c9      	uxtb	r1, r1
100075e4:	f7f8 feb6 	bl	10000354 <gpio_set_function>
100075e8:	4b69      	ldr	r3, [pc, #420]	@ (10007790 <cyw43_write_reg_u8+0x1e8>)
100075ea:	6821      	ldr	r1, [r4, #0]
100075ec:	469c      	mov	ip, r3
100075ee:	4461      	add	r1, ip
100075f0:	0d09      	lsrs	r1, r1, #20
100075f2:	3106      	adds	r1, #6
100075f4:	201d      	movs	r0, #29
100075f6:	b2c9      	uxtb	r1, r1
100075f8:	f7f8 feac 	bl	10000354 <gpio_set_function>
100075fc:	2201      	movs	r2, #1
100075fe:	2100      	movs	r1, #0
10007600:	201d      	movs	r0, #29
10007602:	f7f8 fec1 	bl	10000388 <gpio_set_pulls>
10007606:	23d0      	movs	r3, #208	@ 0xd0
10007608:	2280      	movs	r2, #128	@ 0x80
1000760a:	061b      	lsls	r3, r3, #24
1000760c:	0492      	lsls	r2, r2, #18
1000760e:	619a      	str	r2, [r3, #24]
10007610:	003a      	movs	r2, r7
10007612:	68a1      	ldr	r1, [r4, #8]
10007614:	6820      	ldr	r0, [r4, #0]
10007616:	408a      	lsls	r2, r1
10007618:	6803      	ldr	r3, [r0, #0]
1000761a:	6865      	ldr	r5, [r4, #4]
1000761c:	4393      	bics	r3, r2
1000761e:	6003      	str	r3, [r0, #0]
10007620:	004b      	lsls	r3, r1, #1
10007622:	185b      	adds	r3, r3, r1
10007624:	00db      	lsls	r3, r3, #3
10007626:	18c6      	adds	r6, r0, r3
10007628:	36cc      	adds	r6, #204	@ 0xcc
1000762a:	6832      	ldr	r2, [r6, #0]
1000762c:	469c      	mov	ip, r3
1000762e:	4690      	mov	r8, r2
10007630:	1c6a      	adds	r2, r5, #1
10007632:	0313      	lsls	r3, r2, #12
10007634:	4a57      	ldr	r2, [pc, #348]	@ (10007794 <cyw43_write_reg_u8+0x1ec>)
10007636:	469b      	mov	fp, r3
10007638:	4691      	mov	r9, r2
1000763a:	4642      	mov	r2, r8
1000763c:	464b      	mov	r3, r9
1000763e:	401a      	ands	r2, r3
10007640:	0013      	movs	r3, r2
10007642:	465a      	mov	r2, fp
10007644:	01ed      	lsls	r5, r5, #7
10007646:	431a      	orrs	r2, r3
10007648:	432a      	orrs	r2, r5
1000764a:	6032      	str	r2, [r6, #0]
1000764c:	4a52      	ldr	r2, [pc, #328]	@ (10007798 <cyw43_write_reg_u8+0x1f0>)
1000764e:	4663      	mov	r3, ip
10007650:	4694      	mov	ip, r2
10007652:	2280      	movs	r2, #128	@ 0x80
10007654:	18c3      	adds	r3, r0, r3
10007656:	4463      	add	r3, ip
10007658:	0612      	lsls	r2, r2, #24
1000765a:	601a      	str	r2, [r3, #0]
1000765c:	601a      	str	r2, [r3, #0]
1000765e:	2280      	movs	r2, #128	@ 0x80
10007660:	2300      	movs	r3, #0
10007662:	0452      	lsls	r2, r2, #17
10007664:	9200      	str	r2, [sp, #0]
10007666:	9301      	str	r3, [sp, #4]
10007668:	f002 f890 	bl	1000978c <pio_sm_set_pindirs_with_mask64>
1000766c:	003a      	movs	r2, r7
1000766e:	68a0      	ldr	r0, [r4, #8]
10007670:	6821      	ldr	r1, [r4, #0]
10007672:	1d03      	adds	r3, r0, #4
10007674:	409a      	lsls	r2, r3
10007676:	4699      	mov	r9, r3
10007678:	2380      	movs	r3, #128	@ 0x80
1000767a:	019b      	lsls	r3, r3, #6
1000767c:	18cb      	adds	r3, r1, r3
1000767e:	601a      	str	r2, [r3, #0]
10007680:	0002      	movs	r2, r0
10007682:	003d      	movs	r5, r7
10007684:	3208      	adds	r2, #8
10007686:	4095      	lsls	r5, r2
10007688:	601d      	str	r5, [r3, #0]
1000768a:	233f      	movs	r3, #63	@ 0x3f
1000768c:	0082      	lsls	r2, r0, #2
1000768e:	188a      	adds	r2, r1, r2
10007690:	6113      	str	r3, [r2, #16]
10007692:	0043      	lsls	r3, r0, #1
10007694:	181b      	adds	r3, r3, r0
10007696:	00db      	lsls	r3, r3, #3
10007698:	4d40      	ldr	r5, [pc, #256]	@ (1000779c <cyw43_write_reg_u8+0x1f4>)
1000769a:	18cb      	adds	r3, r1, r3
1000769c:	33d8      	adds	r3, #216	@ 0xd8
1000769e:	601d      	str	r5, [r3, #0]
100076a0:	2500      	movs	r5, #0
100076a2:	6115      	str	r5, [r2, #16]
100076a4:	4a3e      	ldr	r2, [pc, #248]	@ (100077a0 <cyw43_write_reg_u8+0x1f8>)
100076a6:	351f      	adds	r5, #31
100076a8:	601a      	str	r2, [r3, #0]
100076aa:	6862      	ldr	r2, [r4, #4]
100076ac:	2680      	movs	r6, #128	@ 0x80
100076ae:	402a      	ands	r2, r5
100076b0:	601a      	str	r2, [r3, #0]
100076b2:	230c      	movs	r3, #12
100076b4:	56e3      	ldrsb	r3, [r4, r3]
100076b6:	22a0      	movs	r2, #160	@ 0xa0
100076b8:	409f      	lsls	r7, r3
100076ba:	469c      	mov	ip, r3
100076bc:	4b39      	ldr	r3, [pc, #228]	@ (100077a4 <cyw43_write_reg_u8+0x1fc>)
100076be:	05d2      	lsls	r2, r2, #23
100076c0:	50d7      	str	r7, [r2, r3]
100076c2:	4663      	mov	r3, ip
100076c4:	019a      	lsls	r2, r3, #6
100076c6:	23a0      	movs	r3, #160	@ 0xa0
100076c8:	05db      	lsls	r3, r3, #23
100076ca:	18d7      	adds	r7, r2, r3
100076cc:	4b36      	ldr	r3, [pc, #216]	@ (100077a8 <cyw43_write_reg_u8+0x200>)
100076ce:	0476      	lsls	r6, r6, #17
100076d0:	18d5      	adds	r5, r2, r3
100076d2:	682b      	ldr	r3, [r5, #0]
100076d4:	4233      	tst	r3, r6
100076d6:	d1fc      	bne.n	100076d2 <cyw43_write_reg_u8+0x12a>
100076d8:	4665      	mov	r5, ip
100076da:	02ed      	lsls	r5, r5, #11
100076dc:	46ac      	mov	ip, r5
100076de:	4d33      	ldr	r5, [pc, #204]	@ (100077ac <cyw43_write_reg_u8+0x204>)
100076e0:	4b2b      	ldr	r3, [pc, #172]	@ (10007790 <cyw43_write_reg_u8+0x1e8>)
100076e2:	46a8      	mov	r8, r5
100076e4:	4665      	mov	r5, ip
100076e6:	4646      	mov	r6, r8
100076e8:	18cb      	adds	r3, r1, r3
100076ea:	0d1b      	lsrs	r3, r3, #20
100076ec:	00db      	lsls	r3, r3, #3
100076ee:	181b      	adds	r3, r3, r0
100076f0:	4035      	ands	r5, r6
100076f2:	03db      	lsls	r3, r3, #15
100076f4:	432b      	orrs	r3, r5
100076f6:	4d2e      	ldr	r5, [pc, #184]	@ (100077b0 <cyw43_write_reg_u8+0x208>)
100076f8:	432b      	orrs	r3, r5
100076fa:	4655      	mov	r5, sl
100076fc:	603d      	str	r5, [r7, #0]
100076fe:	464d      	mov	r5, r9
10007700:	00ae      	lsls	r6, r5, #2
10007702:	2502      	movs	r5, #2
10007704:	198e      	adds	r6, r1, r6
10007706:	607e      	str	r6, [r7, #4]
10007708:	60bd      	str	r5, [r7, #8]
1000770a:	60fb      	str	r3, [r7, #12]
1000770c:	2301      	movs	r3, #1
1000770e:	4083      	lsls	r3, r0
10007710:	680d      	ldr	r5, [r1, #0]
10007712:	432b      	orrs	r3, r5
10007714:	600b      	str	r3, [r1, #0]
10007716:	4b27      	ldr	r3, [pc, #156]	@ (100077b4 <cyw43_write_reg_u8+0x20c>)
10007718:	2180      	movs	r1, #128	@ 0x80
1000771a:	469c      	mov	ip, r3
1000771c:	0449      	lsls	r1, r1, #17
1000771e:	4462      	add	r2, ip
10007720:	6813      	ldr	r3, [r2, #0]
10007722:	420b      	tst	r3, r1
10007724:	d1fc      	bne.n	10007720 <cyw43_write_reg_u8+0x178>
10007726:	2201      	movs	r2, #1
10007728:	68a3      	ldr	r3, [r4, #8]
1000772a:	6821      	ldr	r1, [r4, #0]
1000772c:	3318      	adds	r3, #24
1000772e:	409a      	lsls	r2, r3
10007730:	608a      	str	r2, [r1, #8]
10007732:	688b      	ldr	r3, [r1, #8]
10007734:	4213      	tst	r3, r2
10007736:	d0fc      	beq.n	10007732 <cyw43_write_reg_u8+0x18a>
10007738:	2201      	movs	r2, #1
1000773a:	68a1      	ldr	r1, [r4, #8]
1000773c:	6820      	ldr	r0, [r4, #0]
1000773e:	408a      	lsls	r2, r1
10007740:	6803      	ldr	r3, [r0, #0]
10007742:	4393      	bics	r3, r2
10007744:	6003      	str	r3, [r0, #0]
10007746:	2300      	movs	r3, #0
10007748:	2218      	movs	r2, #24
1000774a:	9300      	str	r3, [sp, #0]
1000774c:	3301      	adds	r3, #1
1000774e:	f002 f87f 	bl	10009850 <pio_sm_set_consecutive_pindirs>
10007752:	68a1      	ldr	r1, [r4, #8]
10007754:	6823      	ldr	r3, [r4, #0]
10007756:	004a      	lsls	r2, r1, #1
10007758:	1852      	adds	r2, r2, r1
1000775a:	00d2      	lsls	r2, r2, #3
1000775c:	189b      	adds	r3, r3, r2
1000775e:	4a16      	ldr	r2, [pc, #88]	@ (100077b8 <cyw43_write_reg_u8+0x210>)
10007760:	33d8      	adds	r3, #216	@ 0xd8
10007762:	601a      	str	r2, [r3, #0]
10007764:	23d0      	movs	r3, #208	@ 0xd0
10007766:	2280      	movs	r2, #128	@ 0x80
10007768:	061b      	lsls	r3, r3, #24
1000776a:	0492      	lsls	r2, r2, #18
1000776c:	615a      	str	r2, [r3, #20]
1000776e:	f7ff f84b 	bl	10006808 <ns_delay.constprop.0>
10007772:	2000      	movs	r0, #0
10007774:	b005      	add	sp, #20
10007776:	bcf0      	pop	{r4, r5, r6, r7}
10007778:	46bb      	mov	fp, r7
1000777a:	46b2      	mov	sl, r6
1000777c:	46a9      	mov	r9, r5
1000777e:	46a0      	mov	r8, r4
10007780:	bdf0      	pop	{r4, r5, r6, r7, pc}
10007782:	46c0      	nop			@ (mov r8, r8)
10007784:	0ffff800 	.word	0x0ffff800
10007788:	c0000001 	.word	0xc0000001
1000778c:	0000084c 	.word	0x0000084c
10007790:	afe00000 	.word	0xafe00000
10007794:	fffe007f 	.word	0xfffe007f
10007798:	000010d0 	.word	0x000010d0
1000779c:	00006020 	.word	0x00006020
100077a0:	00006040 	.word	0x00006040
100077a4:	00000444 	.word	0x00000444
100077a8:	5000000c 	.word	0x5000000c
100077ac:	ff007ffd 	.word	0xff007ffd
100077b0:	00400019 	.word	0x00400019
100077b4:	50000010 	.word	0x50000010
100077b8:	0000a003 	.word	0x0000a003

100077bc <cyw43_read_bytes>:
100077bc:	b5f0      	push	{r4, r5, r6, r7, lr}
100077be:	1cde      	adds	r6, r3, #3
100077c0:	001d      	movs	r5, r3
100077c2:	2303      	movs	r3, #3
100077c4:	0004      	movs	r4, r0
100077c6:	b083      	sub	sp, #12
100077c8:	439e      	bics	r6, r3
100077ca:	2901      	cmp	r1, #1
100077cc:	d024      	beq.n	10007818 <cyw43_read_bytes+0x5c>
100077ce:	2324      	movs	r3, #36	@ 0x24
100077d0:	2004      	movs	r0, #4
100077d2:	4f16      	ldr	r7, [pc, #88]	@ (1000782c <cyw43_read_bytes+0x70>)
100077d4:	02d2      	lsls	r2, r2, #11
100077d6:	403a      	ands	r2, r7
100077d8:	0709      	lsls	r1, r1, #28
100077da:	432a      	orrs	r2, r5
100077dc:	430a      	orrs	r2, r1
100077de:	2180      	movs	r1, #128	@ 0x80
100077e0:	3004      	adds	r0, #4
100077e2:	05c9      	lsls	r1, r1, #23
100077e4:	0080      	lsls	r0, r0, #2
100077e6:	430a      	orrs	r2, r1
100077e8:	1820      	adds	r0, r4, r0
100077ea:	3604      	adds	r6, #4
100077ec:	6042      	str	r2, [r0, #4]
100077ee:	2100      	movs	r1, #0
100077f0:	9600      	str	r6, [sp, #0]
100077f2:	2204      	movs	r2, #4
100077f4:	0020      	movs	r0, r4
100077f6:	18e3      	adds	r3, r4, r3
100077f8:	f7ff f8e0 	bl	100069bc <cyw43_spi_transfer>
100077fc:	1e06      	subs	r6, r0, #0
100077fe:	d10f      	bne.n	10007820 <cyw43_read_bytes+0x64>
10007800:	0021      	movs	r1, r4
10007802:	9b08      	ldr	r3, [sp, #32]
10007804:	3128      	adds	r1, #40	@ 0x28
10007806:	4299      	cmp	r1, r3
10007808:	d003      	beq.n	10007812 <cyw43_read_bytes+0x56>
1000780a:	002a      	movs	r2, r5
1000780c:	0018      	movs	r0, r3
1000780e:	f7fa fed5 	bl	100025bc <__wrap___aeabi_memcpy>
10007812:	0030      	movs	r0, r6
10007814:	b003      	add	sp, #12
10007816:	bdf0      	pop	{r4, r5, r6, r7, pc}
10007818:	2000      	movs	r0, #0
1000781a:	3610      	adds	r6, #16
1000781c:	3311      	adds	r3, #17
1000781e:	e7d8      	b.n	100077d2 <cyw43_read_bytes+0x16>
10007820:	0031      	movs	r1, r6
10007822:	4803      	ldr	r0, [pc, #12]	@ (10007830 <cyw43_read_bytes+0x74>)
10007824:	f7fc fce8 	bl	100041f8 <__wrap_printf>
10007828:	e7f3      	b.n	10007812 <cyw43_read_bytes+0x56>
1000782a:	46c0      	nop			@ (mov r8, r8)
1000782c:	0ffff800 	.word	0x0ffff800
10007830:	1000b1d4 	.word	0x1000b1d4

10007834 <cyw43_write_bytes>:
10007834:	b5f0      	push	{r4, r5, r6, r7, lr}
10007836:	4657      	mov	r7, sl
10007838:	464e      	mov	r6, r9
1000783a:	4645      	mov	r5, r8
1000783c:	46de      	mov	lr, fp
1000783e:	b5e0      	push	{r5, r6, r7, lr}
10007840:	0005      	movs	r5, r0
10007842:	2003      	movs	r0, #3
10007844:	4691      	mov	r9, r2
10007846:	b08b      	sub	sp, #44	@ 0x2c
10007848:	001a      	movs	r2, r3
1000784a:	3303      	adds	r3, #3
1000784c:	af02      	add	r7, sp, #8
1000784e:	4383      	bics	r3, r0
10007850:	2902      	cmp	r1, #2
10007852:	d022      	beq.n	1000789a <cyw43_write_bytes+0x66>
10007854:	1d1c      	adds	r4, r3, #4
10007856:	464b      	mov	r3, r9
10007858:	4e23      	ldr	r6, [pc, #140]	@ (100078e8 <cyw43_write_bytes+0xb4>)
1000785a:	02db      	lsls	r3, r3, #11
1000785c:	0709      	lsls	r1, r1, #28
1000785e:	4033      	ands	r3, r6
10007860:	4311      	orrs	r1, r2
10007862:	4319      	orrs	r1, r3
10007864:	23c0      	movs	r3, #192	@ 0xc0
10007866:	0028      	movs	r0, r5
10007868:	061b      	lsls	r3, r3, #24
1000786a:	430b      	orrs	r3, r1
1000786c:	6cb9      	ldr	r1, [r7, #72]	@ 0x48
1000786e:	3028      	adds	r0, #40	@ 0x28
10007870:	626b      	str	r3, [r5, #36]	@ 0x24
10007872:	4288      	cmp	r0, r1
10007874:	d001      	beq.n	1000787a <cyw43_write_bytes+0x46>
10007876:	f7fa fea1 	bl	100025bc <__wrap___aeabi_memcpy>
1000787a:	0029      	movs	r1, r5
1000787c:	2300      	movs	r3, #0
1000787e:	0022      	movs	r2, r4
10007880:	0028      	movs	r0, r5
10007882:	3124      	adds	r1, #36	@ 0x24
10007884:	9300      	str	r3, [sp, #0]
10007886:	f7ff f899 	bl	100069bc <cyw43_spi_transfer>
1000788a:	46bd      	mov	sp, r7
1000788c:	b009      	add	sp, #36	@ 0x24
1000788e:	bcf0      	pop	{r4, r5, r6, r7}
10007890:	46bb      	mov	fp, r7
10007892:	46b2      	mov	sl, r6
10007894:	46a9      	mov	r9, r5
10007896:	46a0      	mov	r8, r4
10007898:	bdf0      	pop	{r4, r5, r6, r7, pc}
1000789a:	24fa      	movs	r4, #250	@ 0xfa
1000789c:	2608      	movs	r6, #8
1000789e:	46a8      	mov	r8, r5
100078a0:	468a      	mov	sl, r1
100078a2:	4693      	mov	fp, r2
100078a4:	00a4      	lsls	r4, r4, #2
100078a6:	607b      	str	r3, [r7, #4]
100078a8:	3c01      	subs	r4, #1
100078aa:	d316      	bcc.n	100078da <cyw43_write_bytes+0xa6>
100078ac:	4b0f      	ldr	r3, [pc, #60]	@ (100078ec <cyw43_write_bytes+0xb8>)
100078ae:	2204      	movs	r2, #4
100078b0:	60bb      	str	r3, [r7, #8]
100078b2:	2308      	movs	r3, #8
100078b4:	2100      	movs	r1, #0
100078b6:	4640      	mov	r0, r8
100078b8:	9600      	str	r6, [sp, #0]
100078ba:	18fb      	adds	r3, r7, r3
100078bc:	466d      	mov	r5, sp
100078be:	f7ff f87d 	bl	100069bc <cyw43_spi_transfer>
100078c2:	2800      	cmp	r0, #0
100078c4:	d100      	bne.n	100078c8 <cyw43_write_bytes+0x94>
100078c6:	68f8      	ldr	r0, [r7, #12]
100078c8:	46ad      	mov	sp, r5
100078ca:	0680      	lsls	r0, r0, #26
100078cc:	d5ec      	bpl.n	100078a8 <cyw43_write_bytes+0x74>
100078ce:	4645      	mov	r5, r8
100078d0:	4651      	mov	r1, sl
100078d2:	465a      	mov	r2, fp
100078d4:	687b      	ldr	r3, [r7, #4]
100078d6:	2c00      	cmp	r4, #0
100078d8:	d1bc      	bne.n	10007854 <cyw43_write_bytes+0x20>
100078da:	4805      	ldr	r0, [pc, #20]	@ (100078f0 <cyw43_write_bytes+0xbc>)
100078dc:	f7fc fc04 	bl	100040e8 <__wrap_puts>
100078e0:	2006      	movs	r0, #6
100078e2:	4240      	negs	r0, r0
100078e4:	e7d1      	b.n	1000788a <cyw43_write_bytes+0x56>
100078e6:	46c0      	nop			@ (mov r8, r8)
100078e8:	0ffff800 	.word	0x0ffff800
100078ec:	40004004 	.word	0x40004004
100078f0:	1000b408 	.word	0x1000b408

100078f4 <cyw43_set_backplane_window>:
100078f4:	6883      	ldr	r3, [r0, #8]
100078f6:	b570      	push	{r4, r5, r6, lr}
100078f8:	0bcc      	lsrs	r4, r1, #15
100078fa:	0005      	movs	r5, r0
100078fc:	03e4      	lsls	r4, r4, #15
100078fe:	42a3      	cmp	r3, r4
10007900:	d00d      	beq.n	1000791e <cyw43_set_backplane_window+0x2a>
10007902:	2280      	movs	r2, #128	@ 0x80
10007904:	4063      	eors	r3, r4
10007906:	0452      	lsls	r2, r2, #17
10007908:	4293      	cmp	r3, r2
1000790a:	d219      	bcs.n	10007940 <cyw43_set_backplane_window+0x4c>
1000790c:	22ff      	movs	r2, #255	@ 0xff
1000790e:	0412      	lsls	r2, r2, #16
10007910:	4213      	tst	r3, r2
10007912:	d10c      	bne.n	1000792e <cyw43_set_backplane_window+0x3a>
10007914:	22ff      	movs	r2, #255	@ 0xff
10007916:	0212      	lsls	r2, r2, #8
10007918:	4213      	tst	r3, r2
1000791a:	d101      	bne.n	10007920 <cyw43_set_backplane_window+0x2c>
1000791c:	60ac      	str	r4, [r5, #8]
1000791e:	bd70      	pop	{r4, r5, r6, pc}
10007920:	2101      	movs	r1, #1
10007922:	0028      	movs	r0, r5
10007924:	4a0a      	ldr	r2, [pc, #40]	@ (10007950 <cyw43_set_backplane_window+0x5c>)
10007926:	0a23      	lsrs	r3, r4, #8
10007928:	f7ff fe3e 	bl	100075a8 <cyw43_write_reg_u8>
1000792c:	e7f6      	b.n	1000791c <cyw43_set_backplane_window+0x28>
1000792e:	0c23      	lsrs	r3, r4, #16
10007930:	2101      	movs	r1, #1
10007932:	0028      	movs	r0, r5
10007934:	4a07      	ldr	r2, [pc, #28]	@ (10007954 <cyw43_set_backplane_window+0x60>)
10007936:	f7ff fe37 	bl	100075a8 <cyw43_write_reg_u8>
1000793a:	68ab      	ldr	r3, [r5, #8]
1000793c:	4063      	eors	r3, r4
1000793e:	e7e9      	b.n	10007914 <cyw43_set_backplane_window+0x20>
10007940:	0e23      	lsrs	r3, r4, #24
10007942:	2101      	movs	r1, #1
10007944:	4a04      	ldr	r2, [pc, #16]	@ (10007958 <cyw43_set_backplane_window+0x64>)
10007946:	f7ff fe2f 	bl	100075a8 <cyw43_write_reg_u8>
1000794a:	68ab      	ldr	r3, [r5, #8]
1000794c:	4063      	eors	r3, r4
1000794e:	e7dd      	b.n	1000790c <cyw43_set_backplane_window+0x18>
10007950:	0001000a 	.word	0x0001000a
10007954:	0001000b 	.word	0x0001000b
10007958:	0001000c 	.word	0x0001000c

1000795c <cyw43_ll_parse_async_event>:
1000795c:	b5f0      	push	{r4, r5, r6, r7, lr}
1000795e:	46c6      	mov	lr, r8
10007960:	3003      	adds	r0, #3
10007962:	b500      	push	{lr}
10007964:	1e8d      	subs	r5, r1, #2
10007966:	0884      	lsrs	r4, r0, #2
10007968:	d010      	beq.n	1000798c <cyw43_ll_parse_async_event+0x30>
1000796a:	1e63      	subs	r3, r4, #1
1000796c:	2b07      	cmp	r3, #7
1000796e:	d903      	bls.n	10007978 <cyw43_ll_parse_async_event+0x1c>
10007970:	000b      	movs	r3, r1
10007972:	432b      	orrs	r3, r5
10007974:	075b      	lsls	r3, r3, #29
10007976:	d021      	beq.n	100079bc <cyw43_ll_parse_async_event+0x60>
10007978:	002a      	movs	r2, r5
1000797a:	00a4      	lsls	r4, r4, #2
1000797c:	192c      	adds	r4, r5, r4
1000797e:	8893      	ldrh	r3, [r2, #4]
10007980:	8850      	ldrh	r0, [r2, #2]
10007982:	041b      	lsls	r3, r3, #16
10007984:	4303      	orrs	r3, r0
10007986:	c208      	stmia	r2!, {r3}
10007988:	42a2      	cmp	r2, r4
1000798a:	d1f8      	bne.n	1000797e <cyw43_ll_parse_async_event+0x22>
1000798c:	886b      	ldrh	r3, [r5, #2]
1000798e:	ba5b      	rev16	r3, r3
10007990:	806b      	strh	r3, [r5, #2]
10007992:	1c8b      	adds	r3, r1, #2
10007994:	681a      	ldr	r2, [r3, #0]
10007996:	ba13      	rev	r3, r2
10007998:	606b      	str	r3, [r5, #4]
1000799a:	1d8b      	adds	r3, r1, #6
1000799c:	6818      	ldr	r0, [r3, #0]
1000799e:	ba03      	rev	r3, r0
100079a0:	60ab      	str	r3, [r5, #8]
100079a2:	000b      	movs	r3, r1
100079a4:	330a      	adds	r3, #10
100079a6:	681b      	ldr	r3, [r3, #0]
100079a8:	ba1b      	rev	r3, r3
100079aa:	60eb      	str	r3, [r5, #12]
100079ac:	238a      	movs	r3, #138	@ 0x8a
100079ae:	05db      	lsls	r3, r3, #23
100079b0:	429a      	cmp	r2, r3
100079b2:	d01b      	beq.n	100079ec <cyw43_ll_parse_async_event+0x90>
100079b4:	0028      	movs	r0, r5
100079b6:	bc80      	pop	{r7}
100079b8:	46b8      	mov	r8, r7
100079ba:	bdf0      	pop	{r4, r5, r6, r7, pc}
100079bc:	08c3      	lsrs	r3, r0, #3
100079be:	469c      	mov	ip, r3
100079c0:	00db      	lsls	r3, r3, #3
100079c2:	002e      	movs	r6, r5
100079c4:	0008      	movs	r0, r1
100079c6:	4698      	mov	r8, r3
100079c8:	18cf      	adds	r7, r1, r3
100079ca:	c80c      	ldmia	r0!, {r2, r3}
100079cc:	c60c      	stmia	r6!, {r2, r3}
100079ce:	4287      	cmp	r7, r0
100079d0:	d1fb      	bne.n	100079ca <cyw43_ll_parse_async_event+0x6e>
100079d2:	4663      	mov	r3, ip
100079d4:	0058      	lsls	r0, r3, #1
100079d6:	4643      	mov	r3, r8
100079d8:	18ef      	adds	r7, r5, r3
100079da:	18ce      	adds	r6, r1, r3
100079dc:	4284      	cmp	r4, r0
100079de:	d0d5      	beq.n	1000798c <cyw43_ll_parse_async_event+0x30>
100079e0:	8873      	ldrh	r3, [r6, #2]
100079e2:	8832      	ldrh	r2, [r6, #0]
100079e4:	041b      	lsls	r3, r3, #16
100079e6:	4313      	orrs	r3, r2
100079e8:	603b      	str	r3, [r7, #0]
100079ea:	e7cf      	b.n	1000798c <cyw43_ll_parse_async_event+0x30>
100079ec:	2380      	movs	r3, #128	@ 0x80
100079ee:	051b      	lsls	r3, r3, #20
100079f0:	4298      	cmp	r0, r3
100079f2:	d1df      	bne.n	100079b4 <cyw43_ll_parse_async_event+0x58>
100079f4:	000b      	movs	r3, r1
100079f6:	000a      	movs	r2, r1
100079f8:	000e      	movs	r6, r1
100079fa:	32b2      	adds	r2, #178	@ 0xb2
100079fc:	33ae      	adds	r3, #174	@ 0xae
100079fe:	6810      	ldr	r0, [r2, #0]
10007a00:	881b      	ldrh	r3, [r3, #0]
10007a02:	362e      	adds	r6, #46	@ 0x2e
10007a04:	6932      	ldr	r2, [r6, #16]
10007a06:	181c      	adds	r4, r3, r0
10007a08:	4294      	cmp	r4, r2
10007a0a:	d816      	bhi.n	10007a3a <cyw43_ll_parse_async_event+0xde>
10007a0c:	313a      	adds	r1, #58	@ 0x3a
10007a0e:	18c9      	adds	r1, r1, r3
10007a10:	1808      	adds	r0, r1, r0
10007a12:	4281      	cmp	r1, r0
10007a14:	d23a      	bcs.n	10007a8c <cyw43_ll_parse_async_event+0x130>
10007a16:	2700      	movs	r7, #0
10007a18:	2400      	movs	r4, #0
10007a1a:	e004      	b.n	10007a26 <cyw43_ll_parse_async_event+0xca>
10007a1c:	2add      	cmp	r2, #221	@ 0xdd
10007a1e:	d010      	beq.n	10007a42 <cyw43_ll_parse_async_event+0xe6>
10007a20:	18c9      	adds	r1, r1, r3
10007a22:	4288      	cmp	r0, r1
10007a24:	d920      	bls.n	10007a68 <cyw43_ll_parse_async_event+0x10c>
10007a26:	784b      	ldrb	r3, [r1, #1]
10007a28:	3302      	adds	r3, #2
10007a2a:	18ca      	adds	r2, r1, r3
10007a2c:	4290      	cmp	r0, r2
10007a2e:	d3f7      	bcc.n	10007a20 <cyw43_ll_parse_async_event+0xc4>
10007a30:	780a      	ldrb	r2, [r1, #0]
10007a32:	2a30      	cmp	r2, #48	@ 0x30
10007a34:	d1f2      	bne.n	10007a1c <cyw43_ll_parse_async_event+0xc0>
10007a36:	000c      	movs	r4, r1
10007a38:	e7f2      	b.n	10007a20 <cyw43_ll_parse_async_event+0xc4>
10007a3a:	2301      	movs	r3, #1
10007a3c:	425b      	negs	r3, r3
10007a3e:	60ab      	str	r3, [r5, #8]
10007a40:	e7b8      	b.n	100079b4 <cyw43_ll_parse_async_event+0x58>
10007a42:	1c8a      	adds	r2, r1, #2
10007a44:	4690      	mov	r8, r2
10007a46:	788a      	ldrb	r2, [r1, #2]
10007a48:	2a00      	cmp	r2, #0
10007a4a:	d1e9      	bne.n	10007a20 <cyw43_ll_parse_async_event+0xc4>
10007a4c:	4642      	mov	r2, r8
10007a4e:	7852      	ldrb	r2, [r2, #1]
10007a50:	2a50      	cmp	r2, #80	@ 0x50
10007a52:	d1e5      	bne.n	10007a20 <cyw43_ll_parse_async_event+0xc4>
10007a54:	4642      	mov	r2, r8
10007a56:	7892      	ldrb	r2, [r2, #2]
10007a58:	2af2      	cmp	r2, #242	@ 0xf2
10007a5a:	d1e1      	bne.n	10007a20 <cyw43_ll_parse_async_event+0xc4>
10007a5c:	4642      	mov	r2, r8
10007a5e:	78d2      	ldrb	r2, [r2, #3]
10007a60:	2a01      	cmp	r2, #1
10007a62:	d1dd      	bne.n	10007a20 <cyw43_ll_parse_async_event+0xc4>
10007a64:	000f      	movs	r7, r1
10007a66:	e7db      	b.n	10007a20 <cyw43_ll_parse_async_event+0xc4>
10007a68:	1e63      	subs	r3, r4, #1
10007a6a:	419c      	sbcs	r4, r3
10007a6c:	00a4      	lsls	r4, r4, #2
10007a6e:	2f00      	cmp	r7, #0
10007a70:	d001      	beq.n	10007a76 <cyw43_ll_parse_async_event+0x11a>
10007a72:	2202      	movs	r2, #2
10007a74:	4314      	orrs	r4, r2
10007a76:	8bb2      	ldrh	r2, [r6, #28]
10007a78:	06d2      	lsls	r2, r2, #27
10007a7a:	d501      	bpl.n	10007a80 <cyw43_ll_parse_async_event+0x124>
10007a7c:	2201      	movs	r2, #1
10007a7e:	4314      	orrs	r4, r2
10007a80:	2284      	movs	r2, #132	@ 0x84
10007a82:	5ca9      	ldrb	r1, [r5, r2]
10007a84:	52a9      	strh	r1, [r5, r2]
10007a86:	3204      	adds	r2, #4
10007a88:	54ac      	strb	r4, [r5, r2]
10007a8a:	e793      	b.n	100079b4 <cyw43_ll_parse_async_event+0x58>
10007a8c:	2400      	movs	r4, #0
10007a8e:	e7f2      	b.n	10007a76 <cyw43_ll_parse_async_event+0x11a>

10007a90 <cyw43_kso_set>:
10007a90:	b5f0      	push	{r4, r5, r6, r7, lr}
10007a92:	46c6      	mov	lr, r8
10007a94:	000e      	movs	r6, r1
10007a96:	0005      	movs	r5, r0
10007a98:	000b      	movs	r3, r1
10007a9a:	b500      	push	{lr}
10007a9c:	2101      	movs	r1, #1
10007a9e:	4a1a      	ldr	r2, [pc, #104]	@ (10007b08 <cyw43_kso_set+0x78>)
10007aa0:	f7ff fd82 	bl	100075a8 <cyw43_write_reg_u8>
10007aa4:	0033      	movs	r3, r6
10007aa6:	2101      	movs	r1, #1
10007aa8:	0028      	movs	r0, r5
10007aaa:	4a17      	ldr	r2, [pc, #92]	@ (10007b08 <cyw43_kso_set+0x78>)
10007aac:	f7ff fd7c 	bl	100075a8 <cyw43_write_reg_u8>
10007ab0:	2e00      	cmp	r6, #0
10007ab2:	d025      	beq.n	10007b00 <cyw43_kso_set+0x70>
10007ab4:	2303      	movs	r3, #3
10007ab6:	2703      	movs	r7, #3
10007ab8:	4698      	mov	r8, r3
10007aba:	2440      	movs	r4, #64	@ 0x40
10007abc:	e00b      	b.n	10007ad6 <cyw43_kso_set+0x46>
10007abe:	2001      	movs	r0, #1
10007ac0:	f002 f984 	bl	10009dcc <cyw43_delay_ms>
10007ac4:	3c01      	subs	r4, #1
10007ac6:	0033      	movs	r3, r6
10007ac8:	2101      	movs	r1, #1
10007aca:	0028      	movs	r0, r5
10007acc:	4a0e      	ldr	r2, [pc, #56]	@ (10007b08 <cyw43_kso_set+0x78>)
10007ace:	f7ff fd6b 	bl	100075a8 <cyw43_write_reg_u8>
10007ad2:	2c00      	cmp	r4, #0
10007ad4:	d00f      	beq.n	10007af6 <cyw43_kso_set+0x66>
10007ad6:	2101      	movs	r1, #1
10007ad8:	0028      	movs	r0, r5
10007ada:	4a0b      	ldr	r2, [pc, #44]	@ (10007b08 <cyw43_kso_set+0x78>)
10007adc:	f7ff fa1e 	bl	10006f1c <cyw43_read_reg_u8>
10007ae0:	2800      	cmp	r0, #0
10007ae2:	dbec      	blt.n	10007abe <cyw43_kso_set+0x2e>
10007ae4:	4642      	mov	r2, r8
10007ae6:	4002      	ands	r2, r0
10007ae8:	42ba      	cmp	r2, r7
10007aea:	d1e8      	bne.n	10007abe <cyw43_kso_set+0x2e>
10007aec:	28ff      	cmp	r0, #255	@ 0xff
10007aee:	d0e6      	beq.n	10007abe <cyw43_kso_set+0x2e>
10007af0:	bc80      	pop	{r7}
10007af2:	46b8      	mov	r8, r7
10007af4:	bdf0      	pop	{r4, r5, r6, r7, pc}
10007af6:	0031      	movs	r1, r6
10007af8:	4804      	ldr	r0, [pc, #16]	@ (10007b0c <cyw43_kso_set+0x7c>)
10007afa:	f7fc fb7d 	bl	100041f8 <__wrap_printf>
10007afe:	e7f7      	b.n	10007af0 <cyw43_kso_set+0x60>
10007b00:	2301      	movs	r3, #1
10007b02:	2700      	movs	r7, #0
10007b04:	4698      	mov	r8, r3
10007b06:	e7d8      	b.n	10007aba <cyw43_kso_set+0x2a>
10007b08:	0001001f 	.word	0x0001001f
10007b0c:	1000b1f0 	.word	0x1000b1f0

10007b10 <cyw43_ll_sdpcm_poll_device>:
10007b10:	b5f0      	push	{r4, r5, r6, r7, lr}
10007b12:	46d6      	mov	lr, sl
10007b14:	464f      	mov	r7, r9
10007b16:	4646      	mov	r6, r8
10007b18:	b5c0      	push	{r6, r7, lr}
10007b1a:	7cc3      	ldrb	r3, [r0, #19]
10007b1c:	0005      	movs	r5, r0
10007b1e:	000f      	movs	r7, r1
10007b20:	4692      	mov	sl, r2
10007b22:	b082      	sub	sp, #8
10007b24:	2b00      	cmp	r3, #0
10007b26:	d105      	bne.n	10007b34 <cyw43_ll_sdpcm_poll_device+0x24>
10007b28:	6800      	ldr	r0, [r0, #0]
10007b2a:	f001 fccb 	bl	100094c4 <cyw43_cb_read_host_interrupt_pin>
10007b2e:	2801      	cmp	r0, #1
10007b30:	d000      	beq.n	10007b34 <cyw43_ll_sdpcm_poll_device+0x24>
10007b32:	e097      	b.n	10007c64 <cyw43_ll_sdpcm_poll_device+0x154>
10007b34:	0028      	movs	r0, r5
10007b36:	f001 fccb 	bl	100094d0 <cyw43_cb_ensure_awake>
10007b3a:	7cab      	ldrb	r3, [r5, #18]
10007b3c:	2b00      	cmp	r3, #0
10007b3e:	d105      	bne.n	10007b4c <cyw43_ll_sdpcm_poll_device+0x3c>
10007b40:	2101      	movs	r1, #1
10007b42:	0028      	movs	r0, r5
10007b44:	f7ff ffa4 	bl	10007a90 <cyw43_kso_set>
10007b48:	2301      	movs	r3, #1
10007b4a:	74ab      	strb	r3, [r5, #18]
10007b4c:	7ceb      	ldrb	r3, [r5, #19]
10007b4e:	2b00      	cmp	r3, #0
10007b50:	d100      	bne.n	10007b54 <cyw43_ll_sdpcm_poll_device+0x44>
10007b52:	e06e      	b.n	10007c32 <cyw43_ll_sdpcm_poll_device+0x122>
10007b54:	24fa      	movs	r4, #250	@ 0xfa
10007b56:	00a4      	lsls	r4, r4, #2
10007b58:	e003      	b.n	10007b62 <cyw43_ll_sdpcm_poll_device+0x52>
10007b5a:	3c01      	subs	r4, #1
10007b5c:	2c00      	cmp	r4, #0
10007b5e:	d100      	bne.n	10007b62 <cyw43_ll_sdpcm_poll_device+0x52>
10007b60:	e080      	b.n	10007c64 <cyw43_ll_sdpcm_poll_device+0x154>
10007b62:	2208      	movs	r2, #8
10007b64:	2100      	movs	r1, #0
10007b66:	0028      	movs	r0, r5
10007b68:	f7ff f988 	bl	10006e7c <cyw43_read_reg_u32>
10007b6c:	1c43      	adds	r3, r0, #1
10007b6e:	d0f4      	beq.n	10007b5a <cyw43_ll_sdpcm_poll_device+0x4a>
10007b70:	05c3      	lsls	r3, r0, #23
10007b72:	d400      	bmi.n	10007b76 <cyw43_ll_sdpcm_poll_device+0x66>
10007b74:	e0bf      	b.n	10007cf6 <cyw43_ll_sdpcm_poll_device+0x1e6>
10007b76:	22c0      	movs	r2, #192	@ 0xc0
10007b78:	0303      	lsls	r3, r0, #12
10007b7a:	0d5b      	lsrs	r3, r3, #21
10007b7c:	1e59      	subs	r1, r3, #1
10007b7e:	00d2      	lsls	r2, r2, #3
10007b80:	4291      	cmp	r1, r2
10007b82:	d300      	bcc.n	10007b86 <cyw43_ll_sdpcm_poll_device+0x76>
10007b84:	e0b1      	b.n	10007cea <cyw43_ll_sdpcm_poll_device+0x1da>
10007b86:	0780      	lsls	r0, r0, #30
10007b88:	d500      	bpl.n	10007b8c <cyw43_ll_sdpcm_poll_device+0x7c>
10007b8a:	e0ae      	b.n	10007cea <cyw43_ll_sdpcm_poll_device+0x1da>
10007b8c:	002c      	movs	r4, r5
10007b8e:	3428      	adds	r4, #40	@ 0x28
10007b90:	2200      	movs	r2, #0
10007b92:	2102      	movs	r1, #2
10007b94:	0028      	movs	r0, r5
10007b96:	9400      	str	r4, [sp, #0]
10007b98:	f7ff fe10 	bl	100077bc <cyw43_read_bytes>
10007b9c:	2800      	cmp	r0, #0
10007b9e:	d13b      	bne.n	10007c18 <cyw43_ll_sdpcm_poll_device+0x108>
10007ba0:	8d29      	ldrh	r1, [r5, #40]	@ 0x28
10007ba2:	8d6a      	ldrh	r2, [r5, #42]	@ 0x2a
10007ba4:	000b      	movs	r3, r1
10007ba6:	4313      	orrs	r3, r2
10007ba8:	d100      	bne.n	10007bac <cyw43_ll_sdpcm_poll_device+0x9c>
10007baa:	e0a4      	b.n	10007cf6 <cyw43_ll_sdpcm_poll_device+0x1e6>
10007bac:	2301      	movs	r3, #1
10007bae:	74eb      	strb	r3, [r5, #19]
10007bb0:	4b60      	ldr	r3, [pc, #384]	@ (10007d34 <cyw43_ll_sdpcm_poll_device+0x224>)
10007bb2:	469c      	mov	ip, r3
10007bb4:	000b      	movs	r3, r1
10007bb6:	4053      	eors	r3, r2
10007bb8:	4563      	cmp	r3, ip
10007bba:	d000      	beq.n	10007bbe <cyw43_ll_sdpcm_poll_device+0xae>
10007bbc:	e0a1      	b.n	10007d02 <cyw43_ll_sdpcm_poll_device+0x1f2>
10007bbe:	43d2      	mvns	r2, r2
10007bc0:	b292      	uxth	r2, r2
10007bc2:	4291      	cmp	r1, r2
10007bc4:	d000      	beq.n	10007bc8 <cyw43_ll_sdpcm_poll_device+0xb8>
10007bc6:	e099      	b.n	10007cfc <cyw43_ll_sdpcm_poll_device+0x1ec>
10007bc8:	290b      	cmp	r1, #11
10007bca:	d800      	bhi.n	10007bce <cyw43_ll_sdpcm_poll_device+0xbe>
10007bcc:	e0a0      	b.n	10007d10 <cyw43_ll_sdpcm_poll_device+0x200>
10007bce:	7a23      	ldrb	r3, [r4, #8]
10007bd0:	73ab      	strb	r3, [r5, #14]
10007bd2:	230f      	movs	r3, #15
10007bd4:	7962      	ldrb	r2, [r4, #5]
10007bd6:	4013      	ands	r3, r2
10007bd8:	2b02      	cmp	r3, #2
10007bda:	d823      	bhi.n	10007c24 <cyw43_ll_sdpcm_poll_device+0x114>
10007bdc:	7a62      	ldrb	r2, [r4, #9]
10007bde:	4694      	mov	ip, r2
10007be0:	4666      	mov	r6, ip
10007be2:	7b6a      	ldrb	r2, [r5, #13]
10007be4:	1ab2      	subs	r2, r6, r2
10007be6:	b2d2      	uxtb	r2, r2
10007be8:	2a14      	cmp	r2, #20
10007bea:	d93e      	bls.n	10007c6a <cyw43_ll_sdpcm_poll_device+0x15a>
10007bec:	290c      	cmp	r1, #12
10007bee:	d01d      	beq.n	10007c2c <cyw43_ll_sdpcm_poll_device+0x11c>
10007bf0:	2b01      	cmp	r3, #1
10007bf2:	d03c      	beq.n	10007c6e <cyw43_ll_sdpcm_poll_device+0x15e>
10007bf4:	2b02      	cmp	r3, #2
10007bf6:	d060      	beq.n	10007cba <cyw43_ll_sdpcm_poll_device+0x1aa>
10007bf8:	291b      	cmp	r1, #27
10007bfa:	d800      	bhi.n	10007bfe <cyw43_ll_sdpcm_poll_device+0xee>
10007bfc:	e094      	b.n	10007d28 <cyw43_ll_sdpcm_poll_device+0x218>
10007bfe:	79e3      	ldrb	r3, [r4, #7]
10007c00:	8a2d      	ldrh	r5, [r5, #16]
10007c02:	18e3      	adds	r3, r4, r3
10007c04:	895a      	ldrh	r2, [r3, #10]
10007c06:	4295      	cmp	r5, r2
10007c08:	d000      	beq.n	10007c0c <cyw43_ll_sdpcm_poll_device+0xfc>
10007c0a:	e08a      	b.n	10007d22 <cyw43_ll_sdpcm_poll_device+0x212>
10007c0c:	4652      	mov	r2, sl
10007c0e:	3310      	adds	r3, #16
10007c10:	1b1c      	subs	r4, r3, r4
10007c12:	1b0c      	subs	r4, r1, r4
10007c14:	603c      	str	r4, [r7, #0]
10007c16:	6013      	str	r3, [r2, #0]
10007c18:	b002      	add	sp, #8
10007c1a:	bce0      	pop	{r5, r6, r7}
10007c1c:	46ba      	mov	sl, r7
10007c1e:	46b1      	mov	r9, r6
10007c20:	46a8      	mov	r8, r5
10007c22:	bdf0      	pop	{r4, r5, r6, r7, pc}
10007c24:	200b      	movs	r0, #11
10007c26:	4240      	negs	r0, r0
10007c28:	290c      	cmp	r1, #12
10007c2a:	d1f5      	bne.n	10007c18 <cyw43_ll_sdpcm_poll_device+0x108>
10007c2c:	2004      	movs	r0, #4
10007c2e:	4240      	negs	r0, r0
10007c30:	e7f2      	b.n	10007c18 <cyw43_ll_sdpcm_poll_device+0x108>
10007c32:	2204      	movs	r2, #4
10007c34:	2100      	movs	r1, #0
10007c36:	0028      	movs	r0, r5
10007c38:	f7ff f948 	bl	10006ecc <cyw43_read_reg_u16>
10007c3c:	b283      	uxth	r3, r0
10007c3e:	4698      	mov	r8, r3
10007c40:	4b3d      	ldr	r3, [pc, #244]	@ (10007d38 <cyw43_ll_sdpcm_poll_device+0x228>)
10007c42:	0004      	movs	r4, r0
10007c44:	4699      	mov	r9, r3
10007c46:	881b      	ldrh	r3, [r3, #0]
10007c48:	4543      	cmp	r3, r8
10007c4a:	d002      	beq.n	10007c52 <cyw43_ll_sdpcm_poll_device+0x142>
10007c4c:	2386      	movs	r3, #134	@ 0x86
10007c4e:	4203      	tst	r3, r0
10007c50:	d12d      	bne.n	10007cae <cyw43_ll_sdpcm_poll_device+0x19e>
10007c52:	4643      	mov	r3, r8
10007c54:	2b00      	cmp	r3, #0
10007c56:	d142      	bne.n	10007cde <cyw43_ll_sdpcm_poll_device+0x1ce>
10007c58:	464b      	mov	r3, r9
10007c5a:	4642      	mov	r2, r8
10007c5c:	801a      	strh	r2, [r3, #0]
10007c5e:	06a4      	lsls	r4, r4, #26
10007c60:	d500      	bpl.n	10007c64 <cyw43_ll_sdpcm_poll_device+0x154>
10007c62:	e777      	b.n	10007b54 <cyw43_ll_sdpcm_poll_device+0x44>
10007c64:	2001      	movs	r0, #1
10007c66:	4240      	negs	r0, r0
10007c68:	e7d6      	b.n	10007c18 <cyw43_ll_sdpcm_poll_device+0x108>
10007c6a:	736e      	strb	r6, [r5, #13]
10007c6c:	e7be      	b.n	10007bec <cyw43_ll_sdpcm_poll_device+0xdc>
10007c6e:	2910      	cmp	r1, #16
10007c70:	d95d      	bls.n	10007d2e <cyw43_ll_sdpcm_poll_device+0x21e>
10007c72:	79e3      	ldrb	r3, [r4, #7]
10007c74:	18e3      	adds	r3, r4, r3
10007c76:	78da      	ldrb	r2, [r3, #3]
10007c78:	0092      	lsls	r2, r2, #2
10007c7a:	3204      	adds	r2, #4
10007c7c:	189b      	adds	r3, r3, r2
10007c7e:	7b1a      	ldrb	r2, [r3, #12]
10007c80:	1b1c      	subs	r4, r3, r4
10007c82:	1b09      	subs	r1, r1, r4
10007c84:	2a88      	cmp	r2, #136	@ 0x88
10007c86:	d146      	bne.n	10007d16 <cyw43_ll_sdpcm_poll_device+0x206>
10007c88:	7b5a      	ldrb	r2, [r3, #13]
10007c8a:	2a6c      	cmp	r2, #108	@ 0x6c
10007c8c:	d143      	bne.n	10007d16 <cyw43_ll_sdpcm_poll_device+0x206>
10007c8e:	7cda      	ldrb	r2, [r3, #19]
10007c90:	2a00      	cmp	r2, #0
10007c92:	d13a      	bne.n	10007d0a <cyw43_ll_sdpcm_poll_device+0x1fa>
10007c94:	7d1a      	ldrb	r2, [r3, #20]
10007c96:	2a10      	cmp	r2, #16
10007c98:	d137      	bne.n	10007d0a <cyw43_ll_sdpcm_poll_device+0x1fa>
10007c9a:	7d5a      	ldrb	r2, [r3, #21]
10007c9c:	2a18      	cmp	r2, #24
10007c9e:	d134      	bne.n	10007d0a <cyw43_ll_sdpcm_poll_device+0x1fa>
10007ca0:	4652      	mov	r2, sl
10007ca2:	3918      	subs	r1, #24
10007ca4:	3318      	adds	r3, #24
10007ca6:	6039      	str	r1, [r7, #0]
10007ca8:	2001      	movs	r0, #1
10007caa:	6013      	str	r3, [r2, #0]
10007cac:	e7b4      	b.n	10007c18 <cyw43_ll_sdpcm_poll_device+0x108>
10007cae:	0401      	lsls	r1, r0, #16
10007cb0:	0c09      	lsrs	r1, r1, #16
10007cb2:	4822      	ldr	r0, [pc, #136]	@ (10007d3c <cyw43_ll_sdpcm_poll_device+0x22c>)
10007cb4:	f7fc faa0 	bl	100041f8 <__wrap_printf>
10007cb8:	e7cb      	b.n	10007c52 <cyw43_ll_sdpcm_poll_device+0x142>
10007cba:	2910      	cmp	r1, #16
10007cbc:	d92e      	bls.n	10007d1c <cyw43_ll_sdpcm_poll_device+0x20c>
10007cbe:	79e2      	ldrb	r2, [r4, #7]
10007cc0:	2002      	movs	r0, #2
10007cc2:	18a2      	adds	r2, r4, r2
10007cc4:	78d3      	ldrb	r3, [r2, #3]
10007cc6:	009b      	lsls	r3, r3, #2
10007cc8:	3304      	adds	r3, #4
10007cca:	18d3      	adds	r3, r2, r3
10007ccc:	7892      	ldrb	r2, [r2, #2]
10007cce:	1b1c      	subs	r4, r3, r4
10007cd0:	07d2      	lsls	r2, r2, #31
10007cd2:	1b0c      	subs	r4, r1, r4
10007cd4:	4314      	orrs	r4, r2
10007cd6:	4652      	mov	r2, sl
10007cd8:	603c      	str	r4, [r7, #0]
10007cda:	6013      	str	r3, [r2, #0]
10007cdc:	e79c      	b.n	10007c18 <cyw43_ll_sdpcm_poll_device+0x108>
10007cde:	2204      	movs	r2, #4
10007ce0:	2100      	movs	r1, #0
10007ce2:	0028      	movs	r0, r5
10007ce4:	f7ff fb56 	bl	10007394 <cyw43_write_reg_u16>
10007ce8:	e7b6      	b.n	10007c58 <cyw43_ll_sdpcm_poll_device+0x148>
10007cea:	2301      	movs	r3, #1
10007cec:	2101      	movs	r1, #1
10007cee:	0028      	movs	r0, r5
10007cf0:	4a13      	ldr	r2, [pc, #76]	@ (10007d40 <cyw43_ll_sdpcm_poll_device+0x230>)
10007cf2:	f7ff fc59 	bl	100075a8 <cyw43_write_reg_u8>
10007cf6:	2300      	movs	r3, #0
10007cf8:	74eb      	strb	r3, [r5, #19]
10007cfa:	e7b3      	b.n	10007c64 <cyw43_ll_sdpcm_poll_device+0x154>
10007cfc:	2002      	movs	r0, #2
10007cfe:	4240      	negs	r0, r0
10007d00:	e78a      	b.n	10007c18 <cyw43_ll_sdpcm_poll_device+0x108>
10007d02:	4810      	ldr	r0, [pc, #64]	@ (10007d44 <cyw43_ll_sdpcm_poll_device+0x234>)
10007d04:	f7fc fa78 	bl	100041f8 <__wrap_printf>
10007d08:	e7ac      	b.n	10007c64 <cyw43_ll_sdpcm_poll_device+0x154>
10007d0a:	200a      	movs	r0, #10
10007d0c:	4240      	negs	r0, r0
10007d0e:	e783      	b.n	10007c18 <cyw43_ll_sdpcm_poll_device+0x108>
10007d10:	2003      	movs	r0, #3
10007d12:	4240      	negs	r0, r0
10007d14:	e780      	b.n	10007c18 <cyw43_ll_sdpcm_poll_device+0x108>
10007d16:	2009      	movs	r0, #9
10007d18:	4240      	negs	r0, r0
10007d1a:	e77d      	b.n	10007c18 <cyw43_ll_sdpcm_poll_device+0x108>
10007d1c:	2007      	movs	r0, #7
10007d1e:	4240      	negs	r0, r0
10007d20:	e77a      	b.n	10007c18 <cyw43_ll_sdpcm_poll_device+0x108>
10007d22:	2006      	movs	r0, #6
10007d24:	4240      	negs	r0, r0
10007d26:	e777      	b.n	10007c18 <cyw43_ll_sdpcm_poll_device+0x108>
10007d28:	2005      	movs	r0, #5
10007d2a:	4240      	negs	r0, r0
10007d2c:	e774      	b.n	10007c18 <cyw43_ll_sdpcm_poll_device+0x108>
10007d2e:	2008      	movs	r0, #8
10007d30:	4240      	negs	r0, r0
10007d32:	e771      	b.n	10007c18 <cyw43_ll_sdpcm_poll_device+0x108>
10007d34:	0000ffff 	.word	0x0000ffff
10007d38:	20021fd6 	.word	0x20021fd6
10007d3c:	1000b214 	.word	0x1000b214
10007d40:	0001000d 	.word	0x0001000d
10007d44:	1000b240 	.word	0x1000b240

10007d48 <cyw43_sdpcm_send_common>:
10007d48:	b5f0      	push	{r4, r5, r6, r7, lr}
10007d4a:	46de      	mov	lr, fp
10007d4c:	4657      	mov	r7, sl
10007d4e:	4645      	mov	r5, r8
10007d50:	464e      	mov	r6, r9
10007d52:	0004      	movs	r4, r0
10007d54:	b5e0      	push	{r5, r6, r7, lr}
10007d56:	b085      	sub	sp, #20
10007d58:	469a      	mov	sl, r3
10007d5a:	4688      	mov	r8, r1
10007d5c:	4693      	mov	fp, r2
10007d5e:	f001 fbb7 	bl	100094d0 <cyw43_cb_ensure_awake>
10007d62:	7ca3      	ldrb	r3, [r4, #18]
10007d64:	2b00      	cmp	r3, #0
10007d66:	d105      	bne.n	10007d74 <cyw43_sdpcm_send_common+0x2c>
10007d68:	2101      	movs	r1, #1
10007d6a:	0020      	movs	r0, r4
10007d6c:	f7ff fe90 	bl	10007a90 <cyw43_kso_set>
10007d70:	2301      	movs	r3, #1
10007d72:	74a3      	strb	r3, [r4, #18]
10007d74:	7ba3      	ldrb	r3, [r4, #14]
10007d76:	2b00      	cmp	r3, #0
10007d78:	d024      	beq.n	10007dc4 <cyw43_sdpcm_send_common+0x7c>
10007d7a:	4f2f      	ldr	r7, [pc, #188]	@ (10007e38 <cyw43_sdpcm_send_common+0xf0>)
10007d7c:	4e2f      	ldr	r6, [pc, #188]	@ (10007e3c <cyw43_sdpcm_send_common+0xf4>)
10007d7e:	6abb      	ldr	r3, [r7, #40]	@ 0x28
10007d80:	4699      	mov	r9, r3
10007d82:	e00e      	b.n	10007da2 <cyw43_sdpcm_send_common+0x5a>
10007d84:	7ba1      	ldrb	r1, [r4, #14]
10007d86:	2900      	cmp	r1, #0
10007d88:	d103      	bne.n	10007d92 <cyw43_sdpcm_send_common+0x4a>
10007d8a:	7b23      	ldrb	r3, [r4, #12]
10007d8c:	7b62      	ldrb	r2, [r4, #13]
10007d8e:	429a      	cmp	r2, r3
10007d90:	d11c      	bne.n	10007dcc <cyw43_sdpcm_send_common+0x84>
10007d92:	464b      	mov	r3, r9
10007d94:	1aed      	subs	r5, r5, r3
10007d96:	42b5      	cmp	r5, r6
10007d98:	d845      	bhi.n	10007e26 <cyw43_sdpcm_send_common+0xde>
10007d9a:	20fa      	movs	r0, #250	@ 0xfa
10007d9c:	0080      	lsls	r0, r0, #2
10007d9e:	f001 ffe3 	bl	10009d68 <cyw43_await_background_or_timeout_us>
10007da2:	0020      	movs	r0, r4
10007da4:	aa03      	add	r2, sp, #12
10007da6:	a902      	add	r1, sp, #8
10007da8:	6abd      	ldr	r5, [r7, #40]	@ 0x28
10007daa:	f7ff feb1 	bl	10007b10 <cyw43_ll_sdpcm_poll_device>
10007dae:	2801      	cmp	r0, #1
10007db0:	d1e8      	bne.n	10007d84 <cyw43_sdpcm_send_common+0x3c>
10007db2:	9903      	ldr	r1, [sp, #12]
10007db4:	9802      	ldr	r0, [sp, #8]
10007db6:	f7ff fdd1 	bl	1000795c <cyw43_ll_parse_async_event>
10007dba:	0001      	movs	r1, r0
10007dbc:	0020      	movs	r0, r4
10007dbe:	f001 fb8d 	bl	100094dc <cyw43_cb_process_async_event>
10007dc2:	e7df      	b.n	10007d84 <cyw43_sdpcm_send_common+0x3c>
10007dc4:	7b23      	ldrb	r3, [r4, #12]
10007dc6:	7b62      	ldrb	r2, [r4, #13]
10007dc8:	429a      	cmp	r2, r3
10007dca:	d0d6      	beq.n	10007d7a <cyw43_sdpcm_send_common+0x32>
10007dcc:	465a      	mov	r2, fp
10007dce:	4651      	mov	r1, sl
10007dd0:	320c      	adds	r2, #12
10007dd2:	b292      	uxth	r2, r2
10007dd4:	800a      	strh	r2, [r1, #0]
10007dd6:	43d2      	mvns	r2, r2
10007dd8:	710b      	strb	r3, [r1, #4]
10007dda:	804a      	strh	r2, [r1, #2]
10007ddc:	4652      	mov	r2, sl
10007dde:	4641      	mov	r1, r8
10007de0:	7151      	strb	r1, [r2, #5]
10007de2:	2200      	movs	r2, #0
10007de4:	4651      	mov	r1, sl
10007de6:	718a      	strb	r2, [r1, #6]
10007de8:	4641      	mov	r1, r8
10007dea:	1e8e      	subs	r6, r1, #2
10007dec:	1e71      	subs	r1, r6, #1
10007dee:	418e      	sbcs	r6, r1
10007df0:	2101      	movs	r1, #1
10007df2:	4276      	negs	r6, r6
10007df4:	438e      	bics	r6, r1
10007df6:	4651      	mov	r1, sl
10007df8:	3301      	adds	r3, #1
10007dfa:	360e      	adds	r6, #14
10007dfc:	810a      	strh	r2, [r1, #8]
10007dfe:	814a      	strh	r2, [r1, #10]
10007e00:	71ce      	strb	r6, [r1, #7]
10007e02:	7323      	strb	r3, [r4, #12]
10007e04:	465b      	mov	r3, fp
10007e06:	3203      	adds	r2, #3
10007e08:	330f      	adds	r3, #15
10007e0a:	4393      	bics	r3, r2
10007e0c:	9100      	str	r1, [sp, #0]
10007e0e:	2200      	movs	r2, #0
10007e10:	2102      	movs	r1, #2
10007e12:	0020      	movs	r0, r4
10007e14:	f7ff fd0e 	bl	10007834 <cyw43_write_bytes>
10007e18:	b005      	add	sp, #20
10007e1a:	bcf0      	pop	{r4, r5, r6, r7}
10007e1c:	46bb      	mov	fp, r7
10007e1e:	46b2      	mov	sl, r6
10007e20:	46a9      	mov	r9, r5
10007e22:	46a0      	mov	r8, r4
10007e24:	bdf0      	pop	{r4, r5, r6, r7, pc}
10007e26:	7b63      	ldrb	r3, [r4, #13]
10007e28:	7b22      	ldrb	r2, [r4, #12]
10007e2a:	4805      	ldr	r0, [pc, #20]	@ (10007e40 <cyw43_sdpcm_send_common+0xf8>)
10007e2c:	f7fc f9e4 	bl	100041f8 <__wrap_printf>
10007e30:	2002      	movs	r0, #2
10007e32:	4240      	negs	r0, r0
10007e34:	e7f0      	b.n	10007e18 <cyw43_sdpcm_send_common+0xd0>
10007e36:	46c0      	nop			@ (mov r8, r8)
10007e38:	40054000 	.word	0x40054000
10007e3c:	000f4240 	.word	0x000f4240
10007e40:	1000b26c 	.word	0x1000b26c

10007e44 <cyw43_do_ioctl.part.0>:
10007e44:	b5f0      	push	{r4, r5, r6, r7, lr}
10007e46:	4657      	mov	r7, sl
10007e48:	464e      	mov	r6, r9
10007e4a:	4645      	mov	r5, r8
10007e4c:	46de      	mov	lr, fp
10007e4e:	b5e0      	push	{r5, r6, r7, lr}
10007e50:	4e29      	ldr	r6, [pc, #164]	@ (10007ef8 <cyw43_do_ioctl.part.0+0xb4>)
10007e52:	4692      	mov	sl, r2
10007e54:	6ab7      	ldr	r7, [r6, #40]	@ 0x28
10007e56:	4698      	mov	r8, r3
10007e58:	4a28      	ldr	r2, [pc, #160]	@ (10007efc <cyw43_do_ioctl.part.0+0xb8>)
10007e5a:	6ab3      	ldr	r3, [r6, #40]	@ 0x28
10007e5c:	0005      	movs	r5, r0
10007e5e:	4689      	mov	r9, r1
10007e60:	b083      	sub	sp, #12
10007e62:	1bdb      	subs	r3, r3, r7
10007e64:	4293      	cmp	r3, r2
10007e66:	d82e      	bhi.n	10007ec6 <cyw43_do_ioctl.part.0+0x82>
10007e68:	4b25      	ldr	r3, [pc, #148]	@ (10007f00 <cyw43_do_ioctl.part.0+0xbc>)
10007e6a:	469b      	mov	fp, r3
10007e6c:	e010      	b.n	10007e90 <cyw43_do_ioctl.part.0+0x4c>
10007e6e:	2802      	cmp	r0, #2
10007e70:	d020      	beq.n	10007eb4 <cyw43_do_ioctl.part.0+0x70>
10007e72:	2800      	cmp	r0, #0
10007e74:	db03      	blt.n	10007e7e <cyw43_do_ioctl.part.0+0x3a>
10007e76:	0001      	movs	r1, r0
10007e78:	4658      	mov	r0, fp
10007e7a:	f7fc f9bd 	bl	100041f8 <__wrap_printf>
10007e7e:	20fa      	movs	r0, #250	@ 0xfa
10007e80:	0080      	lsls	r0, r0, #2
10007e82:	f001 ff71 	bl	10009d68 <cyw43_await_background_or_timeout_us>
10007e86:	6ab3      	ldr	r3, [r6, #40]	@ 0x28
10007e88:	4a1c      	ldr	r2, [pc, #112]	@ (10007efc <cyw43_do_ioctl.part.0+0xb8>)
10007e8a:	1bdb      	subs	r3, r3, r7
10007e8c:	4293      	cmp	r3, r2
10007e8e:	d81a      	bhi.n	10007ec6 <cyw43_do_ioctl.part.0+0x82>
10007e90:	4669      	mov	r1, sp
10007e92:	0028      	movs	r0, r5
10007e94:	aa01      	add	r2, sp, #4
10007e96:	f7ff fe3b 	bl	10007b10 <cyw43_ll_sdpcm_poll_device>
10007e9a:	1e04      	subs	r4, r0, #0
10007e9c:	d023      	beq.n	10007ee6 <cyw43_do_ioctl.part.0+0xa2>
10007e9e:	2801      	cmp	r0, #1
10007ea0:	d1e5      	bne.n	10007e6e <cyw43_do_ioctl.part.0+0x2a>
10007ea2:	9901      	ldr	r1, [sp, #4]
10007ea4:	9800      	ldr	r0, [sp, #0]
10007ea6:	f7ff fd59 	bl	1000795c <cyw43_ll_parse_async_event>
10007eaa:	0001      	movs	r1, r0
10007eac:	0028      	movs	r0, r5
10007eae:	f001 fb15 	bl	100094dc <cyw43_cb_process_async_event>
10007eb2:	e7e4      	b.n	10007e7e <cyw43_do_ioctl.part.0+0x3a>
10007eb4:	9900      	ldr	r1, [sp, #0]
10007eb6:	9b01      	ldr	r3, [sp, #4]
10007eb8:	004a      	lsls	r2, r1, #1
10007eba:	6828      	ldr	r0, [r5, #0]
10007ebc:	0852      	lsrs	r2, r2, #1
10007ebe:	0fc9      	lsrs	r1, r1, #31
10007ec0:	f001 ffb6 	bl	10009e30 <cyw43_cb_process_ethernet>
10007ec4:	e7db      	b.n	10007e7e <cyw43_do_ioctl.part.0+0x3a>
10007ec6:	4643      	mov	r3, r8
10007ec8:	4652      	mov	r2, sl
10007eca:	4649      	mov	r1, r9
10007ecc:	2402      	movs	r4, #2
10007ece:	480d      	ldr	r0, [pc, #52]	@ (10007f04 <cyw43_do_ioctl.part.0+0xc0>)
10007ed0:	f7fc f992 	bl	100041f8 <__wrap_printf>
10007ed4:	4264      	negs	r4, r4
10007ed6:	0020      	movs	r0, r4
10007ed8:	b003      	add	sp, #12
10007eda:	bcf0      	pop	{r4, r5, r6, r7}
10007edc:	46bb      	mov	fp, r7
10007ede:	46b2      	mov	sl, r6
10007ee0:	46a9      	mov	r9, r5
10007ee2:	46a0      	mov	r8, r4
10007ee4:	bdf0      	pop	{r4, r5, r6, r7, pc}
10007ee6:	9a00      	ldr	r2, [sp, #0]
10007ee8:	4542      	cmp	r2, r8
10007eea:	d900      	bls.n	10007eee <cyw43_do_ioctl.part.0+0xaa>
10007eec:	4642      	mov	r2, r8
10007eee:	9901      	ldr	r1, [sp, #4]
10007ef0:	980c      	ldr	r0, [sp, #48]	@ 0x30
10007ef2:	f003 f891 	bl	1000b018 <__memmove_veneer>
10007ef6:	e7ee      	b.n	10007ed6 <cyw43_do_ioctl.part.0+0x92>
10007ef8:	40054000 	.word	0x40054000
10007efc:	000f423f 	.word	0x000f423f
10007f00:	1000b290 	.word	0x1000b290
10007f04:	1000b2bc 	.word	0x1000b2bc

10007f08 <cyw43_download_resource>:
10007f08:	b5f0      	push	{r4, r5, r6, r7, lr}
10007f0a:	4645      	mov	r5, r8
10007f0c:	4690      	mov	r8, r2
10007f0e:	2240      	movs	r2, #64	@ 0x40
10007f10:	4657      	mov	r7, sl
10007f12:	46de      	mov	lr, fp
10007f14:	464e      	mov	r6, r9
10007f16:	4252      	negs	r2, r2
10007f18:	4693      	mov	fp, r2
10007f1a:	4692      	mov	sl, r2
10007f1c:	b5e0      	push	{r5, r6, r7, lr}
10007f1e:	2400      	movs	r4, #0
10007f20:	0007      	movs	r7, r0
10007f22:	b083      	sub	sp, #12
10007f24:	448b      	add	fp, r1
10007f26:	449a      	add	sl, r3
10007f28:	2240      	movs	r2, #64	@ 0x40
10007f2a:	0023      	movs	r3, r4
10007f2c:	3440      	adds	r4, #64	@ 0x40
10007f2e:	4691      	mov	r9, r2
10007f30:	4544      	cmp	r4, r8
10007f32:	d902      	bls.n	10007f3a <cyw43_download_resource+0x32>
10007f34:	4642      	mov	r2, r8
10007f36:	1ad3      	subs	r3, r2, r3
10007f38:	4699      	mov	r9, r3
10007f3a:	465b      	mov	r3, fp
10007f3c:	191d      	adds	r5, r3, r4
10007f3e:	68bb      	ldr	r3, [r7, #8]
10007f40:	0bee      	lsrs	r6, r5, #15
10007f42:	03f6      	lsls	r6, r6, #15
10007f44:	429e      	cmp	r6, r3
10007f46:	d00d      	beq.n	10007f64 <cyw43_download_resource+0x5c>
10007f48:	2280      	movs	r2, #128	@ 0x80
10007f4a:	4073      	eors	r3, r6
10007f4c:	0452      	lsls	r2, r2, #17
10007f4e:	4293      	cmp	r3, r2
10007f50:	d227      	bcs.n	10007fa2 <cyw43_download_resource+0x9a>
10007f52:	22ff      	movs	r2, #255	@ 0xff
10007f54:	0412      	lsls	r2, r2, #16
10007f56:	4213      	tst	r3, r2
10007f58:	d12f      	bne.n	10007fba <cyw43_download_resource+0xb2>
10007f5a:	22ff      	movs	r2, #255	@ 0xff
10007f5c:	0212      	lsls	r2, r2, #8
10007f5e:	4213      	tst	r3, r2
10007f60:	d118      	bne.n	10007f94 <cyw43_download_resource+0x8c>
10007f62:	60be      	str	r6, [r7, #8]
10007f64:	2280      	movs	r2, #128	@ 0x80
10007f66:	4653      	mov	r3, sl
10007f68:	046d      	lsls	r5, r5, #17
10007f6a:	191b      	adds	r3, r3, r4
10007f6c:	0c6d      	lsrs	r5, r5, #17
10007f6e:	0212      	lsls	r2, r2, #8
10007f70:	9300      	str	r3, [sp, #0]
10007f72:	2101      	movs	r1, #1
10007f74:	464b      	mov	r3, r9
10007f76:	0038      	movs	r0, r7
10007f78:	432a      	orrs	r2, r5
10007f7a:	f7ff fc5b 	bl	10007834 <cyw43_write_bytes>
10007f7e:	2800      	cmp	r0, #0
10007f80:	d101      	bne.n	10007f86 <cyw43_download_resource+0x7e>
10007f82:	4544      	cmp	r4, r8
10007f84:	d3d0      	bcc.n	10007f28 <cyw43_download_resource+0x20>
10007f86:	b003      	add	sp, #12
10007f88:	bcf0      	pop	{r4, r5, r6, r7}
10007f8a:	46bb      	mov	fp, r7
10007f8c:	46b2      	mov	sl, r6
10007f8e:	46a9      	mov	r9, r5
10007f90:	46a0      	mov	r8, r4
10007f92:	bdf0      	pop	{r4, r5, r6, r7, pc}
10007f94:	2101      	movs	r1, #1
10007f96:	0038      	movs	r0, r7
10007f98:	4a0c      	ldr	r2, [pc, #48]	@ (10007fcc <cyw43_download_resource+0xc4>)
10007f9a:	0a33      	lsrs	r3, r6, #8
10007f9c:	f7ff fb04 	bl	100075a8 <cyw43_write_reg_u8>
10007fa0:	e7df      	b.n	10007f62 <cyw43_download_resource+0x5a>
10007fa2:	2300      	movs	r3, #0
10007fa4:	4a0a      	ldr	r2, [pc, #40]	@ (10007fd0 <cyw43_download_resource+0xc8>)
10007fa6:	2101      	movs	r1, #1
10007fa8:	0038      	movs	r0, r7
10007faa:	f7ff fafd 	bl	100075a8 <cyw43_write_reg_u8>
10007fae:	22ff      	movs	r2, #255	@ 0xff
10007fb0:	68bb      	ldr	r3, [r7, #8]
10007fb2:	0412      	lsls	r2, r2, #16
10007fb4:	4073      	eors	r3, r6
10007fb6:	4213      	tst	r3, r2
10007fb8:	d0cf      	beq.n	10007f5a <cyw43_download_resource+0x52>
10007fba:	0c33      	lsrs	r3, r6, #16
10007fbc:	2101      	movs	r1, #1
10007fbe:	0038      	movs	r0, r7
10007fc0:	4a04      	ldr	r2, [pc, #16]	@ (10007fd4 <cyw43_download_resource+0xcc>)
10007fc2:	f7ff faf1 	bl	100075a8 <cyw43_write_reg_u8>
10007fc6:	68bb      	ldr	r3, [r7, #8]
10007fc8:	4073      	eors	r3, r6
10007fca:	e7c6      	b.n	10007f5a <cyw43_download_resource+0x52>
10007fcc:	0001000a 	.word	0x0001000a
10007fd0:	0001000c 	.word	0x0001000c
10007fd4:	0001000b 	.word	0x0001000b

10007fd8 <cyw43_write_iovar_u32.constprop.0>:
10007fd8:	b5f0      	push	{r4, r5, r6, r7, lr}
10007fda:	46ce      	mov	lr, r9
10007fdc:	4647      	mov	r7, r8
10007fde:	b580      	push	{r7, lr}
10007fe0:	0006      	movs	r6, r0
10007fe2:	b083      	sub	sp, #12
10007fe4:	0004      	movs	r4, r0
10007fe6:	0008      	movs	r0, r1
10007fe8:	0017      	movs	r7, r2
10007fea:	4689      	mov	r9, r1
10007fec:	f002 ff76 	bl	1000aedc <strlen>
10007ff0:	1c43      	adds	r3, r0, #1
10007ff2:	4698      	mov	r8, r3
10007ff4:	3644      	adds	r6, #68	@ 0x44
10007ff6:	0005      	movs	r5, r0
10007ff8:	001a      	movs	r2, r3
10007ffa:	4649      	mov	r1, r9
10007ffc:	0030      	movs	r0, r6
10007ffe:	f7fa fadd 	bl	100025bc <__wrap___aeabi_memcpy>
10008002:	4643      	mov	r3, r8
10008004:	18f2      	adds	r2, r6, r3
10008006:	0a3b      	lsrs	r3, r7, #8
10008008:	7017      	strb	r7, [r2, #0]
1000800a:	7053      	strb	r3, [r2, #1]
1000800c:	0c3b      	lsrs	r3, r7, #16
1000800e:	0e3f      	lsrs	r7, r7, #24
10008010:	7093      	strb	r3, [r2, #2]
10008012:	70d7      	strb	r7, [r2, #3]
10008014:	002a      	movs	r2, r5
10008016:	2380      	movs	r3, #128	@ 0x80
10008018:	3221      	adds	r2, #33	@ 0x21
1000801a:	1d6f      	adds	r7, r5, #5
1000801c:	011b      	lsls	r3, r3, #4
1000801e:	429a      	cmp	r2, r3
10008020:	d820      	bhi.n	10008064 <cyw43_write_iovar_u32.constprop.0+0x8c>
10008022:	2208      	movs	r2, #8
10008024:	8a23      	ldrh	r3, [r4, #16]
10008026:	32ff      	adds	r2, #255	@ 0xff
10008028:	3301      	adds	r3, #1
1000802a:	b29b      	uxth	r3, r3
1000802c:	4690      	mov	r8, r2
1000802e:	6362      	str	r2, [r4, #52]	@ 0x34
10008030:	3a06      	subs	r2, #6
10008032:	3aff      	subs	r2, #255	@ 0xff
10008034:	8223      	strh	r3, [r4, #16]
10008036:	041b      	lsls	r3, r3, #16
10008038:	4313      	orrs	r3, r2
1000803a:	63e3      	str	r3, [r4, #60]	@ 0x3c
1000803c:	2300      	movs	r3, #0
1000803e:	002a      	movs	r2, r5
10008040:	6423      	str	r3, [r4, #64]	@ 0x40
10008042:	0023      	movs	r3, r4
10008044:	2100      	movs	r1, #0
10008046:	0020      	movs	r0, r4
10008048:	63a7      	str	r7, [r4, #56]	@ 0x38
1000804a:	3215      	adds	r2, #21
1000804c:	3328      	adds	r3, #40	@ 0x28
1000804e:	f7ff fe7b 	bl	10007d48 <cyw43_sdpcm_send_common>
10008052:	2800      	cmp	r0, #0
10008054:	d106      	bne.n	10008064 <cyw43_write_iovar_u32.constprop.0+0x8c>
10008056:	003b      	movs	r3, r7
10008058:	4642      	mov	r2, r8
1000805a:	2102      	movs	r1, #2
1000805c:	0020      	movs	r0, r4
1000805e:	9600      	str	r6, [sp, #0]
10008060:	f7ff fef0 	bl	10007e44 <cyw43_do_ioctl.part.0>
10008064:	b003      	add	sp, #12
10008066:	bcc0      	pop	{r6, r7}
10008068:	46b9      	mov	r9, r7
1000806a:	46b0      	mov	r8, r6
1000806c:	bdf0      	pop	{r4, r5, r6, r7, pc}
1000806e:	46c0      	nop			@ (mov r8, r8)

10008070 <cyw43_write_iovar_n>:
10008070:	b5f0      	push	{r4, r5, r6, r7, lr}
10008072:	46ce      	mov	lr, r9
10008074:	4647      	mov	r7, r8
10008076:	b580      	push	{r7, lr}
10008078:	0006      	movs	r6, r0
1000807a:	b083      	sub	sp, #12
1000807c:	0004      	movs	r4, r0
1000807e:	0008      	movs	r0, r1
10008080:	4699      	mov	r9, r3
10008082:	4688      	mov	r8, r1
10008084:	0017      	movs	r7, r2
10008086:	f002 ff29 	bl	1000aedc <strlen>
1000808a:	3644      	adds	r6, #68	@ 0x44
1000808c:	1c45      	adds	r5, r0, #1
1000808e:	003a      	movs	r2, r7
10008090:	4649      	mov	r1, r9
10008092:	1970      	adds	r0, r6, r5
10008094:	f002 ffc0 	bl	1000b018 <__memmove_veneer>
10008098:	002a      	movs	r2, r5
1000809a:	4641      	mov	r1, r8
1000809c:	0030      	movs	r0, r6
1000809e:	19ed      	adds	r5, r5, r7
100080a0:	f7fa fa8c 	bl	100025bc <__wrap___aeabi_memcpy>
100080a4:	002a      	movs	r2, r5
100080a6:	2380      	movs	r3, #128	@ 0x80
100080a8:	321c      	adds	r2, #28
100080aa:	011b      	lsls	r3, r3, #4
100080ac:	429a      	cmp	r2, r3
100080ae:	d820      	bhi.n	100080f2 <cyw43_write_iovar_n+0x82>
100080b0:	8a21      	ldrh	r1, [r4, #16]
100080b2:	9b0a      	ldr	r3, [sp, #40]	@ 0x28
100080b4:	3101      	adds	r1, #1
100080b6:	b289      	uxth	r1, r1
100080b8:	031b      	lsls	r3, r3, #12
100080ba:	8221      	strh	r1, [r4, #16]
100080bc:	0409      	lsls	r1, r1, #16
100080be:	4319      	orrs	r1, r3
100080c0:	2302      	movs	r3, #2
100080c2:	4319      	orrs	r1, r3
100080c4:	2300      	movs	r3, #0
100080c6:	2708      	movs	r7, #8
100080c8:	6423      	str	r3, [r4, #64]	@ 0x40
100080ca:	0023      	movs	r3, r4
100080cc:	37ff      	adds	r7, #255	@ 0xff
100080ce:	63e1      	str	r1, [r4, #60]	@ 0x3c
100080d0:	0020      	movs	r0, r4
100080d2:	2100      	movs	r1, #0
100080d4:	6367      	str	r7, [r4, #52]	@ 0x34
100080d6:	63a5      	str	r5, [r4, #56]	@ 0x38
100080d8:	3328      	adds	r3, #40	@ 0x28
100080da:	3a0c      	subs	r2, #12
100080dc:	f7ff fe34 	bl	10007d48 <cyw43_sdpcm_send_common>
100080e0:	2800      	cmp	r0, #0
100080e2:	d106      	bne.n	100080f2 <cyw43_write_iovar_n+0x82>
100080e4:	002b      	movs	r3, r5
100080e6:	003a      	movs	r2, r7
100080e8:	2102      	movs	r1, #2
100080ea:	0020      	movs	r0, r4
100080ec:	9600      	str	r6, [sp, #0]
100080ee:	f7ff fea9 	bl	10007e44 <cyw43_do_ioctl.part.0>
100080f2:	b003      	add	sp, #12
100080f4:	bcc0      	pop	{r6, r7}
100080f6:	46b9      	mov	r9, r7
100080f8:	46b0      	mov	r8, r6
100080fa:	bdf0      	pop	{r4, r5, r6, r7, pc}

100080fc <cyw43_read_backplane.constprop.0>:
100080fc:	6883      	ldr	r3, [r0, #8]
100080fe:	b570      	push	{r4, r5, r6, lr}
10008100:	0bce      	lsrs	r6, r1, #15
10008102:	0004      	movs	r4, r0
10008104:	000d      	movs	r5, r1
10008106:	03f6      	lsls	r6, r6, #15
10008108:	429e      	cmp	r6, r3
1000810a:	d00d      	beq.n	10008128 <cyw43_read_backplane.constprop.0+0x2c>
1000810c:	2280      	movs	r2, #128	@ 0x80
1000810e:	4073      	eors	r3, r6
10008110:	0452      	lsls	r2, r2, #17
10008112:	4293      	cmp	r3, r2
10008114:	d239      	bcs.n	1000818a <cyw43_read_backplane.constprop.0+0x8e>
10008116:	22ff      	movs	r2, #255	@ 0xff
10008118:	0412      	lsls	r2, r2, #16
1000811a:	4213      	tst	r3, r2
1000811c:	d12c      	bne.n	10008178 <cyw43_read_backplane.constprop.0+0x7c>
1000811e:	22ff      	movs	r2, #255	@ 0xff
10008120:	0212      	lsls	r2, r2, #8
10008122:	4213      	tst	r3, r2
10008124:	d121      	bne.n	1000816a <cyw43_read_backplane.constprop.0+0x6e>
10008126:	60a6      	str	r6, [r4, #8]
10008128:	2280      	movs	r2, #128	@ 0x80
1000812a:	046d      	lsls	r5, r5, #17
1000812c:	0c6d      	lsrs	r5, r5, #17
1000812e:	0212      	lsls	r2, r2, #8
10008130:	432a      	orrs	r2, r5
10008132:	2101      	movs	r1, #1
10008134:	0020      	movs	r0, r4
10008136:	f7fe fef1 	bl	10006f1c <cyw43_read_reg_u8>
1000813a:	25c0      	movs	r5, #192	@ 0xc0
1000813c:	68a3      	ldr	r3, [r4, #8]
1000813e:	0006      	movs	r6, r0
10008140:	056d      	lsls	r5, r5, #21
10008142:	42ab      	cmp	r3, r5
10008144:	d00f      	beq.n	10008166 <cyw43_read_backplane.constprop.0+0x6a>
10008146:	2280      	movs	r2, #128	@ 0x80
10008148:	406b      	eors	r3, r5
1000814a:	0452      	lsls	r2, r2, #17
1000814c:	4293      	cmp	r3, r2
1000814e:	d238      	bcs.n	100081c2 <cyw43_read_backplane.constprop.0+0xc6>
10008150:	22ff      	movs	r2, #255	@ 0xff
10008152:	0412      	lsls	r2, r2, #16
10008154:	4213      	tst	r3, r2
10008156:	d128      	bne.n	100081aa <cyw43_read_backplane.constprop.0+0xae>
10008158:	22ff      	movs	r2, #255	@ 0xff
1000815a:	0212      	lsls	r2, r2, #8
1000815c:	4213      	tst	r3, r2
1000815e:	d11c      	bne.n	1000819a <cyw43_read_backplane.constprop.0+0x9e>
10008160:	23c0      	movs	r3, #192	@ 0xc0
10008162:	055b      	lsls	r3, r3, #21
10008164:	60a3      	str	r3, [r4, #8]
10008166:	0030      	movs	r0, r6
10008168:	bd70      	pop	{r4, r5, r6, pc}
1000816a:	2101      	movs	r1, #1
1000816c:	0020      	movs	r0, r4
1000816e:	4a19      	ldr	r2, [pc, #100]	@ (100081d4 <cyw43_read_backplane.constprop.0+0xd8>)
10008170:	0a33      	lsrs	r3, r6, #8
10008172:	f7ff fa19 	bl	100075a8 <cyw43_write_reg_u8>
10008176:	e7d6      	b.n	10008126 <cyw43_read_backplane.constprop.0+0x2a>
10008178:	0c33      	lsrs	r3, r6, #16
1000817a:	2101      	movs	r1, #1
1000817c:	0020      	movs	r0, r4
1000817e:	4a16      	ldr	r2, [pc, #88]	@ (100081d8 <cyw43_read_backplane.constprop.0+0xdc>)
10008180:	f7ff fa12 	bl	100075a8 <cyw43_write_reg_u8>
10008184:	68a3      	ldr	r3, [r4, #8]
10008186:	4073      	eors	r3, r6
10008188:	e7c9      	b.n	1000811e <cyw43_read_backplane.constprop.0+0x22>
1000818a:	0e33      	lsrs	r3, r6, #24
1000818c:	2101      	movs	r1, #1
1000818e:	4a13      	ldr	r2, [pc, #76]	@ (100081dc <cyw43_read_backplane.constprop.0+0xe0>)
10008190:	f7ff fa0a 	bl	100075a8 <cyw43_write_reg_u8>
10008194:	68a3      	ldr	r3, [r4, #8]
10008196:	4073      	eors	r3, r6
10008198:	e7bd      	b.n	10008116 <cyw43_read_backplane.constprop.0+0x1a>
1000819a:	23c0      	movs	r3, #192	@ 0xc0
1000819c:	2101      	movs	r1, #1
1000819e:	0020      	movs	r0, r4
100081a0:	4a0c      	ldr	r2, [pc, #48]	@ (100081d4 <cyw43_read_backplane.constprop.0+0xd8>)
100081a2:	035b      	lsls	r3, r3, #13
100081a4:	f7ff fa00 	bl	100075a8 <cyw43_write_reg_u8>
100081a8:	e7da      	b.n	10008160 <cyw43_read_backplane.constprop.0+0x64>
100081aa:	23c0      	movs	r3, #192	@ 0xc0
100081ac:	4a0a      	ldr	r2, [pc, #40]	@ (100081d8 <cyw43_read_backplane.constprop.0+0xdc>)
100081ae:	015b      	lsls	r3, r3, #5
100081b0:	2101      	movs	r1, #1
100081b2:	0020      	movs	r0, r4
100081b4:	f7ff f9f8 	bl	100075a8 <cyw43_write_reg_u8>
100081b8:	23c0      	movs	r3, #192	@ 0xc0
100081ba:	68a2      	ldr	r2, [r4, #8]
100081bc:	055b      	lsls	r3, r3, #21
100081be:	4053      	eors	r3, r2
100081c0:	e7ca      	b.n	10008158 <cyw43_read_backplane.constprop.0+0x5c>
100081c2:	2318      	movs	r3, #24
100081c4:	2101      	movs	r1, #1
100081c6:	0020      	movs	r0, r4
100081c8:	4a04      	ldr	r2, [pc, #16]	@ (100081dc <cyw43_read_backplane.constprop.0+0xe0>)
100081ca:	f7ff f9ed 	bl	100075a8 <cyw43_write_reg_u8>
100081ce:	68a3      	ldr	r3, [r4, #8]
100081d0:	406b      	eors	r3, r5
100081d2:	e7bd      	b.n	10008150 <cyw43_read_backplane.constprop.0+0x54>
100081d4:	0001000a 	.word	0x0001000a
100081d8:	0001000b 	.word	0x0001000b
100081dc:	0001000c 	.word	0x0001000c

100081e0 <cyw43_write_backplane>:
100081e0:	b5f0      	push	{r4, r5, r6, r7, lr}
100081e2:	46c6      	mov	lr, r8
100081e4:	0bce      	lsrs	r6, r1, #15
100081e6:	000d      	movs	r5, r1
100081e8:	6881      	ldr	r1, [r0, #8]
100081ea:	0004      	movs	r4, r0
100081ec:	4690      	mov	r8, r2
100081ee:	001f      	movs	r7, r3
100081f0:	b500      	push	{lr}
100081f2:	03f6      	lsls	r6, r6, #15
100081f4:	428e      	cmp	r6, r1
100081f6:	d00d      	beq.n	10008214 <cyw43_write_backplane+0x34>
100081f8:	2380      	movs	r3, #128	@ 0x80
100081fa:	4071      	eors	r1, r6
100081fc:	045b      	lsls	r3, r3, #17
100081fe:	4299      	cmp	r1, r3
10008200:	d266      	bcs.n	100082d0 <cyw43_write_backplane+0xf0>
10008202:	23ff      	movs	r3, #255	@ 0xff
10008204:	041b      	lsls	r3, r3, #16
10008206:	4219      	tst	r1, r3
10008208:	d159      	bne.n	100082be <cyw43_write_backplane+0xde>
1000820a:	23ff      	movs	r3, #255	@ 0xff
1000820c:	021b      	lsls	r3, r3, #8
1000820e:	4219      	tst	r1, r3
10008210:	d125      	bne.n	1000825e <cyw43_write_backplane+0x7e>
10008212:	60a6      	str	r6, [r4, #8]
10008214:	2280      	movs	r2, #128	@ 0x80
10008216:	4643      	mov	r3, r8
10008218:	046d      	lsls	r5, r5, #17
1000821a:	0c6d      	lsrs	r5, r5, #17
1000821c:	0212      	lsls	r2, r2, #8
1000821e:	432a      	orrs	r2, r5
10008220:	2b01      	cmp	r3, #1
10008222:	d023      	beq.n	1000826c <cyw43_write_backplane+0x8c>
10008224:	003b      	movs	r3, r7
10008226:	2101      	movs	r1, #1
10008228:	0020      	movs	r0, r4
1000822a:	f7fe ffa9 	bl	10007180 <cyw43_write_reg_u32>
1000822e:	25c0      	movs	r5, #192	@ 0xc0
10008230:	68a3      	ldr	r3, [r4, #8]
10008232:	056d      	lsls	r5, r5, #21
10008234:	42ab      	cmp	r3, r5
10008236:	d00f      	beq.n	10008258 <cyw43_write_backplane+0x78>
10008238:	2280      	movs	r2, #128	@ 0x80
1000823a:	406b      	eors	r3, r5
1000823c:	0452      	lsls	r2, r2, #17
1000823e:	4293      	cmp	r3, r2
10008240:	d21a      	bcs.n	10008278 <cyw43_write_backplane+0x98>
10008242:	22ff      	movs	r2, #255	@ 0xff
10008244:	0412      	lsls	r2, r2, #16
10008246:	4213      	tst	r3, r2
10008248:	d122      	bne.n	10008290 <cyw43_write_backplane+0xb0>
1000824a:	22ff      	movs	r2, #255	@ 0xff
1000824c:	0212      	lsls	r2, r2, #8
1000824e:	4213      	tst	r3, r2
10008250:	d12d      	bne.n	100082ae <cyw43_write_backplane+0xce>
10008252:	23c0      	movs	r3, #192	@ 0xc0
10008254:	055b      	lsls	r3, r3, #21
10008256:	60a3      	str	r3, [r4, #8]
10008258:	bc80      	pop	{r7}
1000825a:	46b8      	mov	r8, r7
1000825c:	bdf0      	pop	{r4, r5, r6, r7, pc}
1000825e:	2101      	movs	r1, #1
10008260:	0020      	movs	r0, r4
10008262:	4a1f      	ldr	r2, [pc, #124]	@ (100082e0 <cyw43_write_backplane+0x100>)
10008264:	0a33      	lsrs	r3, r6, #8
10008266:	f7ff f99f 	bl	100075a8 <cyw43_write_reg_u8>
1000826a:	e7d2      	b.n	10008212 <cyw43_write_backplane+0x32>
1000826c:	003b      	movs	r3, r7
1000826e:	2101      	movs	r1, #1
10008270:	0020      	movs	r0, r4
10008272:	f7ff f999 	bl	100075a8 <cyw43_write_reg_u8>
10008276:	e7da      	b.n	1000822e <cyw43_write_backplane+0x4e>
10008278:	2318      	movs	r3, #24
1000827a:	4a1a      	ldr	r2, [pc, #104]	@ (100082e4 <cyw43_write_backplane+0x104>)
1000827c:	2101      	movs	r1, #1
1000827e:	0020      	movs	r0, r4
10008280:	f7ff f992 	bl	100075a8 <cyw43_write_reg_u8>
10008284:	22ff      	movs	r2, #255	@ 0xff
10008286:	68a3      	ldr	r3, [r4, #8]
10008288:	0412      	lsls	r2, r2, #16
1000828a:	406b      	eors	r3, r5
1000828c:	4213      	tst	r3, r2
1000828e:	d0dc      	beq.n	1000824a <cyw43_write_backplane+0x6a>
10008290:	23c0      	movs	r3, #192	@ 0xc0
10008292:	4a15      	ldr	r2, [pc, #84]	@ (100082e8 <cyw43_write_backplane+0x108>)
10008294:	015b      	lsls	r3, r3, #5
10008296:	2101      	movs	r1, #1
10008298:	0020      	movs	r0, r4
1000829a:	f7ff f985 	bl	100075a8 <cyw43_write_reg_u8>
1000829e:	23c0      	movs	r3, #192	@ 0xc0
100082a0:	68a2      	ldr	r2, [r4, #8]
100082a2:	055b      	lsls	r3, r3, #21
100082a4:	4053      	eors	r3, r2
100082a6:	22ff      	movs	r2, #255	@ 0xff
100082a8:	0212      	lsls	r2, r2, #8
100082aa:	4213      	tst	r3, r2
100082ac:	d0d1      	beq.n	10008252 <cyw43_write_backplane+0x72>
100082ae:	23c0      	movs	r3, #192	@ 0xc0
100082b0:	2101      	movs	r1, #1
100082b2:	0020      	movs	r0, r4
100082b4:	4a0a      	ldr	r2, [pc, #40]	@ (100082e0 <cyw43_write_backplane+0x100>)
100082b6:	035b      	lsls	r3, r3, #13
100082b8:	f7ff f976 	bl	100075a8 <cyw43_write_reg_u8>
100082bc:	e7c9      	b.n	10008252 <cyw43_write_backplane+0x72>
100082be:	2101      	movs	r1, #1
100082c0:	0020      	movs	r0, r4
100082c2:	4a09      	ldr	r2, [pc, #36]	@ (100082e8 <cyw43_write_backplane+0x108>)
100082c4:	0c33      	lsrs	r3, r6, #16
100082c6:	f7ff f96f 	bl	100075a8 <cyw43_write_reg_u8>
100082ca:	68a1      	ldr	r1, [r4, #8]
100082cc:	4071      	eors	r1, r6
100082ce:	e79c      	b.n	1000820a <cyw43_write_backplane+0x2a>
100082d0:	2101      	movs	r1, #1
100082d2:	4a04      	ldr	r2, [pc, #16]	@ (100082e4 <cyw43_write_backplane+0x104>)
100082d4:	0e33      	lsrs	r3, r6, #24
100082d6:	f7ff f967 	bl	100075a8 <cyw43_write_reg_u8>
100082da:	68a1      	ldr	r1, [r4, #8]
100082dc:	4071      	eors	r1, r6
100082de:	e790      	b.n	10008202 <cyw43_write_backplane+0x22>
100082e0:	0001000a 	.word	0x0001000a
100082e4:	0001000c 	.word	0x0001000c
100082e8:	0001000b 	.word	0x0001000b

100082ec <reset_device_core.constprop.0>:
100082ec:	b5f8      	push	{r3, r4, r5, r6, r7, lr}
100082ee:	46ce      	mov	lr, r9
100082f0:	4647      	mov	r7, r8
100082f2:	0004      	movs	r4, r0
100082f4:	000d      	movs	r5, r1
100082f6:	b580      	push	{r7, lr}
100082f8:	2901      	cmp	r1, #1
100082fa:	d100      	bne.n	100082fe <reset_device_core.constprop.0+0x12>
100082fc:	e1e4      	b.n	100086c8 <reset_device_core.constprop.0+0x3dc>
100082fe:	4bd7      	ldr	r3, [pc, #860]	@ (1000865c <reset_device_core.constprop.0+0x370>)
10008300:	27c8      	movs	r7, #200	@ 0xc8
10008302:	4698      	mov	r8, r3
10008304:	023f      	lsls	r7, r7, #8
10008306:	26c0      	movs	r6, #192	@ 0xc0
10008308:	4641      	mov	r1, r8
1000830a:	0020      	movs	r0, r4
1000830c:	f7ff faf2 	bl	100078f4 <cyw43_set_backplane_window>
10008310:	003a      	movs	r2, r7
10008312:	2101      	movs	r1, #1
10008314:	0020      	movs	r0, r4
10008316:	f7fe fe01 	bl	10006f1c <cyw43_read_reg_u8>
1000831a:	68a3      	ldr	r3, [r4, #8]
1000831c:	0576      	lsls	r6, r6, #21
1000831e:	42b3      	cmp	r3, r6
10008320:	d012      	beq.n	10008348 <reset_device_core.constprop.0+0x5c>
10008322:	2280      	movs	r2, #128	@ 0x80
10008324:	4073      	eors	r3, r6
10008326:	0452      	lsls	r2, r2, #17
10008328:	4293      	cmp	r3, r2
1000832a:	d300      	bcc.n	1000832e <reset_device_core.constprop.0+0x42>
1000832c:	e0e7      	b.n	100084fe <reset_device_core.constprop.0+0x212>
1000832e:	22ff      	movs	r2, #255	@ 0xff
10008330:	0412      	lsls	r2, r2, #16
10008332:	4213      	tst	r3, r2
10008334:	d000      	beq.n	10008338 <reset_device_core.constprop.0+0x4c>
10008336:	e0ef      	b.n	10008518 <reset_device_core.constprop.0+0x22c>
10008338:	22ff      	movs	r2, #255	@ 0xff
1000833a:	0212      	lsls	r2, r2, #8
1000833c:	4213      	tst	r3, r2
1000833e:	d000      	beq.n	10008342 <reset_device_core.constprop.0+0x56>
10008340:	e0fa      	b.n	10008538 <reset_device_core.constprop.0+0x24c>
10008342:	23c0      	movs	r3, #192	@ 0xc0
10008344:	055b      	lsls	r3, r3, #21
10008346:	60a3      	str	r3, [r4, #8]
10008348:	4641      	mov	r1, r8
1000834a:	0020      	movs	r0, r4
1000834c:	f7ff fad2 	bl	100078f4 <cyw43_set_backplane_window>
10008350:	003a      	movs	r2, r7
10008352:	2101      	movs	r1, #1
10008354:	0020      	movs	r0, r4
10008356:	f7fe fde1 	bl	10006f1c <cyw43_read_reg_u8>
1000835a:	22c0      	movs	r2, #192	@ 0xc0
1000835c:	68a3      	ldr	r3, [r4, #8]
1000835e:	0552      	lsls	r2, r2, #21
10008360:	0006      	movs	r6, r0
10008362:	4691      	mov	r9, r2
10008364:	4293      	cmp	r3, r2
10008366:	d012      	beq.n	1000838e <reset_device_core.constprop.0+0xa2>
10008368:	4053      	eors	r3, r2
1000836a:	2280      	movs	r2, #128	@ 0x80
1000836c:	0452      	lsls	r2, r2, #17
1000836e:	4293      	cmp	r3, r2
10008370:	d300      	bcc.n	10008374 <reset_device_core.constprop.0+0x88>
10008372:	e19e      	b.n	100086b2 <reset_device_core.constprop.0+0x3c6>
10008374:	22ff      	movs	r2, #255	@ 0xff
10008376:	0412      	lsls	r2, r2, #16
10008378:	4213      	tst	r3, r2
1000837a:	d000      	beq.n	1000837e <reset_device_core.constprop.0+0x92>
1000837c:	e18d      	b.n	1000869a <reset_device_core.constprop.0+0x3ae>
1000837e:	22ff      	movs	r2, #255	@ 0xff
10008380:	0212      	lsls	r2, r2, #8
10008382:	4213      	tst	r3, r2
10008384:	d000      	beq.n	10008388 <reset_device_core.constprop.0+0x9c>
10008386:	e180      	b.n	1000868a <reset_device_core.constprop.0+0x39e>
10008388:	23c0      	movs	r3, #192	@ 0xc0
1000838a:	055b      	lsls	r3, r3, #21
1000838c:	60a3      	str	r3, [r4, #8]
1000838e:	07f6      	lsls	r6, r6, #31
10008390:	d400      	bmi.n	10008394 <reset_device_core.constprop.0+0xa8>
10008392:	e1a1      	b.n	100086d8 <reset_device_core.constprop.0+0x3ec>
10008394:	2d01      	cmp	r5, #1
10008396:	d100      	bne.n	1000839a <reset_device_core.constprop.0+0xae>
10008398:	e19b      	b.n	100086d2 <reset_device_core.constprop.0+0x3e6>
1000839a:	4db1      	ldr	r5, [pc, #708]	@ (10008660 <reset_device_core.constprop.0+0x374>)
1000839c:	4eb1      	ldr	r6, [pc, #708]	@ (10008664 <reset_device_core.constprop.0+0x378>)
1000839e:	0031      	movs	r1, r6
100083a0:	0020      	movs	r0, r4
100083a2:	f7ff faa7 	bl	100078f4 <cyw43_set_backplane_window>
100083a6:	2303      	movs	r3, #3
100083a8:	002a      	movs	r2, r5
100083aa:	2101      	movs	r1, #1
100083ac:	0020      	movs	r0, r4
100083ae:	f7ff f8fb 	bl	100075a8 <cyw43_write_reg_u8>
100083b2:	22c0      	movs	r2, #192	@ 0xc0
100083b4:	68a3      	ldr	r3, [r4, #8]
100083b6:	0552      	lsls	r2, r2, #21
100083b8:	4691      	mov	r9, r2
100083ba:	4293      	cmp	r3, r2
100083bc:	d012      	beq.n	100083e4 <reset_device_core.constprop.0+0xf8>
100083be:	4053      	eors	r3, r2
100083c0:	2280      	movs	r2, #128	@ 0x80
100083c2:	0452      	lsls	r2, r2, #17
100083c4:	4293      	cmp	r3, r2
100083c6:	d300      	bcc.n	100083ca <reset_device_core.constprop.0+0xde>
100083c8:	e154      	b.n	10008674 <reset_device_core.constprop.0+0x388>
100083ca:	22ff      	movs	r2, #255	@ 0xff
100083cc:	0412      	lsls	r2, r2, #16
100083ce:	4213      	tst	r3, r2
100083d0:	d000      	beq.n	100083d4 <reset_device_core.constprop.0+0xe8>
100083d2:	e137      	b.n	10008644 <reset_device_core.constprop.0+0x358>
100083d4:	22ff      	movs	r2, #255	@ 0xff
100083d6:	0212      	lsls	r2, r2, #8
100083d8:	4213      	tst	r3, r2
100083da:	d000      	beq.n	100083de <reset_device_core.constprop.0+0xf2>
100083dc:	e12a      	b.n	10008634 <reset_device_core.constprop.0+0x348>
100083de:	23c0      	movs	r3, #192	@ 0xc0
100083e0:	055b      	lsls	r3, r3, #21
100083e2:	60a3      	str	r3, [r4, #8]
100083e4:	0031      	movs	r1, r6
100083e6:	0020      	movs	r0, r4
100083e8:	f7ff fa84 	bl	100078f4 <cyw43_set_backplane_window>
100083ec:	002a      	movs	r2, r5
100083ee:	2101      	movs	r1, #1
100083f0:	0020      	movs	r0, r4
100083f2:	f7fe fd93 	bl	10006f1c <cyw43_read_reg_u8>
100083f6:	22c0      	movs	r2, #192	@ 0xc0
100083f8:	68a3      	ldr	r3, [r4, #8]
100083fa:	0552      	lsls	r2, r2, #21
100083fc:	4691      	mov	r9, r2
100083fe:	4293      	cmp	r3, r2
10008400:	d012      	beq.n	10008428 <reset_device_core.constprop.0+0x13c>
10008402:	4053      	eors	r3, r2
10008404:	2280      	movs	r2, #128	@ 0x80
10008406:	0452      	lsls	r2, r2, #17
10008408:	4293      	cmp	r3, r2
1000840a:	d300      	bcc.n	1000840e <reset_device_core.constprop.0+0x122>
1000840c:	e107      	b.n	1000861e <reset_device_core.constprop.0+0x332>
1000840e:	22ff      	movs	r2, #255	@ 0xff
10008410:	0412      	lsls	r2, r2, #16
10008412:	4213      	tst	r3, r2
10008414:	d000      	beq.n	10008418 <reset_device_core.constprop.0+0x12c>
10008416:	e0f6      	b.n	10008606 <reset_device_core.constprop.0+0x31a>
10008418:	22ff      	movs	r2, #255	@ 0xff
1000841a:	0212      	lsls	r2, r2, #8
1000841c:	4213      	tst	r3, r2
1000841e:	d000      	beq.n	10008422 <reset_device_core.constprop.0+0x136>
10008420:	e0e9      	b.n	100085f6 <reset_device_core.constprop.0+0x30a>
10008422:	23c0      	movs	r3, #192	@ 0xc0
10008424:	055b      	lsls	r3, r3, #21
10008426:	60a3      	str	r3, [r4, #8]
10008428:	4641      	mov	r1, r8
1000842a:	0020      	movs	r0, r4
1000842c:	f7ff fa62 	bl	100078f4 <cyw43_set_backplane_window>
10008430:	003a      	movs	r2, r7
10008432:	27c0      	movs	r7, #192	@ 0xc0
10008434:	2300      	movs	r3, #0
10008436:	2101      	movs	r1, #1
10008438:	0020      	movs	r0, r4
1000843a:	f7ff f8b5 	bl	100075a8 <cyw43_write_reg_u8>
1000843e:	68a3      	ldr	r3, [r4, #8]
10008440:	057f      	lsls	r7, r7, #21
10008442:	42bb      	cmp	r3, r7
10008444:	d012      	beq.n	1000846c <reset_device_core.constprop.0+0x180>
10008446:	2280      	movs	r2, #128	@ 0x80
10008448:	407b      	eors	r3, r7
1000844a:	0452      	lsls	r2, r2, #17
1000844c:	4293      	cmp	r3, r2
1000844e:	d300      	bcc.n	10008452 <reset_device_core.constprop.0+0x166>
10008450:	e0c8      	b.n	100085e4 <reset_device_core.constprop.0+0x2f8>
10008452:	22ff      	movs	r2, #255	@ 0xff
10008454:	0412      	lsls	r2, r2, #16
10008456:	4213      	tst	r3, r2
10008458:	d000      	beq.n	1000845c <reset_device_core.constprop.0+0x170>
1000845a:	e0b7      	b.n	100085cc <reset_device_core.constprop.0+0x2e0>
1000845c:	22ff      	movs	r2, #255	@ 0xff
1000845e:	0212      	lsls	r2, r2, #8
10008460:	4213      	tst	r3, r2
10008462:	d000      	beq.n	10008466 <reset_device_core.constprop.0+0x17a>
10008464:	e0aa      	b.n	100085bc <reset_device_core.constprop.0+0x2d0>
10008466:	23c0      	movs	r3, #192	@ 0xc0
10008468:	055b      	lsls	r3, r3, #21
1000846a:	60a3      	str	r3, [r4, #8]
1000846c:	27c0      	movs	r7, #192	@ 0xc0
1000846e:	2001      	movs	r0, #1
10008470:	f001 fcac 	bl	10009dcc <cyw43_delay_ms>
10008474:	0031      	movs	r1, r6
10008476:	0020      	movs	r0, r4
10008478:	f7ff fa3c 	bl	100078f4 <cyw43_set_backplane_window>
1000847c:	2301      	movs	r3, #1
1000847e:	002a      	movs	r2, r5
10008480:	2101      	movs	r1, #1
10008482:	0020      	movs	r0, r4
10008484:	f7ff f890 	bl	100075a8 <cyw43_write_reg_u8>
10008488:	68a3      	ldr	r3, [r4, #8]
1000848a:	057f      	lsls	r7, r7, #21
1000848c:	42bb      	cmp	r3, r7
1000848e:	d011      	beq.n	100084b4 <reset_device_core.constprop.0+0x1c8>
10008490:	2280      	movs	r2, #128	@ 0x80
10008492:	407b      	eors	r3, r7
10008494:	0452      	lsls	r2, r2, #17
10008496:	4293      	cmp	r3, r2
10008498:	d300      	bcc.n	1000849c <reset_device_core.constprop.0+0x1b0>
1000849a:	e086      	b.n	100085aa <reset_device_core.constprop.0+0x2be>
1000849c:	22ff      	movs	r2, #255	@ 0xff
1000849e:	0412      	lsls	r2, r2, #16
100084a0:	4213      	tst	r3, r2
100084a2:	d000      	beq.n	100084a6 <reset_device_core.constprop.0+0x1ba>
100084a4:	e075      	b.n	10008592 <reset_device_core.constprop.0+0x2a6>
100084a6:	22ff      	movs	r2, #255	@ 0xff
100084a8:	0212      	lsls	r2, r2, #8
100084aa:	4213      	tst	r3, r2
100084ac:	d169      	bne.n	10008582 <reset_device_core.constprop.0+0x296>
100084ae:	23c0      	movs	r3, #192	@ 0xc0
100084b0:	055b      	lsls	r3, r3, #21
100084b2:	60a3      	str	r3, [r4, #8]
100084b4:	0031      	movs	r1, r6
100084b6:	0020      	movs	r0, r4
100084b8:	f7ff fa1c 	bl	100078f4 <cyw43_set_backplane_window>
100084bc:	002a      	movs	r2, r5
100084be:	25c0      	movs	r5, #192	@ 0xc0
100084c0:	2101      	movs	r1, #1
100084c2:	0020      	movs	r0, r4
100084c4:	f7fe fd2a 	bl	10006f1c <cyw43_read_reg_u8>
100084c8:	68a3      	ldr	r3, [r4, #8]
100084ca:	056d      	lsls	r5, r5, #21
100084cc:	42ab      	cmp	r3, r5
100084ce:	d00f      	beq.n	100084f0 <reset_device_core.constprop.0+0x204>
100084d0:	2280      	movs	r2, #128	@ 0x80
100084d2:	406b      	eors	r3, r5
100084d4:	0452      	lsls	r2, r2, #17
100084d6:	4293      	cmp	r3, r2
100084d8:	d24a      	bcs.n	10008570 <reset_device_core.constprop.0+0x284>
100084da:	22ff      	movs	r2, #255	@ 0xff
100084dc:	0412      	lsls	r2, r2, #16
100084de:	4213      	tst	r3, r2
100084e0:	d13a      	bne.n	10008558 <reset_device_core.constprop.0+0x26c>
100084e2:	22ff      	movs	r2, #255	@ 0xff
100084e4:	0212      	lsls	r2, r2, #8
100084e6:	4213      	tst	r3, r2
100084e8:	d12e      	bne.n	10008548 <reset_device_core.constprop.0+0x25c>
100084ea:	23c0      	movs	r3, #192	@ 0xc0
100084ec:	055b      	lsls	r3, r3, #21
100084ee:	60a3      	str	r3, [r4, #8]
100084f0:	2001      	movs	r0, #1
100084f2:	f001 fc6b 	bl	10009dcc <cyw43_delay_ms>
100084f6:	bcc0      	pop	{r6, r7}
100084f8:	46b9      	mov	r9, r7
100084fa:	46b0      	mov	r8, r6
100084fc:	bdf8      	pop	{r3, r4, r5, r6, r7, pc}
100084fe:	2318      	movs	r3, #24
10008500:	4a59      	ldr	r2, [pc, #356]	@ (10008668 <reset_device_core.constprop.0+0x37c>)
10008502:	2101      	movs	r1, #1
10008504:	0020      	movs	r0, r4
10008506:	f7ff f84f 	bl	100075a8 <cyw43_write_reg_u8>
1000850a:	22ff      	movs	r2, #255	@ 0xff
1000850c:	68a3      	ldr	r3, [r4, #8]
1000850e:	0412      	lsls	r2, r2, #16
10008510:	4073      	eors	r3, r6
10008512:	4213      	tst	r3, r2
10008514:	d100      	bne.n	10008518 <reset_device_core.constprop.0+0x22c>
10008516:	e70f      	b.n	10008338 <reset_device_core.constprop.0+0x4c>
10008518:	23c0      	movs	r3, #192	@ 0xc0
1000851a:	4a54      	ldr	r2, [pc, #336]	@ (1000866c <reset_device_core.constprop.0+0x380>)
1000851c:	015b      	lsls	r3, r3, #5
1000851e:	2101      	movs	r1, #1
10008520:	0020      	movs	r0, r4
10008522:	f7ff f841 	bl	100075a8 <cyw43_write_reg_u8>
10008526:	23c0      	movs	r3, #192	@ 0xc0
10008528:	68a2      	ldr	r2, [r4, #8]
1000852a:	055b      	lsls	r3, r3, #21
1000852c:	4053      	eors	r3, r2
1000852e:	22ff      	movs	r2, #255	@ 0xff
10008530:	0212      	lsls	r2, r2, #8
10008532:	4213      	tst	r3, r2
10008534:	d100      	bne.n	10008538 <reset_device_core.constprop.0+0x24c>
10008536:	e704      	b.n	10008342 <reset_device_core.constprop.0+0x56>
10008538:	23c0      	movs	r3, #192	@ 0xc0
1000853a:	2101      	movs	r1, #1
1000853c:	0020      	movs	r0, r4
1000853e:	4a4c      	ldr	r2, [pc, #304]	@ (10008670 <reset_device_core.constprop.0+0x384>)
10008540:	035b      	lsls	r3, r3, #13
10008542:	f7ff f831 	bl	100075a8 <cyw43_write_reg_u8>
10008546:	e6fc      	b.n	10008342 <reset_device_core.constprop.0+0x56>
10008548:	23c0      	movs	r3, #192	@ 0xc0
1000854a:	2101      	movs	r1, #1
1000854c:	0020      	movs	r0, r4
1000854e:	4a48      	ldr	r2, [pc, #288]	@ (10008670 <reset_device_core.constprop.0+0x384>)
10008550:	035b      	lsls	r3, r3, #13
10008552:	f7ff f829 	bl	100075a8 <cyw43_write_reg_u8>
10008556:	e7c8      	b.n	100084ea <reset_device_core.constprop.0+0x1fe>
10008558:	23c0      	movs	r3, #192	@ 0xc0
1000855a:	4a44      	ldr	r2, [pc, #272]	@ (1000866c <reset_device_core.constprop.0+0x380>)
1000855c:	015b      	lsls	r3, r3, #5
1000855e:	2101      	movs	r1, #1
10008560:	0020      	movs	r0, r4
10008562:	f7ff f821 	bl	100075a8 <cyw43_write_reg_u8>
10008566:	23c0      	movs	r3, #192	@ 0xc0
10008568:	68a2      	ldr	r2, [r4, #8]
1000856a:	055b      	lsls	r3, r3, #21
1000856c:	4053      	eors	r3, r2
1000856e:	e7b8      	b.n	100084e2 <reset_device_core.constprop.0+0x1f6>
10008570:	2318      	movs	r3, #24
10008572:	2101      	movs	r1, #1
10008574:	0020      	movs	r0, r4
10008576:	4a3c      	ldr	r2, [pc, #240]	@ (10008668 <reset_device_core.constprop.0+0x37c>)
10008578:	f7ff f816 	bl	100075a8 <cyw43_write_reg_u8>
1000857c:	68a3      	ldr	r3, [r4, #8]
1000857e:	406b      	eors	r3, r5
10008580:	e7ab      	b.n	100084da <reset_device_core.constprop.0+0x1ee>
10008582:	23c0      	movs	r3, #192	@ 0xc0
10008584:	2101      	movs	r1, #1
10008586:	0020      	movs	r0, r4
10008588:	4a39      	ldr	r2, [pc, #228]	@ (10008670 <reset_device_core.constprop.0+0x384>)
1000858a:	035b      	lsls	r3, r3, #13
1000858c:	f7ff f80c 	bl	100075a8 <cyw43_write_reg_u8>
10008590:	e78d      	b.n	100084ae <reset_device_core.constprop.0+0x1c2>
10008592:	23c0      	movs	r3, #192	@ 0xc0
10008594:	4a35      	ldr	r2, [pc, #212]	@ (1000866c <reset_device_core.constprop.0+0x380>)
10008596:	015b      	lsls	r3, r3, #5
10008598:	2101      	movs	r1, #1
1000859a:	0020      	movs	r0, r4
1000859c:	f7ff f804 	bl	100075a8 <cyw43_write_reg_u8>
100085a0:	23c0      	movs	r3, #192	@ 0xc0
100085a2:	68a2      	ldr	r2, [r4, #8]
100085a4:	055b      	lsls	r3, r3, #21
100085a6:	4053      	eors	r3, r2
100085a8:	e77d      	b.n	100084a6 <reset_device_core.constprop.0+0x1ba>
100085aa:	2318      	movs	r3, #24
100085ac:	2101      	movs	r1, #1
100085ae:	0020      	movs	r0, r4
100085b0:	4a2d      	ldr	r2, [pc, #180]	@ (10008668 <reset_device_core.constprop.0+0x37c>)
100085b2:	f7fe fff9 	bl	100075a8 <cyw43_write_reg_u8>
100085b6:	68a3      	ldr	r3, [r4, #8]
100085b8:	407b      	eors	r3, r7
100085ba:	e76f      	b.n	1000849c <reset_device_core.constprop.0+0x1b0>
100085bc:	23c0      	movs	r3, #192	@ 0xc0
100085be:	2101      	movs	r1, #1
100085c0:	0020      	movs	r0, r4
100085c2:	4a2b      	ldr	r2, [pc, #172]	@ (10008670 <reset_device_core.constprop.0+0x384>)
100085c4:	035b      	lsls	r3, r3, #13
100085c6:	f7fe ffef 	bl	100075a8 <cyw43_write_reg_u8>
100085ca:	e74c      	b.n	10008466 <reset_device_core.constprop.0+0x17a>
100085cc:	23c0      	movs	r3, #192	@ 0xc0
100085ce:	4a27      	ldr	r2, [pc, #156]	@ (1000866c <reset_device_core.constprop.0+0x380>)
100085d0:	015b      	lsls	r3, r3, #5
100085d2:	2101      	movs	r1, #1
100085d4:	0020      	movs	r0, r4
100085d6:	f7fe ffe7 	bl	100075a8 <cyw43_write_reg_u8>
100085da:	23c0      	movs	r3, #192	@ 0xc0
100085dc:	68a2      	ldr	r2, [r4, #8]
100085de:	055b      	lsls	r3, r3, #21
100085e0:	4053      	eors	r3, r2
100085e2:	e73b      	b.n	1000845c <reset_device_core.constprop.0+0x170>
100085e4:	2318      	movs	r3, #24
100085e6:	2101      	movs	r1, #1
100085e8:	0020      	movs	r0, r4
100085ea:	4a1f      	ldr	r2, [pc, #124]	@ (10008668 <reset_device_core.constprop.0+0x37c>)
100085ec:	f7fe ffdc 	bl	100075a8 <cyw43_write_reg_u8>
100085f0:	68a3      	ldr	r3, [r4, #8]
100085f2:	407b      	eors	r3, r7
100085f4:	e72d      	b.n	10008452 <reset_device_core.constprop.0+0x166>
100085f6:	23c0      	movs	r3, #192	@ 0xc0
100085f8:	2101      	movs	r1, #1
100085fa:	0020      	movs	r0, r4
100085fc:	4a1c      	ldr	r2, [pc, #112]	@ (10008670 <reset_device_core.constprop.0+0x384>)
100085fe:	035b      	lsls	r3, r3, #13
10008600:	f7fe ffd2 	bl	100075a8 <cyw43_write_reg_u8>
10008604:	e70d      	b.n	10008422 <reset_device_core.constprop.0+0x136>
10008606:	23c0      	movs	r3, #192	@ 0xc0
10008608:	4a18      	ldr	r2, [pc, #96]	@ (1000866c <reset_device_core.constprop.0+0x380>)
1000860a:	015b      	lsls	r3, r3, #5
1000860c:	2101      	movs	r1, #1
1000860e:	0020      	movs	r0, r4
10008610:	f7fe ffca 	bl	100075a8 <cyw43_write_reg_u8>
10008614:	23c0      	movs	r3, #192	@ 0xc0
10008616:	68a2      	ldr	r2, [r4, #8]
10008618:	055b      	lsls	r3, r3, #21
1000861a:	4053      	eors	r3, r2
1000861c:	e6fc      	b.n	10008418 <reset_device_core.constprop.0+0x12c>
1000861e:	2318      	movs	r3, #24
10008620:	4a11      	ldr	r2, [pc, #68]	@ (10008668 <reset_device_core.constprop.0+0x37c>)
10008622:	2101      	movs	r1, #1
10008624:	0020      	movs	r0, r4
10008626:	f7fe ffbf 	bl	100075a8 <cyw43_write_reg_u8>
1000862a:	464a      	mov	r2, r9
1000862c:	68a3      	ldr	r3, [r4, #8]
1000862e:	405a      	eors	r2, r3
10008630:	0013      	movs	r3, r2
10008632:	e6ec      	b.n	1000840e <reset_device_core.constprop.0+0x122>
10008634:	23c0      	movs	r3, #192	@ 0xc0
10008636:	2101      	movs	r1, #1
10008638:	0020      	movs	r0, r4
1000863a:	4a0d      	ldr	r2, [pc, #52]	@ (10008670 <reset_device_core.constprop.0+0x384>)
1000863c:	035b      	lsls	r3, r3, #13
1000863e:	f7fe ffb3 	bl	100075a8 <cyw43_write_reg_u8>
10008642:	e6cc      	b.n	100083de <reset_device_core.constprop.0+0xf2>
10008644:	23c0      	movs	r3, #192	@ 0xc0
10008646:	4a09      	ldr	r2, [pc, #36]	@ (1000866c <reset_device_core.constprop.0+0x380>)
10008648:	015b      	lsls	r3, r3, #5
1000864a:	2101      	movs	r1, #1
1000864c:	0020      	movs	r0, r4
1000864e:	f7fe ffab 	bl	100075a8 <cyw43_write_reg_u8>
10008652:	23c0      	movs	r3, #192	@ 0xc0
10008654:	68a2      	ldr	r2, [r4, #8]
10008656:	055b      	lsls	r3, r3, #21
10008658:	4053      	eors	r3, r2
1000865a:	e6bb      	b.n	100083d4 <reset_device_core.constprop.0+0xe8>
1000865c:	18104800 	.word	0x18104800
10008660:	0000c408 	.word	0x0000c408
10008664:	18104408 	.word	0x18104408
10008668:	0001000c 	.word	0x0001000c
1000866c:	0001000b 	.word	0x0001000b
10008670:	0001000a 	.word	0x0001000a
10008674:	2318      	movs	r3, #24
10008676:	4a1a      	ldr	r2, [pc, #104]	@ (100086e0 <reset_device_core.constprop.0+0x3f4>)
10008678:	2101      	movs	r1, #1
1000867a:	0020      	movs	r0, r4
1000867c:	f7fe ff94 	bl	100075a8 <cyw43_write_reg_u8>
10008680:	464a      	mov	r2, r9
10008682:	68a3      	ldr	r3, [r4, #8]
10008684:	405a      	eors	r2, r3
10008686:	0013      	movs	r3, r2
10008688:	e69f      	b.n	100083ca <reset_device_core.constprop.0+0xde>
1000868a:	23c0      	movs	r3, #192	@ 0xc0
1000868c:	2101      	movs	r1, #1
1000868e:	0020      	movs	r0, r4
10008690:	4a14      	ldr	r2, [pc, #80]	@ (100086e4 <reset_device_core.constprop.0+0x3f8>)
10008692:	035b      	lsls	r3, r3, #13
10008694:	f7fe ff88 	bl	100075a8 <cyw43_write_reg_u8>
10008698:	e676      	b.n	10008388 <reset_device_core.constprop.0+0x9c>
1000869a:	23c0      	movs	r3, #192	@ 0xc0
1000869c:	4a12      	ldr	r2, [pc, #72]	@ (100086e8 <reset_device_core.constprop.0+0x3fc>)
1000869e:	015b      	lsls	r3, r3, #5
100086a0:	2101      	movs	r1, #1
100086a2:	0020      	movs	r0, r4
100086a4:	f7fe ff80 	bl	100075a8 <cyw43_write_reg_u8>
100086a8:	23c0      	movs	r3, #192	@ 0xc0
100086aa:	68a2      	ldr	r2, [r4, #8]
100086ac:	055b      	lsls	r3, r3, #21
100086ae:	4053      	eors	r3, r2
100086b0:	e665      	b.n	1000837e <reset_device_core.constprop.0+0x92>
100086b2:	2318      	movs	r3, #24
100086b4:	4a0a      	ldr	r2, [pc, #40]	@ (100086e0 <reset_device_core.constprop.0+0x3f4>)
100086b6:	2101      	movs	r1, #1
100086b8:	0020      	movs	r0, r4
100086ba:	f7fe ff75 	bl	100075a8 <cyw43_write_reg_u8>
100086be:	464a      	mov	r2, r9
100086c0:	68a3      	ldr	r3, [r4, #8]
100086c2:	405a      	eors	r2, r3
100086c4:	0013      	movs	r3, r2
100086c6:	e655      	b.n	10008374 <reset_device_core.constprop.0+0x88>
100086c8:	27b8      	movs	r7, #184	@ 0xb8
100086ca:	4b08      	ldr	r3, [pc, #32]	@ (100086ec <reset_device_core.constprop.0+0x400>)
100086cc:	023f      	lsls	r7, r7, #8
100086ce:	4698      	mov	r8, r3
100086d0:	e619      	b.n	10008306 <reset_device_core.constprop.0+0x1a>
100086d2:	4d07      	ldr	r5, [pc, #28]	@ (100086f0 <reset_device_core.constprop.0+0x404>)
100086d4:	4e07      	ldr	r6, [pc, #28]	@ (100086f4 <reset_device_core.constprop.0+0x408>)
100086d6:	e662      	b.n	1000839e <reset_device_core.constprop.0+0xb2>
100086d8:	4807      	ldr	r0, [pc, #28]	@ (100086f8 <reset_device_core.constprop.0+0x40c>)
100086da:	f7fb fd05 	bl	100040e8 <__wrap_puts>
100086de:	e659      	b.n	10008394 <reset_device_core.constprop.0+0xa8>
100086e0:	0001000c 	.word	0x0001000c
100086e4:	0001000a 	.word	0x0001000a
100086e8:	0001000b 	.word	0x0001000b
100086ec:	18103800 	.word	0x18103800
100086f0:	0000b408 	.word	0x0000b408
100086f4:	18103408 	.word	0x18103408
100086f8:	1000b2e4 	.word	0x1000b2e4

100086fc <cyw43_ll_init>:
100086fc:	2280      	movs	r2, #128	@ 0x80
100086fe:	2300      	movs	r3, #0
10008700:	0052      	lsls	r2, r2, #1
10008702:	8182      	strh	r2, [r0, #12]
10008704:	4a03      	ldr	r2, [pc, #12]	@ (10008714 <cyw43_ll_init+0x18>)
10008706:	6001      	str	r1, [r0, #0]
10008708:	6083      	str	r3, [r0, #8]
1000870a:	7383      	strb	r3, [r0, #14]
1000870c:	6103      	str	r3, [r0, #16]
1000870e:	5083      	str	r3, [r0, r2]
10008710:	4770      	bx	lr
10008712:	46c0      	nop			@ (mov r8, r8)
10008714:	0000084c 	.word	0x0000084c

10008718 <cyw43_ll_deinit>:
10008718:	b510      	push	{r4, lr}
1000871a:	f7fe f885 	bl	10006828 <cyw43_spi_deinit>
1000871e:	bd10      	pop	{r4, pc}

10008720 <cyw43_ll_process_packets>:
10008720:	b510      	push	{r4, lr}
10008722:	0004      	movs	r4, r0
10008724:	b082      	sub	sp, #8
10008726:	4669      	mov	r1, sp
10008728:	0020      	movs	r0, r4
1000872a:	aa01      	add	r2, sp, #4
1000872c:	f7ff f9f0 	bl	10007b10 <cyw43_ll_sdpcm_poll_device>
10008730:	1c43      	adds	r3, r0, #1
10008732:	d014      	beq.n	1000875e <cyw43_ll_process_packets+0x3e>
10008734:	1d03      	adds	r3, r0, #4
10008736:	d0f6      	beq.n	10008726 <cyw43_ll_process_packets+0x6>
10008738:	2801      	cmp	r0, #1
1000873a:	d012      	beq.n	10008762 <cyw43_ll_process_packets+0x42>
1000873c:	2802      	cmp	r0, #2
1000873e:	d1f2      	bne.n	10008726 <cyw43_ll_process_packets+0x6>
10008740:	9900      	ldr	r1, [sp, #0]
10008742:	9b01      	ldr	r3, [sp, #4]
10008744:	004a      	lsls	r2, r1, #1
10008746:	6820      	ldr	r0, [r4, #0]
10008748:	0852      	lsrs	r2, r2, #1
1000874a:	0fc9      	lsrs	r1, r1, #31
1000874c:	f001 fb70 	bl	10009e30 <cyw43_cb_process_ethernet>
10008750:	4669      	mov	r1, sp
10008752:	0020      	movs	r0, r4
10008754:	aa01      	add	r2, sp, #4
10008756:	f7ff f9db 	bl	10007b10 <cyw43_ll_sdpcm_poll_device>
1000875a:	1c43      	adds	r3, r0, #1
1000875c:	d1ea      	bne.n	10008734 <cyw43_ll_process_packets+0x14>
1000875e:	b002      	add	sp, #8
10008760:	bd10      	pop	{r4, pc}
10008762:	9901      	ldr	r1, [sp, #4]
10008764:	9800      	ldr	r0, [sp, #0]
10008766:	f7ff f8f9 	bl	1000795c <cyw43_ll_parse_async_event>
1000876a:	0001      	movs	r1, r0
1000876c:	0020      	movs	r0, r4
1000876e:	f000 feb5 	bl	100094dc <cyw43_cb_process_async_event>
10008772:	e7d8      	b.n	10008726 <cyw43_ll_process_packets+0x6>

10008774 <cyw43_ll_ioctl>:
10008774:	b5f0      	push	{r4, r5, r6, r7, lr}
10008776:	2702      	movs	r7, #2
10008778:	46c6      	mov	lr, r8
1000877a:	4698      	mov	r8, r3
1000877c:	004b      	lsls	r3, r1, #1
1000877e:	401f      	ands	r7, r3
10008780:	2380      	movs	r3, #128	@ 0x80
10008782:	b500      	push	{lr}
10008784:	0016      	movs	r6, r2
10008786:	321c      	adds	r2, #28
10008788:	0004      	movs	r4, r0
1000878a:	b082      	sub	sp, #8
1000878c:	084d      	lsrs	r5, r1, #1
1000878e:	011b      	lsls	r3, r3, #4
10008790:	429a      	cmp	r2, r3
10008792:	d82b      	bhi.n	100087ec <cyw43_ll_ioctl+0x78>
10008794:	0433      	lsls	r3, r6, #16
10008796:	8a00      	ldrh	r0, [r0, #16]
10008798:	0c1b      	lsrs	r3, r3, #16
1000879a:	63a3      	str	r3, [r4, #56]	@ 0x38
1000879c:	9b08      	ldr	r3, [sp, #32]
1000879e:	3001      	adds	r0, #1
100087a0:	b280      	uxth	r0, r0
100087a2:	031b      	lsls	r3, r3, #12
100087a4:	8220      	strh	r0, [r4, #16]
100087a6:	433b      	orrs	r3, r7
100087a8:	0400      	lsls	r0, r0, #16
100087aa:	4303      	orrs	r3, r0
100087ac:	63e3      	str	r3, [r4, #60]	@ 0x3c
100087ae:	0020      	movs	r0, r4
100087b0:	2300      	movs	r3, #0
100087b2:	0032      	movs	r2, r6
100087b4:	4641      	mov	r1, r8
100087b6:	6423      	str	r3, [r4, #64]	@ 0x40
100087b8:	6365      	str	r5, [r4, #52]	@ 0x34
100087ba:	3044      	adds	r0, #68	@ 0x44
100087bc:	f002 fc2c 	bl	1000b018 <__memmove_veneer>
100087c0:	0023      	movs	r3, r4
100087c2:	0032      	movs	r2, r6
100087c4:	2100      	movs	r1, #0
100087c6:	0020      	movs	r0, r4
100087c8:	3328      	adds	r3, #40	@ 0x28
100087ca:	3210      	adds	r2, #16
100087cc:	f7ff fabc 	bl	10007d48 <cyw43_sdpcm_send_common>
100087d0:	2800      	cmp	r0, #0
100087d2:	d107      	bne.n	100087e4 <cyw43_ll_ioctl+0x70>
100087d4:	4643      	mov	r3, r8
100087d6:	002a      	movs	r2, r5
100087d8:	9300      	str	r3, [sp, #0]
100087da:	0039      	movs	r1, r7
100087dc:	0033      	movs	r3, r6
100087de:	0020      	movs	r0, r4
100087e0:	f7ff fb30 	bl	10007e44 <cyw43_do_ioctl.part.0>
100087e4:	b002      	add	sp, #8
100087e6:	bc80      	pop	{r7}
100087e8:	46b8      	mov	r8, r7
100087ea:	bdf0      	pop	{r4, r5, r6, r7, pc}
100087ec:	2005      	movs	r0, #5
100087ee:	4240      	negs	r0, r0
100087f0:	e7f8      	b.n	100087e4 <cyw43_ll_ioctl+0x70>
100087f2:	46c0      	nop			@ (mov r8, r8)

100087f4 <cyw43_ll_bus_sleep>:
100087f4:	b510      	push	{r4, lr}
100087f6:	0004      	movs	r4, r0
100087f8:	2900      	cmp	r1, #0
100087fa:	d009      	beq.n	10008810 <cyw43_ll_bus_sleep+0x1c>
100087fc:	7c83      	ldrb	r3, [r0, #18]
100087fe:	2b00      	cmp	r3, #0
10008800:	d100      	bne.n	10008804 <cyw43_ll_bus_sleep+0x10>
10008802:	bd10      	pop	{r4, pc}
10008804:	2300      	movs	r3, #0
10008806:	2100      	movs	r1, #0
10008808:	7483      	strb	r3, [r0, #18]
1000880a:	f7ff f941 	bl	10007a90 <cyw43_kso_set>
1000880e:	e7f8      	b.n	10008802 <cyw43_ll_bus_sleep+0xe>
10008810:	f000 fe5e 	bl	100094d0 <cyw43_cb_ensure_awake>
10008814:	7ca3      	ldrb	r3, [r4, #18]
10008816:	2b00      	cmp	r3, #0
10008818:	d1f3      	bne.n	10008802 <cyw43_ll_bus_sleep+0xe>
1000881a:	2101      	movs	r1, #1
1000881c:	0020      	movs	r0, r4
1000881e:	f7ff f937 	bl	10007a90 <cyw43_kso_set>
10008822:	2301      	movs	r3, #1
10008824:	74a3      	strb	r3, [r4, #18]
10008826:	e7ec      	b.n	10008802 <cyw43_ll_bus_sleep+0xe>

10008828 <cyw43_ll_wifi_get_mac>:
10008828:	b5f0      	push	{r4, r5, r6, r7, lr}
1000882a:	46c6      	mov	lr, r8
1000882c:	0007      	movs	r7, r0
1000882e:	0004      	movs	r4, r0
10008830:	b500      	push	{lr}
10008832:	3744      	adds	r7, #68	@ 0x44
10008834:	2214      	movs	r2, #20
10008836:	b082      	sub	sp, #8
10008838:	000e      	movs	r6, r1
1000883a:	0038      	movs	r0, r7
1000883c:	4916      	ldr	r1, [pc, #88]	@ (10008898 <cyw43_ll_wifi_get_mac+0x70>)
1000883e:	f7f9 febd 	bl	100025bc <__wrap___aeabi_memcpy>
10008842:	8a23      	ldrh	r3, [r4, #16]
10008844:	2283      	movs	r2, #131	@ 0x83
10008846:	3301      	adds	r3, #1
10008848:	b29b      	uxth	r3, r3
1000884a:	8223      	strh	r3, [r4, #16]
1000884c:	041b      	lsls	r3, r3, #16
1000884e:	63e3      	str	r3, [r4, #60]	@ 0x3c
10008850:	2300      	movs	r3, #0
10008852:	6423      	str	r3, [r4, #64]	@ 0x40
10008854:	0023      	movs	r3, r4
10008856:	0052      	lsls	r2, r2, #1
10008858:	6362      	str	r2, [r4, #52]	@ 0x34
1000885a:	4690      	mov	r8, r2
1000885c:	3af2      	subs	r2, #242	@ 0xf2
1000885e:	63a2      	str	r2, [r4, #56]	@ 0x38
10008860:	2100      	movs	r1, #0
10008862:	0020      	movs	r0, r4
10008864:	3328      	adds	r3, #40	@ 0x28
10008866:	3210      	adds	r2, #16
10008868:	f7ff fa6e 	bl	10007d48 <cyw43_sdpcm_send_common>
1000886c:	1e05      	subs	r5, r0, #0
1000886e:	d10d      	bne.n	1000888c <cyw43_ll_wifi_get_mac+0x64>
10008870:	2314      	movs	r3, #20
10008872:	4642      	mov	r2, r8
10008874:	2100      	movs	r1, #0
10008876:	0020      	movs	r0, r4
10008878:	9700      	str	r7, [sp, #0]
1000887a:	f7ff fae3 	bl	10007e44 <cyw43_do_ioctl.part.0>
1000887e:	1e05      	subs	r5, r0, #0
10008880:	d104      	bne.n	1000888c <cyw43_ll_wifi_get_mac+0x64>
10008882:	2206      	movs	r2, #6
10008884:	0039      	movs	r1, r7
10008886:	0030      	movs	r0, r6
10008888:	f7f9 fe98 	bl	100025bc <__wrap___aeabi_memcpy>
1000888c:	0028      	movs	r0, r5
1000888e:	b002      	add	sp, #8
10008890:	bc80      	pop	{r7}
10008892:	46b8      	mov	r8, r7
10008894:	bdf0      	pop	{r4, r5, r6, r7, pc}
10008896:	46c0      	nop			@ (mov r8, r8)
10008898:	10042b24 	.word	0x10042b24

1000889c <cyw43_ll_bus_init>:
1000889c:	b5f0      	push	{r4, r5, r6, r7, lr}
1000889e:	4657      	mov	r7, sl
100088a0:	46de      	mov	lr, fp
100088a2:	464e      	mov	r6, r9
100088a4:	4645      	mov	r5, r8
100088a6:	b5e0      	push	{r5, r6, r7, lr}
100088a8:	4bb7      	ldr	r3, [pc, #732]	@ (10008b88 <cyw43_ll_bus_init+0x2ec>)
100088aa:	b087      	sub	sp, #28
100088ac:	6a9b      	ldr	r3, [r3, #40]	@ 0x28
100088ae:	0004      	movs	r4, r0
100088b0:	6043      	str	r3, [r0, #4]
100088b2:	000f      	movs	r7, r1
100088b4:	f7fd ffee 	bl	10006894 <cyw43_spi_init>
100088b8:	2800      	cmp	r0, #0
100088ba:	d112      	bne.n	100088e2 <cyw43_ll_bus_init+0x46>
100088bc:	f7fe fa8e 	bl	10006ddc <cyw43_spi_gpio_setup>
100088c0:	250a      	movs	r5, #10
100088c2:	f7fe faa9 	bl	10006e18 <cyw43_spi_reset>
100088c6:	4eb1      	ldr	r6, [pc, #708]	@ (10008b8c <cyw43_ll_bus_init+0x2f0>)
100088c8:	2214      	movs	r2, #20
100088ca:	2100      	movs	r1, #0
100088cc:	0020      	movs	r0, r4
100088ce:	f7fe fab7 	bl	10006e40 <read_reg_u32_swap>
100088d2:	42b0      	cmp	r0, r6
100088d4:	d012      	beq.n	100088fc <cyw43_ll_bus_init+0x60>
100088d6:	2001      	movs	r0, #1
100088d8:	3d01      	subs	r5, #1
100088da:	f001 fa77 	bl	10009dcc <cyw43_delay_ms>
100088de:	2d00      	cmp	r5, #0
100088e0:	d1f2      	bne.n	100088c8 <cyw43_ll_bus_init+0x2c>
100088e2:	48ab      	ldr	r0, [pc, #684]	@ (10008b90 <cyw43_ll_bus_init+0x2f4>)
100088e4:	f7fb fc00 	bl	100040e8 <__wrap_puts>
100088e8:	2506      	movs	r5, #6
100088ea:	426d      	negs	r5, r5
100088ec:	0028      	movs	r0, r5
100088ee:	b007      	add	sp, #28
100088f0:	bcf0      	pop	{r4, r5, r6, r7}
100088f2:	46bb      	mov	fp, r7
100088f4:	46b2      	mov	sl, r6
100088f6:	46a9      	mov	r9, r5
100088f8:	46a0      	mov	r8, r4
100088fa:	bdf0      	pop	{r4, r5, r6, r7, pc}
100088fc:	2200      	movs	r2, #0
100088fe:	2100      	movs	r1, #0
10008900:	0020      	movs	r0, r4
10008902:	4ba4      	ldr	r3, [pc, #656]	@ (10008b94 <cyw43_ll_bus_init+0x2f8>)
10008904:	f7fe fb32 	bl	10006f6c <write_reg_u32_swap>
10008908:	2800      	cmp	r0, #0
1000890a:	d1ea      	bne.n	100088e2 <cyw43_ll_bus_init+0x46>
1000890c:	2200      	movs	r2, #0
1000890e:	2100      	movs	r1, #0
10008910:	0020      	movs	r0, r4
10008912:	f7fe fab3 	bl	10006e7c <cyw43_read_reg_u32>
10008916:	2310      	movs	r3, #16
10008918:	221d      	movs	r2, #29
1000891a:	2100      	movs	r1, #0
1000891c:	0020      	movs	r0, r4
1000891e:	f7fe fe43 	bl	100075a8 <cyw43_write_reg_u8>
10008922:	2800      	cmp	r0, #0
10008924:	d1dd      	bne.n	100088e2 <cyw43_ll_bus_init+0x46>
10008926:	2399      	movs	r3, #153	@ 0x99
10008928:	2204      	movs	r2, #4
1000892a:	2100      	movs	r1, #0
1000892c:	0020      	movs	r0, r4
1000892e:	f7fe fe3b 	bl	100075a8 <cyw43_write_reg_u8>
10008932:	2800      	cmp	r0, #0
10008934:	d1d5      	bne.n	100088e2 <cyw43_ll_bus_init+0x46>
10008936:	23be      	movs	r3, #190	@ 0xbe
10008938:	2206      	movs	r2, #6
1000893a:	2100      	movs	r1, #0
1000893c:	0020      	movs	r0, r4
1000893e:	f7fe fd29 	bl	10007394 <cyw43_write_reg_u16>
10008942:	2800      	cmp	r0, #0
10008944:	d1cd      	bne.n	100088e2 <cyw43_ll_bus_init+0x46>
10008946:	2308      	movs	r3, #8
10008948:	2101      	movs	r1, #1
1000894a:	0020      	movs	r0, r4
1000894c:	4a92      	ldr	r2, [pc, #584]	@ (10008b98 <cyw43_ll_bus_init+0x2fc>)
1000894e:	f7fe fe2b 	bl	100075a8 <cyw43_write_reg_u8>
10008952:	250a      	movs	r5, #10
10008954:	2640      	movs	r6, #64	@ 0x40
10008956:	2101      	movs	r1, #1
10008958:	0020      	movs	r0, r4
1000895a:	4a8f      	ldr	r2, [pc, #572]	@ (10008b98 <cyw43_ll_bus_init+0x2fc>)
1000895c:	f7fe fade 	bl	10006f1c <cyw43_read_reg_u8>
10008960:	4206      	tst	r6, r0
10008962:	d109      	bne.n	10008978 <cyw43_ll_bus_init+0xdc>
10008964:	2001      	movs	r0, #1
10008966:	3d01      	subs	r5, #1
10008968:	f001 fa30 	bl	10009dcc <cyw43_delay_ms>
1000896c:	2d00      	cmp	r5, #0
1000896e:	d1f2      	bne.n	10008956 <cyw43_ll_bus_init+0xba>
10008970:	488a      	ldr	r0, [pc, #552]	@ (10008b9c <cyw43_ll_bus_init+0x300>)
10008972:	f7fb fbb9 	bl	100040e8 <__wrap_puts>
10008976:	e7b7      	b.n	100088e8 <cyw43_ll_bus_init+0x4c>
10008978:	2300      	movs	r3, #0
1000897a:	4a87      	ldr	r2, [pc, #540]	@ (10008b98 <cyw43_ll_bus_init+0x2fc>)
1000897c:	2101      	movs	r1, #1
1000897e:	0020      	movs	r0, r4
10008980:	f7fe fe12 	bl	100075a8 <cyw43_write_reg_u8>
10008984:	0020      	movs	r0, r4
10008986:	4986      	ldr	r1, [pc, #536]	@ (10008ba0 <cyw43_ll_bus_init+0x304>)
10008988:	f7fe ffb4 	bl	100078f4 <cyw43_set_backplane_window>
1000898c:	22b8      	movs	r2, #184	@ 0xb8
1000898e:	25c0      	movs	r5, #192	@ 0xc0
10008990:	2101      	movs	r1, #1
10008992:	0020      	movs	r0, r4
10008994:	0212      	lsls	r2, r2, #8
10008996:	f7fe fac1 	bl	10006f1c <cyw43_read_reg_u8>
1000899a:	68a3      	ldr	r3, [r4, #8]
1000899c:	056d      	lsls	r5, r5, #21
1000899e:	42ab      	cmp	r3, r5
100089a0:	d012      	beq.n	100089c8 <cyw43_ll_bus_init+0x12c>
100089a2:	2280      	movs	r2, #128	@ 0x80
100089a4:	406b      	eors	r3, r5
100089a6:	0452      	lsls	r2, r2, #17
100089a8:	4293      	cmp	r3, r2
100089aa:	d300      	bcc.n	100089ae <cyw43_ll_bus_init+0x112>
100089ac:	e335      	b.n	1000901a <cyw43_ll_bus_init+0x77e>
100089ae:	22ff      	movs	r2, #255	@ 0xff
100089b0:	0412      	lsls	r2, r2, #16
100089b2:	4213      	tst	r3, r2
100089b4:	d000      	beq.n	100089b8 <cyw43_ll_bus_init+0x11c>
100089b6:	e324      	b.n	10009002 <cyw43_ll_bus_init+0x766>
100089b8:	22ff      	movs	r2, #255	@ 0xff
100089ba:	0212      	lsls	r2, r2, #8
100089bc:	4213      	tst	r3, r2
100089be:	d000      	beq.n	100089c2 <cyw43_ll_bus_init+0x126>
100089c0:	e317      	b.n	10008ff2 <cyw43_ll_bus_init+0x756>
100089c2:	23c0      	movs	r3, #192	@ 0xc0
100089c4:	055b      	lsls	r3, r3, #21
100089c6:	60a3      	str	r3, [r4, #8]
100089c8:	0020      	movs	r0, r4
100089ca:	4975      	ldr	r1, [pc, #468]	@ (10008ba0 <cyw43_ll_bus_init+0x304>)
100089cc:	f7fe ff92 	bl	100078f4 <cyw43_set_backplane_window>
100089d0:	22b8      	movs	r2, #184	@ 0xb8
100089d2:	2101      	movs	r1, #1
100089d4:	0020      	movs	r0, r4
100089d6:	0212      	lsls	r2, r2, #8
100089d8:	f7fe faa0 	bl	10006f1c <cyw43_read_reg_u8>
100089dc:	26c0      	movs	r6, #192	@ 0xc0
100089de:	68a3      	ldr	r3, [r4, #8]
100089e0:	0005      	movs	r5, r0
100089e2:	0576      	lsls	r6, r6, #21
100089e4:	42b3      	cmp	r3, r6
100089e6:	d012      	beq.n	10008a0e <cyw43_ll_bus_init+0x172>
100089e8:	2280      	movs	r2, #128	@ 0x80
100089ea:	4073      	eors	r3, r6
100089ec:	0452      	lsls	r2, r2, #17
100089ee:	4293      	cmp	r3, r2
100089f0:	d300      	bcc.n	100089f4 <cyw43_ll_bus_init+0x158>
100089f2:	e2f5      	b.n	10008fe0 <cyw43_ll_bus_init+0x744>
100089f4:	22ff      	movs	r2, #255	@ 0xff
100089f6:	0412      	lsls	r2, r2, #16
100089f8:	4213      	tst	r3, r2
100089fa:	d000      	beq.n	100089fe <cyw43_ll_bus_init+0x162>
100089fc:	e2e4      	b.n	10008fc8 <cyw43_ll_bus_init+0x72c>
100089fe:	22ff      	movs	r2, #255	@ 0xff
10008a00:	0212      	lsls	r2, r2, #8
10008a02:	4213      	tst	r3, r2
10008a04:	d000      	beq.n	10008a08 <cyw43_ll_bus_init+0x16c>
10008a06:	e2a7      	b.n	10008f58 <cyw43_ll_bus_init+0x6bc>
10008a08:	23c0      	movs	r3, #192	@ 0xc0
10008a0a:	055b      	lsls	r3, r3, #21
10008a0c:	60a3      	str	r3, [r4, #8]
10008a0e:	07ed      	lsls	r5, r5, #31
10008a10:	d400      	bmi.n	10008a14 <cyw43_ll_bus_init+0x178>
10008a12:	e3b8      	b.n	10009186 <cyw43_ll_bus_init+0x8ea>
10008a14:	0020      	movs	r0, r4
10008a16:	4963      	ldr	r1, [pc, #396]	@ (10008ba4 <cyw43_ll_bus_init+0x308>)
10008a18:	f7fe ff6c 	bl	100078f4 <cyw43_set_backplane_window>
10008a1c:	22c8      	movs	r2, #200	@ 0xc8
10008a1e:	25c0      	movs	r5, #192	@ 0xc0
10008a20:	2101      	movs	r1, #1
10008a22:	0020      	movs	r0, r4
10008a24:	0212      	lsls	r2, r2, #8
10008a26:	f7fe fa79 	bl	10006f1c <cyw43_read_reg_u8>
10008a2a:	68a3      	ldr	r3, [r4, #8]
10008a2c:	056d      	lsls	r5, r5, #21
10008a2e:	42ab      	cmp	r3, r5
10008a30:	d012      	beq.n	10008a58 <cyw43_ll_bus_init+0x1bc>
10008a32:	2280      	movs	r2, #128	@ 0x80
10008a34:	406b      	eors	r3, r5
10008a36:	0452      	lsls	r2, r2, #17
10008a38:	4293      	cmp	r3, r2
10008a3a:	d300      	bcc.n	10008a3e <cyw43_ll_bus_init+0x1a2>
10008a3c:	e283      	b.n	10008f46 <cyw43_ll_bus_init+0x6aa>
10008a3e:	22ff      	movs	r2, #255	@ 0xff
10008a40:	0412      	lsls	r2, r2, #16
10008a42:	4213      	tst	r3, r2
10008a44:	d000      	beq.n	10008a48 <cyw43_ll_bus_init+0x1ac>
10008a46:	e30e      	b.n	10009066 <cyw43_ll_bus_init+0x7ca>
10008a48:	22ff      	movs	r2, #255	@ 0xff
10008a4a:	0212      	lsls	r2, r2, #8
10008a4c:	4213      	tst	r3, r2
10008a4e:	d000      	beq.n	10008a52 <cyw43_ll_bus_init+0x1b6>
10008a50:	e301      	b.n	10009056 <cyw43_ll_bus_init+0x7ba>
10008a52:	23c0      	movs	r3, #192	@ 0xc0
10008a54:	055b      	lsls	r3, r3, #21
10008a56:	60a3      	str	r3, [r4, #8]
10008a58:	0020      	movs	r0, r4
10008a5a:	4952      	ldr	r1, [pc, #328]	@ (10008ba4 <cyw43_ll_bus_init+0x308>)
10008a5c:	f7fe ff4a 	bl	100078f4 <cyw43_set_backplane_window>
10008a60:	22c8      	movs	r2, #200	@ 0xc8
10008a62:	2101      	movs	r1, #1
10008a64:	0020      	movs	r0, r4
10008a66:	0212      	lsls	r2, r2, #8
10008a68:	f7fe fa58 	bl	10006f1c <cyw43_read_reg_u8>
10008a6c:	26c0      	movs	r6, #192	@ 0xc0
10008a6e:	68a3      	ldr	r3, [r4, #8]
10008a70:	0005      	movs	r5, r0
10008a72:	0576      	lsls	r6, r6, #21
10008a74:	42b3      	cmp	r3, r6
10008a76:	d012      	beq.n	10008a9e <cyw43_ll_bus_init+0x202>
10008a78:	2280      	movs	r2, #128	@ 0x80
10008a7a:	4073      	eors	r3, r6
10008a7c:	0452      	lsls	r2, r2, #17
10008a7e:	4293      	cmp	r3, r2
10008a80:	d300      	bcc.n	10008a84 <cyw43_ll_bus_init+0x1e8>
10008a82:	e2df      	b.n	10009044 <cyw43_ll_bus_init+0x7a8>
10008a84:	22ff      	movs	r2, #255	@ 0xff
10008a86:	0412      	lsls	r2, r2, #16
10008a88:	4213      	tst	r3, r2
10008a8a:	d000      	beq.n	10008a8e <cyw43_ll_bus_init+0x1f2>
10008a8c:	e2ce      	b.n	1000902c <cyw43_ll_bus_init+0x790>
10008a8e:	22ff      	movs	r2, #255	@ 0xff
10008a90:	0212      	lsls	r2, r2, #8
10008a92:	4213      	tst	r3, r2
10008a94:	d000      	beq.n	10008a98 <cyw43_ll_bus_init+0x1fc>
10008a96:	e2f2      	b.n	1000907e <cyw43_ll_bus_init+0x7e2>
10008a98:	23c0      	movs	r3, #192	@ 0xc0
10008a9a:	055b      	lsls	r3, r3, #21
10008a9c:	60a3      	str	r3, [r4, #8]
10008a9e:	07ed      	lsls	r5, r5, #31
10008aa0:	d400      	bmi.n	10008aa4 <cyw43_ll_bus_init+0x208>
10008aa2:	e374      	b.n	1000918e <cyw43_ll_bus_init+0x8f2>
10008aa4:	25c0      	movs	r5, #192	@ 0xc0
10008aa6:	2102      	movs	r1, #2
10008aa8:	0020      	movs	r0, r4
10008aaa:	f7ff fc1f 	bl	100082ec <reset_device_core.constprop.0>
10008aae:	68a3      	ldr	r3, [r4, #8]
10008ab0:	056d      	lsls	r5, r5, #21
10008ab2:	42ab      	cmp	r3, r5
10008ab4:	d012      	beq.n	10008adc <cyw43_ll_bus_init+0x240>
10008ab6:	2280      	movs	r2, #128	@ 0x80
10008ab8:	406b      	eors	r3, r5
10008aba:	0452      	lsls	r2, r2, #17
10008abc:	4293      	cmp	r3, r2
10008abe:	d300      	bcc.n	10008ac2 <cyw43_ll_bus_init+0x226>
10008ac0:	e1f6      	b.n	10008eb0 <cyw43_ll_bus_init+0x614>
10008ac2:	22ff      	movs	r2, #255	@ 0xff
10008ac4:	0412      	lsls	r2, r2, #16
10008ac6:	4213      	tst	r3, r2
10008ac8:	d000      	beq.n	10008acc <cyw43_ll_bus_init+0x230>
10008aca:	e1e5      	b.n	10008e98 <cyw43_ll_bus_init+0x5fc>
10008acc:	22ff      	movs	r2, #255	@ 0xff
10008ace:	0212      	lsls	r2, r2, #8
10008ad0:	4213      	tst	r3, r2
10008ad2:	d000      	beq.n	10008ad6 <cyw43_ll_bus_init+0x23a>
10008ad4:	e212      	b.n	10008efc <cyw43_ll_bus_init+0x660>
10008ad6:	23c0      	movs	r3, #192	@ 0xc0
10008ad8:	055b      	lsls	r3, r3, #21
10008ada:	60a3      	str	r3, [r4, #8]
10008adc:	25c0      	movs	r5, #192	@ 0xc0
10008ade:	2303      	movs	r3, #3
10008ae0:	2101      	movs	r1, #1
10008ae2:	0020      	movs	r0, r4
10008ae4:	4a30      	ldr	r2, [pc, #192]	@ (10008ba8 <cyw43_ll_bus_init+0x30c>)
10008ae6:	f7fe fb4b 	bl	10007180 <cyw43_write_reg_u32>
10008aea:	68a3      	ldr	r3, [r4, #8]
10008aec:	056d      	lsls	r5, r5, #21
10008aee:	42ab      	cmp	r3, r5
10008af0:	d012      	beq.n	10008b18 <cyw43_ll_bus_init+0x27c>
10008af2:	2280      	movs	r2, #128	@ 0x80
10008af4:	406b      	eors	r3, r5
10008af6:	0452      	lsls	r2, r2, #17
10008af8:	4293      	cmp	r3, r2
10008afa:	d300      	bcc.n	10008afe <cyw43_ll_bus_init+0x262>
10008afc:	e1f5      	b.n	10008eea <cyw43_ll_bus_init+0x64e>
10008afe:	22ff      	movs	r2, #255	@ 0xff
10008b00:	0412      	lsls	r2, r2, #16
10008b02:	4213      	tst	r3, r2
10008b04:	d000      	beq.n	10008b08 <cyw43_ll_bus_init+0x26c>
10008b06:	e1e4      	b.n	10008ed2 <cyw43_ll_bus_init+0x636>
10008b08:	22ff      	movs	r2, #255	@ 0xff
10008b0a:	0212      	lsls	r2, r2, #8
10008b0c:	4213      	tst	r3, r2
10008b0e:	d000      	beq.n	10008b12 <cyw43_ll_bus_init+0x276>
10008b10:	e1d7      	b.n	10008ec2 <cyw43_ll_bus_init+0x626>
10008b12:	23c0      	movs	r3, #192	@ 0xc0
10008b14:	055b      	lsls	r3, r3, #21
10008b16:	60a3      	str	r3, [r4, #8]
10008b18:	25c0      	movs	r5, #192	@ 0xc0
10008b1a:	2300      	movs	r3, #0
10008b1c:	2101      	movs	r1, #1
10008b1e:	0020      	movs	r0, r4
10008b20:	4a22      	ldr	r2, [pc, #136]	@ (10008bac <cyw43_ll_bus_init+0x310>)
10008b22:	f7fe fb2d 	bl	10007180 <cyw43_write_reg_u32>
10008b26:	68a3      	ldr	r3, [r4, #8]
10008b28:	056d      	lsls	r5, r5, #21
10008b2a:	42ab      	cmp	r3, r5
10008b2c:	d012      	beq.n	10008b54 <cyw43_ll_bus_init+0x2b8>
10008b2e:	2280      	movs	r2, #128	@ 0x80
10008b30:	406b      	eors	r3, r5
10008b32:	0452      	lsls	r2, r2, #17
10008b34:	4293      	cmp	r3, r2
10008b36:	d300      	bcc.n	10008b3a <cyw43_ll_bus_init+0x29e>
10008b38:	e1f4      	b.n	10008f24 <cyw43_ll_bus_init+0x688>
10008b3a:	22ff      	movs	r2, #255	@ 0xff
10008b3c:	0412      	lsls	r2, r2, #16
10008b3e:	4213      	tst	r3, r2
10008b40:	d000      	beq.n	10008b44 <cyw43_ll_bus_init+0x2a8>
10008b42:	e1e3      	b.n	10008f0c <cyw43_ll_bus_init+0x670>
10008b44:	22ff      	movs	r2, #255	@ 0xff
10008b46:	0212      	lsls	r2, r2, #8
10008b48:	4213      	tst	r3, r2
10008b4a:	d000      	beq.n	10008b4e <cyw43_ll_bus_init+0x2b2>
10008b4c:	e1f3      	b.n	10008f36 <cyw43_ll_bus_init+0x69a>
10008b4e:	23c0      	movs	r3, #192	@ 0xc0
10008b50:	055b      	lsls	r3, r3, #21
10008b52:	60a3      	str	r3, [r4, #8]
10008b54:	4b16      	ldr	r3, [pc, #88]	@ (10008bb0 <cyw43_ll_bus_init+0x314>)
10008b56:	4a17      	ldr	r2, [pc, #92]	@ (10008bb4 <cyw43_ll_bus_init+0x318>)
10008b58:	469a      	mov	sl, r3
10008b5a:	4b17      	ldr	r3, [pc, #92]	@ (10008bb8 <cyw43_ll_bus_init+0x31c>)
10008b5c:	4453      	add	r3, sl
10008b5e:	5a9e      	ldrh	r6, [r3, r2]
10008b60:	3a1b      	subs	r2, #27
10008b62:	3aff      	subs	r2, #255	@ 0xff
10008b64:	4296      	cmp	r6, r2
10008b66:	db00      	blt.n	10008b6a <cyw43_ll_bus_init+0x2ce>
10008b68:	e192      	b.n	10008e90 <cyw43_ll_bus_init+0x5f4>
10008b6a:	4a14      	ldr	r2, [pc, #80]	@ (10008bbc <cyw43_ll_bus_init+0x320>)
10008b6c:	5c9b      	ldrb	r3, [r3, r2]
10008b6e:	2b00      	cmp	r3, #0
10008b70:	d000      	beq.n	10008b74 <cyw43_ll_bus_init+0x2d8>
10008b72:	e18d      	b.n	10008e90 <cyw43_ll_bus_init+0x5f4>
10008b74:	2e50      	cmp	r6, #80	@ 0x50
10008b76:	dc00      	bgt.n	10008b7a <cyw43_ll_bus_init+0x2de>
10008b78:	e18a      	b.n	10008e90 <cyw43_ll_bus_init+0x5f4>
10008b7a:	4b11      	ldr	r3, [pc, #68]	@ (10008bc0 <cyw43_ll_bus_init+0x324>)
10008b7c:	2550      	movs	r5, #80	@ 0x50
10008b7e:	4699      	mov	r9, r3
10008b80:	4b10      	ldr	r3, [pc, #64]	@ (10008bc4 <cyw43_ll_bus_init+0x328>)
10008b82:	4453      	add	r3, sl
10008b84:	4698      	mov	r8, r3
10008b86:	e023      	b.n	10008bd0 <cyw43_ll_bus_init+0x334>
10008b88:	40054000 	.word	0x40054000
10008b8c:	feedbead 	.word	0xfeedbead
10008b90:	1000b354 	.word	0x1000b354
10008b94:	000204b3 	.word	0x000204b3
10008b98:	0001000e 	.word	0x0001000e
10008b9c:	1000b3a8 	.word	0x1000b3a8
10008ba0:	18103800 	.word	0x18103800
10008ba4:	18104800 	.word	0x18104800
10008ba8:	0000c010 	.word	0x0000c010
10008bac:	0000c044 	.word	0x0000c044
10008bb0:	1000b850 	.word	0x1000b850
10008bb4:	0000030e 	.word	0x0000030e
10008bb8:	0003689e 	.word	0x0003689e
10008bbc:	0000030d 	.word	0x0000030d
10008bc0:	1000b374 	.word	0x1000b374
10008bc4:	00036bab 	.word	0x00036bab
10008bc8:	3501      	adds	r5, #1
10008bca:	42ae      	cmp	r6, r5
10008bcc:	dc00      	bgt.n	10008bd0 <cyw43_ll_bus_init+0x334>
10008bce:	e15f      	b.n	10008e90 <cyw43_ll_bus_init+0x5f4>
10008bd0:	4643      	mov	r3, r8
10008bd2:	2209      	movs	r2, #9
10008bd4:	4649      	mov	r1, r9
10008bd6:	1b58      	subs	r0, r3, r5
10008bd8:	f001 fca2 	bl	1000a520 <strncmp>
10008bdc:	2800      	cmp	r0, #0
10008bde:	d1f3      	bne.n	10008bc8 <cyw43_ll_bus_init+0x32c>
10008be0:	4653      	mov	r3, sl
10008be2:	2100      	movs	r1, #0
10008be4:	0020      	movs	r0, r4
10008be6:	4ae0      	ldr	r2, [pc, #896]	@ (10008f68 <cyw43_ll_bus_init+0x6cc>)
10008be8:	f7ff f98e 	bl	10007f08 <cyw43_download_resource>
10008bec:	1e05      	subs	r5, r0, #0
10008bee:	d000      	beq.n	10008bf2 <cyw43_ll_bus_init+0x356>
10008bf0:	e67c      	b.n	100088ec <cyw43_ll_bus_init+0x50>
10008bf2:	22ba      	movs	r2, #186	@ 0xba
10008bf4:	4bdd      	ldr	r3, [pc, #884]	@ (10008f6c <cyw43_ll_bus_init+0x6d0>)
10008bf6:	49de      	ldr	r1, [pc, #888]	@ (10008f70 <cyw43_ll_bus_init+0x6d4>)
10008bf8:	0092      	lsls	r2, r2, #2
10008bfa:	0020      	movs	r0, r4
10008bfc:	f7ff f984 	bl	10007f08 <cyw43_download_resource>
10008c00:	4bdc      	ldr	r3, [pc, #880]	@ (10008f74 <cyw43_ll_bus_init+0x6d8>)
10008c02:	2204      	movs	r2, #4
10008c04:	0020      	movs	r0, r4
10008c06:	49dc      	ldr	r1, [pc, #880]	@ (10008f78 <cyw43_ll_bus_init+0x6dc>)
10008c08:	f7ff faea 	bl	100081e0 <cyw43_write_backplane>
10008c0c:	2101      	movs	r1, #1
10008c0e:	0020      	movs	r0, r4
10008c10:	f7ff fb6c 	bl	100082ec <reset_device_core.constprop.0>
10008c14:	0020      	movs	r0, r4
10008c16:	49d9      	ldr	r1, [pc, #868]	@ (10008f7c <cyw43_ll_bus_init+0x6e0>)
10008c18:	f7ff fa70 	bl	100080fc <cyw43_read_backplane.constprop.0>
10008c1c:	2303      	movs	r3, #3
10008c1e:	4003      	ands	r3, r0
10008c20:	2b01      	cmp	r3, #1
10008c22:	d002      	beq.n	10008c2a <cyw43_ll_bus_init+0x38e>
10008c24:	48d6      	ldr	r0, [pc, #856]	@ (10008f80 <cyw43_ll_bus_init+0x6e4>)
10008c26:	f7fb fa5f 	bl	100040e8 <__wrap_puts>
10008c2a:	0020      	movs	r0, r4
10008c2c:	49d5      	ldr	r1, [pc, #852]	@ (10008f84 <cyw43_ll_bus_init+0x6e8>)
10008c2e:	f7ff fa65 	bl	100080fc <cyw43_read_backplane.constprop.0>
10008c32:	07c0      	lsls	r0, r0, #31
10008c34:	d500      	bpl.n	10008c38 <cyw43_ll_bus_init+0x39c>
10008c36:	e22a      	b.n	1000908e <cyw43_ll_bus_init+0x7f2>
10008c38:	26fa      	movs	r6, #250	@ 0xfa
10008c3a:	2380      	movs	r3, #128	@ 0x80
10008c3c:	00b6      	lsls	r6, r6, #2
10008c3e:	4698      	mov	r8, r3
10008c40:	e006      	b.n	10008c50 <cyw43_ll_bus_init+0x3b4>
10008c42:	2001      	movs	r0, #1
10008c44:	3e01      	subs	r6, #1
10008c46:	f001 f8c1 	bl	10009dcc <cyw43_delay_ms>
10008c4a:	2e00      	cmp	r6, #0
10008c4c:	d100      	bne.n	10008c50 <cyw43_ll_bus_init+0x3b4>
10008c4e:	e290      	b.n	10009172 <cyw43_ll_bus_init+0x8d6>
10008c50:	2101      	movs	r1, #1
10008c52:	0020      	movs	r0, r4
10008c54:	4acc      	ldr	r2, [pc, #816]	@ (10008f88 <cyw43_ll_bus_init+0x6ec>)
10008c56:	f7fe f961 	bl	10006f1c <cyw43_read_reg_u8>
10008c5a:	4643      	mov	r3, r8
10008c5c:	4203      	tst	r3, r0
10008c5e:	d0f0      	beq.n	10008c42 <cyw43_ll_bus_init+0x3a6>
10008c60:	23f0      	movs	r3, #240	@ 0xf0
10008c62:	2204      	movs	r2, #4
10008c64:	0020      	movs	r0, r4
10008c66:	49c9      	ldr	r1, [pc, #804]	@ (10008f8c <cyw43_ll_bus_init+0x6f0>)
10008c68:	f7ff faba 	bl	100081e0 <cyw43_write_backplane>
10008c6c:	2320      	movs	r3, #32
10008c6e:	2101      	movs	r1, #1
10008c70:	0020      	movs	r0, r4
10008c72:	4ac7      	ldr	r2, [pc, #796]	@ (10008f90 <cyw43_ll_bus_init+0x6f4>)
10008c74:	f7fe fc98 	bl	100075a8 <cyw43_write_reg_u8>
10008c78:	26fa      	movs	r6, #250	@ 0xfa
10008c7a:	2320      	movs	r3, #32
10008c7c:	00b6      	lsls	r6, r6, #2
10008c7e:	4698      	mov	r8, r3
10008c80:	e006      	b.n	10008c90 <cyw43_ll_bus_init+0x3f4>
10008c82:	2001      	movs	r0, #1
10008c84:	3e01      	subs	r6, #1
10008c86:	f001 f8a1 	bl	10009dcc <cyw43_delay_ms>
10008c8a:	2e00      	cmp	r6, #0
10008c8c:	d100      	bne.n	10008c90 <cyw43_ll_bus_init+0x3f4>
10008c8e:	e275      	b.n	1000917c <cyw43_ll_bus_init+0x8e0>
10008c90:	2208      	movs	r2, #8
10008c92:	2100      	movs	r1, #0
10008c94:	0020      	movs	r0, r4
10008c96:	f7fe f8f1 	bl	10006e7c <cyw43_read_reg_u32>
10008c9a:	4643      	mov	r3, r8
10008c9c:	4203      	tst	r3, r0
10008c9e:	d0f0      	beq.n	10008c82 <cyw43_ll_bus_init+0x3e6>
10008ca0:	2101      	movs	r1, #1
10008ca2:	4abc      	ldr	r2, [pc, #752]	@ (10008f94 <cyw43_ll_bus_init+0x6f8>)
10008ca4:	0020      	movs	r0, r4
10008ca6:	f7fe f939 	bl	10006f1c <cyw43_read_reg_u8>
10008caa:	2202      	movs	r2, #2
10008cac:	b2c3      	uxtb	r3, r0
10008cae:	4313      	orrs	r3, r2
10008cb0:	2101      	movs	r1, #1
10008cb2:	4ab8      	ldr	r2, [pc, #736]	@ (10008f94 <cyw43_ll_bus_init+0x6f8>)
10008cb4:	0020      	movs	r0, r4
10008cb6:	f7fe fc77 	bl	100075a8 <cyw43_write_reg_u8>
10008cba:	2308      	movs	r3, #8
10008cbc:	22f0      	movs	r2, #240	@ 0xf0
10008cbe:	2100      	movs	r1, #0
10008cc0:	0020      	movs	r0, r4
10008cc2:	f7fe fc71 	bl	100075a8 <cyw43_write_reg_u8>
10008cc6:	2302      	movs	r3, #2
10008cc8:	2101      	movs	r1, #1
10008cca:	4aaf      	ldr	r2, [pc, #700]	@ (10008f88 <cyw43_ll_bus_init+0x6ec>)
10008ccc:	0020      	movs	r0, r4
10008cce:	f7fe fc6b 	bl	100075a8 <cyw43_write_reg_u8>
10008cd2:	2101      	movs	r1, #1
10008cd4:	0020      	movs	r0, r4
10008cd6:	4ab0      	ldr	r2, [pc, #704]	@ (10008f98 <cyw43_ll_bus_init+0x6fc>)
10008cd8:	f7fe f920 	bl	10006f1c <cyw43_read_reg_u8>
10008cdc:	07c3      	lsls	r3, r0, #31
10008cde:	d400      	bmi.n	10008ce2 <cyw43_ll_bus_init+0x446>
10008ce0:	e1dd      	b.n	1000909e <cyw43_ll_bus_init+0x802>
10008ce2:	230f      	movs	r3, #15
10008ce4:	2101      	movs	r1, #1
10008ce6:	4aad      	ldr	r2, [pc, #692]	@ (10008f9c <cyw43_ll_bus_init+0x700>)
10008ce8:	0020      	movs	r0, r4
10008cea:	f7fe fc5d 	bl	100075a8 <cyw43_write_reg_u8>
10008cee:	2300      	movs	r3, #0
10008cf0:	2101      	movs	r1, #1
10008cf2:	4aaa      	ldr	r2, [pc, #680]	@ (10008f9c <cyw43_ll_bus_init+0x700>)
10008cf4:	0020      	movs	r0, r4
10008cf6:	f7fe fc57 	bl	100075a8 <cyw43_write_reg_u8>
10008cfa:	2101      	movs	r1, #1
10008cfc:	4aa7      	ldr	r2, [pc, #668]	@ (10008f9c <cyw43_ll_bus_init+0x700>)
10008cfe:	0020      	movs	r0, r4
10008d00:	f7fe f90c 	bl	10006f1c <cyw43_read_reg_u8>
10008d04:	2204      	movs	r2, #4
10008d06:	2100      	movs	r1, #0
10008d08:	0020      	movs	r0, r4
10008d0a:	f7fe f8df 	bl	10006ecc <cyw43_read_reg_u16>
10008d0e:	07c3      	lsls	r3, r0, #31
10008d10:	d500      	bpl.n	10008d14 <cyw43_ll_bus_init+0x478>
10008d12:	e1cd      	b.n	100090b0 <cyw43_ll_bus_init+0x814>
10008d14:	26c0      	movs	r6, #192	@ 0xc0
10008d16:	68a3      	ldr	r3, [r4, #8]
10008d18:	0576      	lsls	r6, r6, #21
10008d1a:	42b3      	cmp	r3, r6
10008d1c:	d012      	beq.n	10008d44 <cyw43_ll_bus_init+0x4a8>
10008d1e:	2280      	movs	r2, #128	@ 0x80
10008d20:	4073      	eors	r3, r6
10008d22:	0452      	lsls	r2, r2, #17
10008d24:	4293      	cmp	r3, r2
10008d26:	d300      	bcc.n	10008d2a <cyw43_ll_bus_init+0x48e>
10008d28:	e21a      	b.n	10009160 <cyw43_ll_bus_init+0x8c4>
10008d2a:	22ff      	movs	r2, #255	@ 0xff
10008d2c:	0412      	lsls	r2, r2, #16
10008d2e:	4213      	tst	r3, r2
10008d30:	d000      	beq.n	10008d34 <cyw43_ll_bus_init+0x498>
10008d32:	e209      	b.n	10009148 <cyw43_ll_bus_init+0x8ac>
10008d34:	22ff      	movs	r2, #255	@ 0xff
10008d36:	0212      	lsls	r2, r2, #8
10008d38:	4213      	tst	r3, r2
10008d3a:	d000      	beq.n	10008d3e <cyw43_ll_bus_init+0x4a2>
10008d3c:	e1fc      	b.n	10009138 <cyw43_ll_bus_init+0x89c>
10008d3e:	23c0      	movs	r3, #192	@ 0xc0
10008d40:	055b      	lsls	r3, r3, #21
10008d42:	60a3      	str	r3, [r4, #8]
10008d44:	26c0      	movs	r6, #192	@ 0xc0
10008d46:	2101      	movs	r1, #1
10008d48:	0020      	movs	r0, r4
10008d4a:	4a95      	ldr	r2, [pc, #596]	@ (10008fa0 <cyw43_ll_bus_init+0x704>)
10008d4c:	f7fe f896 	bl	10006e7c <cyw43_read_reg_u32>
10008d50:	68a3      	ldr	r3, [r4, #8]
10008d52:	0576      	lsls	r6, r6, #21
10008d54:	42b3      	cmp	r3, r6
10008d56:	d012      	beq.n	10008d7e <cyw43_ll_bus_init+0x4e2>
10008d58:	2280      	movs	r2, #128	@ 0x80
10008d5a:	4073      	eors	r3, r6
10008d5c:	0452      	lsls	r2, r2, #17
10008d5e:	4293      	cmp	r3, r2
10008d60:	d300      	bcc.n	10008d64 <cyw43_ll_bus_init+0x4c8>
10008d62:	e1d8      	b.n	10009116 <cyw43_ll_bus_init+0x87a>
10008d64:	22ff      	movs	r2, #255	@ 0xff
10008d66:	0412      	lsls	r2, r2, #16
10008d68:	4213      	tst	r3, r2
10008d6a:	d000      	beq.n	10008d6e <cyw43_ll_bus_init+0x4d2>
10008d6c:	e1c7      	b.n	100090fe <cyw43_ll_bus_init+0x862>
10008d6e:	22ff      	movs	r2, #255	@ 0xff
10008d70:	0212      	lsls	r2, r2, #8
10008d72:	4213      	tst	r3, r2
10008d74:	d000      	beq.n	10008d78 <cyw43_ll_bus_init+0x4dc>
10008d76:	e1d7      	b.n	10009128 <cyw43_ll_bus_init+0x88c>
10008d78:	23c0      	movs	r3, #192	@ 0xc0
10008d7a:	055b      	lsls	r3, r3, #21
10008d7c:	60a3      	str	r3, [r4, #8]
10008d7e:	0020      	movs	r0, r4
10008d80:	f000 fba6 	bl	100094d0 <cyw43_cb_ensure_awake>
10008d84:	7ca3      	ldrb	r3, [r4, #18]
10008d86:	2b00      	cmp	r3, #0
10008d88:	d105      	bne.n	10008d96 <cyw43_ll_bus_init+0x4fa>
10008d8a:	2101      	movs	r1, #1
10008d8c:	0020      	movs	r0, r4
10008d8e:	f7fe fe7f 	bl	10007a90 <cyw43_kso_set>
10008d92:	2301      	movs	r3, #1
10008d94:	74a3      	strb	r3, [r4, #18]
10008d96:	2344      	movs	r3, #68	@ 0x44
10008d98:	4e82      	ldr	r6, [pc, #520]	@ (10008fa4 <cyw43_ll_bus_init+0x708>)
10008d9a:	4698      	mov	r8, r3
10008d9c:	0031      	movs	r1, r6
10008d9e:	44a0      	add	r8, r4
10008da0:	2208      	movs	r2, #8
10008da2:	312c      	adds	r1, #44	@ 0x2c
10008da4:	4640      	mov	r0, r8
10008da6:	f7f9 fc09 	bl	100025bc <__wrap___aeabi_memcpy>
10008daa:	4b7f      	ldr	r3, [pc, #508]	@ (10008fa8 <cyw43_ll_bus_init+0x70c>)
10008dac:	22f6      	movs	r2, #246	@ 0xf6
10008dae:	21db      	movs	r1, #219	@ 0xdb
10008db0:	64e3      	str	r3, [r4, #76]	@ 0x4c
10008db2:	0020      	movs	r0, r4
10008db4:	2300      	movs	r3, #0
10008db6:	0092      	lsls	r2, r2, #2
10008db8:	0289      	lsls	r1, r1, #10
10008dba:	4451      	add	r1, sl
10008dbc:	6522      	str	r2, [r4, #80]	@ 0x50
10008dbe:	6563      	str	r3, [r4, #84]	@ 0x54
10008dc0:	3058      	adds	r0, #88	@ 0x58
10008dc2:	4699      	mov	r9, r3
10008dc4:	f7f9 fbfa 	bl	100025bc <__wrap___aeabi_memcpy>
10008dc8:	2208      	movs	r2, #8
10008dca:	32ff      	adds	r2, #255	@ 0xff
10008dcc:	4692      	mov	sl, r2
10008dce:	6362      	str	r2, [r4, #52]	@ 0x34
10008dd0:	22fc      	movs	r2, #252	@ 0xfc
10008dd2:	0092      	lsls	r2, r2, #2
10008dd4:	4693      	mov	fp, r2
10008dd6:	63a2      	str	r2, [r4, #56]	@ 0x38
10008dd8:	2202      	movs	r2, #2
10008dda:	8a23      	ldrh	r3, [r4, #16]
10008ddc:	2100      	movs	r1, #0
10008dde:	3301      	adds	r3, #1
10008de0:	b29b      	uxth	r3, r3
10008de2:	8223      	strh	r3, [r4, #16]
10008de4:	041b      	lsls	r3, r3, #16
10008de6:	4313      	orrs	r3, r2
10008de8:	63e3      	str	r3, [r4, #60]	@ 0x3c
10008dea:	464b      	mov	r3, r9
10008dec:	6423      	str	r3, [r4, #64]	@ 0x40
10008dee:	3328      	adds	r3, #40	@ 0x28
10008df0:	4699      	mov	r9, r3
10008df2:	2280      	movs	r2, #128	@ 0x80
10008df4:	44a1      	add	r9, r4
10008df6:	464b      	mov	r3, r9
10008df8:	0020      	movs	r0, r4
10008dfa:	00d2      	lsls	r2, r2, #3
10008dfc:	f7fe ffa4 	bl	10007d48 <cyw43_sdpcm_send_common>
10008e00:	2800      	cmp	r0, #0
10008e02:	d107      	bne.n	10008e14 <cyw43_ll_bus_init+0x578>
10008e04:	4643      	mov	r3, r8
10008e06:	4652      	mov	r2, sl
10008e08:	9300      	str	r3, [sp, #0]
10008e0a:	2102      	movs	r1, #2
10008e0c:	465b      	mov	r3, fp
10008e0e:	0020      	movs	r0, r4
10008e10:	f7ff f818 	bl	10007e44 <cyw43_do_ioctl.part.0>
10008e14:	0031      	movs	r1, r6
10008e16:	2213      	movs	r2, #19
10008e18:	3138      	adds	r1, #56	@ 0x38
10008e1a:	4640      	mov	r0, r8
10008e1c:	f7f9 fbce 	bl	100025bc <__wrap___aeabi_memcpy>
10008e20:	8a23      	ldrh	r3, [r4, #16]
10008e22:	2283      	movs	r2, #131	@ 0x83
10008e24:	3301      	adds	r3, #1
10008e26:	b29b      	uxth	r3, r3
10008e28:	8223      	strh	r3, [r4, #16]
10008e2a:	041b      	lsls	r3, r3, #16
10008e2c:	63e3      	str	r3, [r4, #60]	@ 0x3c
10008e2e:	2300      	movs	r3, #0
10008e30:	0052      	lsls	r2, r2, #1
10008e32:	4692      	mov	sl, r2
10008e34:	6362      	str	r2, [r4, #52]	@ 0x34
10008e36:	3af3      	subs	r2, #243	@ 0xf3
10008e38:	63a2      	str	r2, [r4, #56]	@ 0x38
10008e3a:	6423      	str	r3, [r4, #64]	@ 0x40
10008e3c:	2100      	movs	r1, #0
10008e3e:	464b      	mov	r3, r9
10008e40:	0020      	movs	r0, r4
10008e42:	3210      	adds	r2, #16
10008e44:	f7fe ff80 	bl	10007d48 <cyw43_sdpcm_send_common>
10008e48:	2800      	cmp	r0, #0
10008e4a:	d107      	bne.n	10008e5c <cyw43_ll_bus_init+0x5c0>
10008e4c:	4643      	mov	r3, r8
10008e4e:	4652      	mov	r2, sl
10008e50:	9300      	str	r3, [sp, #0]
10008e52:	2100      	movs	r1, #0
10008e54:	2313      	movs	r3, #19
10008e56:	0020      	movs	r0, r4
10008e58:	f7fe fff4 	bl	10007e44 <cyw43_do_ioctl.part.0>
10008e5c:	6c63      	ldr	r3, [r4, #68]	@ 0x44
10008e5e:	2b00      	cmp	r3, #0
10008e60:	d000      	beq.n	10008e64 <cyw43_ll_bus_init+0x5c8>
10008e62:	e118      	b.n	10009096 <cyw43_ll_bus_init+0x7fa>
10008e64:	2200      	movs	r2, #0
10008e66:	0020      	movs	r0, r4
10008e68:	4950      	ldr	r1, [pc, #320]	@ (10008fac <cyw43_ll_bus_init+0x710>)
10008e6a:	f7ff f8b5 	bl	10007fd8 <cyw43_write_iovar_u32.constprop.0>
10008e6e:	2201      	movs	r2, #1
10008e70:	0020      	movs	r0, r4
10008e72:	494f      	ldr	r1, [pc, #316]	@ (10008fb0 <cyw43_ll_bus_init+0x714>)
10008e74:	f7ff f8b0 	bl	10007fd8 <cyw43_write_iovar_u32.constprop.0>
10008e78:	2f00      	cmp	r7, #0
10008e7a:	d100      	bne.n	10008e7e <cyw43_ll_bus_init+0x5e2>
10008e7c:	e11f      	b.n	100090be <cyw43_ll_bus_init+0x822>
10008e7e:	2300      	movs	r3, #0
10008e80:	2206      	movs	r2, #6
10008e82:	9300      	str	r3, [sp, #0]
10008e84:	0020      	movs	r0, r4
10008e86:	003b      	movs	r3, r7
10008e88:	494a      	ldr	r1, [pc, #296]	@ (10008fb4 <cyw43_ll_bus_init+0x718>)
10008e8a:	f7ff f8f1 	bl	10008070 <cyw43_write_iovar_n>
10008e8e:	e52d      	b.n	100088ec <cyw43_ll_bus_init+0x50>
10008e90:	4849      	ldr	r0, [pc, #292]	@ (10008fb8 <cyw43_ll_bus_init+0x71c>)
10008e92:	f7fb f929 	bl	100040e8 <__wrap_puts>
10008e96:	e527      	b.n	100088e8 <cyw43_ll_bus_init+0x4c>
10008e98:	23c0      	movs	r3, #192	@ 0xc0
10008e9a:	4a48      	ldr	r2, [pc, #288]	@ (10008fbc <cyw43_ll_bus_init+0x720>)
10008e9c:	015b      	lsls	r3, r3, #5
10008e9e:	2101      	movs	r1, #1
10008ea0:	0020      	movs	r0, r4
10008ea2:	f7fe fb81 	bl	100075a8 <cyw43_write_reg_u8>
10008ea6:	23c0      	movs	r3, #192	@ 0xc0
10008ea8:	68a2      	ldr	r2, [r4, #8]
10008eaa:	055b      	lsls	r3, r3, #21
10008eac:	4053      	eors	r3, r2
10008eae:	e60d      	b.n	10008acc <cyw43_ll_bus_init+0x230>
10008eb0:	2318      	movs	r3, #24
10008eb2:	2101      	movs	r1, #1
10008eb4:	0020      	movs	r0, r4
10008eb6:	4a42      	ldr	r2, [pc, #264]	@ (10008fc0 <cyw43_ll_bus_init+0x724>)
10008eb8:	f7fe fb76 	bl	100075a8 <cyw43_write_reg_u8>
10008ebc:	68a3      	ldr	r3, [r4, #8]
10008ebe:	406b      	eors	r3, r5
10008ec0:	e5ff      	b.n	10008ac2 <cyw43_ll_bus_init+0x226>
10008ec2:	23c0      	movs	r3, #192	@ 0xc0
10008ec4:	2101      	movs	r1, #1
10008ec6:	0020      	movs	r0, r4
10008ec8:	4a3e      	ldr	r2, [pc, #248]	@ (10008fc4 <cyw43_ll_bus_init+0x728>)
10008eca:	035b      	lsls	r3, r3, #13
10008ecc:	f7fe fb6c 	bl	100075a8 <cyw43_write_reg_u8>
10008ed0:	e61f      	b.n	10008b12 <cyw43_ll_bus_init+0x276>
10008ed2:	23c0      	movs	r3, #192	@ 0xc0
10008ed4:	4a39      	ldr	r2, [pc, #228]	@ (10008fbc <cyw43_ll_bus_init+0x720>)
10008ed6:	015b      	lsls	r3, r3, #5
10008ed8:	2101      	movs	r1, #1
10008eda:	0020      	movs	r0, r4
10008edc:	f7fe fb64 	bl	100075a8 <cyw43_write_reg_u8>
10008ee0:	23c0      	movs	r3, #192	@ 0xc0
10008ee2:	68a2      	ldr	r2, [r4, #8]
10008ee4:	055b      	lsls	r3, r3, #21
10008ee6:	4053      	eors	r3, r2
10008ee8:	e60e      	b.n	10008b08 <cyw43_ll_bus_init+0x26c>
10008eea:	2318      	movs	r3, #24
10008eec:	2101      	movs	r1, #1
10008eee:	0020      	movs	r0, r4
10008ef0:	4a33      	ldr	r2, [pc, #204]	@ (10008fc0 <cyw43_ll_bus_init+0x724>)
10008ef2:	f7fe fb59 	bl	100075a8 <cyw43_write_reg_u8>
10008ef6:	68a3      	ldr	r3, [r4, #8]
10008ef8:	406b      	eors	r3, r5
10008efa:	e600      	b.n	10008afe <cyw43_ll_bus_init+0x262>
10008efc:	23c0      	movs	r3, #192	@ 0xc0
10008efe:	2101      	movs	r1, #1
10008f00:	0020      	movs	r0, r4
10008f02:	4a30      	ldr	r2, [pc, #192]	@ (10008fc4 <cyw43_ll_bus_init+0x728>)
10008f04:	035b      	lsls	r3, r3, #13
10008f06:	f7fe fb4f 	bl	100075a8 <cyw43_write_reg_u8>
10008f0a:	e5e4      	b.n	10008ad6 <cyw43_ll_bus_init+0x23a>
10008f0c:	23c0      	movs	r3, #192	@ 0xc0
10008f0e:	4a2b      	ldr	r2, [pc, #172]	@ (10008fbc <cyw43_ll_bus_init+0x720>)
10008f10:	015b      	lsls	r3, r3, #5
10008f12:	2101      	movs	r1, #1
10008f14:	0020      	movs	r0, r4
10008f16:	f7fe fb47 	bl	100075a8 <cyw43_write_reg_u8>
10008f1a:	23c0      	movs	r3, #192	@ 0xc0
10008f1c:	68a2      	ldr	r2, [r4, #8]
10008f1e:	055b      	lsls	r3, r3, #21
10008f20:	4053      	eors	r3, r2
10008f22:	e60f      	b.n	10008b44 <cyw43_ll_bus_init+0x2a8>
10008f24:	2318      	movs	r3, #24
10008f26:	2101      	movs	r1, #1
10008f28:	0020      	movs	r0, r4
10008f2a:	4a25      	ldr	r2, [pc, #148]	@ (10008fc0 <cyw43_ll_bus_init+0x724>)
10008f2c:	f7fe fb3c 	bl	100075a8 <cyw43_write_reg_u8>
10008f30:	68a3      	ldr	r3, [r4, #8]
10008f32:	406b      	eors	r3, r5
10008f34:	e601      	b.n	10008b3a <cyw43_ll_bus_init+0x29e>
10008f36:	23c0      	movs	r3, #192	@ 0xc0
10008f38:	2101      	movs	r1, #1
10008f3a:	0020      	movs	r0, r4
10008f3c:	4a21      	ldr	r2, [pc, #132]	@ (10008fc4 <cyw43_ll_bus_init+0x728>)
10008f3e:	035b      	lsls	r3, r3, #13
10008f40:	f7fe fb32 	bl	100075a8 <cyw43_write_reg_u8>
10008f44:	e603      	b.n	10008b4e <cyw43_ll_bus_init+0x2b2>
10008f46:	2318      	movs	r3, #24
10008f48:	2101      	movs	r1, #1
10008f4a:	0020      	movs	r0, r4
10008f4c:	4a1c      	ldr	r2, [pc, #112]	@ (10008fc0 <cyw43_ll_bus_init+0x724>)
10008f4e:	f7fe fb2b 	bl	100075a8 <cyw43_write_reg_u8>
10008f52:	68a3      	ldr	r3, [r4, #8]
10008f54:	406b      	eors	r3, r5
10008f56:	e572      	b.n	10008a3e <cyw43_ll_bus_init+0x1a2>
10008f58:	23c0      	movs	r3, #192	@ 0xc0
10008f5a:	2101      	movs	r1, #1
10008f5c:	0020      	movs	r0, r4
10008f5e:	4a19      	ldr	r2, [pc, #100]	@ (10008fc4 <cyw43_ll_bus_init+0x728>)
10008f60:	035b      	lsls	r3, r3, #13
10008f62:	f7fe fb21 	bl	100075a8 <cyw43_write_reg_u8>
10008f66:	e54f      	b.n	10008a08 <cyw43_ll_bus_init+0x16c>
10008f68:	00036bc0 	.word	0x00036bc0
10008f6c:	10042828 	.word	0x10042828
10008f70:	0007fd14 	.word	0x0007fd14
10008f74:	ff4500ba 	.word	0xff4500ba
10008f78:	0007fffc 	.word	0x0007fffc
10008f7c:	18103408 	.word	0x18103408
10008f80:	1000b3d4 	.word	0x1000b3d4
10008f84:	18103800 	.word	0x18103800
10008f88:	0001000e 	.word	0x0001000e
10008f8c:	18002024 	.word	0x18002024
10008f90:	00010008 	.word	0x00010008
10008f94:	0001001e 	.word	0x0001001e
10008f98:	0001001f 	.word	0x0001001f
10008f9c:	0001000f 	.word	0x0001000f
10008fa0:	00008508 	.word	0x00008508
10008fa4:	10042b10 	.word	0x10042b10
10008fa8:	00021006 	.word	0x00021006
10008fac:	1000b300 	.word	0x1000b300
10008fb0:	1000b30c 	.word	0x1000b30c
10008fb4:	1000b430 	.word	0x1000b430
10008fb8:	1000b380 	.word	0x1000b380
10008fbc:	0001000b 	.word	0x0001000b
10008fc0:	0001000c 	.word	0x0001000c
10008fc4:	0001000a 	.word	0x0001000a
10008fc8:	23c0      	movs	r3, #192	@ 0xc0
10008fca:	4a73      	ldr	r2, [pc, #460]	@ (10009198 <cyw43_ll_bus_init+0x8fc>)
10008fcc:	015b      	lsls	r3, r3, #5
10008fce:	2101      	movs	r1, #1
10008fd0:	0020      	movs	r0, r4
10008fd2:	f7fe fae9 	bl	100075a8 <cyw43_write_reg_u8>
10008fd6:	23c0      	movs	r3, #192	@ 0xc0
10008fd8:	68a2      	ldr	r2, [r4, #8]
10008fda:	055b      	lsls	r3, r3, #21
10008fdc:	4053      	eors	r3, r2
10008fde:	e50e      	b.n	100089fe <cyw43_ll_bus_init+0x162>
10008fe0:	2318      	movs	r3, #24
10008fe2:	2101      	movs	r1, #1
10008fe4:	0020      	movs	r0, r4
10008fe6:	4a6d      	ldr	r2, [pc, #436]	@ (1000919c <cyw43_ll_bus_init+0x900>)
10008fe8:	f7fe fade 	bl	100075a8 <cyw43_write_reg_u8>
10008fec:	68a3      	ldr	r3, [r4, #8]
10008fee:	4073      	eors	r3, r6
10008ff0:	e500      	b.n	100089f4 <cyw43_ll_bus_init+0x158>
10008ff2:	23c0      	movs	r3, #192	@ 0xc0
10008ff4:	2101      	movs	r1, #1
10008ff6:	0020      	movs	r0, r4
10008ff8:	4a69      	ldr	r2, [pc, #420]	@ (100091a0 <cyw43_ll_bus_init+0x904>)
10008ffa:	035b      	lsls	r3, r3, #13
10008ffc:	f7fe fad4 	bl	100075a8 <cyw43_write_reg_u8>
10009000:	e4df      	b.n	100089c2 <cyw43_ll_bus_init+0x126>
10009002:	23c0      	movs	r3, #192	@ 0xc0
10009004:	4a64      	ldr	r2, [pc, #400]	@ (10009198 <cyw43_ll_bus_init+0x8fc>)
10009006:	015b      	lsls	r3, r3, #5
10009008:	2101      	movs	r1, #1
1000900a:	0020      	movs	r0, r4
1000900c:	f7fe facc 	bl	100075a8 <cyw43_write_reg_u8>
10009010:	23c0      	movs	r3, #192	@ 0xc0
10009012:	68a2      	ldr	r2, [r4, #8]
10009014:	055b      	lsls	r3, r3, #21
10009016:	4053      	eors	r3, r2
10009018:	e4ce      	b.n	100089b8 <cyw43_ll_bus_init+0x11c>
1000901a:	2318      	movs	r3, #24
1000901c:	2101      	movs	r1, #1
1000901e:	0020      	movs	r0, r4
10009020:	4a5e      	ldr	r2, [pc, #376]	@ (1000919c <cyw43_ll_bus_init+0x900>)
10009022:	f7fe fac1 	bl	100075a8 <cyw43_write_reg_u8>
10009026:	68a3      	ldr	r3, [r4, #8]
10009028:	406b      	eors	r3, r5
1000902a:	e4c0      	b.n	100089ae <cyw43_ll_bus_init+0x112>
1000902c:	23c0      	movs	r3, #192	@ 0xc0
1000902e:	4a5a      	ldr	r2, [pc, #360]	@ (10009198 <cyw43_ll_bus_init+0x8fc>)
10009030:	015b      	lsls	r3, r3, #5
10009032:	2101      	movs	r1, #1
10009034:	0020      	movs	r0, r4
10009036:	f7fe fab7 	bl	100075a8 <cyw43_write_reg_u8>
1000903a:	23c0      	movs	r3, #192	@ 0xc0
1000903c:	68a2      	ldr	r2, [r4, #8]
1000903e:	055b      	lsls	r3, r3, #21
10009040:	4053      	eors	r3, r2
10009042:	e524      	b.n	10008a8e <cyw43_ll_bus_init+0x1f2>
10009044:	2318      	movs	r3, #24
10009046:	2101      	movs	r1, #1
10009048:	0020      	movs	r0, r4
1000904a:	4a54      	ldr	r2, [pc, #336]	@ (1000919c <cyw43_ll_bus_init+0x900>)
1000904c:	f7fe faac 	bl	100075a8 <cyw43_write_reg_u8>
10009050:	68a3      	ldr	r3, [r4, #8]
10009052:	4073      	eors	r3, r6
10009054:	e516      	b.n	10008a84 <cyw43_ll_bus_init+0x1e8>
10009056:	23c0      	movs	r3, #192	@ 0xc0
10009058:	2101      	movs	r1, #1
1000905a:	0020      	movs	r0, r4
1000905c:	4a50      	ldr	r2, [pc, #320]	@ (100091a0 <cyw43_ll_bus_init+0x904>)
1000905e:	035b      	lsls	r3, r3, #13
10009060:	f7fe faa2 	bl	100075a8 <cyw43_write_reg_u8>
10009064:	e4f5      	b.n	10008a52 <cyw43_ll_bus_init+0x1b6>
10009066:	23c0      	movs	r3, #192	@ 0xc0
10009068:	4a4b      	ldr	r2, [pc, #300]	@ (10009198 <cyw43_ll_bus_init+0x8fc>)
1000906a:	015b      	lsls	r3, r3, #5
1000906c:	2101      	movs	r1, #1
1000906e:	0020      	movs	r0, r4
10009070:	f7fe fa9a 	bl	100075a8 <cyw43_write_reg_u8>
10009074:	23c0      	movs	r3, #192	@ 0xc0
10009076:	68a2      	ldr	r2, [r4, #8]
10009078:	055b      	lsls	r3, r3, #21
1000907a:	4053      	eors	r3, r2
1000907c:	e4e4      	b.n	10008a48 <cyw43_ll_bus_init+0x1ac>
1000907e:	23c0      	movs	r3, #192	@ 0xc0
10009080:	2101      	movs	r1, #1
10009082:	0020      	movs	r0, r4
10009084:	4a46      	ldr	r2, [pc, #280]	@ (100091a0 <cyw43_ll_bus_init+0x904>)
10009086:	035b      	lsls	r3, r3, #13
10009088:	f7fe fa8e 	bl	100075a8 <cyw43_write_reg_u8>
1000908c:	e504      	b.n	10008a98 <cyw43_ll_bus_init+0x1fc>
1000908e:	4845      	ldr	r0, [pc, #276]	@ (100091a4 <cyw43_ll_bus_init+0x908>)
10009090:	f7fb f82a 	bl	100040e8 <__wrap_puts>
10009094:	e5d0      	b.n	10008c38 <cyw43_ll_bus_init+0x39c>
10009096:	4844      	ldr	r0, [pc, #272]	@ (100091a8 <cyw43_ll_bus_init+0x90c>)
10009098:	f7fb f826 	bl	100040e8 <__wrap_puts>
1000909c:	e6e2      	b.n	10008e64 <cyw43_ll_bus_init+0x5c8>
1000909e:	2301      	movs	r3, #1
100090a0:	b2c0      	uxtb	r0, r0
100090a2:	4303      	orrs	r3, r0
100090a4:	2101      	movs	r1, #1
100090a6:	0020      	movs	r0, r4
100090a8:	4a40      	ldr	r2, [pc, #256]	@ (100091ac <cyw43_ll_bus_init+0x910>)
100090aa:	f7fe fa7d 	bl	100075a8 <cyw43_write_reg_u8>
100090ae:	e618      	b.n	10008ce2 <cyw43_ll_bus_init+0x446>
100090b0:	b283      	uxth	r3, r0
100090b2:	2204      	movs	r2, #4
100090b4:	2100      	movs	r1, #0
100090b6:	0020      	movs	r0, r4
100090b8:	f7fe f96c 	bl	10007394 <cyw43_write_reg_u16>
100090bc:	e62a      	b.n	10008d14 <cyw43_ll_bus_init+0x478>
100090be:	0033      	movs	r3, r6
100090c0:	6cf2      	ldr	r2, [r6, #76]	@ 0x4c
100090c2:	334c      	adds	r3, #76	@ 0x4c
100090c4:	9204      	str	r2, [sp, #16]
100090c6:	889b      	ldrh	r3, [r3, #4]
100090c8:	af04      	add	r7, sp, #16
100090ca:	ae02      	add	r6, sp, #8
100090cc:	0031      	movs	r1, r6
100090ce:	0020      	movs	r0, r4
100090d0:	80bb      	strh	r3, [r7, #4]
100090d2:	f7ff fba9 	bl	10008828 <cyw43_ll_wifi_get_mac>
100090d6:	2800      	cmp	r0, #0
100090d8:	d10b      	bne.n	100090f2 <cyw43_ll_bus_init+0x856>
100090da:	9a02      	ldr	r2, [sp, #8]
100090dc:	9b04      	ldr	r3, [sp, #16]
100090de:	429a      	cmp	r2, r3
100090e0:	d001      	beq.n	100090e6 <cyw43_ll_bus_init+0x84a>
100090e2:	f7ff fc03 	bl	100088ec <cyw43_ll_bus_init+0x50>
100090e6:	88b2      	ldrh	r2, [r6, #4]
100090e8:	88bb      	ldrh	r3, [r7, #4]
100090ea:	429a      	cmp	r2, r3
100090ec:	d001      	beq.n	100090f2 <cyw43_ll_bus_init+0x856>
100090ee:	f7ff fbfd 	bl	100088ec <cyw43_ll_bus_init+0x50>
100090f2:	0031      	movs	r1, r6
100090f4:	2000      	movs	r0, #0
100090f6:	f000 fe0f 	bl	10009d18 <cyw43_hal_generate_laa_mac>
100090fa:	0037      	movs	r7, r6
100090fc:	e6bf      	b.n	10008e7e <cyw43_ll_bus_init+0x5e2>
100090fe:	23c0      	movs	r3, #192	@ 0xc0
10009100:	4a25      	ldr	r2, [pc, #148]	@ (10009198 <cyw43_ll_bus_init+0x8fc>)
10009102:	015b      	lsls	r3, r3, #5
10009104:	2101      	movs	r1, #1
10009106:	0020      	movs	r0, r4
10009108:	f7fe fa4e 	bl	100075a8 <cyw43_write_reg_u8>
1000910c:	23c0      	movs	r3, #192	@ 0xc0
1000910e:	68a2      	ldr	r2, [r4, #8]
10009110:	055b      	lsls	r3, r3, #21
10009112:	4053      	eors	r3, r2
10009114:	e62b      	b.n	10008d6e <cyw43_ll_bus_init+0x4d2>
10009116:	2318      	movs	r3, #24
10009118:	2101      	movs	r1, #1
1000911a:	0020      	movs	r0, r4
1000911c:	4a1f      	ldr	r2, [pc, #124]	@ (1000919c <cyw43_ll_bus_init+0x900>)
1000911e:	f7fe fa43 	bl	100075a8 <cyw43_write_reg_u8>
10009122:	68a3      	ldr	r3, [r4, #8]
10009124:	4073      	eors	r3, r6
10009126:	e61d      	b.n	10008d64 <cyw43_ll_bus_init+0x4c8>
10009128:	23c0      	movs	r3, #192	@ 0xc0
1000912a:	2101      	movs	r1, #1
1000912c:	0020      	movs	r0, r4
1000912e:	4a1c      	ldr	r2, [pc, #112]	@ (100091a0 <cyw43_ll_bus_init+0x904>)
10009130:	035b      	lsls	r3, r3, #13
10009132:	f7fe fa39 	bl	100075a8 <cyw43_write_reg_u8>
10009136:	e61f      	b.n	10008d78 <cyw43_ll_bus_init+0x4dc>
10009138:	23c0      	movs	r3, #192	@ 0xc0
1000913a:	2101      	movs	r1, #1
1000913c:	0020      	movs	r0, r4
1000913e:	4a18      	ldr	r2, [pc, #96]	@ (100091a0 <cyw43_ll_bus_init+0x904>)
10009140:	035b      	lsls	r3, r3, #13
10009142:	f7fe fa31 	bl	100075a8 <cyw43_write_reg_u8>
10009146:	e5fa      	b.n	10008d3e <cyw43_ll_bus_init+0x4a2>
10009148:	23c0      	movs	r3, #192	@ 0xc0
1000914a:	4a13      	ldr	r2, [pc, #76]	@ (10009198 <cyw43_ll_bus_init+0x8fc>)
1000914c:	015b      	lsls	r3, r3, #5
1000914e:	2101      	movs	r1, #1
10009150:	0020      	movs	r0, r4
10009152:	f7fe fa29 	bl	100075a8 <cyw43_write_reg_u8>
10009156:	23c0      	movs	r3, #192	@ 0xc0
10009158:	68a2      	ldr	r2, [r4, #8]
1000915a:	055b      	lsls	r3, r3, #21
1000915c:	4053      	eors	r3, r2
1000915e:	e5e9      	b.n	10008d34 <cyw43_ll_bus_init+0x498>
10009160:	2318      	movs	r3, #24
10009162:	2101      	movs	r1, #1
10009164:	0020      	movs	r0, r4
10009166:	4a0d      	ldr	r2, [pc, #52]	@ (1000919c <cyw43_ll_bus_init+0x900>)
10009168:	f7fe fa1e 	bl	100075a8 <cyw43_write_reg_u8>
1000916c:	68a3      	ldr	r3, [r4, #8]
1000916e:	4073      	eors	r3, r6
10009170:	e5db      	b.n	10008d2a <cyw43_ll_bus_init+0x48e>
10009172:	480f      	ldr	r0, [pc, #60]	@ (100091b0 <cyw43_ll_bus_init+0x914>)
10009174:	f7fa ffb8 	bl	100040e8 <__wrap_puts>
10009178:	f7ff fbb6 	bl	100088e8 <cyw43_ll_bus_init+0x4c>
1000917c:	480d      	ldr	r0, [pc, #52]	@ (100091b4 <cyw43_ll_bus_init+0x918>)
1000917e:	f7fa ffb3 	bl	100040e8 <__wrap_puts>
10009182:	f7ff fbb1 	bl	100088e8 <cyw43_ll_bus_init+0x4c>
10009186:	480c      	ldr	r0, [pc, #48]	@ (100091b8 <cyw43_ll_bus_init+0x91c>)
10009188:	f7fa ffae 	bl	100040e8 <__wrap_puts>
1000918c:	e442      	b.n	10008a14 <cyw43_ll_bus_init+0x178>
1000918e:	480a      	ldr	r0, [pc, #40]	@ (100091b8 <cyw43_ll_bus_init+0x91c>)
10009190:	f7fa ffaa 	bl	100040e8 <__wrap_puts>
10009194:	e486      	b.n	10008aa4 <cyw43_ll_bus_init+0x208>
10009196:	46c0      	nop			@ (mov r8, r8)
10009198:	0001000b 	.word	0x0001000b
1000919c:	0001000c 	.word	0x0001000c
100091a0:	0001000a 	.word	0x0001000a
100091a4:	1000b3d4 	.word	0x1000b3d4
100091a8:	1000b418 	.word	0x1000b418
100091ac:	0001001f 	.word	0x0001001f
100091b0:	1000b3e8 	.word	0x1000b3e8
100091b4:	1000b400 	.word	0x1000b400
100091b8:	1000b2e4 	.word	0x1000b2e4

100091bc <cyw43_ll_wifi_set_wpa_auth>:
100091bc:	2204      	movs	r2, #4
100091be:	b510      	push	{r4, lr}
100091c0:	8a03      	ldrh	r3, [r0, #16]
100091c2:	6442      	str	r2, [r0, #68]	@ 0x44
100091c4:	3301      	adds	r3, #1
100091c6:	b29b      	uxth	r3, r3
100091c8:	8203      	strh	r3, [r0, #16]
100091ca:	6382      	str	r2, [r0, #56]	@ 0x38
100091cc:	041b      	lsls	r3, r3, #16
100091ce:	3a02      	subs	r2, #2
100091d0:	4313      	orrs	r3, r2
100091d2:	63c3      	str	r3, [r0, #60]	@ 0x3c
100091d4:	2300      	movs	r3, #0
100091d6:	21a5      	movs	r1, #165	@ 0xa5
100091d8:	6403      	str	r3, [r0, #64]	@ 0x40
100091da:	0003      	movs	r3, r0
100091dc:	b082      	sub	sp, #8
100091de:	6341      	str	r1, [r0, #52]	@ 0x34
100091e0:	3328      	adds	r3, #40	@ 0x28
100091e2:	2100      	movs	r1, #0
100091e4:	3212      	adds	r2, #18
100091e6:	0004      	movs	r4, r0
100091e8:	f7fe fdae 	bl	10007d48 <cyw43_sdpcm_send_common>
100091ec:	2800      	cmp	r0, #0
100091ee:	d108      	bne.n	10009202 <cyw43_ll_wifi_set_wpa_auth+0x46>
100091f0:	0023      	movs	r3, r4
100091f2:	3344      	adds	r3, #68	@ 0x44
100091f4:	9300      	str	r3, [sp, #0]
100091f6:	22a5      	movs	r2, #165	@ 0xa5
100091f8:	2304      	movs	r3, #4
100091fa:	2102      	movs	r1, #2
100091fc:	0020      	movs	r0, r4
100091fe:	f7fe fe21 	bl	10007e44 <cyw43_do_ioctl.part.0>
10009202:	b002      	add	sp, #8
10009204:	bd10      	pop	{r4, pc}
10009206:	46c0      	nop			@ (mov r8, r8)

10009208 <cyw43_ll_wifi_rejoin>:
10009208:	221a      	movs	r2, #26
1000920a:	b530      	push	{r4, r5, lr}
1000920c:	4b13      	ldr	r3, [pc, #76]	@ (1000925c <cyw43_ll_wifi_rejoin+0x54>)
1000920e:	6342      	str	r2, [r0, #52]	@ 0x34
10009210:	18c5      	adds	r5, r0, r3
10009212:	8a03      	ldrh	r3, [r0, #16]
10009214:	320a      	adds	r2, #10
10009216:	3301      	adds	r3, #1
10009218:	b29b      	uxth	r3, r3
1000921a:	8203      	strh	r3, [r0, #16]
1000921c:	6382      	str	r2, [r0, #56]	@ 0x38
1000921e:	041b      	lsls	r3, r3, #16
10009220:	3a22      	subs	r2, #34	@ 0x22
10009222:	4313      	orrs	r3, r2
10009224:	63c3      	str	r3, [r0, #60]	@ 0x3c
10009226:	2300      	movs	r3, #0
10009228:	0004      	movs	r4, r0
1000922a:	6403      	str	r3, [r0, #64]	@ 0x40
1000922c:	0029      	movs	r1, r5
1000922e:	b083      	sub	sp, #12
10009230:	3222      	adds	r2, #34	@ 0x22
10009232:	3044      	adds	r0, #68	@ 0x44
10009234:	f7f9 f9c2 	bl	100025bc <__wrap___aeabi_memcpy>
10009238:	0023      	movs	r3, r4
1000923a:	2234      	movs	r2, #52	@ 0x34
1000923c:	2100      	movs	r1, #0
1000923e:	0020      	movs	r0, r4
10009240:	3328      	adds	r3, #40	@ 0x28
10009242:	f7fe fd81 	bl	10007d48 <cyw43_sdpcm_send_common>
10009246:	2800      	cmp	r0, #0
10009248:	d106      	bne.n	10009258 <cyw43_ll_wifi_rejoin+0x50>
1000924a:	2324      	movs	r3, #36	@ 0x24
1000924c:	221a      	movs	r2, #26
1000924e:	2102      	movs	r1, #2
10009250:	0020      	movs	r0, r4
10009252:	9500      	str	r5, [sp, #0]
10009254:	f7fe fdf6 	bl	10007e44 <cyw43_do_ioctl.part.0>
10009258:	b003      	add	sp, #12
1000925a:	bd30      	pop	{r4, r5, pc}
1000925c:	00000828 	.word	0x00000828

10009260 <cyw43_ll_gpio_set>:
10009260:	b5f0      	push	{r4, r5, r6, r7, lr}
10009262:	0004      	movs	r4, r0
10009264:	b083      	sub	sp, #12
10009266:	2902      	cmp	r1, #2
10009268:	d83f      	bhi.n	100092ea <cyw43_ll_gpio_set+0x8a>
1000926a:	0006      	movs	r6, r0
1000926c:	1e53      	subs	r3, r2, #1
1000926e:	419a      	sbcs	r2, r3
10009270:	2701      	movs	r7, #1
10009272:	3644      	adds	r6, #68	@ 0x44
10009274:	408f      	lsls	r7, r1
10009276:	4255      	negs	r5, r2
10009278:	491d      	ldr	r1, [pc, #116]	@ (100092f0 <cyw43_ll_gpio_set+0x90>)
1000927a:	2208      	movs	r2, #8
1000927c:	0030      	movs	r0, r6
1000927e:	f7f9 f99d 	bl	100025bc <__wrap___aeabi_memcpy>
10009282:	234c      	movs	r3, #76	@ 0x4c
10009284:	2200      	movs	r2, #0
10009286:	2110      	movs	r1, #16
10009288:	b2ff      	uxtb	r7, r7
1000928a:	54e7      	strb	r7, [r4, r3]
1000928c:	3301      	adds	r3, #1
1000928e:	54e2      	strb	r2, [r4, r3]
10009290:	3301      	adds	r3, #1
10009292:	54e2      	strb	r2, [r4, r3]
10009294:	3301      	adds	r3, #1
10009296:	54e2      	strb	r2, [r4, r3]
10009298:	403d      	ands	r5, r7
1000929a:	3301      	adds	r3, #1
1000929c:	54e5      	strb	r5, [r4, r3]
1000929e:	3301      	adds	r3, #1
100092a0:	54e2      	strb	r2, [r4, r3]
100092a2:	3301      	adds	r3, #1
100092a4:	54e2      	strb	r2, [r4, r3]
100092a6:	3301      	adds	r3, #1
100092a8:	54e2      	strb	r2, [r4, r3]
100092aa:	8a23      	ldrh	r3, [r4, #16]
100092ac:	63a1      	str	r1, [r4, #56]	@ 0x38
100092ae:	3301      	adds	r3, #1
100092b0:	b29b      	uxth	r3, r3
100092b2:	390e      	subs	r1, #14
100092b4:	8223      	strh	r3, [r4, #16]
100092b6:	041b      	lsls	r3, r3, #16
100092b8:	430b      	orrs	r3, r1
100092ba:	2508      	movs	r5, #8
100092bc:	63e3      	str	r3, [r4, #60]	@ 0x3c
100092be:	0023      	movs	r3, r4
100092c0:	35ff      	adds	r5, #255	@ 0xff
100092c2:	6422      	str	r2, [r4, #64]	@ 0x40
100092c4:	2100      	movs	r1, #0
100092c6:	0020      	movs	r0, r4
100092c8:	6365      	str	r5, [r4, #52]	@ 0x34
100092ca:	3328      	adds	r3, #40	@ 0x28
100092cc:	3220      	adds	r2, #32
100092ce:	f7fe fd3b 	bl	10007d48 <cyw43_sdpcm_send_common>
100092d2:	2800      	cmp	r0, #0
100092d4:	d106      	bne.n	100092e4 <cyw43_ll_gpio_set+0x84>
100092d6:	2310      	movs	r3, #16
100092d8:	002a      	movs	r2, r5
100092da:	2102      	movs	r1, #2
100092dc:	0020      	movs	r0, r4
100092de:	9600      	str	r6, [sp, #0]
100092e0:	f7fe fdb0 	bl	10007e44 <cyw43_do_ioctl.part.0>
100092e4:	2000      	movs	r0, #0
100092e6:	b003      	add	sp, #12
100092e8:	bdf0      	pop	{r4, r5, r6, r7, pc}
100092ea:	2001      	movs	r0, #1
100092ec:	4240      	negs	r0, r0
100092ee:	e7fa      	b.n	100092e6 <cyw43_ll_gpio_set+0x86>
100092f0:	1000b440 	.word	0x1000b440

100092f4 <cyw43_ll_has_work>:
100092f4:	b510      	push	{r4, lr}
100092f6:	6800      	ldr	r0, [r0, #0]
100092f8:	f000 f8e4 	bl	100094c4 <cyw43_cb_read_host_interrupt_pin>
100092fc:	3801      	subs	r0, #1
100092fe:	4243      	negs	r3, r0
10009300:	4158      	adcs	r0, r3
10009302:	b2c0      	uxtb	r0, r0
10009304:	bd10      	pop	{r4, pc}
10009306:	46c0      	nop			@ (mov r8, r8)

10009308 <cyw43_poll_func>:
10009308:	b510      	push	{r4, lr}
1000930a:	4b28      	ldr	r3, [pc, #160]	@ (100093ac <cyw43_poll_func+0xa4>)
1000930c:	b082      	sub	sp, #8
1000930e:	681b      	ldr	r3, [r3, #0]
10009310:	2b00      	cmp	r3, #0
10009312:	d017      	beq.n	10009344 <cyw43_poll_func+0x3c>
10009314:	4c26      	ldr	r4, [pc, #152]	@ (100093b0 <cyw43_poll_func+0xa8>)
10009316:	0020      	movs	r0, r4
10009318:	f7ff ffec 	bl	100092f4 <cyw43_ll_has_work>
1000931c:	2800      	cmp	r0, #0
1000931e:	d13c      	bne.n	1000939a <cyw43_poll_func+0x92>
10009320:	4b24      	ldr	r3, [pc, #144]	@ (100093b4 <cyw43_poll_func+0xac>)
10009322:	5ce2      	ldrb	r2, [r4, r3]
10009324:	2a00      	cmp	r2, #0
10009326:	d12b      	bne.n	10009380 <cyw43_poll_func+0x78>
10009328:	4b23      	ldr	r3, [pc, #140]	@ (100093b8 <cyw43_poll_func+0xb0>)
1000932a:	5ce2      	ldrb	r2, [r4, r3]
1000932c:	2a00      	cmp	r2, #0
1000932e:	d11d      	bne.n	1000936c <cyw43_poll_func+0x64>
10009330:	4b22      	ldr	r3, [pc, #136]	@ (100093bc <cyw43_poll_func+0xb4>)
10009332:	5ce2      	ldrb	r2, [r4, r3]
10009334:	2a00      	cmp	r2, #0
10009336:	d10c      	bne.n	10009352 <cyw43_poll_func+0x4a>
10009338:	4b21      	ldr	r3, [pc, #132]	@ (100093c0 <cyw43_poll_func+0xb8>)
1000933a:	681b      	ldr	r3, [r3, #0]
1000933c:	2b00      	cmp	r3, #0
1000933e:	d003      	beq.n	10009348 <cyw43_poll_func+0x40>
10009340:	f000 fc94 	bl	10009c6c <cyw43_post_poll_hook>
10009344:	b002      	add	sp, #8
10009346:	bd10      	pop	{r4, pc}
10009348:	2101      	movs	r1, #1
1000934a:	0020      	movs	r0, r4
1000934c:	f7ff fa52 	bl	100087f4 <cyw43_ll_bus_sleep>
10009350:	e7f6      	b.n	10009340 <cyw43_poll_func+0x38>
10009352:	2200      	movs	r2, #0
10009354:	0020      	movs	r0, r4
10009356:	54e2      	strb	r2, [r4, r3]
10009358:	f7ff ff56 	bl	10009208 <cyw43_ll_wifi_rejoin>
1000935c:	2201      	movs	r2, #1
1000935e:	4b19      	ldr	r3, [pc, #100]	@ (100093c4 <cyw43_poll_func+0xbc>)
10009360:	50e2      	str	r2, [r4, r3]
10009362:	4b17      	ldr	r3, [pc, #92]	@ (100093c0 <cyw43_poll_func+0xb8>)
10009364:	681b      	ldr	r3, [r3, #0]
10009366:	2b00      	cmp	r3, #0
10009368:	d1ea      	bne.n	10009340 <cyw43_poll_func+0x38>
1000936a:	e7ed      	b.n	10009348 <cyw43_poll_func+0x40>
1000936c:	2200      	movs	r2, #0
1000936e:	0020      	movs	r0, r4
10009370:	54e2      	strb	r2, [r4, r3]
10009372:	f7ff ff23 	bl	100091bc <cyw43_ll_wifi_set_wpa_auth>
10009376:	4b11      	ldr	r3, [pc, #68]	@ (100093bc <cyw43_poll_func+0xb4>)
10009378:	5ce2      	ldrb	r2, [r4, r3]
1000937a:	2a00      	cmp	r2, #0
1000937c:	d0dc      	beq.n	10009338 <cyw43_poll_func+0x30>
1000937e:	e7e8      	b.n	10009352 <cyw43_poll_func+0x4a>
10009380:	2200      	movs	r2, #0
10009382:	2169      	movs	r1, #105	@ 0x69
10009384:	54e2      	strb	r2, [r4, r3]
10009386:	0020      	movs	r0, r4
10009388:	2300      	movs	r3, #0
1000938a:	9200      	str	r2, [sp, #0]
1000938c:	f7ff f9f2 	bl	10008774 <cyw43_ll_ioctl>
10009390:	4b09      	ldr	r3, [pc, #36]	@ (100093b8 <cyw43_poll_func+0xb0>)
10009392:	5ce2      	ldrb	r2, [r4, r3]
10009394:	2a00      	cmp	r2, #0
10009396:	d0cb      	beq.n	10009330 <cyw43_poll_func+0x28>
10009398:	e7e8      	b.n	1000936c <cyw43_poll_func+0x64>
1000939a:	0020      	movs	r0, r4
1000939c:	f7ff f9c0 	bl	10008720 <cyw43_ll_process_packets>
100093a0:	4b04      	ldr	r3, [pc, #16]	@ (100093b4 <cyw43_poll_func+0xac>)
100093a2:	5ce2      	ldrb	r2, [r4, r3]
100093a4:	2a00      	cmp	r2, #0
100093a6:	d0bf      	beq.n	10009328 <cyw43_poll_func+0x20>
100093a8:	e7ea      	b.n	10009380 <cyw43_poll_func+0x78>
100093aa:	46c0      	nop			@ (mov r8, r8)
100093ac:	20001220 	.word	0x20001220
100093b0:	20001228 	.word	0x20001228
100093b4:	00000869 	.word	0x00000869
100093b8:	0000086b 	.word	0x0000086b
100093bc:	0000086a 	.word	0x0000086a
100093c0:	20001224 	.word	0x20001224
100093c4:	0000085c 	.word	0x0000085c

100093c8 <cyw43_init>:
100093c8:	b570      	push	{r4, r5, r6, lr}
100093ca:	2380      	movs	r3, #128	@ 0x80
100093cc:	25d0      	movs	r5, #208	@ 0xd0
100093ce:	2680      	movs	r6, #128	@ 0x80
100093d0:	0004      	movs	r4, r0
100093d2:	062d      	lsls	r5, r5, #24
100093d4:	045b      	lsls	r3, r3, #17
100093d6:	62ab      	str	r3, [r5, #40]	@ 0x28
100093d8:	0436      	lsls	r6, r6, #16
100093da:	2200      	movs	r2, #0
100093dc:	2100      	movs	r1, #0
100093de:	2018      	movs	r0, #24
100093e0:	f7f6 ffd2 	bl	10000388 <gpio_set_pulls>
100093e4:	626e      	str	r6, [r5, #36]	@ 0x24
100093e6:	2200      	movs	r2, #0
100093e8:	2100      	movs	r1, #0
100093ea:	2017      	movs	r0, #23
100093ec:	f7f6 ffcc 	bl	10000388 <gpio_set_pulls>
100093f0:	61ae      	str	r6, [r5, #24]
100093f2:	0021      	movs	r1, r4
100093f4:	0020      	movs	r0, r4
100093f6:	f7ff f981 	bl	100086fc <cyw43_ll_init>
100093fa:	2285      	movs	r2, #133	@ 0x85
100093fc:	2300      	movs	r3, #0
100093fe:	2103      	movs	r1, #3
10009400:	0112      	lsls	r2, r2, #4
10009402:	54a3      	strb	r3, [r4, r2]
10009404:	4a06      	ldr	r2, [pc, #24]	@ (10009420 <cyw43_init+0x58>)
10009406:	50a3      	str	r3, [r4, r2]
10009408:	4a06      	ldr	r2, [pc, #24]	@ (10009424 <cyw43_init+0x5c>)
1000940a:	50a3      	str	r3, [r4, r2]
1000940c:	3214      	adds	r2, #20
1000940e:	52a1      	strh	r1, [r4, r2]
10009410:	4a05      	ldr	r2, [pc, #20]	@ (10009428 <cyw43_init+0x60>)
10009412:	54a3      	strb	r3, [r4, r2]
10009414:	4a05      	ldr	r2, [pc, #20]	@ (1000942c <cyw43_init+0x64>)
10009416:	6013      	str	r3, [r2, #0]
10009418:	2201      	movs	r2, #1
1000941a:	4b05      	ldr	r3, [pc, #20]	@ (10009430 <cyw43_init+0x68>)
1000941c:	50e2      	str	r2, [r4, r3]
1000941e:	bd70      	pop	{r4, r5, r6, pc}
10009420:	00000858 	.word	0x00000858
10009424:	0000085c 	.word	0x0000085c
10009428:	00000872 	.word	0x00000872
1000942c:	20001220 	.word	0x20001220
10009430:	00000868 	.word	0x00000868

10009434 <cyw43_deinit>:
10009434:	b5f8      	push	{r3, r4, r5, r6, r7, lr}
10009436:	0004      	movs	r4, r0
10009438:	f000 fc82 	bl	10009d40 <cyw43_thread_enter>
1000943c:	4e1c      	ldr	r6, [pc, #112]	@ (100094b0 <cyw43_deinit+0x7c>)
1000943e:	6833      	ldr	r3, [r6, #0]
10009440:	2b00      	cmp	r3, #0
10009442:	d032      	beq.n	100094aa <cyw43_deinit+0x76>
10009444:	2100      	movs	r1, #0
10009446:	0020      	movs	r0, r4
10009448:	f000 fce4 	bl	10009e14 <cyw43_cb_tcpip_deinit>
1000944c:	2101      	movs	r1, #1
1000944e:	0020      	movs	r0, r4
10009450:	f000 fce0 	bl	10009e14 <cyw43_cb_tcpip_deinit>
10009454:	0020      	movs	r0, r4
10009456:	f7ff f95f 	bl	10008718 <cyw43_ll_deinit>
1000945a:	25d0      	movs	r5, #208	@ 0xd0
1000945c:	2380      	movs	r3, #128	@ 0x80
1000945e:	2780      	movs	r7, #128	@ 0x80
10009460:	045b      	lsls	r3, r3, #17
10009462:	062d      	lsls	r5, r5, #24
10009464:	62ab      	str	r3, [r5, #40]	@ 0x28
10009466:	2200      	movs	r2, #0
10009468:	2100      	movs	r1, #0
1000946a:	2018      	movs	r0, #24
1000946c:	043f      	lsls	r7, r7, #16
1000946e:	f7f6 ff8b 	bl	10000388 <gpio_set_pulls>
10009472:	2200      	movs	r2, #0
10009474:	2100      	movs	r1, #0
10009476:	2017      	movs	r0, #23
10009478:	626f      	str	r7, [r5, #36]	@ 0x24
1000947a:	f7f6 ff85 	bl	10000388 <gpio_set_pulls>
1000947e:	0021      	movs	r1, r4
10009480:	0020      	movs	r0, r4
10009482:	61af      	str	r7, [r5, #24]
10009484:	f7ff f93a 	bl	100086fc <cyw43_ll_init>
10009488:	2285      	movs	r2, #133	@ 0x85
1000948a:	2300      	movs	r3, #0
1000948c:	2103      	movs	r1, #3
1000948e:	0112      	lsls	r2, r2, #4
10009490:	54a3      	strb	r3, [r4, r2]
10009492:	4a08      	ldr	r2, [pc, #32]	@ (100094b4 <cyw43_deinit+0x80>)
10009494:	6033      	str	r3, [r6, #0]
10009496:	50a3      	str	r3, [r4, r2]
10009498:	4a07      	ldr	r2, [pc, #28]	@ (100094b8 <cyw43_deinit+0x84>)
1000949a:	50a3      	str	r3, [r4, r2]
1000949c:	3214      	adds	r2, #20
1000949e:	52a1      	strh	r1, [r4, r2]
100094a0:	4a06      	ldr	r2, [pc, #24]	@ (100094bc <cyw43_deinit+0x88>)
100094a2:	54a3      	strb	r3, [r4, r2]
100094a4:	2201      	movs	r2, #1
100094a6:	4b06      	ldr	r3, [pc, #24]	@ (100094c0 <cyw43_deinit+0x8c>)
100094a8:	50e2      	str	r2, [r4, r3]
100094aa:	f000 fc53 	bl	10009d54 <cyw43_thread_exit>
100094ae:	bdf8      	pop	{r3, r4, r5, r6, r7, pc}
100094b0:	20001220 	.word	0x20001220
100094b4:	00000858 	.word	0x00000858
100094b8:	0000085c 	.word	0x0000085c
100094bc:	00000872 	.word	0x00000872
100094c0:	00000868 	.word	0x00000868

100094c4 <cyw43_cb_read_host_interrupt_pin>:
100094c4:	23d0      	movs	r3, #208	@ 0xd0
100094c6:	061b      	lsls	r3, r3, #24
100094c8:	6858      	ldr	r0, [r3, #4]
100094ca:	01c0      	lsls	r0, r0, #7
100094cc:	0fc0      	lsrs	r0, r0, #31
100094ce:	4770      	bx	lr

100094d0 <cyw43_cb_ensure_awake>:
100094d0:	2232      	movs	r2, #50	@ 0x32
100094d2:	4b01      	ldr	r3, [pc, #4]	@ (100094d8 <cyw43_cb_ensure_awake+0x8>)
100094d4:	601a      	str	r2, [r3, #0]
100094d6:	4770      	bx	lr
100094d8:	20001224 	.word	0x20001224

100094dc <cyw43_cb_process_async_event>:
100094dc:	4b75      	ldr	r3, [pc, #468]	@ (100096b4 <cyw43_cb_process_async_event+0x1d8>)
100094de:	b570      	push	{r4, r5, r6, lr}
100094e0:	58c3      	ldr	r3, [r0, r3]
100094e2:	0005      	movs	r5, r0
100094e4:	000c      	movs	r4, r1
100094e6:	07db      	lsls	r3, r3, #31
100094e8:	d412      	bmi.n	10009510 <cyw43_cb_process_async_event+0x34>
100094ea:	6863      	ldr	r3, [r4, #4]
100094ec:	2b45      	cmp	r3, #69	@ 0x45
100094ee:	d005      	beq.n	100094fc <cyw43_cb_process_async_event+0x20>
100094f0:	2b31      	cmp	r3, #49	@ 0x31
100094f2:	d807      	bhi.n	10009504 <cyw43_cb_process_async_event+0x28>
100094f4:	4a70      	ldr	r2, [pc, #448]	@ (100096b8 <cyw43_cb_process_async_event+0x1dc>)
100094f6:	009b      	lsls	r3, r3, #2
100094f8:	58d3      	ldr	r3, [r2, r3]
100094fa:	469f      	mov	pc, r3
100094fc:	4a6f      	ldr	r2, [pc, #444]	@ (100096bc <cyw43_cb_process_async_event+0x1e0>)
100094fe:	58ab      	ldr	r3, [r5, r2]
10009500:	2b01      	cmp	r3, #1
10009502:	d038      	beq.n	10009576 <cyw43_cb_process_async_event+0x9a>
10009504:	4b6e      	ldr	r3, [pc, #440]	@ (100096c0 <cyw43_cb_process_async_event+0x1e4>)
10009506:	58eb      	ldr	r3, [r5, r3]
10009508:	4a6e      	ldr	r2, [pc, #440]	@ (100096c4 <cyw43_cb_process_async_event+0x1e8>)
1000950a:	4293      	cmp	r3, r2
1000950c:	d025      	beq.n	1000955a <cyw43_cb_process_async_event+0x7e>
1000950e:	bd70      	pop	{r4, r5, r6, pc}
10009510:	f7f8 f85a 	bl	100015c8 <time_us_64>
10009514:	2900      	cmp	r1, #0
10009516:	d028      	beq.n	1000956a <cyw43_cb_process_async_event+0x8e>
10009518:	22fa      	movs	r2, #250	@ 0xfa
1000951a:	2300      	movs	r3, #0
1000951c:	0092      	lsls	r2, r2, #2
1000951e:	f7f8 fc6d 	bl	10001dfc <__wrap___aeabi_uldivmod>
10009522:	0001      	movs	r1, r0
10009524:	4b68      	ldr	r3, [pc, #416]	@ (100096c8 <cyw43_cb_process_async_event+0x1ec>)
10009526:	8862      	ldrh	r2, [r4, #2]
10009528:	0018      	movs	r0, r3
1000952a:	f7fa fe65 	bl	100041f8 <__wrap_printf>
1000952e:	6861      	ldr	r1, [r4, #4]
10009530:	2958      	cmp	r1, #88	@ 0x58
10009532:	d900      	bls.n	10009536 <cyw43_cb_process_async_event+0x5a>
10009534:	e08f      	b.n	10009656 <cyw43_cb_process_async_event+0x17a>
10009536:	4b65      	ldr	r3, [pc, #404]	@ (100096cc <cyw43_cb_process_async_event+0x1f0>)
10009538:	008a      	lsls	r2, r1, #2
1000953a:	58d3      	ldr	r3, [r2, r3]
1000953c:	2b00      	cmp	r3, #0
1000953e:	d100      	bne.n	10009542 <cyw43_cb_process_async_event+0x66>
10009540:	e089      	b.n	10009656 <cyw43_cb_process_async_event+0x17a>
10009542:	0019      	movs	r1, r3
10009544:	4862      	ldr	r0, [pc, #392]	@ (100096d0 <cyw43_cb_process_async_event+0x1f4>)
10009546:	f7fa fe57 	bl	100041f8 <__wrap_printf>
1000954a:	232e      	movs	r3, #46	@ 0x2e
1000954c:	68e2      	ldr	r2, [r4, #12]
1000954e:	5ce3      	ldrb	r3, [r4, r3]
10009550:	68a1      	ldr	r1, [r4, #8]
10009552:	4860      	ldr	r0, [pc, #384]	@ (100096d4 <cyw43_cb_process_async_event+0x1f8>)
10009554:	f7fa fe50 	bl	100041f8 <__wrap_printf>
10009558:	e7c7      	b.n	100094ea <cyw43_cb_process_async_event+0xe>
1000955a:	2201      	movs	r2, #1
1000955c:	4b58      	ldr	r3, [pc, #352]	@ (100096c0 <cyw43_cb_process_async_event+0x1e4>)
1000955e:	2100      	movs	r1, #0
10009560:	0028      	movs	r0, r5
10009562:	50ea      	str	r2, [r5, r3]
10009564:	f000 fc58 	bl	10009e18 <cyw43_cb_tcpip_set_link_up>
10009568:	e7d1      	b.n	1000950e <cyw43_cb_process_async_event+0x32>
1000956a:	21fa      	movs	r1, #250	@ 0xfa
1000956c:	0089      	lsls	r1, r1, #2
1000956e:	f7f8 fc07 	bl	10001d80 <__wrap___aeabi_uidiv>
10009572:	0001      	movs	r1, r0
10009574:	e7d6      	b.n	10009524 <cyw43_cb_process_async_event+0x48>
10009576:	68a1      	ldr	r1, [r4, #8]
10009578:	2908      	cmp	r1, #8
1000957a:	d077      	beq.n	1000966c <cyw43_cb_process_async_event+0x190>
1000957c:	4b50      	ldr	r3, [pc, #320]	@ (100096c0 <cyw43_cb_process_async_event+0x1e4>)
1000957e:	58eb      	ldr	r3, [r5, r3]
10009580:	2900      	cmp	r1, #0
10009582:	d1c1      	bne.n	10009508 <cyw43_cb_process_async_event+0x2c>
10009584:	3102      	adds	r1, #2
10009586:	50a9      	str	r1, [r5, r2]
10009588:	e7be      	b.n	10009508 <cyw43_cb_process_async_event+0x2c>
1000958a:	2201      	movs	r2, #1
1000958c:	4b52      	ldr	r3, [pc, #328]	@ (100096d8 <cyw43_cb_process_async_event+0x1fc>)
1000958e:	4853      	ldr	r0, [pc, #332]	@ (100096dc <cyw43_cb_process_async_event+0x200>)
10009590:	52ea      	strh	r2, [r5, r3]
10009592:	f000 fb73 	bl	10009c7c <cyw43_schedule_internal_poll_dispatch>
10009596:	e7b5      	b.n	10009504 <cyw43_cb_process_async_event+0x28>
10009598:	68a3      	ldr	r3, [r4, #8]
1000959a:	2b06      	cmp	r3, #6
1000959c:	d071      	beq.n	10009682 <cyw43_cb_process_async_event+0x1a6>
1000959e:	2b04      	cmp	r3, #4
100095a0:	d003      	beq.n	100095aa <cyw43_cb_process_async_event+0xce>
100095a2:	2202      	movs	r2, #2
100095a4:	4393      	bics	r3, r2
100095a6:	2b08      	cmp	r3, #8
100095a8:	d15c      	bne.n	10009664 <cyw43_cb_process_async_event+0x188>
100095aa:	68e3      	ldr	r3, [r4, #12]
100095ac:	2b0f      	cmp	r3, #15
100095ae:	d159      	bne.n	10009664 <cyw43_cb_process_async_event+0x188>
100095b0:	4b49      	ldr	r3, [pc, #292]	@ (100096d8 <cyw43_cb_process_async_event+0x1fc>)
100095b2:	e02b      	b.n	1000960c <cyw43_cb_process_async_event+0x130>
100095b4:	68a3      	ldr	r3, [r4, #8]
100095b6:	2b00      	cmp	r3, #0
100095b8:	d1a4      	bne.n	10009504 <cyw43_cb_process_async_event+0x28>
100095ba:	68e3      	ldr	r3, [r4, #12]
100095bc:	2b08      	cmp	r3, #8
100095be:	d1a1      	bne.n	10009504 <cyw43_cb_process_async_event+0x28>
100095c0:	2202      	movs	r2, #2
100095c2:	4b45      	ldr	r3, [pc, #276]	@ (100096d8 <cyw43_cb_process_async_event+0x1fc>)
100095c4:	32ff      	adds	r2, #255	@ 0xff
100095c6:	e7e2      	b.n	1000958e <cyw43_cb_process_async_event+0xb2>
100095c8:	68a3      	ldr	r3, [r4, #8]
100095ca:	2b00      	cmp	r3, #0
100095cc:	d19a      	bne.n	10009504 <cyw43_cb_process_async_event+0x28>
100095ce:	332e      	adds	r3, #46	@ 0x2e
100095d0:	5ce1      	ldrb	r1, [r4, r3]
100095d2:	8863      	ldrh	r3, [r4, #2]
100095d4:	07db      	lsls	r3, r3, #31
100095d6:	d561      	bpl.n	1000969c <cyw43_cb_process_async_event+0x1c0>
100095d8:	2900      	cmp	r1, #0
100095da:	d165      	bne.n	100096a8 <cyw43_cb_process_async_event+0x1cc>
100095dc:	2380      	movs	r3, #128	@ 0x80
100095de:	4a38      	ldr	r2, [pc, #224]	@ (100096c0 <cyw43_cb_process_async_event+0x1e4>)
100095e0:	00db      	lsls	r3, r3, #3
100095e2:	58a9      	ldr	r1, [r5, r2]
100095e4:	430b      	orrs	r3, r1
100095e6:	50ab      	str	r3, [r5, r2]
100095e8:	e78e      	b.n	10009508 <cyw43_cb_process_async_event+0x2c>
100095ea:	2100      	movs	r1, #0
100095ec:	0028      	movs	r0, r5
100095ee:	f000 fc19 	bl	10009e24 <cyw43_cb_tcpip_set_link_down>
100095f2:	2200      	movs	r2, #0
100095f4:	4b32      	ldr	r3, [pc, #200]	@ (100096c0 <cyw43_cb_process_async_event+0x1e4>)
100095f6:	50ea      	str	r2, [r5, r3]
100095f8:	e789      	b.n	1000950e <cyw43_cb_process_async_event+0x32>
100095fa:	68a3      	ldr	r3, [r4, #8]
100095fc:	2b00      	cmp	r3, #0
100095fe:	d000      	beq.n	10009602 <cyw43_cb_process_async_event+0x126>
10009600:	e780      	b.n	10009504 <cyw43_cb_process_async_event+0x28>
10009602:	68e3      	ldr	r3, [r4, #12]
10009604:	2b02      	cmp	r3, #2
10009606:	d000      	beq.n	1000960a <cyw43_cb_process_async_event+0x12e>
10009608:	e77c      	b.n	10009504 <cyw43_cb_process_async_event+0x28>
1000960a:	4b35      	ldr	r3, [pc, #212]	@ (100096e0 <cyw43_cb_process_async_event+0x204>)
1000960c:	2201      	movs	r2, #1
1000960e:	4833      	ldr	r0, [pc, #204]	@ (100096dc <cyw43_cb_process_async_event+0x200>)
10009610:	54ea      	strb	r2, [r5, r3]
10009612:	f000 fb33 	bl	10009c7c <cyw43_schedule_internal_poll_dispatch>
10009616:	4b2a      	ldr	r3, [pc, #168]	@ (100096c0 <cyw43_cb_process_async_event+0x1e4>)
10009618:	58eb      	ldr	r3, [r5, r3]
1000961a:	e775      	b.n	10009508 <cyw43_cb_process_async_event+0x2c>
1000961c:	68a3      	ldr	r3, [r4, #8]
1000961e:	2b00      	cmp	r3, #0
10009620:	d11d      	bne.n	1000965e <cyw43_cb_process_async_event+0x182>
10009622:	4b27      	ldr	r3, [pc, #156]	@ (100096c0 <cyw43_cb_process_async_event+0x1e4>)
10009624:	58ea      	ldr	r2, [r5, r3]
10009626:	230f      	movs	r3, #15
10009628:	0019      	movs	r1, r3
1000962a:	4011      	ands	r1, r2
1000962c:	2904      	cmp	r1, #4
1000962e:	d102      	bne.n	10009636 <cyw43_cb_process_async_event+0x15a>
10009630:	439a      	bics	r2, r3
10009632:	3b0e      	subs	r3, #14
10009634:	431a      	orrs	r2, r3
10009636:	2380      	movs	r3, #128	@ 0x80
10009638:	009b      	lsls	r3, r3, #2
1000963a:	4313      	orrs	r3, r2
1000963c:	4a20      	ldr	r2, [pc, #128]	@ (100096c0 <cyw43_cb_process_async_event+0x1e4>)
1000963e:	50ab      	str	r3, [r5, r2]
10009640:	e762      	b.n	10009508 <cyw43_cb_process_async_event+0x2c>
10009642:	68a3      	ldr	r3, [r4, #8]
10009644:	2b00      	cmp	r3, #0
10009646:	d100      	bne.n	1000964a <cyw43_cb_process_async_event+0x16e>
10009648:	e75c      	b.n	10009504 <cyw43_cb_process_async_event+0x28>
1000964a:	2b03      	cmp	r3, #3
1000964c:	d020      	beq.n	10009690 <cyw43_cb_process_async_event+0x1b4>
1000964e:	2202      	movs	r2, #2
10009650:	4b1b      	ldr	r3, [pc, #108]	@ (100096c0 <cyw43_cb_process_async_event+0x1e4>)
10009652:	50ea      	str	r2, [r5, r3]
10009654:	e75b      	b.n	1000950e <cyw43_cb_process_async_event+0x32>
10009656:	4823      	ldr	r0, [pc, #140]	@ (100096e4 <cyw43_cb_process_async_event+0x208>)
10009658:	f7fa fdce 	bl	100041f8 <__wrap_printf>
1000965c:	e775      	b.n	1000954a <cyw43_cb_process_async_event+0x6e>
1000965e:	2b06      	cmp	r3, #6
10009660:	d100      	bne.n	10009664 <cyw43_cb_process_async_event+0x188>
10009662:	e74f      	b.n	10009504 <cyw43_cb_process_async_event+0x28>
10009664:	2204      	movs	r2, #4
10009666:	4b16      	ldr	r3, [pc, #88]	@ (100096c0 <cyw43_cb_process_async_event+0x1e4>)
10009668:	50ea      	str	r2, [r5, r3]
1000966a:	e750      	b.n	1000950e <cyw43_cb_process_async_event+0x32>
1000966c:	2386      	movs	r3, #134	@ 0x86
1000966e:	0021      	movs	r1, r4
10009670:	011b      	lsls	r3, r3, #4
10009672:	58e8      	ldr	r0, [r5, r3]
10009674:	4b1c      	ldr	r3, [pc, #112]	@ (100096e8 <cyw43_cb_process_async_event+0x20c>)
10009676:	3130      	adds	r1, #48	@ 0x30
10009678:	58eb      	ldr	r3, [r5, r3]
1000967a:	4798      	blx	r3
1000967c:	4b10      	ldr	r3, [pc, #64]	@ (100096c0 <cyw43_cb_process_async_event+0x1e4>)
1000967e:	58eb      	ldr	r3, [r5, r3]
10009680:	e742      	b.n	10009508 <cyw43_cb_process_async_event+0x2c>
10009682:	2380      	movs	r3, #128	@ 0x80
10009684:	4a0e      	ldr	r2, [pc, #56]	@ (100096c0 <cyw43_cb_process_async_event+0x1e4>)
10009686:	011b      	lsls	r3, r3, #4
10009688:	58a9      	ldr	r1, [r5, r2]
1000968a:	430b      	orrs	r3, r1
1000968c:	50ab      	str	r3, [r5, r2]
1000968e:	e73b      	b.n	10009508 <cyw43_cb_process_async_event+0x2c>
10009690:	68e2      	ldr	r2, [r4, #12]
10009692:	2a00      	cmp	r2, #0
10009694:	d1db      	bne.n	1000964e <cyw43_cb_process_async_event+0x172>
10009696:	4a0a      	ldr	r2, [pc, #40]	@ (100096c0 <cyw43_cb_process_async_event+0x1e4>)
10009698:	50ab      	str	r3, [r5, r2]
1000969a:	e738      	b.n	1000950e <cyw43_cb_process_async_event+0x32>
1000969c:	0028      	movs	r0, r5
1000969e:	f000 fbc1 	bl	10009e24 <cyw43_cb_tcpip_set_link_down>
100096a2:	4b07      	ldr	r3, [pc, #28]	@ (100096c0 <cyw43_cb_process_async_event+0x1e4>)
100096a4:	58eb      	ldr	r3, [r5, r3]
100096a6:	e72f      	b.n	10009508 <cyw43_cb_process_async_event+0x2c>
100096a8:	0028      	movs	r0, r5
100096aa:	f000 fbb5 	bl	10009e18 <cyw43_cb_tcpip_set_link_up>
100096ae:	4b04      	ldr	r3, [pc, #16]	@ (100096c0 <cyw43_cb_process_async_event+0x1e4>)
100096b0:	58eb      	ldr	r3, [r5, r3]
100096b2:	e729      	b.n	10009508 <cyw43_cb_process_async_event+0x2c>
100096b4:	00000854 	.word	0x00000854
100096b8:	10042b84 	.word	0x10042b84
100096bc:	00000858 	.word	0x00000858
100096c0:	0000085c 	.word	0x0000085c
100096c4:	00000e01 	.word	0x00000e01
100096c8:	1000b448 	.word	0x1000b448
100096cc:	10042c4c 	.word	0x10042c4c
100096d0:	1000b45c 	.word	0x1000b45c
100096d4:	1000b464 	.word	0x1000b464
100096d8:	0000086a 	.word	0x0000086a
100096dc:	10009309 	.word	0x10009309
100096e0:	00000869 	.word	0x00000869
100096e4:	1000b460 	.word	0x1000b460
100096e8:	00000864 	.word	0x00000864

100096ec <cyw43_gpio_set>:
100096ec:	b5f8      	push	{r3, r4, r5, r6, r7, lr}
100096ee:	4647      	mov	r7, r8
100096f0:	46ce      	mov	lr, r9
100096f2:	0004      	movs	r4, r0
100096f4:	b580      	push	{r7, lr}
100096f6:	4688      	mov	r8, r1
100096f8:	0016      	movs	r6, r2
100096fa:	f000 fb21 	bl	10009d40 <cyw43_thread_enter>
100096fe:	4f1f      	ldr	r7, [pc, #124]	@ (1000977c <cyw43_gpio_set+0x90>)
10009700:	2100      	movs	r1, #0
10009702:	683d      	ldr	r5, [r7, #0]
10009704:	0020      	movs	r0, r4
10009706:	2d00      	cmp	r5, #0
10009708:	d00e      	beq.n	10009728 <cyw43_gpio_set+0x3c>
1000970a:	f7ff f873 	bl	100087f4 <cyw43_ll_bus_sleep>
1000970e:	0032      	movs	r2, r6
10009710:	4641      	mov	r1, r8
10009712:	0020      	movs	r0, r4
10009714:	f7ff fda4 	bl	10009260 <cyw43_ll_gpio_set>
10009718:	0005      	movs	r5, r0
1000971a:	f000 fb1b 	bl	10009d54 <cyw43_thread_exit>
1000971e:	0028      	movs	r0, r5
10009720:	bcc0      	pop	{r6, r7}
10009722:	46b9      	mov	r9, r7
10009724:	46b0      	mov	r8, r6
10009726:	bdf8      	pop	{r3, r4, r5, r6, r7, pc}
10009728:	f000 fb74 	bl	10009e14 <cyw43_cb_tcpip_deinit>
1000972c:	2101      	movs	r1, #1
1000972e:	0020      	movs	r0, r4
10009730:	f000 fb70 	bl	10009e14 <cyw43_cb_tcpip_deinit>
10009734:	2385      	movs	r3, #133	@ 0x85
10009736:	011b      	lsls	r3, r3, #4
10009738:	54e5      	strb	r5, [r4, r3]
1000973a:	2380      	movs	r3, #128	@ 0x80
1000973c:	25d0      	movs	r5, #208	@ 0xd0
1000973e:	041b      	lsls	r3, r3, #16
10009740:	4699      	mov	r9, r3
10009742:	062d      	lsls	r5, r5, #24
10009744:	61ab      	str	r3, [r5, #24]
10009746:	2014      	movs	r0, #20
10009748:	f000 fb40 	bl	10009dcc <cyw43_delay_ms>
1000974c:	464b      	mov	r3, r9
1000974e:	2032      	movs	r0, #50	@ 0x32
10009750:	616b      	str	r3, [r5, #20]
10009752:	f000 fb3b 	bl	10009dcc <cyw43_delay_ms>
10009756:	2100      	movs	r1, #0
10009758:	0020      	movs	r0, r4
1000975a:	f7ff f89f 	bl	1000889c <cyw43_ll_bus_init>
1000975e:	1e05      	subs	r5, r0, #0
10009760:	d1db      	bne.n	1000971a <cyw43_gpio_set+0x2e>
10009762:	4b07      	ldr	r3, [pc, #28]	@ (10009780 <cyw43_gpio_set+0x94>)
10009764:	0020      	movs	r0, r4
10009766:	18e1      	adds	r1, r4, r3
10009768:	f7ff f85e 	bl	10008828 <cyw43_ll_wifi_get_mac>
1000976c:	2232      	movs	r2, #50	@ 0x32
1000976e:	4b05      	ldr	r3, [pc, #20]	@ (10009784 <cyw43_gpio_set+0x98>)
10009770:	4805      	ldr	r0, [pc, #20]	@ (10009788 <cyw43_gpio_set+0x9c>)
10009772:	601a      	str	r2, [r3, #0]
10009774:	6038      	str	r0, [r7, #0]
10009776:	f000 fa81 	bl	10009c7c <cyw43_schedule_internal_poll_dispatch>
1000977a:	e7c8      	b.n	1000970e <cyw43_gpio_set+0x22>
1000977c:	20001220 	.word	0x20001220
10009780:	000008d3 	.word	0x000008d3
10009784:	20001224 	.word	0x20001224
10009788:	10009309 	.word	0x10009309

1000978c <pio_sm_set_pindirs_with_mask64>:
1000978c:	b5f0      	push	{r4, r5, r6, r7, lr}
1000978e:	46de      	mov	lr, fp
10009790:	4657      	mov	r7, sl
10009792:	464e      	mov	r6, r9
10009794:	4645      	mov	r5, r8
10009796:	b5e0      	push	{r5, r6, r7, lr}
10009798:	0016      	movs	r6, r2
1000979a:	22dc      	movs	r2, #220	@ 0xdc
1000979c:	4692      	mov	sl, r2
1000979e:	b085      	sub	sp, #20
100097a0:	004b      	lsls	r3, r1, #1
100097a2:	9302      	str	r3, [sp, #8]
100097a4:	185b      	adds	r3, r3, r1
100097a6:	00db      	lsls	r3, r3, #3
100097a8:	18c5      	adds	r5, r0, r3
100097aa:	44aa      	add	sl, r5
100097ac:	4652      	mov	r2, sl
100097ae:	4683      	mov	fp, r0
100097b0:	0028      	movs	r0, r5
100097b2:	6812      	ldr	r2, [r2, #0]
100097b4:	30cc      	adds	r0, #204	@ 0xcc
100097b6:	9200      	str	r2, [sp, #0]
100097b8:	6802      	ldr	r2, [r0, #0]
100097ba:	002b      	movs	r3, r5
100097bc:	9201      	str	r2, [sp, #4]
100097be:	4a1c      	ldr	r2, [pc, #112]	@ (10009830 <pio_sm_set_pindirs_with_mask64+0xa4>)
100097c0:	2080      	movs	r0, #128	@ 0x80
100097c2:	4694      	mov	ip, r2
100097c4:	9c0e      	ldr	r4, [sp, #56]	@ 0x38
100097c6:	4463      	add	r3, ip
100097c8:	0280      	lsls	r0, r0, #10
100097ca:	6018      	str	r0, [r3, #0]
100097cc:	2c00      	cmp	r4, #0
100097ce:	d01c      	beq.n	1000980a <pio_sm_set_pindirs_with_mask64+0x7e>
100097d0:	2380      	movs	r3, #128	@ 0x80
100097d2:	04db      	lsls	r3, r3, #19
100097d4:	4699      	mov	r9, r3
100097d6:	2301      	movs	r3, #1
100097d8:	4698      	mov	r8, r3
100097da:	0033      	movs	r3, r6
100097dc:	35d8      	adds	r5, #216	@ 0xd8
100097de:	002e      	movs	r6, r5
100097e0:	4655      	mov	r5, sl
100097e2:	469a      	mov	sl, r3
100097e4:	4f13      	ldr	r7, [pc, #76]	@ (10009834 <pio_sm_set_pindirs_with_mask64+0xa8>)
100097e6:	9103      	str	r1, [sp, #12]
100097e8:	0020      	movs	r0, r4
100097ea:	f7f8 fa9b 	bl	10001d24 <__wrap___ctzsi2>
100097ee:	464a      	mov	r2, r9
100097f0:	0143      	lsls	r3, r0, #5
100097f2:	4313      	orrs	r3, r2
100097f4:	602b      	str	r3, [r5, #0]
100097f6:	4653      	mov	r3, sl
100097f8:	4642      	mov	r2, r8
100097fa:	40c3      	lsrs	r3, r0
100097fc:	4013      	ands	r3, r2
100097fe:	433b      	orrs	r3, r7
10009800:	6033      	str	r3, [r6, #0]
10009802:	1e63      	subs	r3, r4, #1
10009804:	401c      	ands	r4, r3
10009806:	d1ef      	bne.n	100097e8 <pio_sm_set_pindirs_with_mask64+0x5c>
10009808:	9903      	ldr	r1, [sp, #12]
1000980a:	9b02      	ldr	r3, [sp, #8]
1000980c:	185b      	adds	r3, r3, r1
1000980e:	00db      	lsls	r3, r3, #3
10009810:	445b      	add	r3, fp
10009812:	001a      	movs	r2, r3
10009814:	9900      	ldr	r1, [sp, #0]
10009816:	32dc      	adds	r2, #220	@ 0xdc
10009818:	6011      	str	r1, [r2, #0]
1000981a:	9a01      	ldr	r2, [sp, #4]
1000981c:	33cc      	adds	r3, #204	@ 0xcc
1000981e:	601a      	str	r2, [r3, #0]
10009820:	b005      	add	sp, #20
10009822:	bcf0      	pop	{r4, r5, r6, r7}
10009824:	46bb      	mov	fp, r7
10009826:	46b2      	mov	sl, r6
10009828:	46a9      	mov	r9, r5
1000982a:	46a0      	mov	r8, r4
1000982c:	bdf0      	pop	{r4, r5, r6, r7, pc}
1000982e:	46c0      	nop			@ (mov r8, r8)
10009830:	000030cc 	.word	0x000030cc
10009834:	0000e080 	.word	0x0000e080

10009838 <pio_set_input_sync_bypass_with_mask64>:
10009838:	6b81      	ldr	r1, [r0, #56]	@ 0x38
1000983a:	9b00      	ldr	r3, [sp, #0]
1000983c:	4051      	eors	r1, r2
1000983e:	4a03      	ldr	r2, [pc, #12]	@ (1000984c <pio_set_input_sync_bypass_with_mask64+0x14>)
10009840:	400b      	ands	r3, r1
10009842:	4694      	mov	ip, r2
10009844:	4460      	add	r0, ip
10009846:	6003      	str	r3, [r0, #0]
10009848:	4770      	bx	lr
1000984a:	46c0      	nop			@ (mov r8, r8)
1000984c:	00001038 	.word	0x00001038

10009850 <pio_sm_set_consecutive_pindirs>:
10009850:	b5f0      	push	{r4, r5, r6, r7, lr}
10009852:	464e      	mov	r6, r9
10009854:	4645      	mov	r5, r8
10009856:	46de      	mov	lr, fp
10009858:	4657      	mov	r7, sl
1000985a:	b5e0      	push	{r5, r6, r7, lr}
1000985c:	b083      	sub	sp, #12
1000985e:	4689      	mov	r9, r1
10009860:	a90c      	add	r1, sp, #48	@ 0x30
10009862:	4684      	mov	ip, r0
10009864:	780d      	ldrb	r5, [r1, #0]
10009866:	2a1f      	cmp	r2, #31
10009868:	d845      	bhi.n	100098f6 <pio_sm_set_consecutive_pindirs+0xa6>
1000986a:	4649      	mov	r1, r9
1000986c:	0049      	lsls	r1, r1, #1
1000986e:	4688      	mov	r8, r1
10009870:	4449      	add	r1, r9
10009872:	00c9      	lsls	r1, r1, #3
10009874:	1846      	adds	r6, r0, r1
10009876:	0037      	movs	r7, r6
10009878:	0034      	movs	r4, r6
1000987a:	37dc      	adds	r7, #220	@ 0xdc
1000987c:	6838      	ldr	r0, [r7, #0]
1000987e:	34cc      	adds	r4, #204	@ 0xcc
10009880:	4683      	mov	fp, r0
10009882:	6820      	ldr	r0, [r4, #0]
10009884:	0031      	movs	r1, r6
10009886:	9001      	str	r0, [sp, #4]
10009888:	481c      	ldr	r0, [pc, #112]	@ (100098fc <pio_sm_set_consecutive_pindirs+0xac>)
1000988a:	2480      	movs	r4, #128	@ 0x80
1000988c:	4682      	mov	sl, r0
1000988e:	02a4      	lsls	r4, r4, #10
10009890:	4451      	add	r1, sl
10009892:	600c      	str	r4, [r1, #0]
10009894:	4269      	negs	r1, r5
10009896:	414d      	adcs	r5, r1
10009898:	211e      	movs	r1, #30
1000989a:	426d      	negs	r5, r5
1000989c:	438d      	bics	r5, r1
1000989e:	4918      	ldr	r1, [pc, #96]	@ (10009900 <pio_sm_set_consecutive_pindirs+0xb0>)
100098a0:	468a      	mov	sl, r1
100098a2:	4455      	add	r5, sl
100098a4:	2b05      	cmp	r3, #5
100098a6:	d90c      	bls.n	100098c2 <pio_sm_set_consecutive_pindirs+0x72>
100098a8:	20a0      	movs	r0, #160	@ 0xa0
100098aa:	211f      	movs	r1, #31
100098ac:	0540      	lsls	r0, r0, #21
100098ae:	36d8      	adds	r6, #216	@ 0xd8
100098b0:	0154      	lsls	r4, r2, #5
100098b2:	4304      	orrs	r4, r0
100098b4:	3205      	adds	r2, #5
100098b6:	3b05      	subs	r3, #5
100098b8:	603c      	str	r4, [r7, #0]
100098ba:	400a      	ands	r2, r1
100098bc:	6035      	str	r5, [r6, #0]
100098be:	2b05      	cmp	r3, #5
100098c0:	d8f6      	bhi.n	100098b0 <pio_sm_set_consecutive_pindirs+0x60>
100098c2:	0152      	lsls	r2, r2, #5
100098c4:	069b      	lsls	r3, r3, #26
100098c6:	4313      	orrs	r3, r2
100098c8:	4642      	mov	r2, r8
100098ca:	444a      	add	r2, r9
100098cc:	00d2      	lsls	r2, r2, #3
100098ce:	4462      	add	r2, ip
100098d0:	0010      	movs	r0, r2
100098d2:	32dc      	adds	r2, #220	@ 0xdc
100098d4:	6013      	str	r3, [r2, #0]
100098d6:	0003      	movs	r3, r0
100098d8:	33d8      	adds	r3, #216	@ 0xd8
100098da:	601d      	str	r5, [r3, #0]
100098dc:	465b      	mov	r3, fp
100098de:	6013      	str	r3, [r2, #0]
100098e0:	9b01      	ldr	r3, [sp, #4]
100098e2:	30cc      	adds	r0, #204	@ 0xcc
100098e4:	6003      	str	r3, [r0, #0]
100098e6:	2000      	movs	r0, #0
100098e8:	b003      	add	sp, #12
100098ea:	bcf0      	pop	{r4, r5, r6, r7}
100098ec:	46bb      	mov	fp, r7
100098ee:	46b2      	mov	sl, r6
100098f0:	46a9      	mov	r9, r5
100098f2:	46a0      	mov	r8, r4
100098f4:	bdf0      	pop	{r4, r5, r6, r7, pc}
100098f6:	2005      	movs	r0, #5
100098f8:	4240      	negs	r0, r0
100098fa:	e7f5      	b.n	100098e8 <pio_sm_set_consecutive_pindirs+0x98>
100098fc:	000030cc 	.word	0x000030cc
10009900:	0000e09f 	.word	0x0000e09f

10009904 <pio_claim_free_sm_and_add_program>:
10009904:	b5f0      	push	{r4, r5, r6, r7, lr}
10009906:	4645      	mov	r5, r8
10009908:	46de      	mov	lr, fp
1000990a:	4657      	mov	r7, sl
1000990c:	464e      	mov	r6, r9
1000990e:	b5e0      	push	{r5, r6, r7, lr}
10009910:	b08b      	sub	sp, #44	@ 0x2c
10009912:	9307      	str	r3, [sp, #28]
10009914:	2302      	movs	r3, #2
10009916:	4680      	mov	r8, r0
10009918:	2502      	movs	r5, #2
1000991a:	469a      	mov	sl, r3
1000991c:	3b01      	subs	r3, #1
1000991e:	4699      	mov	r9, r3
10009920:	4b4d      	ldr	r3, [pc, #308]	@ (10009a58 <pio_claim_free_sm_and_add_program+0x154>)
10009922:	9105      	str	r1, [sp, #20]
10009924:	469b      	mov	fp, r3
10009926:	4b4d      	ldr	r3, [pc, #308]	@ (10009a5c <pio_claim_free_sm_and_add_program+0x158>)
10009928:	9206      	str	r2, [sp, #24]
1000992a:	9303      	str	r3, [sp, #12]
1000992c:	4b4c      	ldr	r3, [pc, #304]	@ (10009a60 <pio_claim_free_sm_and_add_program+0x15c>)
1000992e:	9302      	str	r3, [sp, #8]
10009930:	4b4c      	ldr	r3, [pc, #304]	@ (10009a64 <pio_claim_free_sm_and_add_program+0x160>)
10009932:	9a03      	ldr	r2, [sp, #12]
10009934:	469c      	mov	ip, r3
10009936:	4b4c      	ldr	r3, [pc, #304]	@ (10009a68 <pio_claim_free_sm_and_add_program+0x164>)
10009938:	4465      	add	r5, ip
1000993a:	052d      	lsls	r5, r5, #20
1000993c:	18ee      	adds	r6, r5, r3
1000993e:	0cb6      	lsrs	r6, r6, #18
10009940:	9200      	str	r2, [sp, #0]
10009942:	2100      	movs	r1, #0
10009944:	0032      	movs	r2, r6
10009946:	4658      	mov	r0, fp
10009948:	1cf3      	adds	r3, r6, #3
1000994a:	f7f6 fe05 	bl	10000558 <hw_claim_unused_from_range>
1000994e:	0007      	movs	r7, r0
10009950:	42b0      	cmp	r0, r6
10009952:	db65      	blt.n	10009a20 <pio_claim_free_sm_and_add_program+0x11c>
10009954:	f7f6 fdc8 	bl	100004e8 <hw_claim_lock>
10009958:	4643      	mov	r3, r8
1000995a:	2201      	movs	r2, #1
1000995c:	7919      	ldrb	r1, [r3, #4]
1000995e:	2405      	movs	r4, #5
10009960:	408a      	lsls	r2, r1
10009962:	9004      	str	r0, [sp, #16]
10009964:	571c      	ldrsb	r4, [r3, r4]
10009966:	9b02      	ldr	r3, [sp, #8]
10009968:	3a01      	subs	r2, #1
1000996a:	5998      	ldr	r0, [r3, r6]
1000996c:	2c00      	cmp	r4, #0
1000996e:	db3c      	blt.n	100099ea <pio_claim_free_sm_and_add_program+0xe6>
10009970:	2320      	movs	r3, #32
10009972:	1a5b      	subs	r3, r3, r1
10009974:	429c      	cmp	r4, r3
10009976:	d84c      	bhi.n	10009a12 <pio_claim_free_sm_and_add_program+0x10e>
10009978:	0013      	movs	r3, r2
1000997a:	40a3      	lsls	r3, r4
1000997c:	4218      	tst	r0, r3
1000997e:	d148      	bne.n	10009a12 <pio_claim_free_sm_and_add_program+0x10e>
10009980:	4643      	mov	r3, r8
10009982:	681b      	ldr	r3, [r3, #0]
10009984:	469c      	mov	ip, r3
10009986:	4643      	mov	r3, r8
10009988:	799b      	ldrb	r3, [r3, #6]
1000998a:	2b00      	cmp	r3, #0
1000998c:	d141      	bne.n	10009a12 <pio_claim_free_sm_and_add_program+0x10e>
1000998e:	40a2      	lsls	r2, r4
10009990:	9208      	str	r2, [sp, #32]
10009992:	4202      	tst	r2, r0
10009994:	d13d      	bne.n	10009a12 <pio_claim_free_sm_and_add_program+0x10e>
10009996:	2280      	movs	r2, #128	@ 0x80
10009998:	0192      	lsls	r2, r2, #6
1000999a:	2300      	movs	r3, #0
1000999c:	4691      	mov	r9, r2
1000999e:	2900      	cmp	r1, #0
100099a0:	d012      	beq.n	100099c8 <pio_claim_free_sm_and_add_program+0xc4>
100099a2:	0002      	movs	r2, r0
100099a4:	46b0      	mov	r8, r6
100099a6:	4660      	mov	r0, ip
100099a8:	000e      	movs	r6, r1
100099aa:	4694      	mov	ip, r2
100099ac:	005a      	lsls	r2, r3, #1
100099ae:	5a81      	ldrh	r1, [r0, r2]
100099b0:	4549      	cmp	r1, r9
100099b2:	d200      	bcs.n	100099b6 <pio_claim_free_sm_and_add_program+0xb2>
100099b4:	1909      	adds	r1, r1, r4
100099b6:	18e2      	adds	r2, r4, r3
100099b8:	3212      	adds	r2, #18
100099ba:	0092      	lsls	r2, r2, #2
100099bc:	3301      	adds	r3, #1
100099be:	5151      	str	r1, [r2, r5]
100099c0:	429e      	cmp	r6, r3
100099c2:	d8f3      	bhi.n	100099ac <pio_claim_free_sm_and_add_program+0xa8>
100099c4:	4660      	mov	r0, ip
100099c6:	4646      	mov	r6, r8
100099c8:	9b08      	ldr	r3, [sp, #32]
100099ca:	1bbf      	subs	r7, r7, r6
100099cc:	4303      	orrs	r3, r0
100099ce:	0018      	movs	r0, r3
100099d0:	9b02      	ldr	r3, [sp, #8]
100099d2:	5198      	str	r0, [r3, r6]
100099d4:	9804      	ldr	r0, [sp, #16]
100099d6:	f7f6 fd93 	bl	10000500 <hw_claim_unlock>
100099da:	9b05      	ldr	r3, [sp, #20]
100099dc:	2001      	movs	r0, #1
100099de:	601d      	str	r5, [r3, #0]
100099e0:	9b06      	ldr	r3, [sp, #24]
100099e2:	601f      	str	r7, [r3, #0]
100099e4:	9b07      	ldr	r3, [sp, #28]
100099e6:	601c      	str	r4, [r3, #0]
100099e8:	e024      	b.n	10009a34 <pio_claim_free_sm_and_add_program+0x130>
100099ea:	2420      	movs	r4, #32
100099ec:	1a64      	subs	r4, r4, r1
100099ee:	9409      	str	r4, [sp, #36]	@ 0x24
100099f0:	d40f      	bmi.n	10009a12 <pio_claim_free_sm_and_add_program+0x10e>
100099f2:	0013      	movs	r3, r2
100099f4:	40a3      	lsls	r3, r4
100099f6:	9308      	str	r3, [sp, #32]
100099f8:	4203      	tst	r3, r0
100099fa:	d025      	beq.n	10009a48 <pio_claim_free_sm_and_add_program+0x144>
100099fc:	468c      	mov	ip, r1
100099fe:	0023      	movs	r3, r4
10009a00:	0011      	movs	r1, r2
10009a02:	e004      	b.n	10009a0e <pio_claim_free_sm_and_add_program+0x10a>
10009a04:	000a      	movs	r2, r1
10009a06:	409a      	lsls	r2, r3
10009a08:	001c      	movs	r4, r3
10009a0a:	4210      	tst	r0, r2
10009a0c:	d019      	beq.n	10009a42 <pio_claim_free_sm_and_add_program+0x13e>
10009a0e:	3b01      	subs	r3, #1
10009a10:	d2f8      	bcs.n	10009a04 <pio_claim_free_sm_and_add_program+0x100>
10009a12:	9804      	ldr	r0, [sp, #16]
10009a14:	f7f6 fd74 	bl	10000500 <hw_claim_unlock>
10009a18:	0039      	movs	r1, r7
10009a1a:	4658      	mov	r0, fp
10009a1c:	f7f6 fdea 	bl	100005f4 <hw_claim_clear>
10009a20:	2300      	movs	r3, #0
10009a22:	464d      	mov	r5, r9
10009a24:	4699      	mov	r9, r3
10009a26:	4653      	mov	r3, sl
10009a28:	2b01      	cmp	r3, #1
10009a2a:	d002      	beq.n	10009a32 <pio_claim_free_sm_and_add_program+0x12e>
10009a2c:	2301      	movs	r3, #1
10009a2e:	469a      	mov	sl, r3
10009a30:	e77e      	b.n	10009930 <pio_claim_free_sm_and_add_program+0x2c>
10009a32:	2000      	movs	r0, #0
10009a34:	b00b      	add	sp, #44	@ 0x2c
10009a36:	bcf0      	pop	{r4, r5, r6, r7}
10009a38:	46bb      	mov	fp, r7
10009a3a:	46b2      	mov	sl, r6
10009a3c:	46a9      	mov	r9, r5
10009a3e:	46a0      	mov	r8, r4
10009a40:	bdf0      	pop	{r4, r5, r6, r7, pc}
10009a42:	000a      	movs	r2, r1
10009a44:	4661      	mov	r1, ip
10009a46:	e79b      	b.n	10009980 <pio_claim_free_sm_and_add_program+0x7c>
10009a48:	4643      	mov	r3, r8
10009a4a:	799b      	ldrb	r3, [r3, #6]
10009a4c:	2b00      	cmp	r3, #0
10009a4e:	d1e0      	bne.n	10009a12 <pio_claim_free_sm_and_add_program+0x10e>
10009a50:	4643      	mov	r3, r8
10009a52:	681b      	ldr	r3, [r3, #0]
10009a54:	469c      	mov	ip, r3
10009a56:	e79e      	b.n	10009996 <pio_claim_free_sm_and_add_program+0x92>
10009a58:	200011ec 	.word	0x200011ec
10009a5c:	1000b510 	.word	0x1000b510
10009a60:	200010ac 	.word	0x200010ac
10009a64:	00000501 	.word	0x00000501
10009a68:	afe00000 	.word	0xafe00000

10009a6c <pio_claim_free_sm_and_add_program_for_gpio_range>:
10009a6c:	b570      	push	{r4, r5, r6, lr}
10009a6e:	9d05      	ldr	r5, [sp, #20]
10009a70:	9c04      	ldr	r4, [sp, #16]
10009a72:	46ac      	mov	ip, r5
10009a74:	4464      	add	r4, ip
10009a76:	2500      	movs	r5, #0
10009a78:	2c20      	cmp	r4, #32
10009a7a:	d802      	bhi.n	10009a82 <pio_claim_free_sm_and_add_program_for_gpio_range+0x16>
10009a7c:	f7ff ff42 	bl	10009904 <pio_claim_free_sm_and_add_program>
10009a80:	0005      	movs	r5, r0
10009a82:	0028      	movs	r0, r5
10009a84:	bd70      	pop	{r4, r5, r6, pc}
10009a86:	46c0      	nop			@ (mov r8, r8)

10009a88 <pio_remove_program_and_unclaim_sm>:
10009a88:	b570      	push	{r4, r5, r6, lr}
10009a8a:	2501      	movs	r5, #1
10009a8c:	0016      	movs	r6, r2
10009a8e:	7902      	ldrb	r2, [r0, #4]
10009a90:	000c      	movs	r4, r1
10009a92:	4095      	lsls	r5, r2
10009a94:	3d01      	subs	r5, #1
10009a96:	409d      	lsls	r5, r3
10009a98:	f7f6 fd26 	bl	100004e8 <hw_claim_lock>
10009a9c:	4b07      	ldr	r3, [pc, #28]	@ (10009abc <pio_remove_program_and_unclaim_sm+0x34>)
10009a9e:	4a08      	ldr	r2, [pc, #32]	@ (10009ac0 <pio_remove_program_and_unclaim_sm+0x38>)
10009aa0:	469c      	mov	ip, r3
10009aa2:	4464      	add	r4, ip
10009aa4:	0d24      	lsrs	r4, r4, #20
10009aa6:	00a4      	lsls	r4, r4, #2
10009aa8:	58a3      	ldr	r3, [r4, r2]
10009aaa:	43ab      	bics	r3, r5
10009aac:	50a3      	str	r3, [r4, r2]
10009aae:	f7f6 fd27 	bl	10000500 <hw_claim_unlock>
10009ab2:	19a1      	adds	r1, r4, r6
10009ab4:	4803      	ldr	r0, [pc, #12]	@ (10009ac4 <pio_remove_program_and_unclaim_sm+0x3c>)
10009ab6:	f7f6 fd9d 	bl	100005f4 <hw_claim_clear>
10009aba:	bd70      	pop	{r4, r5, r6, pc}
10009abc:	afe00000 	.word	0xafe00000
10009ac0:	200010ac 	.word	0x200010ac
10009ac4:	200011ec 	.word	0x200011ec

10009ac8 <dma_channel_unclaim>:
10009ac8:	b510      	push	{r4, lr}
10009aca:	4b03      	ldr	r3, [pc, #12]	@ (10009ad8 <dma_channel_unclaim+0x10>)
10009acc:	0001      	movs	r1, r0
10009ace:	0018      	movs	r0, r3
10009ad0:	f7f6 fd90 	bl	100005f4 <hw_claim_clear>
10009ad4:	bd10      	pop	{r4, pc}
10009ad6:	46c0      	nop			@ (mov r8, r8)
10009ad8:	20021fd4 	.word	0x20021fd4

10009adc <dma_claim_unused_channel>:
10009adc:	b510      	push	{r4, lr}
10009ade:	4b06      	ldr	r3, [pc, #24]	@ (10009af8 <dma_claim_unused_channel+0x1c>)
10009ae0:	4c06      	ldr	r4, [pc, #24]	@ (10009afc <dma_claim_unused_channel+0x20>)
10009ae2:	b082      	sub	sp, #8
10009ae4:	0001      	movs	r1, r0
10009ae6:	9300      	str	r3, [sp, #0]
10009ae8:	2200      	movs	r2, #0
10009aea:	230b      	movs	r3, #11
10009aec:	0020      	movs	r0, r4
10009aee:	f7f6 fd33 	bl	10000558 <hw_claim_unused_from_range>
10009af2:	b002      	add	sp, #8
10009af4:	bd10      	pop	{r4, pc}
10009af6:	46c0      	nop			@ (mov r8, r8)
10009af8:	1000b534 	.word	0x1000b534
10009afc:	20021fd4 	.word	0x20021fd4

10009b00 <dma_channel_cleanup>:
10009b00:	0003      	movs	r3, r0
10009b02:	4911      	ldr	r1, [pc, #68]	@ (10009b48 <dma_channel_cleanup+0x48>)
10009b04:	0182      	lsls	r2, r0, #6
10009b06:	1851      	adds	r1, r2, r1
10009b08:	6808      	ldr	r0, [r1, #0]
10009b0a:	02d9      	lsls	r1, r3, #11
10009b0c:	4041      	eors	r1, r0
10009b0e:	480f      	ldr	r0, [pc, #60]	@ (10009b4c <dma_channel_cleanup+0x4c>)
10009b10:	b510      	push	{r4, lr}
10009b12:	4001      	ands	r1, r0
10009b14:	480e      	ldr	r0, [pc, #56]	@ (10009b50 <dma_channel_cleanup+0x50>)
10009b16:	24a0      	movs	r4, #160	@ 0xa0
10009b18:	1810      	adds	r0, r2, r0
10009b1a:	6001      	str	r1, [r0, #0]
10009b1c:	2001      	movs	r0, #1
10009b1e:	4098      	lsls	r0, r3
10009b20:	4b0c      	ldr	r3, [pc, #48]	@ (10009b54 <dma_channel_cleanup+0x54>)
10009b22:	05e4      	lsls	r4, r4, #23
10009b24:	6018      	str	r0, [r3, #0]
10009b26:	4b0c      	ldr	r3, [pc, #48]	@ (10009b58 <dma_channel_cleanup+0x58>)
10009b28:	2180      	movs	r1, #128	@ 0x80
10009b2a:	6018      	str	r0, [r3, #0]
10009b2c:	4b0b      	ldr	r3, [pc, #44]	@ (10009b5c <dma_channel_cleanup+0x5c>)
10009b2e:	0449      	lsls	r1, r1, #17
10009b30:	50e0      	str	r0, [r4, r3]
10009b32:	4b0b      	ldr	r3, [pc, #44]	@ (10009b60 <dma_channel_cleanup+0x60>)
10009b34:	469c      	mov	ip, r3
10009b36:	4462      	add	r2, ip
10009b38:	6813      	ldr	r3, [r2, #0]
10009b3a:	420b      	tst	r3, r1
10009b3c:	d1fc      	bne.n	10009b38 <dma_channel_cleanup+0x38>
10009b3e:	2380      	movs	r3, #128	@ 0x80
10009b40:	00db      	lsls	r3, r3, #3
10009b42:	50e0      	str	r0, [r4, r3]
10009b44:	bd10      	pop	{r4, pc}
10009b46:	46c0      	nop			@ (mov r8, r8)
10009b48:	50000010 	.word	0x50000010
10009b4c:	00007801 	.word	0x00007801
10009b50:	50001010 	.word	0x50001010
10009b54:	50003404 	.word	0x50003404
10009b58:	50003414 	.word	0x50003414
10009b5c:	00000444 	.word	0x00000444
10009b60:	5000000c 	.word	0x5000000c

10009b64 <cyw43_sleep_timeout_reached>:
10009b64:	b510      	push	{r4, lr}
10009b66:	6803      	ldr	r3, [r0, #0]
10009b68:	4901      	ldr	r1, [pc, #4]	@ (10009b70 <cyw43_sleep_timeout_reached+0xc>)
10009b6a:	6a5b      	ldr	r3, [r3, #36]	@ 0x24
10009b6c:	4798      	blx	r3
10009b6e:	bd10      	pop	{r4, pc}
10009b70:	200006ac 	.word	0x200006ac

10009b74 <cyw43_irq_init>:
10009b74:	2080      	movs	r0, #128	@ 0x80
10009b76:	b510      	push	{r4, lr}
10009b78:	2240      	movs	r2, #64	@ 0x40
10009b7a:	4907      	ldr	r1, [pc, #28]	@ (10009b98 <cyw43_irq_init+0x24>)
10009b7c:	0440      	lsls	r0, r0, #17
10009b7e:	f7f6 fc51 	bl	10000424 <gpio_add_raw_irq_handler_with_order_priority_masked>
10009b82:	2201      	movs	r2, #1
10009b84:	2102      	movs	r1, #2
10009b86:	2018      	movs	r0, #24
10009b88:	f7f6 fc26 	bl	100003d8 <gpio_set_irq_enabled>
10009b8c:	200d      	movs	r0, #13
10009b8e:	2101      	movs	r1, #1
10009b90:	f7f6 fd78 	bl	10000684 <irq_set_enabled>
10009b94:	2000      	movs	r0, #0
10009b96:	bd10      	pop	{r4, pc}
10009b98:	10009bbd 	.word	0x10009bbd

10009b9c <cyw43_irq_deinit>:
10009b9c:	b510      	push	{r4, lr}
10009b9e:	2200      	movs	r2, #0
10009ba0:	2102      	movs	r1, #2
10009ba2:	2018      	movs	r0, #24
10009ba4:	f7f6 fc18 	bl	100003d8 <gpio_set_irq_enabled>
10009ba8:	2080      	movs	r0, #128	@ 0x80
10009baa:	4903      	ldr	r1, [pc, #12]	@ (10009bb8 <cyw43_irq_deinit+0x1c>)
10009bac:	0440      	lsls	r0, r0, #17
10009bae:	f7f6 fc4d 	bl	1000044c <gpio_remove_raw_irq_handler_masked>
10009bb2:	2000      	movs	r0, #0
10009bb4:	bd10      	pop	{r4, pc}
10009bb6:	46c0      	nop			@ (mov r8, r8)
10009bb8:	10009bbd 	.word	0x10009bbd

10009bbc <cyw43_gpio_irq_handler>:
10009bbc:	23d0      	movs	r3, #208	@ 0xd0
10009bbe:	061b      	lsls	r3, r3, #24
10009bc0:	681a      	ldr	r2, [r3, #0]
10009bc2:	b510      	push	{r4, lr}
10009bc4:	0053      	lsls	r3, r2, #1
10009bc6:	189b      	adds	r3, r3, r2
10009bc8:	4a09      	ldr	r2, [pc, #36]	@ (10009bf0 <cyw43_gpio_irq_handler+0x34>)
10009bca:	011b      	lsls	r3, r3, #4
10009bcc:	4694      	mov	ip, r2
10009bce:	4463      	add	r3, ip
10009bd0:	6adb      	ldr	r3, [r3, #44]	@ 0x2c
10009bd2:	079b      	lsls	r3, r3, #30
10009bd4:	d400      	bmi.n	10009bd8 <cyw43_gpio_irq_handler+0x1c>
10009bd6:	bd10      	pop	{r4, pc}
10009bd8:	2200      	movs	r2, #0
10009bda:	2102      	movs	r1, #2
10009bdc:	2018      	movs	r0, #24
10009bde:	f7f6 fbfb 	bl	100003d8 <gpio_set_irq_enabled>
10009be2:	4b04      	ldr	r3, [pc, #16]	@ (10009bf4 <cyw43_gpio_irq_handler+0x38>)
10009be4:	4904      	ldr	r1, [pc, #16]	@ (10009bf8 <cyw43_gpio_irq_handler+0x3c>)
10009be6:	6818      	ldr	r0, [r3, #0]
10009be8:	6803      	ldr	r3, [r0, #0]
10009bea:	6a5b      	ldr	r3, [r3, #36]	@ 0x24
10009bec:	4798      	blx	r3
10009bee:	e7f2      	b.n	10009bd6 <cyw43_gpio_irq_handler+0x1a>
10009bf0:	40014100 	.word	0x40014100
10009bf4:	2000121c 	.word	0x2000121c
10009bf8:	200006ac 	.word	0x200006ac

10009bfc <cyw43_do_poll>:
10009bfc:	4b16      	ldr	r3, [pc, #88]	@ (10009c58 <cyw43_do_poll+0x5c>)
10009bfe:	b570      	push	{r4, r5, r6, lr}
10009c00:	681b      	ldr	r3, [r3, #0]
10009c02:	0004      	movs	r4, r0
10009c04:	2b00      	cmp	r3, #0
10009c06:	d00e      	beq.n	10009c26 <cyw43_do_poll+0x2a>
10009c08:	4d14      	ldr	r5, [pc, #80]	@ (10009c5c <cyw43_do_poll+0x60>)
10009c0a:	682a      	ldr	r2, [r5, #0]
10009c0c:	2a00      	cmp	r2, #0
10009c0e:	d001      	beq.n	10009c14 <cyw43_do_poll+0x18>
10009c10:	3a01      	subs	r2, #1
10009c12:	602a      	str	r2, [r5, #0]
10009c14:	4798      	blx	r3
10009c16:	682b      	ldr	r3, [r5, #0]
10009c18:	2b00      	cmp	r3, #0
10009c1a:	d105      	bne.n	10009c28 <cyw43_do_poll+0x2c>
10009c1c:	6823      	ldr	r3, [r4, #0]
10009c1e:	0020      	movs	r0, r4
10009c20:	490f      	ldr	r1, [pc, #60]	@ (10009c60 <cyw43_do_poll+0x64>)
10009c22:	699b      	ldr	r3, [r3, #24]
10009c24:	4798      	blx	r3
10009c26:	bd70      	pop	{r4, r5, r6, pc}
10009c28:	f7f7 fcce 	bl	100015c8 <time_us_64>
10009c2c:	2300      	movs	r3, #0
10009c2e:	4a0d      	ldr	r2, [pc, #52]	@ (10009c64 <cyw43_do_poll+0x68>)
10009c30:	4d0b      	ldr	r5, [pc, #44]	@ (10009c60 <cyw43_do_poll+0x64>)
10009c32:	1880      	adds	r0, r0, r2
10009c34:	4159      	adcs	r1, r3
10009c36:	000b      	movs	r3, r1
10009c38:	2180      	movs	r1, #128	@ 0x80
10009c3a:	0002      	movs	r2, r0
10009c3c:	0609      	lsls	r1, r1, #24
10009c3e:	428b      	cmp	r3, r1
10009c40:	d302      	bcc.n	10009c48 <cyw43_do_poll+0x4c>
10009c42:	2201      	movs	r2, #1
10009c44:	4b08      	ldr	r3, [pc, #32]	@ (10009c68 <cyw43_do_poll+0x6c>)
10009c46:	4252      	negs	r2, r2
10009c48:	60eb      	str	r3, [r5, #12]
10009c4a:	6823      	ldr	r3, [r4, #0]
10009c4c:	0029      	movs	r1, r5
10009c4e:	0020      	movs	r0, r4
10009c50:	695b      	ldr	r3, [r3, #20]
10009c52:	60aa      	str	r2, [r5, #8]
10009c54:	4798      	blx	r3
10009c56:	e7e6      	b.n	10009c26 <cyw43_do_poll+0x2a>
10009c58:	20001220 	.word	0x20001220
10009c5c:	20001224 	.word	0x20001224
10009c60:	200006c0 	.word	0x200006c0
10009c64:	0000c350 	.word	0x0000c350
10009c68:	7fffffff 	.word	0x7fffffff

10009c6c <cyw43_post_poll_hook>:
10009c6c:	b510      	push	{r4, lr}
10009c6e:	2201      	movs	r2, #1
10009c70:	2102      	movs	r1, #2
10009c72:	2018      	movs	r0, #24
10009c74:	f7f6 fbb0 	bl	100003d8 <gpio_set_irq_enabled>
10009c78:	bd10      	pop	{r4, pc}
10009c7a:	46c0      	nop			@ (mov r8, r8)

10009c7c <cyw43_schedule_internal_poll_dispatch>:
10009c7c:	4b03      	ldr	r3, [pc, #12]	@ (10009c8c <cyw43_schedule_internal_poll_dispatch+0x10>)
10009c7e:	b510      	push	{r4, lr}
10009c80:	6818      	ldr	r0, [r3, #0]
10009c82:	4903      	ldr	r1, [pc, #12]	@ (10009c90 <cyw43_schedule_internal_poll_dispatch+0x14>)
10009c84:	6803      	ldr	r3, [r0, #0]
10009c86:	6a5b      	ldr	r3, [r3, #36]	@ 0x24
10009c88:	4798      	blx	r3
10009c8a:	bd10      	pop	{r4, pc}
10009c8c:	2000121c 	.word	0x2000121c
10009c90:	200006ac 	.word	0x200006ac

10009c94 <cyw43_driver_init>:
10009c94:	b510      	push	{r4, lr}
10009c96:	0004      	movs	r4, r0
10009c98:	4808      	ldr	r0, [pc, #32]	@ (10009cbc <cyw43_driver_init+0x28>)
10009c9a:	f7ff fb95 	bl	100093c8 <cyw43_init>
10009c9e:	4b08      	ldr	r3, [pc, #32]	@ (10009cc0 <cyw43_driver_init+0x2c>)
10009ca0:	2200      	movs	r2, #0
10009ca2:	601c      	str	r4, [r3, #0]
10009ca4:	6823      	ldr	r3, [r4, #0]
10009ca6:	0020      	movs	r0, r4
10009ca8:	4906      	ldr	r1, [pc, #24]	@ (10009cc4 <cyw43_driver_init+0x30>)
10009caa:	691b      	ldr	r3, [r3, #16]
10009cac:	4798      	blx	r3
10009cae:	6823      	ldr	r3, [r4, #0]
10009cb0:	0020      	movs	r0, r4
10009cb2:	4905      	ldr	r1, [pc, #20]	@ (10009cc8 <cyw43_driver_init+0x34>)
10009cb4:	69db      	ldr	r3, [r3, #28]
10009cb6:	4798      	blx	r3
10009cb8:	2001      	movs	r0, #1
10009cba:	bd10      	pop	{r4, pc}
10009cbc:	20001228 	.word	0x20001228
10009cc0:	2000121c 	.word	0x2000121c
10009cc4:	10009b75 	.word	0x10009b75
10009cc8:	200006ac 	.word	0x200006ac

10009ccc <cyw43_driver_deinit>:
10009ccc:	b570      	push	{r4, r5, r6, lr}
10009cce:	4d0d      	ldr	r5, [pc, #52]	@ (10009d04 <cyw43_driver_deinit+0x38>)
10009cd0:	0004      	movs	r4, r0
10009cd2:	682b      	ldr	r3, [r5, #0]
10009cd4:	2b00      	cmp	r3, #0
10009cd6:	d013      	beq.n	10009d00 <cyw43_driver_deinit+0x34>
10009cd8:	6803      	ldr	r3, [r0, #0]
10009cda:	490b      	ldr	r1, [pc, #44]	@ (10009d08 <cyw43_driver_deinit+0x3c>)
10009cdc:	699b      	ldr	r3, [r3, #24]
10009cde:	4798      	blx	r3
10009ce0:	6823      	ldr	r3, [r4, #0]
10009ce2:	490a      	ldr	r1, [pc, #40]	@ (10009d0c <cyw43_driver_deinit+0x40>)
10009ce4:	6a1b      	ldr	r3, [r3, #32]
10009ce6:	0020      	movs	r0, r4
10009ce8:	4798      	blx	r3
10009cea:	6823      	ldr	r3, [r4, #0]
10009cec:	2200      	movs	r2, #0
10009cee:	691b      	ldr	r3, [r3, #16]
10009cf0:	4907      	ldr	r1, [pc, #28]	@ (10009d10 <cyw43_driver_deinit+0x44>)
10009cf2:	0020      	movs	r0, r4
10009cf4:	4798      	blx	r3
10009cf6:	4807      	ldr	r0, [pc, #28]	@ (10009d14 <cyw43_driver_deinit+0x48>)
10009cf8:	f7ff fb9c 	bl	10009434 <cyw43_deinit>
10009cfc:	2300      	movs	r3, #0
10009cfe:	602b      	str	r3, [r5, #0]
10009d00:	bd70      	pop	{r4, r5, r6, pc}
10009d02:	46c0      	nop			@ (mov r8, r8)
10009d04:	2000121c 	.word	0x2000121c
10009d08:	200006c0 	.word	0x200006c0
10009d0c:	200006ac 	.word	0x200006ac
10009d10:	10009b9d 	.word	0x10009b9d
10009d14:	20001228 	.word	0x20001228

10009d18 <cyw43_hal_generate_laa_mac>:
10009d18:	b510      	push	{r4, lr}
10009d1a:	b082      	sub	sp, #8
10009d1c:	4668      	mov	r0, sp
10009d1e:	000c      	movs	r4, r1
10009d20:	f7fc fd4c 	bl	100067bc <pico_get_unique_board_id>
10009d24:	466b      	mov	r3, sp
10009d26:	2206      	movs	r2, #6
10009d28:	1c99      	adds	r1, r3, #2
10009d2a:	0020      	movs	r0, r4
10009d2c:	f7f8 fc46 	bl	100025bc <__wrap___aeabi_memcpy>
10009d30:	2201      	movs	r2, #1
10009d32:	7823      	ldrb	r3, [r4, #0]
10009d34:	4393      	bics	r3, r2
10009d36:	2202      	movs	r2, #2
10009d38:	4313      	orrs	r3, r2
10009d3a:	7023      	strb	r3, [r4, #0]
10009d3c:	b002      	add	sp, #8
10009d3e:	bd10      	pop	{r4, pc}

10009d40 <cyw43_thread_enter>:
10009d40:	4b03      	ldr	r3, [pc, #12]	@ (10009d50 <cyw43_thread_enter+0x10>)
10009d42:	b510      	push	{r4, lr}
10009d44:	6818      	ldr	r0, [r3, #0]
10009d46:	6803      	ldr	r3, [r0, #0]
10009d48:	685b      	ldr	r3, [r3, #4]
10009d4a:	4798      	blx	r3
10009d4c:	bd10      	pop	{r4, pc}
10009d4e:	46c0      	nop			@ (mov r8, r8)
10009d50:	2000121c 	.word	0x2000121c

10009d54 <cyw43_thread_exit>:
10009d54:	4b03      	ldr	r3, [pc, #12]	@ (10009d64 <cyw43_thread_exit+0x10>)
10009d56:	b510      	push	{r4, lr}
10009d58:	6818      	ldr	r0, [r3, #0]
10009d5a:	6803      	ldr	r3, [r0, #0]
10009d5c:	689b      	ldr	r3, [r3, #8]
10009d5e:	4798      	blx	r3
10009d60:	bd10      	pop	{r4, pc}
10009d62:	46c0      	nop			@ (mov r8, r8)
10009d64:	2000121c 	.word	0x2000121c

10009d68 <cyw43_await_background_or_timeout_us>:
10009d68:	b570      	push	{r4, r5, r6, lr}
10009d6a:	f3ef 8305 	mrs	r3, IPSR
10009d6e:	4a15      	ldr	r2, [pc, #84]	@ (10009dc4 <cyw43_await_background_or_timeout_us+0x5c>)
10009d70:	0004      	movs	r4, r0
10009d72:	2500      	movs	r5, #0
10009d74:	6816      	ldr	r6, [r2, #0]
10009d76:	2b00      	cmp	r3, #0
10009d78:	d112      	bne.n	10009da0 <cyw43_await_background_or_timeout_us+0x38>
10009d7a:	f7f7 fc25 	bl	100015c8 <time_us_64>
10009d7e:	000b      	movs	r3, r1
10009d80:	0002      	movs	r2, r0
10009d82:	2180      	movs	r1, #128	@ 0x80
10009d84:	1912      	adds	r2, r2, r4
10009d86:	416b      	adcs	r3, r5
10009d88:	0609      	lsls	r1, r1, #24
10009d8a:	428b      	cmp	r3, r1
10009d8c:	d204      	bcs.n	10009d98 <cyw43_await_background_or_timeout_us+0x30>
10009d8e:	6831      	ldr	r1, [r6, #0]
10009d90:	0030      	movs	r0, r6
10009d92:	6b09      	ldr	r1, [r1, #48]	@ 0x30
10009d94:	4788      	blx	r1
10009d96:	bd70      	pop	{r4, r5, r6, pc}
10009d98:	2201      	movs	r2, #1
10009d9a:	4b0b      	ldr	r3, [pc, #44]	@ (10009dc8 <cyw43_await_background_or_timeout_us+0x60>)
10009d9c:	4252      	negs	r2, r2
10009d9e:	e7f6      	b.n	10009d8e <cyw43_await_background_or_timeout_us+0x26>
10009da0:	f7f7 fc12 	bl	100015c8 <time_us_64>
10009da4:	000b      	movs	r3, r1
10009da6:	0002      	movs	r2, r0
10009da8:	2180      	movs	r1, #128	@ 0x80
10009daa:	1912      	adds	r2, r2, r4
10009dac:	416b      	adcs	r3, r5
10009dae:	0609      	lsls	r1, r1, #24
10009db0:	428b      	cmp	r3, r1
10009db2:	d302      	bcc.n	10009dba <cyw43_await_background_or_timeout_us+0x52>
10009db4:	2201      	movs	r2, #1
10009db6:	4b04      	ldr	r3, [pc, #16]	@ (10009dc8 <cyw43_await_background_or_timeout_us+0x60>)
10009db8:	4252      	negs	r2, r2
10009dba:	6831      	ldr	r1, [r6, #0]
10009dbc:	0030      	movs	r0, r6
10009dbe:	6ac9      	ldr	r1, [r1, #44]	@ 0x2c
10009dc0:	4788      	blx	r1
10009dc2:	e7e8      	b.n	10009d96 <cyw43_await_background_or_timeout_us+0x2e>
10009dc4:	2000121c 	.word	0x2000121c
10009dc8:	7fffffff 	.word	0x7fffffff

10009dcc <cyw43_delay_ms>:
10009dcc:	b5f8      	push	{r3, r4, r5, r6, r7, lr}
10009dce:	4b0f      	ldr	r3, [pc, #60]	@ (10009e0c <cyw43_delay_ms+0x40>)
10009dd0:	0006      	movs	r6, r0
10009dd2:	681f      	ldr	r7, [r3, #0]
10009dd4:	f7f7 fbf8 	bl	100015c8 <time_us_64>
10009dd8:	22fa      	movs	r2, #250	@ 0xfa
10009dda:	0004      	movs	r4, r0
10009ddc:	000d      	movs	r5, r1
10009dde:	2300      	movs	r3, #0
10009de0:	0092      	lsls	r2, r2, #2
10009de2:	0030      	movs	r0, r6
10009de4:	2100      	movs	r1, #0
10009de6:	f7f8 fb3d 	bl	10002464 <__wrap___aeabi_lmul>
10009dea:	000b      	movs	r3, r1
10009dec:	0002      	movs	r2, r0
10009dee:	2180      	movs	r1, #128	@ 0x80
10009df0:	1912      	adds	r2, r2, r4
10009df2:	416b      	adcs	r3, r5
10009df4:	0609      	lsls	r1, r1, #24
10009df6:	428b      	cmp	r3, r1
10009df8:	d302      	bcc.n	10009e00 <cyw43_delay_ms+0x34>
10009dfa:	2201      	movs	r2, #1
10009dfc:	4b04      	ldr	r3, [pc, #16]	@ (10009e10 <cyw43_delay_ms+0x44>)
10009dfe:	4252      	negs	r2, r2
10009e00:	6839      	ldr	r1, [r7, #0]
10009e02:	0038      	movs	r0, r7
10009e04:	6ac9      	ldr	r1, [r1, #44]	@ 0x2c
10009e06:	4788      	blx	r1
10009e08:	bdf8      	pop	{r3, r4, r5, r6, r7, pc}
10009e0a:	46c0      	nop			@ (mov r8, r8)
10009e0c:	2000121c 	.word	0x2000121c
10009e10:	7fffffff 	.word	0x7fffffff

10009e14 <cyw43_cb_tcpip_deinit>:
10009e14:	4770      	bx	lr
10009e16:	46c0      	nop			@ (mov r8, r8)

10009e18 <cyw43_cb_tcpip_set_link_up>:
10009e18:	b510      	push	{r4, lr}
10009e1a:	4801      	ldr	r0, [pc, #4]	@ (10009e20 <cyw43_cb_tcpip_set_link_up+0x8>)
10009e1c:	f7f6 fb46 	bl	100004ac <panic>
10009e20:	1000b554 	.word	0x1000b554

10009e24 <cyw43_cb_tcpip_set_link_down>:
10009e24:	b510      	push	{r4, lr}
10009e26:	4801      	ldr	r0, [pc, #4]	@ (10009e2c <cyw43_cb_tcpip_set_link_down+0x8>)
10009e28:	f7f6 fb40 	bl	100004ac <panic>
10009e2c:	1000b554 	.word	0x1000b554

10009e30 <cyw43_cb_process_ethernet>:
10009e30:	b510      	push	{r4, lr}
10009e32:	4801      	ldr	r0, [pc, #4]	@ (10009e38 <cyw43_cb_process_ethernet+0x8>)
10009e34:	f7f6 fb3a 	bl	100004ac <panic>
10009e38:	1000b554 	.word	0x1000b554

10009e3c <async_context_threadsafe_background_acquire_lock_blocking>:
10009e3c:	b510      	push	{r4, lr}
10009e3e:	3030      	adds	r0, #48	@ 0x30
10009e40:	f001 f8d2 	bl	1000afe8 <__recursive_mutex_enter_blocking_veneer>
10009e44:	bd10      	pop	{r4, pc}
10009e46:	46c0      	nop			@ (mov r8, r8)

10009e48 <async_context_threadsafe_background_deinit>:
10009e48:	b570      	push	{r4, r5, r6, lr}
10009e4a:	254d      	movs	r5, #77	@ 0x4d
10009e4c:	0004      	movs	r4, r0
10009e4e:	5d40      	ldrb	r0, [r0, r5]
10009e50:	2800      	cmp	r0, #0
10009e52:	d118      	bne.n	10009e86 <async_context_threadsafe_background_deinit+0x3e>
10009e54:	6c63      	ldr	r3, [r4, #68]	@ 0x44
10009e56:	2b00      	cmp	r3, #0
10009e58:	dd03      	ble.n	10009e62 <async_context_threadsafe_background_deinit+0x1a>
10009e5a:	6c61      	ldr	r1, [r4, #68]	@ 0x44
10009e5c:	6a20      	ldr	r0, [r4, #32]
10009e5e:	f7f7 fa57 	bl	10001310 <alarm_pool_cancel_alarm>
10009e62:	234c      	movs	r3, #76	@ 0x4c
10009e64:	5ce3      	ldrb	r3, [r4, r3]
10009e66:	2b00      	cmp	r3, #0
10009e68:	d11a      	bne.n	10009ea0 <async_context_threadsafe_background_deinit+0x58>
10009e6a:	0025      	movs	r5, r4
10009e6c:	3530      	adds	r5, #48	@ 0x30
10009e6e:	0028      	movs	r0, r5
10009e70:	f001 f8ba 	bl	1000afe8 <__recursive_mutex_enter_blocking_veneer>
10009e74:	0028      	movs	r0, r5
10009e76:	f001 f897 	bl	1000afa8 <__recursive_mutex_exit_veneer>
10009e7a:	2250      	movs	r2, #80	@ 0x50
10009e7c:	2100      	movs	r1, #0
10009e7e:	0020      	movs	r0, r4
10009e80:	f7f8 fb96 	bl	100025b0 <__wrap_memset>
10009e84:	bd70      	pop	{r4, r5, r6, pc}
10009e86:	2100      	movs	r1, #0
10009e88:	f7f6 fbfc 	bl	10000684 <irq_set_enabled>
10009e8c:	4906      	ldr	r1, [pc, #24]	@ (10009ea8 <async_context_threadsafe_background_deinit+0x60>)
10009e8e:	5d60      	ldrb	r0, [r4, r5]
10009e90:	f7f6 fd28 	bl	100008e4 <irq_remove_handler>
10009e94:	5d60      	ldrb	r0, [r4, r5]
10009e96:	f7f6 fe7d 	bl	10000b94 <user_irq_unclaim>
10009e9a:	2300      	movs	r3, #0
10009e9c:	5563      	strb	r3, [r4, r5]
10009e9e:	e7d9      	b.n	10009e54 <async_context_threadsafe_background_deinit+0xc>
10009ea0:	6a20      	ldr	r0, [r4, #32]
10009ea2:	f7f7 f945 	bl	10001130 <alarm_pool_destroy>
10009ea6:	e7e0      	b.n	10009e6a <async_context_threadsafe_background_deinit+0x22>
10009ea8:	10009fa1 	.word	0x10009fa1

10009eac <handle_sync_func_call>:
10009eac:	b570      	push	{r4, r5, r6, lr}
10009eae:	0005      	movs	r5, r0
10009eb0:	698b      	ldr	r3, [r1, #24]
10009eb2:	69c8      	ldr	r0, [r1, #28]
10009eb4:	000c      	movs	r4, r1
10009eb6:	4798      	blx	r3
10009eb8:	682b      	ldr	r3, [r5, #0]
10009eba:	0021      	movs	r1, r4
10009ebc:	6a1b      	ldr	r3, [r3, #32]
10009ebe:	6220      	str	r0, [r4, #32]
10009ec0:	0028      	movs	r0, r5
10009ec2:	4798      	blx	r3
10009ec4:	0020      	movs	r0, r4
10009ec6:	3010      	adds	r0, #16
10009ec8:	f001 f87e 	bl	1000afc8 <__sem_release_veneer>
10009ecc:	bd70      	pop	{r4, r5, r6, pc}
10009ece:	46c0      	nop			@ (mov r8, r8)

10009ed0 <process_under_lock>:
10009ed0:	b5f0      	push	{r4, r5, r6, r7, lr}
10009ed2:	4b31      	ldr	r3, [pc, #196]	@ (10009f98 <process_under_lock+0xc8>)
10009ed4:	46d6      	mov	lr, sl
10009ed6:	464f      	mov	r7, r9
10009ed8:	4646      	mov	r6, r8
10009eda:	681a      	ldr	r2, [r3, #0]
10009edc:	685b      	ldr	r3, [r3, #4]
10009ede:	0004      	movs	r4, r0
10009ee0:	469a      	mov	sl, r3
10009ee2:	4b2e      	ldr	r3, [pc, #184]	@ (10009f9c <process_under_lock+0xcc>)
10009ee4:	4690      	mov	r8, r2
10009ee6:	254e      	movs	r5, #78	@ 0x4e
10009ee8:	4699      	mov	r9, r3
10009eea:	b5c0      	push	{r6, r7, lr}
10009eec:	b084      	sub	sp, #16
10009eee:	0020      	movs	r0, r4
10009ef0:	f7fa fad6 	bl	100044a0 <async_context_base_execute_once>
10009ef4:	0006      	movs	r6, r0
10009ef6:	000f      	movs	r7, r1
10009ef8:	f7f7 fb66 	bl	100015c8 <time_us_64>
10009efc:	0032      	movs	r2, r6
10009efe:	003b      	movs	r3, r7
10009f00:	1a12      	subs	r2, r2, r0
10009f02:	418b      	sbcs	r3, r1
10009f04:	2b00      	cmp	r3, #0
10009f06:	dd29      	ble.n	10009f5c <process_under_lock+0x8c>
10009f08:	4546      	cmp	r6, r8
10009f0a:	d02d      	beq.n	10009f68 <process_under_lock+0x98>
10009f0c:	5d63      	ldrb	r3, [r4, r5]
10009f0e:	2b00      	cmp	r3, #0
10009f10:	d008      	beq.n	10009f24 <process_under_lock+0x54>
10009f12:	6aa2      	ldr	r2, [r4, #40]	@ 0x28
10009f14:	6ae3      	ldr	r3, [r4, #44]	@ 0x2c
10009f16:	0030      	movs	r0, r6
10009f18:	0039      	movs	r1, r7
10009f1a:	1a80      	subs	r0, r0, r2
10009f1c:	4199      	sbcs	r1, r3
10009f1e:	2900      	cmp	r1, #0
10009f20:	dc27      	bgt.n	10009f72 <process_under_lock+0xa2>
10009f22:	d035      	beq.n	10009f90 <process_under_lock+0xc0>
10009f24:	6c63      	ldr	r3, [r4, #68]	@ 0x44
10009f26:	2b00      	cmp	r3, #0
10009f28:	dd03      	ble.n	10009f32 <process_under_lock+0x62>
10009f2a:	6c61      	ldr	r1, [r4, #68]	@ 0x44
10009f2c:	6a20      	ldr	r0, [r4, #32]
10009f2e:	f7f7 f9ef 	bl	10001310 <alarm_pool_cancel_alarm>
10009f32:	2301      	movs	r3, #1
10009f34:	62a6      	str	r6, [r4, #40]	@ 0x28
10009f36:	62e7      	str	r7, [r4, #44]	@ 0x2c
10009f38:	5563      	strb	r3, [r4, r5]
10009f3a:	2300      	movs	r3, #0
10009f3c:	6a20      	ldr	r0, [r4, #32]
10009f3e:	9302      	str	r3, [sp, #8]
10009f40:	464b      	mov	r3, r9
10009f42:	0032      	movs	r2, r6
10009f44:	9300      	str	r3, [sp, #0]
10009f46:	9401      	str	r4, [sp, #4]
10009f48:	003b      	movs	r3, r7
10009f4a:	f7f7 f91f 	bl	1000118c <alarm_pool_add_alarm_at>
10009f4e:	6460      	str	r0, [r4, #68]	@ 0x44
10009f50:	6c63      	ldr	r3, [r4, #68]	@ 0x44
10009f52:	2b00      	cmp	r3, #0
10009f54:	dc0d      	bgt.n	10009f72 <process_under_lock+0xa2>
10009f56:	2300      	movs	r3, #0
10009f58:	5563      	strb	r3, [r4, r5]
10009f5a:	e7c8      	b.n	10009eee <process_under_lock+0x1e>
10009f5c:	2b00      	cmp	r3, #0
10009f5e:	d1c6      	bne.n	10009eee <process_under_lock+0x1e>
10009f60:	2a00      	cmp	r2, #0
10009f62:	d0c4      	beq.n	10009eee <process_under_lock+0x1e>
10009f64:	4546      	cmp	r6, r8
10009f66:	d1d1      	bne.n	10009f0c <process_under_lock+0x3c>
10009f68:	4557      	cmp	r7, sl
10009f6a:	d1cf      	bne.n	10009f0c <process_under_lock+0x3c>
10009f6c:	6c63      	ldr	r3, [r4, #68]	@ 0x44
10009f6e:	2b00      	cmp	r3, #0
10009f70:	dc05      	bgt.n	10009f7e <process_under_lock+0xae>
10009f72:	b004      	add	sp, #16
10009f74:	bce0      	pop	{r5, r6, r7}
10009f76:	46ba      	mov	sl, r7
10009f78:	46b1      	mov	r9, r6
10009f7a:	46a8      	mov	r8, r5
10009f7c:	bdf0      	pop	{r4, r5, r6, r7, pc}
10009f7e:	6c61      	ldr	r1, [r4, #68]	@ 0x44
10009f80:	6a20      	ldr	r0, [r4, #32]
10009f82:	f7f7 f9c5 	bl	10001310 <alarm_pool_cancel_alarm>
10009f86:	2300      	movs	r3, #0
10009f88:	224e      	movs	r2, #78	@ 0x4e
10009f8a:	6463      	str	r3, [r4, #68]	@ 0x44
10009f8c:	54a3      	strb	r3, [r4, r2]
10009f8e:	e7f0      	b.n	10009f72 <process_under_lock+0xa2>
10009f90:	2800      	cmp	r0, #0
10009f92:	d0c7      	beq.n	10009f24 <process_under_lock+0x54>
10009f94:	e7ed      	b.n	10009f72 <process_under_lock+0xa2>
10009f96:	46c0      	nop			@ (mov r8, r8)
10009f98:	1000b598 	.word	0x1000b598
10009f9c:	1000a159 	.word	0x1000a159

10009fa0 <low_priority_irq_handler>:
10009fa0:	b570      	push	{r4, r5, r6, lr}
10009fa2:	f3ef 8305 	mrs	r3, IPSR
10009fa6:	4a0c      	ldr	r2, [pc, #48]	@ (10009fd8 <low_priority_irq_handler+0x38>)
10009fa8:	3b2a      	subs	r3, #42	@ 0x2a
10009faa:	009b      	lsls	r3, r3, #2
10009fac:	589c      	ldr	r4, [r3, r2]
10009fae:	2c00      	cmp	r4, #0
10009fb0:	d00d      	beq.n	10009fce <low_priority_irq_handler+0x2e>
10009fb2:	0025      	movs	r5, r4
10009fb4:	3530      	adds	r5, #48	@ 0x30
10009fb6:	2100      	movs	r1, #0
10009fb8:	0028      	movs	r0, r5
10009fba:	f000 ffed 	bl	1000af98 <__recursive_mutex_try_enter_veneer>
10009fbe:	2800      	cmp	r0, #0
10009fc0:	d005      	beq.n	10009fce <low_priority_irq_handler+0x2e>
10009fc2:	7a2b      	ldrb	r3, [r5, #8]
10009fc4:	2b01      	cmp	r3, #1
10009fc6:	d003      	beq.n	10009fd0 <low_priority_irq_handler+0x30>
10009fc8:	0028      	movs	r0, r5
10009fca:	f000 ffed 	bl	1000afa8 <__recursive_mutex_exit_veneer>
10009fce:	bd70      	pop	{r4, r5, r6, pc}
10009fd0:	0020      	movs	r0, r4
10009fd2:	f7ff ff7d 	bl	10009ed0 <process_under_lock>
10009fd6:	e7f7      	b.n	10009fc8 <low_priority_irq_handler+0x28>
10009fd8:	200010b8 	.word	0x200010b8

10009fdc <async_context_threadsafe_background_wait_for_work_until>:
10009fdc:	b510      	push	{r4, lr}
10009fde:	303c      	adds	r0, #60	@ 0x3c
10009fe0:	f001 f812 	bl	1000b008 <__sem_acquire_block_until_veneer>
10009fe4:	bd10      	pop	{r4, pc}
10009fe6:	46c0      	nop			@ (mov r8, r8)

10009fe8 <async_context_threadsafe_background_wait_until>:
10009fe8:	0010      	movs	r0, r2
10009fea:	0019      	movs	r1, r3
10009fec:	b510      	push	{r4, lr}
10009fee:	f3ef 8305 	mrs	r3, IPSR
10009ff2:	2b00      	cmp	r3, #0
10009ff4:	d002      	beq.n	10009ffc <async_context_threadsafe_background_wait_until+0x14>
10009ff6:	f7f7 fb25 	bl	10001644 <busy_wait_until>
10009ffa:	bd10      	pop	{r4, pc}
10009ffc:	f7f7 f9c4 	bl	10001388 <sleep_until>
1000a000:	e7fb      	b.n	10009ffa <async_context_threadsafe_background_wait_until+0x12>
1000a002:	46c0      	nop			@ (mov r8, r8)

1000a004 <async_context_threadsafe_background_execute_sync>:
1000a004:	b5f0      	push	{r4, r5, r6, r7, lr}
1000a006:	46c6      	mov	lr, r8
1000a008:	27d0      	movs	r7, #208	@ 0xd0
1000a00a:	b500      	push	{lr}
1000a00c:	063f      	lsls	r7, r7, #24
1000a00e:	0016      	movs	r6, r2
1000a010:	683b      	ldr	r3, [r7, #0]
1000a012:	7e82      	ldrb	r2, [r0, #26]
1000a014:	0004      	movs	r4, r0
1000a016:	000d      	movs	r5, r1
1000a018:	b08c      	sub	sp, #48	@ 0x30
1000a01a:	429a      	cmp	r2, r3
1000a01c:	d020      	beq.n	1000a060 <async_context_threadsafe_background_execute_sync+0x5c>
1000a01e:	2224      	movs	r2, #36	@ 0x24
1000a020:	2100      	movs	r1, #0
1000a022:	a803      	add	r0, sp, #12
1000a024:	f7f8 fac4 	bl	100025b0 <__wrap_memset>
1000a028:	4b2c      	ldr	r3, [pc, #176]	@ (1000a0dc <async_context_threadsafe_background_execute_sync+0xd8>)
1000a02a:	2201      	movs	r2, #1
1000a02c:	2100      	movs	r1, #0
1000a02e:	a807      	add	r0, sp, #28
1000a030:	9304      	str	r3, [sp, #16]
1000a032:	9509      	str	r5, [sp, #36]	@ 0x24
1000a034:	960a      	str	r6, [sp, #40]	@ 0x28
1000a036:	f7f6 fdcd 	bl	10000bd4 <sem_init>
1000a03a:	6823      	ldr	r3, [r4, #0]
1000a03c:	a903      	add	r1, sp, #12
1000a03e:	69db      	ldr	r3, [r3, #28]
1000a040:	0020      	movs	r0, r4
1000a042:	4798      	blx	r3
1000a044:	6823      	ldr	r3, [r4, #0]
1000a046:	0020      	movs	r0, r4
1000a048:	6a5b      	ldr	r3, [r3, #36]	@ 0x24
1000a04a:	a903      	add	r1, sp, #12
1000a04c:	4798      	blx	r3
1000a04e:	a807      	add	r0, sp, #28
1000a050:	f000 ff9a 	bl	1000af88 <__sem_acquire_blocking_veneer>
1000a054:	9d0b      	ldr	r5, [sp, #44]	@ 0x2c
1000a056:	0028      	movs	r0, r5
1000a058:	b00c      	add	sp, #48	@ 0x30
1000a05a:	bc80      	pop	{r7}
1000a05c:	46b8      	mov	r8, r7
1000a05e:	bdf0      	pop	{r4, r5, r6, r7, pc}
1000a060:	2330      	movs	r3, #48	@ 0x30
1000a062:	4698      	mov	r8, r3
1000a064:	4480      	add	r8, r0
1000a066:	4640      	mov	r0, r8
1000a068:	f000 ffbe 	bl	1000afe8 <__recursive_mutex_enter_blocking_veneer>
1000a06c:	0030      	movs	r0, r6
1000a06e:	47a8      	blx	r5
1000a070:	4643      	mov	r3, r8
1000a072:	7a1b      	ldrb	r3, [r3, #8]
1000a074:	0005      	movs	r5, r0
1000a076:	2b01      	cmp	r3, #1
1000a078:	d003      	beq.n	1000a082 <async_context_threadsafe_background_execute_sync+0x7e>
1000a07a:	4640      	mov	r0, r8
1000a07c:	f000 ff94 	bl	1000afa8 <__recursive_mutex_exit_veneer>
1000a080:	e7e9      	b.n	1000a056 <async_context_threadsafe_background_execute_sync+0x52>
1000a082:	7ea2      	ldrb	r2, [r4, #26]
1000a084:	683b      	ldr	r3, [r7, #0]
1000a086:	0020      	movs	r0, r4
1000a088:	429a      	cmp	r2, r3
1000a08a:	d01e      	beq.n	1000a0ca <async_context_threadsafe_background_execute_sync+0xc6>
1000a08c:	f7fa fa8c 	bl	100045a8 <async_context_base_needs_servicing>
1000a090:	2800      	cmp	r0, #0
1000a092:	d0f2      	beq.n	1000a07a <async_context_threadsafe_background_execute_sync+0x76>
1000a094:	4640      	mov	r0, r8
1000a096:	f000 ff87 	bl	1000afa8 <__recursive_mutex_exit_veneer>
1000a09a:	7ea2      	ldrb	r2, [r4, #26]
1000a09c:	683b      	ldr	r3, [r7, #0]
1000a09e:	429a      	cmp	r2, r3
1000a0a0:	d016      	beq.n	1000a0d0 <async_context_threadsafe_background_execute_sync+0xcc>
1000a0a2:	6ca1      	ldr	r1, [r4, #72]	@ 0x48
1000a0a4:	2900      	cmp	r1, #0
1000a0a6:	dd02      	ble.n	1000a0ae <async_context_threadsafe_background_execute_sync+0xaa>
1000a0a8:	6a20      	ldr	r0, [r4, #32]
1000a0aa:	f7f7 f931 	bl	10001310 <alarm_pool_cancel_alarm>
1000a0ae:	4b0c      	ldr	r3, [pc, #48]	@ (1000a0e0 <async_context_threadsafe_background_execute_sync+0xdc>)
1000a0b0:	6a20      	ldr	r0, [r4, #32]
1000a0b2:	2200      	movs	r2, #0
1000a0b4:	9300      	str	r3, [sp, #0]
1000a0b6:	9401      	str	r4, [sp, #4]
1000a0b8:	2300      	movs	r3, #0
1000a0ba:	f7f7 f8d1 	bl	10001260 <alarm_pool_add_alarm_at_force_in_context>
1000a0be:	64a0      	str	r0, [r4, #72]	@ 0x48
1000a0c0:	0020      	movs	r0, r4
1000a0c2:	303c      	adds	r0, #60	@ 0x3c
1000a0c4:	f000 ff80 	bl	1000afc8 <__sem_release_veneer>
1000a0c8:	e7c5      	b.n	1000a056 <async_context_threadsafe_background_execute_sync+0x52>
1000a0ca:	f7ff ff01 	bl	10009ed0 <process_under_lock>
1000a0ce:	e7d4      	b.n	1000a07a <async_context_threadsafe_background_execute_sync+0x76>
1000a0d0:	234d      	movs	r3, #77	@ 0x4d
1000a0d2:	5ce0      	ldrb	r0, [r4, r3]
1000a0d4:	f7f6 fae8 	bl	100006a8 <irq_set_pending>
1000a0d8:	e7f2      	b.n	1000a0c0 <async_context_threadsafe_background_execute_sync+0xbc>
1000a0da:	46c0      	nop			@ (mov r8, r8)
1000a0dc:	10009ead 	.word	0x10009ead
1000a0e0:	1000a159 	.word	0x1000a159

1000a0e4 <async_context_threadsafe_background_lock_check>:
1000a0e4:	0003      	movs	r3, r0
1000a0e6:	b510      	push	{r4, lr}
1000a0e8:	3330      	adds	r3, #48	@ 0x30
1000a0ea:	7a1b      	ldrb	r3, [r3, #8]
1000a0ec:	2b00      	cmp	r3, #0
1000a0ee:	d005      	beq.n	1000a0fc <async_context_threadsafe_background_lock_check+0x18>
1000a0f0:	6b44      	ldr	r4, [r0, #52]	@ 0x34
1000a0f2:	f7fa fcbb 	bl	10004a6c <ulPortLockGetCurrentOwnerId>
1000a0f6:	42a0      	cmp	r0, r4
1000a0f8:	d100      	bne.n	1000a0fc <async_context_threadsafe_background_lock_check+0x18>
1000a0fa:	bd10      	pop	{r4, pc}
1000a0fc:	4801      	ldr	r0, [pc, #4]	@ (1000a104 <async_context_threadsafe_background_lock_check+0x20>)
1000a0fe:	f7f6 f9d5 	bl	100004ac <panic>
1000a102:	46c0      	nop			@ (mov r8, r8)
1000a104:	1000b574 	.word	0x1000b574

1000a108 <async_context_threadsafe_background_set_work_pending>:
1000a108:	2301      	movs	r3, #1
1000a10a:	b510      	push	{r4, lr}
1000a10c:	720b      	strb	r3, [r1, #8]
1000a10e:	23d0      	movs	r3, #208	@ 0xd0
1000a110:	061b      	lsls	r3, r3, #24
1000a112:	7e82      	ldrb	r2, [r0, #26]
1000a114:	681b      	ldr	r3, [r3, #0]
1000a116:	0004      	movs	r4, r0
1000a118:	b082      	sub	sp, #8
1000a11a:	429a      	cmp	r2, r3
1000a11c:	d015      	beq.n	1000a14a <async_context_threadsafe_background_set_work_pending+0x42>
1000a11e:	6c81      	ldr	r1, [r0, #72]	@ 0x48
1000a120:	2900      	cmp	r1, #0
1000a122:	dc0e      	bgt.n	1000a142 <async_context_threadsafe_background_set_work_pending+0x3a>
1000a124:	4b0b      	ldr	r3, [pc, #44]	@ (1000a154 <async_context_threadsafe_background_set_work_pending+0x4c>)
1000a126:	6a20      	ldr	r0, [r4, #32]
1000a128:	2200      	movs	r2, #0
1000a12a:	9300      	str	r3, [sp, #0]
1000a12c:	9401      	str	r4, [sp, #4]
1000a12e:	2300      	movs	r3, #0
1000a130:	f7f7 f896 	bl	10001260 <alarm_pool_add_alarm_at_force_in_context>
1000a134:	64a0      	str	r0, [r4, #72]	@ 0x48
1000a136:	0020      	movs	r0, r4
1000a138:	303c      	adds	r0, #60	@ 0x3c
1000a13a:	f000 ff45 	bl	1000afc8 <__sem_release_veneer>
1000a13e:	b002      	add	sp, #8
1000a140:	bd10      	pop	{r4, pc}
1000a142:	6a00      	ldr	r0, [r0, #32]
1000a144:	f7f7 f8e4 	bl	10001310 <alarm_pool_cancel_alarm>
1000a148:	e7ec      	b.n	1000a124 <async_context_threadsafe_background_set_work_pending+0x1c>
1000a14a:	234d      	movs	r3, #77	@ 0x4d
1000a14c:	5cc0      	ldrb	r0, [r0, r3]
1000a14e:	f7f6 faab 	bl	100006a8 <irq_set_pending>
1000a152:	e7f0      	b.n	1000a136 <async_context_threadsafe_background_set_work_pending+0x2e>
1000a154:	1000a159 	.word	0x1000a159

1000a158 <alarm_handler>:
1000a158:	2300      	movs	r3, #0
1000a15a:	224e      	movs	r2, #78	@ 0x4e
1000a15c:	b510      	push	{r4, lr}
1000a15e:	648b      	str	r3, [r1, #72]	@ 0x48
1000a160:	548b      	strb	r3, [r1, r2]
1000a162:	23d0      	movs	r3, #208	@ 0xd0
1000a164:	061b      	lsls	r3, r3, #24
1000a166:	7e8a      	ldrb	r2, [r1, #26]
1000a168:	681b      	ldr	r3, [r3, #0]
1000a16a:	000c      	movs	r4, r1
1000a16c:	b082      	sub	sp, #8
1000a16e:	429a      	cmp	r2, r3
1000a170:	d017      	beq.n	1000a1a2 <alarm_handler+0x4a>
1000a172:	6c89      	ldr	r1, [r1, #72]	@ 0x48
1000a174:	2900      	cmp	r1, #0
1000a176:	dc10      	bgt.n	1000a19a <alarm_handler+0x42>
1000a178:	4b0c      	ldr	r3, [pc, #48]	@ (1000a1ac <alarm_handler+0x54>)
1000a17a:	6a20      	ldr	r0, [r4, #32]
1000a17c:	2200      	movs	r2, #0
1000a17e:	9300      	str	r3, [sp, #0]
1000a180:	9401      	str	r4, [sp, #4]
1000a182:	2300      	movs	r3, #0
1000a184:	f7f7 f86c 	bl	10001260 <alarm_pool_add_alarm_at_force_in_context>
1000a188:	64a0      	str	r0, [r4, #72]	@ 0x48
1000a18a:	0020      	movs	r0, r4
1000a18c:	303c      	adds	r0, #60	@ 0x3c
1000a18e:	f000 ff1b 	bl	1000afc8 <__sem_release_veneer>
1000a192:	2000      	movs	r0, #0
1000a194:	2100      	movs	r1, #0
1000a196:	b002      	add	sp, #8
1000a198:	bd10      	pop	{r4, pc}
1000a19a:	6a20      	ldr	r0, [r4, #32]
1000a19c:	f7f7 f8b8 	bl	10001310 <alarm_pool_cancel_alarm>
1000a1a0:	e7ea      	b.n	1000a178 <alarm_handler+0x20>
1000a1a2:	234d      	movs	r3, #77	@ 0x4d
1000a1a4:	5cc8      	ldrb	r0, [r1, r3]
1000a1a6:	f7f6 fa7f 	bl	100006a8 <irq_set_pending>
1000a1aa:	e7ee      	b.n	1000a18a <alarm_handler+0x32>
1000a1ac:	1000a159 	.word	0x1000a159

1000a1b0 <async_context_threadsafe_background_release_lock>:
1000a1b0:	b570      	push	{r4, r5, r6, lr}
1000a1b2:	0005      	movs	r5, r0
1000a1b4:	3530      	adds	r5, #48	@ 0x30
1000a1b6:	7a2b      	ldrb	r3, [r5, #8]
1000a1b8:	0004      	movs	r4, r0
1000a1ba:	b082      	sub	sp, #8
1000a1bc:	2b01      	cmp	r3, #1
1000a1be:	d004      	beq.n	1000a1ca <async_context_threadsafe_background_release_lock+0x1a>
1000a1c0:	0028      	movs	r0, r5
1000a1c2:	f000 fef1 	bl	1000afa8 <__recursive_mutex_exit_veneer>
1000a1c6:	b002      	add	sp, #8
1000a1c8:	bd70      	pop	{r4, r5, r6, pc}
1000a1ca:	26d0      	movs	r6, #208	@ 0xd0
1000a1cc:	0636      	lsls	r6, r6, #24
1000a1ce:	7e82      	ldrb	r2, [r0, #26]
1000a1d0:	6833      	ldr	r3, [r6, #0]
1000a1d2:	429a      	cmp	r2, r3
1000a1d4:	d01f      	beq.n	1000a216 <async_context_threadsafe_background_release_lock+0x66>
1000a1d6:	f7fa f9e7 	bl	100045a8 <async_context_base_needs_servicing>
1000a1da:	2800      	cmp	r0, #0
1000a1dc:	d0f0      	beq.n	1000a1c0 <async_context_threadsafe_background_release_lock+0x10>
1000a1de:	0028      	movs	r0, r5
1000a1e0:	f000 fee2 	bl	1000afa8 <__recursive_mutex_exit_veneer>
1000a1e4:	7ea2      	ldrb	r2, [r4, #26]
1000a1e6:	6833      	ldr	r3, [r6, #0]
1000a1e8:	429a      	cmp	r2, r3
1000a1ea:	d017      	beq.n	1000a21c <async_context_threadsafe_background_release_lock+0x6c>
1000a1ec:	6ca1      	ldr	r1, [r4, #72]	@ 0x48
1000a1ee:	2900      	cmp	r1, #0
1000a1f0:	dc0d      	bgt.n	1000a20e <async_context_threadsafe_background_release_lock+0x5e>
1000a1f2:	4b0d      	ldr	r3, [pc, #52]	@ (1000a228 <async_context_threadsafe_background_release_lock+0x78>)
1000a1f4:	6a20      	ldr	r0, [r4, #32]
1000a1f6:	2200      	movs	r2, #0
1000a1f8:	9300      	str	r3, [sp, #0]
1000a1fa:	9401      	str	r4, [sp, #4]
1000a1fc:	2300      	movs	r3, #0
1000a1fe:	f7f7 f82f 	bl	10001260 <alarm_pool_add_alarm_at_force_in_context>
1000a202:	64a0      	str	r0, [r4, #72]	@ 0x48
1000a204:	0020      	movs	r0, r4
1000a206:	303c      	adds	r0, #60	@ 0x3c
1000a208:	f000 fede 	bl	1000afc8 <__sem_release_veneer>
1000a20c:	e7db      	b.n	1000a1c6 <async_context_threadsafe_background_release_lock+0x16>
1000a20e:	6a20      	ldr	r0, [r4, #32]
1000a210:	f7f7 f87e 	bl	10001310 <alarm_pool_cancel_alarm>
1000a214:	e7ed      	b.n	1000a1f2 <async_context_threadsafe_background_release_lock+0x42>
1000a216:	f7ff fe5b 	bl	10009ed0 <process_under_lock>
1000a21a:	e7d1      	b.n	1000a1c0 <async_context_threadsafe_background_release_lock+0x10>
1000a21c:	234d      	movs	r3, #77	@ 0x4d
1000a21e:	5ce0      	ldrb	r0, [r4, r3]
1000a220:	f7f6 fa42 	bl	100006a8 <irq_set_pending>
1000a224:	e7ee      	b.n	1000a204 <async_context_threadsafe_background_release_lock+0x54>
1000a226:	46c0      	nop			@ (mov r8, r8)
1000a228:	1000a159 	.word	0x1000a159

1000a22c <async_context_threadsafe_background_when_pending_worker>:
1000a22c:	b5f0      	push	{r4, r5, r6, r7, lr}
1000a22e:	0005      	movs	r5, r0
1000a230:	000e      	movs	r6, r1
1000a232:	0004      	movs	r4, r0
1000a234:	3530      	adds	r5, #48	@ 0x30
1000a236:	0028      	movs	r0, r5
1000a238:	b083      	sub	sp, #12
1000a23a:	f000 fed5 	bl	1000afe8 <__recursive_mutex_enter_blocking_veneer>
1000a23e:	0031      	movs	r1, r6
1000a240:	0020      	movs	r0, r4
1000a242:	f7fa f919 	bl	10004478 <async_context_base_remove_when_pending_worker>
1000a246:	7a2b      	ldrb	r3, [r5, #8]
1000a248:	0006      	movs	r6, r0
1000a24a:	2b01      	cmp	r3, #1
1000a24c:	d005      	beq.n	1000a25a <async_context_threadsafe_background_when_pending_worker+0x2e>
1000a24e:	0028      	movs	r0, r5
1000a250:	f000 feaa 	bl	1000afa8 <__recursive_mutex_exit_veneer>
1000a254:	0030      	movs	r0, r6
1000a256:	b003      	add	sp, #12
1000a258:	bdf0      	pop	{r4, r5, r6, r7, pc}
1000a25a:	27d0      	movs	r7, #208	@ 0xd0
1000a25c:	063f      	lsls	r7, r7, #24
1000a25e:	7ea2      	ldrb	r2, [r4, #26]
1000a260:	683b      	ldr	r3, [r7, #0]
1000a262:	0020      	movs	r0, r4
1000a264:	429a      	cmp	r2, r3
1000a266:	d01f      	beq.n	1000a2a8 <async_context_threadsafe_background_when_pending_worker+0x7c>
1000a268:	f7fa f99e 	bl	100045a8 <async_context_base_needs_servicing>
1000a26c:	2800      	cmp	r0, #0
1000a26e:	d0ee      	beq.n	1000a24e <async_context_threadsafe_background_when_pending_worker+0x22>
1000a270:	0028      	movs	r0, r5
1000a272:	f000 fe99 	bl	1000afa8 <__recursive_mutex_exit_veneer>
1000a276:	7ea2      	ldrb	r2, [r4, #26]
1000a278:	683b      	ldr	r3, [r7, #0]
1000a27a:	429a      	cmp	r2, r3
1000a27c:	d017      	beq.n	1000a2ae <async_context_threadsafe_background_when_pending_worker+0x82>
1000a27e:	6ca1      	ldr	r1, [r4, #72]	@ 0x48
1000a280:	2900      	cmp	r1, #0
1000a282:	dc0d      	bgt.n	1000a2a0 <async_context_threadsafe_background_when_pending_worker+0x74>
1000a284:	4b0c      	ldr	r3, [pc, #48]	@ (1000a2b8 <async_context_threadsafe_background_when_pending_worker+0x8c>)
1000a286:	6a20      	ldr	r0, [r4, #32]
1000a288:	2200      	movs	r2, #0
1000a28a:	9300      	str	r3, [sp, #0]
1000a28c:	9401      	str	r4, [sp, #4]
1000a28e:	2300      	movs	r3, #0
1000a290:	f7f6 ffe6 	bl	10001260 <alarm_pool_add_alarm_at_force_in_context>
1000a294:	64a0      	str	r0, [r4, #72]	@ 0x48
1000a296:	0020      	movs	r0, r4
1000a298:	303c      	adds	r0, #60	@ 0x3c
1000a29a:	f000 fe95 	bl	1000afc8 <__sem_release_veneer>
1000a29e:	e7d9      	b.n	1000a254 <async_context_threadsafe_background_when_pending_worker+0x28>
1000a2a0:	6a20      	ldr	r0, [r4, #32]
1000a2a2:	f7f7 f835 	bl	10001310 <alarm_pool_cancel_alarm>
1000a2a6:	e7ed      	b.n	1000a284 <async_context_threadsafe_background_when_pending_worker+0x58>
1000a2a8:	f7ff fe12 	bl	10009ed0 <process_under_lock>
1000a2ac:	e7cf      	b.n	1000a24e <async_context_threadsafe_background_when_pending_worker+0x22>
1000a2ae:	234d      	movs	r3, #77	@ 0x4d
1000a2b0:	5ce0      	ldrb	r0, [r4, r3]
1000a2b2:	f7f6 f9f9 	bl	100006a8 <irq_set_pending>
1000a2b6:	e7ee      	b.n	1000a296 <async_context_threadsafe_background_when_pending_worker+0x6a>
1000a2b8:	1000a159 	.word	0x1000a159

1000a2bc <async_context_threadsafe_background_add_at_time_worker>:
1000a2bc:	b5f0      	push	{r4, r5, r6, r7, lr}
1000a2be:	0005      	movs	r5, r0
1000a2c0:	000e      	movs	r6, r1
1000a2c2:	0004      	movs	r4, r0
1000a2c4:	3530      	adds	r5, #48	@ 0x30
1000a2c6:	0028      	movs	r0, r5
1000a2c8:	b083      	sub	sp, #12
1000a2ca:	f000 fe8d 	bl	1000afe8 <__recursive_mutex_enter_blocking_veneer>
1000a2ce:	0031      	movs	r1, r6
1000a2d0:	0020      	movs	r0, r4
1000a2d2:	f7fa f899 	bl	10004408 <async_context_base_add_at_time_worker>
1000a2d6:	7a2b      	ldrb	r3, [r5, #8]
1000a2d8:	0006      	movs	r6, r0
1000a2da:	2b01      	cmp	r3, #1
1000a2dc:	d005      	beq.n	1000a2ea <async_context_threadsafe_background_add_at_time_worker+0x2e>
1000a2de:	0028      	movs	r0, r5
1000a2e0:	f000 fe62 	bl	1000afa8 <__recursive_mutex_exit_veneer>
1000a2e4:	0030      	movs	r0, r6
1000a2e6:	b003      	add	sp, #12
1000a2e8:	bdf0      	pop	{r4, r5, r6, r7, pc}
1000a2ea:	27d0      	movs	r7, #208	@ 0xd0
1000a2ec:	063f      	lsls	r7, r7, #24
1000a2ee:	7ea2      	ldrb	r2, [r4, #26]
1000a2f0:	683b      	ldr	r3, [r7, #0]
1000a2f2:	0020      	movs	r0, r4
1000a2f4:	429a      	cmp	r2, r3
1000a2f6:	d01f      	beq.n	1000a338 <async_context_threadsafe_background_add_at_time_worker+0x7c>
1000a2f8:	f7fa f956 	bl	100045a8 <async_context_base_needs_servicing>
1000a2fc:	2800      	cmp	r0, #0
1000a2fe:	d0ee      	beq.n	1000a2de <async_context_threadsafe_background_add_at_time_worker+0x22>
1000a300:	0028      	movs	r0, r5
1000a302:	f000 fe51 	bl	1000afa8 <__recursive_mutex_exit_veneer>
1000a306:	7ea2      	ldrb	r2, [r4, #26]
1000a308:	683b      	ldr	r3, [r7, #0]
1000a30a:	429a      	cmp	r2, r3
1000a30c:	d017      	beq.n	1000a33e <async_context_threadsafe_background_add_at_time_worker+0x82>
1000a30e:	6ca1      	ldr	r1, [r4, #72]	@ 0x48
1000a310:	2900      	cmp	r1, #0
1000a312:	dc0d      	bgt.n	1000a330 <async_context_threadsafe_background_add_at_time_worker+0x74>
1000a314:	4b0c      	ldr	r3, [pc, #48]	@ (1000a348 <async_context_threadsafe_background_add_at_time_worker+0x8c>)
1000a316:	6a20      	ldr	r0, [r4, #32]
1000a318:	2200      	movs	r2, #0
1000a31a:	9300      	str	r3, [sp, #0]
1000a31c:	9401      	str	r4, [sp, #4]
1000a31e:	2300      	movs	r3, #0
1000a320:	f7f6 ff9e 	bl	10001260 <alarm_pool_add_alarm_at_force_in_context>
1000a324:	64a0      	str	r0, [r4, #72]	@ 0x48
1000a326:	0020      	movs	r0, r4
1000a328:	303c      	adds	r0, #60	@ 0x3c
1000a32a:	f000 fe4d 	bl	1000afc8 <__sem_release_veneer>
1000a32e:	e7d9      	b.n	1000a2e4 <async_context_threadsafe_background_add_at_time_worker+0x28>
1000a330:	6a20      	ldr	r0, [r4, #32]
1000a332:	f7f6 ffed 	bl	10001310 <alarm_pool_cancel_alarm>
1000a336:	e7ed      	b.n	1000a314 <async_context_threadsafe_background_add_at_time_worker+0x58>
1000a338:	f7ff fdca 	bl	10009ed0 <process_under_lock>
1000a33c:	e7cf      	b.n	1000a2de <async_context_threadsafe_background_add_at_time_worker+0x22>
1000a33e:	234d      	movs	r3, #77	@ 0x4d
1000a340:	5ce0      	ldrb	r0, [r4, r3]
1000a342:	f7f6 f9b1 	bl	100006a8 <irq_set_pending>
1000a346:	e7ee      	b.n	1000a326 <async_context_threadsafe_background_add_at_time_worker+0x6a>
1000a348:	1000a159 	.word	0x1000a159

1000a34c <async_context_threadsafe_background_remove_at_time_worker>:
1000a34c:	b5f0      	push	{r4, r5, r6, r7, lr}
1000a34e:	0005      	movs	r5, r0
1000a350:	000e      	movs	r6, r1
1000a352:	0004      	movs	r4, r0
1000a354:	3530      	adds	r5, #48	@ 0x30
1000a356:	0028      	movs	r0, r5
1000a358:	b083      	sub	sp, #12
1000a35a:	f000 fe45 	bl	1000afe8 <__recursive_mutex_enter_blocking_veneer>
1000a35e:	0031      	movs	r1, r6
1000a360:	0020      	movs	r0, r4
1000a362:	f7fa f863 	bl	1000442c <async_context_base_remove_at_time_worker>
1000a366:	7a2b      	ldrb	r3, [r5, #8]
1000a368:	0006      	movs	r6, r0
1000a36a:	2b01      	cmp	r3, #1
1000a36c:	d005      	beq.n	1000a37a <async_context_threadsafe_background_remove_at_time_worker+0x2e>
1000a36e:	0028      	movs	r0, r5
1000a370:	f000 fe1a 	bl	1000afa8 <__recursive_mutex_exit_veneer>
1000a374:	0030      	movs	r0, r6
1000a376:	b003      	add	sp, #12
1000a378:	bdf0      	pop	{r4, r5, r6, r7, pc}
1000a37a:	27d0      	movs	r7, #208	@ 0xd0
1000a37c:	063f      	lsls	r7, r7, #24
1000a37e:	7ea2      	ldrb	r2, [r4, #26]
1000a380:	683b      	ldr	r3, [r7, #0]
1000a382:	0020      	movs	r0, r4
1000a384:	429a      	cmp	r2, r3
1000a386:	d01f      	beq.n	1000a3c8 <async_context_threadsafe_background_remove_at_time_worker+0x7c>
1000a388:	f7fa f90e 	bl	100045a8 <async_context_base_needs_servicing>
1000a38c:	2800      	cmp	r0, #0
1000a38e:	d0ee      	beq.n	1000a36e <async_context_threadsafe_background_remove_at_time_worker+0x22>
1000a390:	0028      	movs	r0, r5
1000a392:	f000 fe09 	bl	1000afa8 <__recursive_mutex_exit_veneer>
1000a396:	7ea2      	ldrb	r2, [r4, #26]
1000a398:	683b      	ldr	r3, [r7, #0]
1000a39a:	429a      	cmp	r2, r3
1000a39c:	d017      	beq.n	1000a3ce <async_context_threadsafe_background_remove_at_time_worker+0x82>
1000a39e:	6ca1      	ldr	r1, [r4, #72]	@ 0x48
1000a3a0:	2900      	cmp	r1, #0
1000a3a2:	dc0d      	bgt.n	1000a3c0 <async_context_threadsafe_background_remove_at_time_worker+0x74>
1000a3a4:	4b0c      	ldr	r3, [pc, #48]	@ (1000a3d8 <async_context_threadsafe_background_remove_at_time_worker+0x8c>)
1000a3a6:	6a20      	ldr	r0, [r4, #32]
1000a3a8:	2200      	movs	r2, #0
1000a3aa:	9300      	str	r3, [sp, #0]
1000a3ac:	9401      	str	r4, [sp, #4]
1000a3ae:	2300      	movs	r3, #0
1000a3b0:	f7f6 ff56 	bl	10001260 <alarm_pool_add_alarm_at_force_in_context>
1000a3b4:	64a0      	str	r0, [r4, #72]	@ 0x48
1000a3b6:	0020      	movs	r0, r4
1000a3b8:	303c      	adds	r0, #60	@ 0x3c
1000a3ba:	f000 fe05 	bl	1000afc8 <__sem_release_veneer>
1000a3be:	e7d9      	b.n	1000a374 <async_context_threadsafe_background_remove_at_time_worker+0x28>
1000a3c0:	6a20      	ldr	r0, [r4, #32]
1000a3c2:	f7f6 ffa5 	bl	10001310 <alarm_pool_cancel_alarm>
1000a3c6:	e7ed      	b.n	1000a3a4 <async_context_threadsafe_background_remove_at_time_worker+0x58>
1000a3c8:	f7ff fd82 	bl	10009ed0 <process_under_lock>
1000a3cc:	e7cf      	b.n	1000a36e <async_context_threadsafe_background_remove_at_time_worker+0x22>
1000a3ce:	234d      	movs	r3, #77	@ 0x4d
1000a3d0:	5ce0      	ldrb	r0, [r4, r3]
1000a3d2:	f7f6 f969 	bl	100006a8 <irq_set_pending>
1000a3d6:	e7ee      	b.n	1000a3b6 <async_context_threadsafe_background_remove_at_time_worker+0x6a>
1000a3d8:	1000a159 	.word	0x1000a159

1000a3dc <async_context_threadsafe_background_add_when_pending_worker>:
1000a3dc:	b5f0      	push	{r4, r5, r6, r7, lr}
1000a3de:	0005      	movs	r5, r0
1000a3e0:	000e      	movs	r6, r1
1000a3e2:	0004      	movs	r4, r0
1000a3e4:	3530      	adds	r5, #48	@ 0x30
1000a3e6:	0028      	movs	r0, r5
1000a3e8:	b083      	sub	sp, #12
1000a3ea:	f000 fdfd 	bl	1000afe8 <__recursive_mutex_enter_blocking_veneer>
1000a3ee:	0031      	movs	r1, r6
1000a3f0:	0020      	movs	r0, r4
1000a3f2:	f7fa f82f 	bl	10004454 <async_context_base_add_when_pending_worker>
1000a3f6:	7a2b      	ldrb	r3, [r5, #8]
1000a3f8:	0006      	movs	r6, r0
1000a3fa:	2b01      	cmp	r3, #1
1000a3fc:	d005      	beq.n	1000a40a <async_context_threadsafe_background_add_when_pending_worker+0x2e>
1000a3fe:	0028      	movs	r0, r5
1000a400:	f000 fdd2 	bl	1000afa8 <__recursive_mutex_exit_veneer>
1000a404:	0030      	movs	r0, r6
1000a406:	b003      	add	sp, #12
1000a408:	bdf0      	pop	{r4, r5, r6, r7, pc}
1000a40a:	27d0      	movs	r7, #208	@ 0xd0
1000a40c:	063f      	lsls	r7, r7, #24
1000a40e:	7ea2      	ldrb	r2, [r4, #26]
1000a410:	683b      	ldr	r3, [r7, #0]
1000a412:	0020      	movs	r0, r4
1000a414:	429a      	cmp	r2, r3
1000a416:	d01f      	beq.n	1000a458 <async_context_threadsafe_background_add_when_pending_worker+0x7c>
1000a418:	f7fa f8c6 	bl	100045a8 <async_context_base_needs_servicing>
1000a41c:	2800      	cmp	r0, #0
1000a41e:	d0ee      	beq.n	1000a3fe <async_context_threadsafe_background_add_when_pending_worker+0x22>
1000a420:	0028      	movs	r0, r5
1000a422:	f000 fdc1 	bl	1000afa8 <__recursive_mutex_exit_veneer>
1000a426:	7ea2      	ldrb	r2, [r4, #26]
1000a428:	683b      	ldr	r3, [r7, #0]
1000a42a:	429a      	cmp	r2, r3
1000a42c:	d017      	beq.n	1000a45e <async_context_threadsafe_background_add_when_pending_worker+0x82>
1000a42e:	6ca1      	ldr	r1, [r4, #72]	@ 0x48
1000a430:	2900      	cmp	r1, #0
1000a432:	dc0d      	bgt.n	1000a450 <async_context_threadsafe_background_add_when_pending_worker+0x74>
1000a434:	4b0c      	ldr	r3, [pc, #48]	@ (1000a468 <async_context_threadsafe_background_add_when_pending_worker+0x8c>)
1000a436:	6a20      	ldr	r0, [r4, #32]
1000a438:	2200      	movs	r2, #0
1000a43a:	9300      	str	r3, [sp, #0]
1000a43c:	9401      	str	r4, [sp, #4]
1000a43e:	2300      	movs	r3, #0
1000a440:	f7f6 ff0e 	bl	10001260 <alarm_pool_add_alarm_at_force_in_context>
1000a444:	64a0      	str	r0, [r4, #72]	@ 0x48
1000a446:	0020      	movs	r0, r4
1000a448:	303c      	adds	r0, #60	@ 0x3c
1000a44a:	f000 fdbd 	bl	1000afc8 <__sem_release_veneer>
1000a44e:	e7d9      	b.n	1000a404 <async_context_threadsafe_background_add_when_pending_worker+0x28>
1000a450:	6a20      	ldr	r0, [r4, #32]
1000a452:	f7f6 ff5d 	bl	10001310 <alarm_pool_cancel_alarm>
1000a456:	e7ed      	b.n	1000a434 <async_context_threadsafe_background_add_when_pending_worker+0x58>
1000a458:	f7ff fd3a 	bl	10009ed0 <process_under_lock>
1000a45c:	e7cf      	b.n	1000a3fe <async_context_threadsafe_background_add_when_pending_worker+0x22>
1000a45e:	234d      	movs	r3, #77	@ 0x4d
1000a460:	5ce0      	ldrb	r0, [r4, r3]
1000a462:	f7f6 f921 	bl	100006a8 <irq_set_pending>
1000a466:	e7ee      	b.n	1000a446 <async_context_threadsafe_background_add_when_pending_worker+0x6a>
1000a468:	1000a159 	.word	0x1000a159

1000a46c <async_context_threadsafe_background_default_config>:
1000a46c:	23ff      	movs	r3, #255	@ 0xff
1000a46e:	7003      	strb	r3, [r0, #0]
1000a470:	2300      	movs	r3, #0
1000a472:	6043      	str	r3, [r0, #4]
1000a474:	4770      	bx	lr
1000a476:	46c0      	nop			@ (mov r8, r8)

1000a478 <async_context_threadsafe_background_init>:
1000a478:	b570      	push	{r4, r5, r6, lr}
1000a47a:	0004      	movs	r4, r0
1000a47c:	000d      	movs	r5, r1
1000a47e:	224c      	movs	r2, #76	@ 0x4c
1000a480:	2100      	movs	r1, #0
1000a482:	3004      	adds	r0, #4
1000a484:	f7f8 f894 	bl	100025b0 <__wrap_memset>
1000a488:	4b22      	ldr	r3, [pc, #136]	@ (1000a514 <async_context_threadsafe_background_init+0x9c>)
1000a48a:	6023      	str	r3, [r4, #0]
1000a48c:	2303      	movs	r3, #3
1000a48e:	8323      	strh	r3, [r4, #24]
1000a490:	23d0      	movs	r3, #208	@ 0xd0
1000a492:	061b      	lsls	r3, r3, #24
1000a494:	681b      	ldr	r3, [r3, #0]
1000a496:	76a3      	strb	r3, [r4, #26]
1000a498:	686b      	ldr	r3, [r5, #4]
1000a49a:	2b00      	cmp	r3, #0
1000a49c:	d028      	beq.n	1000a4f0 <async_context_threadsafe_background_init+0x78>
1000a49e:	6223      	str	r3, [r4, #32]
1000a4a0:	0020      	movs	r0, r4
1000a4a2:	2201      	movs	r2, #1
1000a4a4:	2101      	movs	r1, #1
1000a4a6:	303c      	adds	r0, #60	@ 0x3c
1000a4a8:	f7f6 fb94 	bl	10000bd4 <sem_init>
1000a4ac:	0020      	movs	r0, r4
1000a4ae:	3030      	adds	r0, #48	@ 0x30
1000a4b0:	f7f6 fbd2 	bl	10000c58 <recursive_mutex_init>
1000a4b4:	2000      	movs	r0, #0
1000a4b6:	782e      	ldrb	r6, [r5, #0]
1000a4b8:	f7f6 fb76 	bl	10000ba8 <user_irq_claim_unused>
1000a4bc:	0003      	movs	r3, r0
1000a4be:	2000      	movs	r0, #0
1000a4c0:	2b00      	cmp	r3, #0
1000a4c2:	db14      	blt.n	1000a4ee <async_context_threadsafe_background_init+0x76>
1000a4c4:	0019      	movs	r1, r3
1000a4c6:	254d      	movs	r5, #77	@ 0x4d
1000a4c8:	4a13      	ldr	r2, [pc, #76]	@ (1000a518 <async_context_threadsafe_background_init+0xa0>)
1000a4ca:	391a      	subs	r1, #26
1000a4cc:	0089      	lsls	r1, r1, #2
1000a4ce:	30ff      	adds	r0, #255	@ 0xff
1000a4d0:	508c      	str	r4, [r1, r2]
1000a4d2:	4018      	ands	r0, r3
1000a4d4:	5563      	strb	r3, [r4, r5]
1000a4d6:	4911      	ldr	r1, [pc, #68]	@ (1000a51c <async_context_threadsafe_background_init+0xa4>)
1000a4d8:	f7f6 f8ee 	bl	100006b8 <irq_set_exclusive_handler>
1000a4dc:	2101      	movs	r1, #1
1000a4de:	5d60      	ldrb	r0, [r4, r5]
1000a4e0:	f7f6 f8d0 	bl	10000684 <irq_set_enabled>
1000a4e4:	5d60      	ldrb	r0, [r4, r5]
1000a4e6:	0031      	movs	r1, r6
1000a4e8:	f7f6 fae6 	bl	10000ab8 <irq_set_priority>
1000a4ec:	2001      	movs	r0, #1
1000a4ee:	bd70      	pop	{r4, r5, r6, pc}
1000a4f0:	f7f6 fdc0 	bl	10001074 <alarm_pool_get_default>
1000a4f4:	6220      	str	r0, [r4, #32]
1000a4f6:	7ea6      	ldrb	r6, [r4, #26]
1000a4f8:	f7f6 ff44 	bl	10001384 <alarm_pool_core_num>
1000a4fc:	4286      	cmp	r6, r0
1000a4fe:	d0cf      	beq.n	1000a4a0 <async_context_threadsafe_background_init+0x28>
1000a500:	f7f7 f834 	bl	1000156c <alarm_pool_get_default_timer>
1000a504:	2104      	movs	r1, #4
1000a506:	f7f6 fdb9 	bl	1000107c <alarm_pool_create_on_timer_with_unused_hardware_alarm>
1000a50a:	234c      	movs	r3, #76	@ 0x4c
1000a50c:	2201      	movs	r2, #1
1000a50e:	6220      	str	r0, [r4, #32]
1000a510:	54e2      	strb	r2, [r4, r3]
1000a512:	e7c5      	b.n	1000a4a0 <async_context_threadsafe_background_init+0x28>
1000a514:	10042db0 	.word	0x10042db0
1000a518:	200010b8 	.word	0x200010b8
1000a51c:	10009fa1 	.word	0x10009fa1

1000a520 <strncmp>:
1000a520:	b530      	push	{r4, r5, lr}
1000a522:	2a00      	cmp	r2, #0
1000a524:	d026      	beq.n	1000a574 <strncmp+0x54>
1000a526:	0003      	movs	r3, r0
1000a528:	430b      	orrs	r3, r1
1000a52a:	079b      	lsls	r3, r3, #30
1000a52c:	d124      	bne.n	1000a578 <strncmp+0x58>
1000a52e:	2a03      	cmp	r2, #3
1000a530:	d922      	bls.n	1000a578 <strncmp+0x58>
1000a532:	4d16      	ldr	r5, [pc, #88]	@ (1000a58c <strncmp+0x6c>)
1000a534:	e00b      	b.n	1000a54e <strncmp+0x2e>
1000a536:	3a04      	subs	r2, #4
1000a538:	2a00      	cmp	r2, #0
1000a53a:	d01b      	beq.n	1000a574 <strncmp+0x54>
1000a53c:	4c14      	ldr	r4, [pc, #80]	@ (1000a590 <strncmp+0x70>)
1000a53e:	191c      	adds	r4, r3, r4
1000a540:	439c      	bics	r4, r3
1000a542:	422c      	tst	r4, r5
1000a544:	d116      	bne.n	1000a574 <strncmp+0x54>
1000a546:	3004      	adds	r0, #4
1000a548:	3104      	adds	r1, #4
1000a54a:	2a03      	cmp	r2, #3
1000a54c:	d914      	bls.n	1000a578 <strncmp+0x58>
1000a54e:	6803      	ldr	r3, [r0, #0]
1000a550:	680c      	ldr	r4, [r1, #0]
1000a552:	42a3      	cmp	r3, r4
1000a554:	d0ef      	beq.n	1000a536 <strncmp+0x16>
1000a556:	7804      	ldrb	r4, [r0, #0]
1000a558:	780d      	ldrb	r5, [r1, #0]
1000a55a:	42a5      	cmp	r5, r4
1000a55c:	d113      	bne.n	1000a586 <strncmp+0x66>
1000a55e:	2301      	movs	r3, #1
1000a560:	e006      	b.n	1000a570 <strncmp+0x50>
1000a562:	5cc4      	ldrb	r4, [r0, r3]
1000a564:	5ccd      	ldrb	r5, [r1, r3]
1000a566:	42ac      	cmp	r4, r5
1000a568:	d10d      	bne.n	1000a586 <strncmp+0x66>
1000a56a:	3301      	adds	r3, #1
1000a56c:	429a      	cmp	r2, r3
1000a56e:	d001      	beq.n	1000a574 <strncmp+0x54>
1000a570:	2c00      	cmp	r4, #0
1000a572:	d1f6      	bne.n	1000a562 <strncmp+0x42>
1000a574:	2000      	movs	r0, #0
1000a576:	bd30      	pop	{r4, r5, pc}
1000a578:	7804      	ldrb	r4, [r0, #0]
1000a57a:	780d      	ldrb	r5, [r1, #0]
1000a57c:	42ac      	cmp	r4, r5
1000a57e:	d102      	bne.n	1000a586 <strncmp+0x66>
1000a580:	2a01      	cmp	r2, #1
1000a582:	d1ec      	bne.n	1000a55e <strncmp+0x3e>
1000a584:	e7f6      	b.n	1000a574 <strncmp+0x54>
1000a586:	1b60      	subs	r0, r4, r5
1000a588:	e7f5      	b.n	1000a576 <strncmp+0x56>
1000a58a:	46c0      	nop			@ (mov r8, r8)
1000a58c:	80808080 	.word	0x80808080
1000a590:	fefefeff 	.word	0xfefefeff

1000a594 <calloc>:
1000a594:	0003      	movs	r3, r0
1000a596:	b510      	push	{r4, lr}
1000a598:	000a      	movs	r2, r1
1000a59a:	4903      	ldr	r1, [pc, #12]	@ (1000a5a8 <calloc+0x14>)
1000a59c:	6808      	ldr	r0, [r1, #0]
1000a59e:	0019      	movs	r1, r3
1000a5a0:	f000 f804 	bl	1000a5ac <_calloc_r>
1000a5a4:	bd10      	pop	{r4, pc}
1000a5a6:	46c0      	nop			@ (mov r8, r8)
1000a5a8:	200006d8 	.word	0x200006d8

1000a5ac <_calloc_r>:
1000a5ac:	b570      	push	{r4, r5, r6, lr}
1000a5ae:	0c0b      	lsrs	r3, r1, #16
1000a5b0:	2400      	movs	r4, #0
1000a5b2:	0c15      	lsrs	r5, r2, #16
1000a5b4:	2b00      	cmp	r3, #0
1000a5b6:	d128      	bne.n	1000a60a <_calloc_r+0x5e>
1000a5b8:	2d00      	cmp	r5, #0
1000a5ba:	d13c      	bne.n	1000a636 <_calloc_r+0x8a>
1000a5bc:	b28b      	uxth	r3, r1
1000a5be:	b291      	uxth	r1, r2
1000a5c0:	4359      	muls	r1, r3
1000a5c2:	f000 f847 	bl	1000a654 <_malloc_r>
1000a5c6:	1e05      	subs	r5, r0, #0
1000a5c8:	d033      	beq.n	1000a632 <_calloc_r+0x86>
1000a5ca:	0003      	movs	r3, r0
1000a5cc:	3b08      	subs	r3, #8
1000a5ce:	685a      	ldr	r2, [r3, #4]
1000a5d0:	2303      	movs	r3, #3
1000a5d2:	439a      	bics	r2, r3
1000a5d4:	3a04      	subs	r2, #4
1000a5d6:	2a24      	cmp	r2, #36	@ 0x24
1000a5d8:	d812      	bhi.n	1000a600 <_calloc_r+0x54>
1000a5da:	0003      	movs	r3, r0
1000a5dc:	2a13      	cmp	r2, #19
1000a5de:	d90a      	bls.n	1000a5f6 <_calloc_r+0x4a>
1000a5e0:	6004      	str	r4, [r0, #0]
1000a5e2:	6044      	str	r4, [r0, #4]
1000a5e4:	3308      	adds	r3, #8
1000a5e6:	2a1b      	cmp	r2, #27
1000a5e8:	d905      	bls.n	1000a5f6 <_calloc_r+0x4a>
1000a5ea:	6084      	str	r4, [r0, #8]
1000a5ec:	60c4      	str	r4, [r0, #12]
1000a5ee:	2a24      	cmp	r2, #36	@ 0x24
1000a5f0:	d02a      	beq.n	1000a648 <_calloc_r+0x9c>
1000a5f2:	0003      	movs	r3, r0
1000a5f4:	3310      	adds	r3, #16
1000a5f6:	2200      	movs	r2, #0
1000a5f8:	601a      	str	r2, [r3, #0]
1000a5fa:	605a      	str	r2, [r3, #4]
1000a5fc:	609a      	str	r2, [r3, #8]
1000a5fe:	e002      	b.n	1000a606 <_calloc_r+0x5a>
1000a600:	2100      	movs	r1, #0
1000a602:	f7f7 ffd5 	bl	100025b0 <__wrap_memset>
1000a606:	0028      	movs	r0, r5
1000a608:	bd70      	pop	{r4, r5, r6, pc}
1000a60a:	2d00      	cmp	r5, #0
1000a60c:	d116      	bne.n	1000a63c <_calloc_r+0x90>
1000a60e:	1c15      	adds	r5, r2, #0
1000a610:	b289      	uxth	r1, r1
1000a612:	b292      	uxth	r2, r2
1000a614:	434a      	muls	r2, r1
1000a616:	b2ad      	uxth	r5, r5
1000a618:	b29b      	uxth	r3, r3
1000a61a:	436b      	muls	r3, r5
1000a61c:	0c11      	lsrs	r1, r2, #16
1000a61e:	185b      	adds	r3, r3, r1
1000a620:	0c19      	lsrs	r1, r3, #16
1000a622:	d10b      	bne.n	1000a63c <_calloc_r+0x90>
1000a624:	0419      	lsls	r1, r3, #16
1000a626:	b292      	uxth	r2, r2
1000a628:	4311      	orrs	r1, r2
1000a62a:	f000 f813 	bl	1000a654 <_malloc_r>
1000a62e:	1e05      	subs	r5, r0, #0
1000a630:	d1cb      	bne.n	1000a5ca <_calloc_r+0x1e>
1000a632:	2500      	movs	r5, #0
1000a634:	e7e7      	b.n	1000a606 <_calloc_r+0x5a>
1000a636:	1c2b      	adds	r3, r5, #0
1000a638:	1c0d      	adds	r5, r1, #0
1000a63a:	e7e9      	b.n	1000a610 <_calloc_r+0x64>
1000a63c:	f000 fc8e 	bl	1000af5c <__errno>
1000a640:	230c      	movs	r3, #12
1000a642:	2500      	movs	r5, #0
1000a644:	6003      	str	r3, [r0, #0]
1000a646:	e7de      	b.n	1000a606 <_calloc_r+0x5a>
1000a648:	0003      	movs	r3, r0
1000a64a:	6104      	str	r4, [r0, #16]
1000a64c:	3318      	adds	r3, #24
1000a64e:	6144      	str	r4, [r0, #20]
1000a650:	e7d1      	b.n	1000a5f6 <_calloc_r+0x4a>
1000a652:	46c0      	nop			@ (mov r8, r8)

1000a654 <_malloc_r>:
1000a654:	b5f0      	push	{r4, r5, r6, r7, lr}
1000a656:	464e      	mov	r6, r9
1000a658:	4645      	mov	r5, r8
1000a65a:	46de      	mov	lr, fp
1000a65c:	4657      	mov	r7, sl
1000a65e:	b5e0      	push	{r5, r6, r7, lr}
1000a660:	000d      	movs	r5, r1
1000a662:	350b      	adds	r5, #11
1000a664:	0006      	movs	r6, r0
1000a666:	b085      	sub	sp, #20
1000a668:	2d16      	cmp	r5, #22
1000a66a:	d827      	bhi.n	1000a6bc <_malloc_r+0x68>
1000a66c:	2910      	cmp	r1, #16
1000a66e:	d900      	bls.n	1000a672 <_malloc_r+0x1e>
1000a670:	e0da      	b.n	1000a828 <_malloc_r+0x1d4>
1000a672:	f000 fc2f 	bl	1000aed4 <__malloc_lock>
1000a676:	2510      	movs	r5, #16
1000a678:	2318      	movs	r3, #24
1000a67a:	2102      	movs	r1, #2
1000a67c:	4fc8      	ldr	r7, [pc, #800]	@ (1000a9a0 <_malloc_r+0x34c>)
1000a67e:	18fb      	adds	r3, r7, r3
1000a680:	001a      	movs	r2, r3
1000a682:	685c      	ldr	r4, [r3, #4]
1000a684:	3a08      	subs	r2, #8
1000a686:	4294      	cmp	r4, r2
1000a688:	d100      	bne.n	1000a68c <_malloc_r+0x38>
1000a68a:	e147      	b.n	1000a91c <_malloc_r+0x2c8>
1000a68c:	2203      	movs	r2, #3
1000a68e:	6863      	ldr	r3, [r4, #4]
1000a690:	68a1      	ldr	r1, [r4, #8]
1000a692:	4393      	bics	r3, r2
1000a694:	68e2      	ldr	r2, [r4, #12]
1000a696:	60ca      	str	r2, [r1, #12]
1000a698:	6091      	str	r1, [r2, #8]
1000a69a:	2101      	movs	r1, #1
1000a69c:	18e3      	adds	r3, r4, r3
1000a69e:	685a      	ldr	r2, [r3, #4]
1000a6a0:	0030      	movs	r0, r6
1000a6a2:	430a      	orrs	r2, r1
1000a6a4:	605a      	str	r2, [r3, #4]
1000a6a6:	f000 fc17 	bl	1000aed8 <__malloc_unlock>
1000a6aa:	0020      	movs	r0, r4
1000a6ac:	3008      	adds	r0, #8
1000a6ae:	b005      	add	sp, #20
1000a6b0:	bcf0      	pop	{r4, r5, r6, r7}
1000a6b2:	46bb      	mov	fp, r7
1000a6b4:	46b2      	mov	sl, r6
1000a6b6:	46a9      	mov	r9, r5
1000a6b8:	46a0      	mov	r8, r4
1000a6ba:	bdf0      	pop	{r4, r5, r6, r7, pc}
1000a6bc:	2307      	movs	r3, #7
1000a6be:	439d      	bics	r5, r3
1000a6c0:	d500      	bpl.n	1000a6c4 <_malloc_r+0x70>
1000a6c2:	e0b1      	b.n	1000a828 <_malloc_r+0x1d4>
1000a6c4:	42a9      	cmp	r1, r5
1000a6c6:	d900      	bls.n	1000a6ca <_malloc_r+0x76>
1000a6c8:	e0ae      	b.n	1000a828 <_malloc_r+0x1d4>
1000a6ca:	f000 fc03 	bl	1000aed4 <__malloc_lock>
1000a6ce:	23fc      	movs	r3, #252	@ 0xfc
1000a6d0:	005b      	lsls	r3, r3, #1
1000a6d2:	429d      	cmp	r5, r3
1000a6d4:	d200      	bcs.n	1000a6d8 <_malloc_r+0x84>
1000a6d6:	e196      	b.n	1000aa06 <_malloc_r+0x3b2>
1000a6d8:	0a69      	lsrs	r1, r5, #9
1000a6da:	d100      	bne.n	1000a6de <_malloc_r+0x8a>
1000a6dc:	e0a8      	b.n	1000a830 <_malloc_r+0x1dc>
1000a6de:	2904      	cmp	r1, #4
1000a6e0:	d900      	bls.n	1000a6e4 <_malloc_r+0x90>
1000a6e2:	e150      	b.n	1000a986 <_malloc_r+0x332>
1000a6e4:	2338      	movs	r3, #56	@ 0x38
1000a6e6:	4698      	mov	r8, r3
1000a6e8:	09a9      	lsrs	r1, r5, #6
1000a6ea:	4488      	add	r8, r1
1000a6ec:	3139      	adds	r1, #57	@ 0x39
1000a6ee:	00cb      	lsls	r3, r1, #3
1000a6f0:	2208      	movs	r2, #8
1000a6f2:	4252      	negs	r2, r2
1000a6f4:	4694      	mov	ip, r2
1000a6f6:	4faa      	ldr	r7, [pc, #680]	@ (1000a9a0 <_malloc_r+0x34c>)
1000a6f8:	18fb      	adds	r3, r7, r3
1000a6fa:	449c      	add	ip, r3
1000a6fc:	4663      	mov	r3, ip
1000a6fe:	68dc      	ldr	r4, [r3, #12]
1000a700:	45a4      	cmp	ip, r4
1000a702:	d014      	beq.n	1000a72e <_malloc_r+0xda>
1000a704:	2303      	movs	r3, #3
1000a706:	4699      	mov	r9, r3
1000a708:	000b      	movs	r3, r1
1000a70a:	4661      	mov	r1, ip
1000a70c:	469c      	mov	ip, r3
1000a70e:	e007      	b.n	1000a720 <_malloc_r+0xcc>
1000a710:	68e0      	ldr	r0, [r4, #12]
1000a712:	2a00      	cmp	r2, #0
1000a714:	db00      	blt.n	1000a718 <_malloc_r+0xc4>
1000a716:	e0fb      	b.n	1000a910 <_malloc_r+0x2bc>
1000a718:	4281      	cmp	r1, r0
1000a71a:	d100      	bne.n	1000a71e <_malloc_r+0xca>
1000a71c:	e0fc      	b.n	1000a918 <_malloc_r+0x2c4>
1000a71e:	0004      	movs	r4, r0
1000a720:	464a      	mov	r2, r9
1000a722:	6863      	ldr	r3, [r4, #4]
1000a724:	4393      	bics	r3, r2
1000a726:	1b5a      	subs	r2, r3, r5
1000a728:	2a0f      	cmp	r2, #15
1000a72a:	ddf1      	ble.n	1000a710 <_malloc_r+0xbc>
1000a72c:	4641      	mov	r1, r8
1000a72e:	003a      	movs	r2, r7
1000a730:	693c      	ldr	r4, [r7, #16]
1000a732:	3208      	adds	r2, #8
1000a734:	4294      	cmp	r4, r2
1000a736:	d100      	bne.n	1000a73a <_malloc_r+0xe6>
1000a738:	e0d9      	b.n	1000a8ee <_malloc_r+0x29a>
1000a73a:	2003      	movs	r0, #3
1000a73c:	6863      	ldr	r3, [r4, #4]
1000a73e:	4383      	bics	r3, r0
1000a740:	1b58      	subs	r0, r3, r5
1000a742:	280f      	cmp	r0, #15
1000a744:	dd00      	ble.n	1000a748 <_malloc_r+0xf4>
1000a746:	e162      	b.n	1000aa0e <_malloc_r+0x3ba>
1000a748:	613a      	str	r2, [r7, #16]
1000a74a:	617a      	str	r2, [r7, #20]
1000a74c:	2800      	cmp	r0, #0
1000a74e:	daa4      	bge.n	1000a69a <_malloc_r+0x46>
1000a750:	687a      	ldr	r2, [r7, #4]
1000a752:	4690      	mov	r8, r2
1000a754:	2280      	movs	r2, #128	@ 0x80
1000a756:	0092      	lsls	r2, r2, #2
1000a758:	4293      	cmp	r3, r2
1000a75a:	d300      	bcc.n	1000a75e <_malloc_r+0x10a>
1000a75c:	e0e4      	b.n	1000a928 <_malloc_r+0x2d4>
1000a75e:	08da      	lsrs	r2, r3, #3
1000a760:	0958      	lsrs	r0, r3, #5
1000a762:	2301      	movs	r3, #1
1000a764:	4083      	lsls	r3, r0
1000a766:	4640      	mov	r0, r8
1000a768:	4318      	orrs	r0, r3
1000a76a:	4680      	mov	r8, r0
1000a76c:	00d3      	lsls	r3, r2, #3
1000a76e:	19db      	adds	r3, r3, r7
1000a770:	689a      	ldr	r2, [r3, #8]
1000a772:	6078      	str	r0, [r7, #4]
1000a774:	60e3      	str	r3, [r4, #12]
1000a776:	60a2      	str	r2, [r4, #8]
1000a778:	609c      	str	r4, [r3, #8]
1000a77a:	60d4      	str	r4, [r2, #12]
1000a77c:	2001      	movs	r0, #1
1000a77e:	108b      	asrs	r3, r1, #2
1000a780:	4098      	lsls	r0, r3
1000a782:	4540      	cmp	r0, r8
1000a784:	d85c      	bhi.n	1000a840 <_malloc_r+0x1ec>
1000a786:	4643      	mov	r3, r8
1000a788:	4203      	tst	r3, r0
1000a78a:	d10a      	bne.n	1000a7a2 <_malloc_r+0x14e>
1000a78c:	2303      	movs	r3, #3
1000a78e:	4399      	bics	r1, r3
1000a790:	4643      	mov	r3, r8
1000a792:	0040      	lsls	r0, r0, #1
1000a794:	3104      	adds	r1, #4
1000a796:	4203      	tst	r3, r0
1000a798:	d103      	bne.n	1000a7a2 <_malloc_r+0x14e>
1000a79a:	0040      	lsls	r0, r0, #1
1000a79c:	3104      	adds	r1, #4
1000a79e:	4203      	tst	r3, r0
1000a7a0:	d0fb      	beq.n	1000a79a <_malloc_r+0x146>
1000a7a2:	2303      	movs	r3, #3
1000a7a4:	46b3      	mov	fp, r6
1000a7a6:	469c      	mov	ip, r3
1000a7a8:	000e      	movs	r6, r1
1000a7aa:	46b8      	mov	r8, r7
1000a7ac:	9001      	str	r0, [sp, #4]
1000a7ae:	00f0      	lsls	r0, r6, #3
1000a7b0:	4440      	add	r0, r8
1000a7b2:	0001      	movs	r1, r0
1000a7b4:	46b2      	mov	sl, r6
1000a7b6:	68cb      	ldr	r3, [r1, #12]
1000a7b8:	e00b      	b.n	1000a7d2 <_malloc_r+0x17e>
1000a7ba:	4664      	mov	r4, ip
1000a7bc:	685a      	ldr	r2, [r3, #4]
1000a7be:	001f      	movs	r7, r3
1000a7c0:	43a2      	bics	r2, r4
1000a7c2:	68db      	ldr	r3, [r3, #12]
1000a7c4:	1b54      	subs	r4, r2, r5
1000a7c6:	2c0f      	cmp	r4, #15
1000a7c8:	dd00      	ble.n	1000a7cc <_malloc_r+0x178>
1000a7ca:	e0ef      	b.n	1000a9ac <_malloc_r+0x358>
1000a7cc:	2c00      	cmp	r4, #0
1000a7ce:	db00      	blt.n	1000a7d2 <_malloc_r+0x17e>
1000a7d0:	e109      	b.n	1000a9e6 <_malloc_r+0x392>
1000a7d2:	4299      	cmp	r1, r3
1000a7d4:	d1f1      	bne.n	1000a7ba <_malloc_r+0x166>
1000a7d6:	2301      	movs	r3, #1
1000a7d8:	4699      	mov	r9, r3
1000a7da:	44ca      	add	sl, r9
1000a7dc:	4653      	mov	r3, sl
1000a7de:	3108      	adds	r1, #8
1000a7e0:	079b      	lsls	r3, r3, #30
1000a7e2:	d1e8      	bne.n	1000a7b6 <_malloc_r+0x162>
1000a7e4:	2203      	movs	r2, #3
1000a7e6:	e005      	b.n	1000a7f4 <_malloc_r+0x1a0>
1000a7e8:	6803      	ldr	r3, [r0, #0]
1000a7ea:	3808      	subs	r0, #8
1000a7ec:	3e01      	subs	r6, #1
1000a7ee:	4283      	cmp	r3, r0
1000a7f0:	d000      	beq.n	1000a7f4 <_malloc_r+0x1a0>
1000a7f2:	e203      	b.n	1000abfc <_malloc_r+0x5a8>
1000a7f4:	4232      	tst	r2, r6
1000a7f6:	d1f7      	bne.n	1000a7e8 <_malloc_r+0x194>
1000a7f8:	4643      	mov	r3, r8
1000a7fa:	9a01      	ldr	r2, [sp, #4]
1000a7fc:	685b      	ldr	r3, [r3, #4]
1000a7fe:	4393      	bics	r3, r2
1000a800:	4642      	mov	r2, r8
1000a802:	6053      	str	r3, [r2, #4]
1000a804:	9a01      	ldr	r2, [sp, #4]
1000a806:	0052      	lsls	r2, r2, #1
1000a808:	9201      	str	r2, [sp, #4]
1000a80a:	429a      	cmp	r2, r3
1000a80c:	d816      	bhi.n	1000a83c <_malloc_r+0x1e8>
1000a80e:	2a00      	cmp	r2, #0
1000a810:	d106      	bne.n	1000a820 <_malloc_r+0x1cc>
1000a812:	e013      	b.n	1000a83c <_malloc_r+0x1e8>
1000a814:	2204      	movs	r2, #4
1000a816:	4691      	mov	r9, r2
1000a818:	9a01      	ldr	r2, [sp, #4]
1000a81a:	44ca      	add	sl, r9
1000a81c:	0052      	lsls	r2, r2, #1
1000a81e:	9201      	str	r2, [sp, #4]
1000a820:	4213      	tst	r3, r2
1000a822:	d0f7      	beq.n	1000a814 <_malloc_r+0x1c0>
1000a824:	4656      	mov	r6, sl
1000a826:	e7c2      	b.n	1000a7ae <_malloc_r+0x15a>
1000a828:	230c      	movs	r3, #12
1000a82a:	2000      	movs	r0, #0
1000a82c:	6033      	str	r3, [r6, #0]
1000a82e:	e73e      	b.n	1000a6ae <_malloc_r+0x5a>
1000a830:	2380      	movs	r3, #128	@ 0x80
1000a832:	223f      	movs	r2, #63	@ 0x3f
1000a834:	2140      	movs	r1, #64	@ 0x40
1000a836:	4690      	mov	r8, r2
1000a838:	009b      	lsls	r3, r3, #2
1000a83a:	e759      	b.n	1000a6f0 <_malloc_r+0x9c>
1000a83c:	465e      	mov	r6, fp
1000a83e:	4647      	mov	r7, r8
1000a840:	2203      	movs	r2, #3
1000a842:	68bc      	ldr	r4, [r7, #8]
1000a844:	6863      	ldr	r3, [r4, #4]
1000a846:	4393      	bics	r3, r2
1000a848:	469a      	mov	sl, r3
1000a84a:	42ab      	cmp	r3, r5
1000a84c:	d302      	bcc.n	1000a854 <_malloc_r+0x200>
1000a84e:	1b5a      	subs	r2, r3, r5
1000a850:	2a0f      	cmp	r2, #15
1000a852:	dc4f      	bgt.n	1000a8f4 <_malloc_r+0x2a0>
1000a854:	0023      	movs	r3, r4
1000a856:	4453      	add	r3, sl
1000a858:	9302      	str	r3, [sp, #8]
1000a85a:	4b52      	ldr	r3, [pc, #328]	@ (1000a9a4 <_malloc_r+0x350>)
1000a85c:	2008      	movs	r0, #8
1000a85e:	4699      	mov	r9, r3
1000a860:	681b      	ldr	r3, [r3, #0]
1000a862:	3310      	adds	r3, #16
1000a864:	195b      	adds	r3, r3, r5
1000a866:	9301      	str	r3, [sp, #4]
1000a868:	f000 fb26 	bl	1000aeb8 <sysconf>
1000a86c:	494e      	ldr	r1, [pc, #312]	@ (1000a9a8 <_malloc_r+0x354>)
1000a86e:	9003      	str	r0, [sp, #12]
1000a870:	680b      	ldr	r3, [r1, #0]
1000a872:	468b      	mov	fp, r1
1000a874:	3301      	adds	r3, #1
1000a876:	d006      	beq.n	1000a886 <_malloc_r+0x232>
1000a878:	4684      	mov	ip, r0
1000a87a:	9b01      	ldr	r3, [sp, #4]
1000a87c:	4242      	negs	r2, r0
1000a87e:	3b01      	subs	r3, #1
1000a880:	4463      	add	r3, ip
1000a882:	4013      	ands	r3, r2
1000a884:	9301      	str	r3, [sp, #4]
1000a886:	0030      	movs	r0, r6
1000a888:	9901      	ldr	r1, [sp, #4]
1000a88a:	f000 fb55 	bl	1000af38 <_sbrk_r>
1000a88e:	0003      	movs	r3, r0
1000a890:	4680      	mov	r8, r0
1000a892:	3301      	adds	r3, #1
1000a894:	d100      	bne.n	1000a898 <_malloc_r+0x244>
1000a896:	e0d8      	b.n	1000aa4a <_malloc_r+0x3f6>
1000a898:	9b02      	ldr	r3, [sp, #8]
1000a89a:	4283      	cmp	r3, r0
1000a89c:	d900      	bls.n	1000a8a0 <_malloc_r+0x24c>
1000a89e:	e0d2      	b.n	1000aa46 <_malloc_r+0x3f2>
1000a8a0:	464b      	mov	r3, r9
1000a8a2:	9901      	ldr	r1, [sp, #4]
1000a8a4:	685a      	ldr	r2, [r3, #4]
1000a8a6:	468c      	mov	ip, r1
1000a8a8:	4462      	add	r2, ip
1000a8aa:	9903      	ldr	r1, [sp, #12]
1000a8ac:	605a      	str	r2, [r3, #4]
1000a8ae:	9b02      	ldr	r3, [sp, #8]
1000a8b0:	0010      	movs	r0, r2
1000a8b2:	3901      	subs	r1, #1
1000a8b4:	4543      	cmp	r3, r8
1000a8b6:	d000      	beq.n	1000a8ba <_malloc_r+0x266>
1000a8b8:	e0e5      	b.n	1000aa86 <_malloc_r+0x432>
1000a8ba:	4643      	mov	r3, r8
1000a8bc:	420b      	tst	r3, r1
1000a8be:	d000      	beq.n	1000a8c2 <_malloc_r+0x26e>
1000a8c0:	e0e1      	b.n	1000aa86 <_malloc_r+0x432>
1000a8c2:	68bb      	ldr	r3, [r7, #8]
1000a8c4:	2101      	movs	r1, #1
1000a8c6:	4698      	mov	r8, r3
1000a8c8:	4663      	mov	r3, ip
1000a8ca:	4453      	add	r3, sl
1000a8cc:	430b      	orrs	r3, r1
1000a8ce:	4641      	mov	r1, r8
1000a8d0:	604b      	str	r3, [r1, #4]
1000a8d2:	4649      	mov	r1, r9
1000a8d4:	6ac9      	ldr	r1, [r1, #44]	@ 0x2c
1000a8d6:	4291      	cmp	r1, r2
1000a8d8:	d201      	bcs.n	1000a8de <_malloc_r+0x28a>
1000a8da:	4649      	mov	r1, r9
1000a8dc:	62ca      	str	r2, [r1, #44]	@ 0x2c
1000a8de:	4649      	mov	r1, r9
1000a8e0:	6b09      	ldr	r1, [r1, #48]	@ 0x30
1000a8e2:	4291      	cmp	r1, r2
1000a8e4:	d201      	bcs.n	1000a8ea <_malloc_r+0x296>
1000a8e6:	4649      	mov	r1, r9
1000a8e8:	630a      	str	r2, [r1, #48]	@ 0x30
1000a8ea:	4644      	mov	r4, r8
1000a8ec:	e0af      	b.n	1000aa4e <_malloc_r+0x3fa>
1000a8ee:	687b      	ldr	r3, [r7, #4]
1000a8f0:	4698      	mov	r8, r3
1000a8f2:	e743      	b.n	1000a77c <_malloc_r+0x128>
1000a8f4:	2301      	movs	r3, #1
1000a8f6:	0029      	movs	r1, r5
1000a8f8:	431a      	orrs	r2, r3
1000a8fa:	4319      	orrs	r1, r3
1000a8fc:	1965      	adds	r5, r4, r5
1000a8fe:	6061      	str	r1, [r4, #4]
1000a900:	0030      	movs	r0, r6
1000a902:	60bd      	str	r5, [r7, #8]
1000a904:	606a      	str	r2, [r5, #4]
1000a906:	f000 fae7 	bl	1000aed8 <__malloc_unlock>
1000a90a:	0020      	movs	r0, r4
1000a90c:	3008      	adds	r0, #8
1000a90e:	e6ce      	b.n	1000a6ae <_malloc_r+0x5a>
1000a910:	68a2      	ldr	r2, [r4, #8]
1000a912:	60d0      	str	r0, [r2, #12]
1000a914:	6082      	str	r2, [r0, #8]
1000a916:	e6c0      	b.n	1000a69a <_malloc_r+0x46>
1000a918:	4661      	mov	r1, ip
1000a91a:	e708      	b.n	1000a72e <_malloc_r+0xda>
1000a91c:	68dc      	ldr	r4, [r3, #12]
1000a91e:	3102      	adds	r1, #2
1000a920:	42a3      	cmp	r3, r4
1000a922:	d100      	bne.n	1000a926 <_malloc_r+0x2d2>
1000a924:	e703      	b.n	1000a72e <_malloc_r+0xda>
1000a926:	e6b1      	b.n	1000a68c <_malloc_r+0x38>
1000a928:	0a5a      	lsrs	r2, r3, #9
1000a92a:	2a04      	cmp	r2, #4
1000a92c:	d800      	bhi.n	1000a930 <_malloc_r+0x2dc>
1000a92e:	e083      	b.n	1000aa38 <_malloc_r+0x3e4>
1000a930:	2a14      	cmp	r2, #20
1000a932:	d900      	bls.n	1000a936 <_malloc_r+0x2e2>
1000a934:	e108      	b.n	1000ab48 <_malloc_r+0x4f4>
1000a936:	0010      	movs	r0, r2
1000a938:	305b      	adds	r0, #91	@ 0x5b
1000a93a:	4682      	mov	sl, r0
1000a93c:	325c      	adds	r2, #92	@ 0x5c
1000a93e:	00d2      	lsls	r2, r2, #3
1000a940:	2008      	movs	r0, #8
1000a942:	4240      	negs	r0, r0
1000a944:	4684      	mov	ip, r0
1000a946:	18ba      	adds	r2, r7, r2
1000a948:	4494      	add	ip, r2
1000a94a:	4662      	mov	r2, ip
1000a94c:	6892      	ldr	r2, [r2, #8]
1000a94e:	300b      	adds	r0, #11
1000a950:	4681      	mov	r9, r0
1000a952:	4594      	cmp	ip, r2
1000a954:	d100      	bne.n	1000a958 <_malloc_r+0x304>
1000a956:	e0df      	b.n	1000ab18 <_malloc_r+0x4c4>
1000a958:	0008      	movs	r0, r1
1000a95a:	46a2      	mov	sl, r4
1000a95c:	4661      	mov	r1, ip
1000a95e:	4684      	mov	ip, r0
1000a960:	e002      	b.n	1000a968 <_malloc_r+0x314>
1000a962:	6892      	ldr	r2, [r2, #8]
1000a964:	4291      	cmp	r1, r2
1000a966:	d004      	beq.n	1000a972 <_malloc_r+0x31e>
1000a968:	464c      	mov	r4, r9
1000a96a:	6850      	ldr	r0, [r2, #4]
1000a96c:	43a0      	bics	r0, r4
1000a96e:	4298      	cmp	r0, r3
1000a970:	d8f7      	bhi.n	1000a962 <_malloc_r+0x30e>
1000a972:	68d3      	ldr	r3, [r2, #12]
1000a974:	4661      	mov	r1, ip
1000a976:	4654      	mov	r4, sl
1000a978:	469c      	mov	ip, r3
1000a97a:	4663      	mov	r3, ip
1000a97c:	60a2      	str	r2, [r4, #8]
1000a97e:	60e3      	str	r3, [r4, #12]
1000a980:	609c      	str	r4, [r3, #8]
1000a982:	60d4      	str	r4, [r2, #12]
1000a984:	e6fa      	b.n	1000a77c <_malloc_r+0x128>
1000a986:	2914      	cmp	r1, #20
1000a988:	d96e      	bls.n	1000aa68 <_malloc_r+0x414>
1000a98a:	2954      	cmp	r1, #84	@ 0x54
1000a98c:	d900      	bls.n	1000a990 <_malloc_r+0x33c>
1000a98e:	e0e4      	b.n	1000ab5a <_malloc_r+0x506>
1000a990:	236e      	movs	r3, #110	@ 0x6e
1000a992:	4698      	mov	r8, r3
1000a994:	0b29      	lsrs	r1, r5, #12
1000a996:	4488      	add	r8, r1
1000a998:	316f      	adds	r1, #111	@ 0x6f
1000a99a:	00cb      	lsls	r3, r1, #3
1000a99c:	e6a8      	b.n	1000a6f0 <_malloc_r+0x9c>
1000a99e:	46c0      	nop			@ (mov r8, r8)
1000a9a0:	20000808 	.word	0x20000808
1000a9a4:	20000f30 	.word	0x20000f30
1000a9a8:	20000800 	.word	0x20000800
1000a9ac:	46ba      	mov	sl, r7
1000a9ae:	2001      	movs	r0, #1
1000a9b0:	4651      	mov	r1, sl
1000a9b2:	4684      	mov	ip, r0
1000a9b4:	1949      	adds	r1, r1, r5
1000a9b6:	4305      	orrs	r5, r0
1000a9b8:	4650      	mov	r0, sl
1000a9ba:	6045      	str	r5, [r0, #4]
1000a9bc:	6885      	ldr	r5, [r0, #8]
1000a9be:	4647      	mov	r7, r8
1000a9c0:	4660      	mov	r0, ip
1000a9c2:	60eb      	str	r3, [r5, #12]
1000a9c4:	465e      	mov	r6, fp
1000a9c6:	609d      	str	r5, [r3, #8]
1000a9c8:	4653      	mov	r3, sl
1000a9ca:	6139      	str	r1, [r7, #16]
1000a9cc:	6179      	str	r1, [r7, #20]
1000a9ce:	4320      	orrs	r0, r4
1000a9d0:	3708      	adds	r7, #8
1000a9d2:	6048      	str	r0, [r1, #4]
1000a9d4:	60cf      	str	r7, [r1, #12]
1000a9d6:	0030      	movs	r0, r6
1000a9d8:	608f      	str	r7, [r1, #8]
1000a9da:	509c      	str	r4, [r3, r2]
1000a9dc:	f000 fa7c 	bl	1000aed8 <__malloc_unlock>
1000a9e0:	4650      	mov	r0, sl
1000a9e2:	3008      	adds	r0, #8
1000a9e4:	e663      	b.n	1000a6ae <_malloc_r+0x5a>
1000a9e6:	46ba      	mov	sl, r7
1000a9e8:	2001      	movs	r0, #1
1000a9ea:	465e      	mov	r6, fp
1000a9ec:	4452      	add	r2, sl
1000a9ee:	6851      	ldr	r1, [r2, #4]
1000a9f0:	4301      	orrs	r1, r0
1000a9f2:	6051      	str	r1, [r2, #4]
1000a9f4:	68ba      	ldr	r2, [r7, #8]
1000a9f6:	0030      	movs	r0, r6
1000a9f8:	60d3      	str	r3, [r2, #12]
1000a9fa:	609a      	str	r2, [r3, #8]
1000a9fc:	f000 fa6c 	bl	1000aed8 <__malloc_unlock>
1000aa00:	0038      	movs	r0, r7
1000aa02:	3008      	adds	r0, #8
1000aa04:	e653      	b.n	1000a6ae <_malloc_r+0x5a>
1000aa06:	002b      	movs	r3, r5
1000aa08:	08e9      	lsrs	r1, r5, #3
1000aa0a:	3308      	adds	r3, #8
1000aa0c:	e636      	b.n	1000a67c <_malloc_r+0x28>
1000aa0e:	1961      	adds	r1, r4, r5
1000aa10:	4688      	mov	r8, r1
1000aa12:	2101      	movs	r1, #1
1000aa14:	468c      	mov	ip, r1
1000aa16:	430d      	orrs	r5, r1
1000aa18:	4641      	mov	r1, r8
1000aa1a:	6065      	str	r5, [r4, #4]
1000aa1c:	6139      	str	r1, [r7, #16]
1000aa1e:	6179      	str	r1, [r7, #20]
1000aa20:	60ca      	str	r2, [r1, #12]
1000aa22:	608a      	str	r2, [r1, #8]
1000aa24:	4662      	mov	r2, ip
1000aa26:	4302      	orrs	r2, r0
1000aa28:	604a      	str	r2, [r1, #4]
1000aa2a:	50e0      	str	r0, [r4, r3]
1000aa2c:	0030      	movs	r0, r6
1000aa2e:	f000 fa53 	bl	1000aed8 <__malloc_unlock>
1000aa32:	0020      	movs	r0, r4
1000aa34:	3008      	adds	r0, #8
1000aa36:	e63a      	b.n	1000a6ae <_malloc_r+0x5a>
1000aa38:	099a      	lsrs	r2, r3, #6
1000aa3a:	0010      	movs	r0, r2
1000aa3c:	3239      	adds	r2, #57	@ 0x39
1000aa3e:	3038      	adds	r0, #56	@ 0x38
1000aa40:	4682      	mov	sl, r0
1000aa42:	00d2      	lsls	r2, r2, #3
1000aa44:	e77c      	b.n	1000a940 <_malloc_r+0x2ec>
1000aa46:	42bc      	cmp	r4, r7
1000aa48:	d014      	beq.n	1000aa74 <_malloc_r+0x420>
1000aa4a:	68bc      	ldr	r4, [r7, #8]
1000aa4c:	6863      	ldr	r3, [r4, #4]
1000aa4e:	2203      	movs	r2, #3
1000aa50:	4393      	bics	r3, r2
1000aa52:	1b5a      	subs	r2, r3, r5
1000aa54:	42ab      	cmp	r3, r5
1000aa56:	d302      	bcc.n	1000aa5e <_malloc_r+0x40a>
1000aa58:	2a0f      	cmp	r2, #15
1000aa5a:	dd00      	ble.n	1000aa5e <_malloc_r+0x40a>
1000aa5c:	e74a      	b.n	1000a8f4 <_malloc_r+0x2a0>
1000aa5e:	0030      	movs	r0, r6
1000aa60:	f000 fa3a 	bl	1000aed8 <__malloc_unlock>
1000aa64:	2000      	movs	r0, #0
1000aa66:	e622      	b.n	1000a6ae <_malloc_r+0x5a>
1000aa68:	235b      	movs	r3, #91	@ 0x5b
1000aa6a:	4698      	mov	r8, r3
1000aa6c:	4488      	add	r8, r1
1000aa6e:	315c      	adds	r1, #92	@ 0x5c
1000aa70:	00cb      	lsls	r3, r1, #3
1000aa72:	e63d      	b.n	1000a6f0 <_malloc_r+0x9c>
1000aa74:	464b      	mov	r3, r9
1000aa76:	6858      	ldr	r0, [r3, #4]
1000aa78:	9b01      	ldr	r3, [sp, #4]
1000aa7a:	469c      	mov	ip, r3
1000aa7c:	464b      	mov	r3, r9
1000aa7e:	4460      	add	r0, ip
1000aa80:	6058      	str	r0, [r3, #4]
1000aa82:	9b03      	ldr	r3, [sp, #12]
1000aa84:	1e59      	subs	r1, r3, #1
1000aa86:	465b      	mov	r3, fp
1000aa88:	681b      	ldr	r3, [r3, #0]
1000aa8a:	3301      	adds	r3, #1
1000aa8c:	d070      	beq.n	1000ab70 <_malloc_r+0x51c>
1000aa8e:	4643      	mov	r3, r8
1000aa90:	9a02      	ldr	r2, [sp, #8]
1000aa92:	1a9b      	subs	r3, r3, r2
1000aa94:	464a      	mov	r2, r9
1000aa96:	181b      	adds	r3, r3, r0
1000aa98:	6053      	str	r3, [r2, #4]
1000aa9a:	2307      	movs	r3, #7
1000aa9c:	4642      	mov	r2, r8
1000aa9e:	4640      	mov	r0, r8
1000aaa0:	401a      	ands	r2, r3
1000aaa2:	9202      	str	r2, [sp, #8]
1000aaa4:	4218      	tst	r0, r3
1000aaa6:	d040      	beq.n	1000ab2a <_malloc_r+0x4d6>
1000aaa8:	9803      	ldr	r0, [sp, #12]
1000aaaa:	3301      	adds	r3, #1
1000aaac:	4684      	mov	ip, r0
1000aaae:	1a9b      	subs	r3, r3, r2
1000aab0:	9a01      	ldr	r2, [sp, #4]
1000aab2:	4498      	add	r8, r3
1000aab4:	4442      	add	r2, r8
1000aab6:	9201      	str	r2, [sp, #4]
1000aab8:	4463      	add	r3, ip
1000aaba:	400a      	ands	r2, r1
1000aabc:	1a9b      	subs	r3, r3, r2
1000aabe:	4019      	ands	r1, r3
1000aac0:	0030      	movs	r0, r6
1000aac2:	468b      	mov	fp, r1
1000aac4:	f000 fa38 	bl	1000af38 <_sbrk_r>
1000aac8:	1c43      	adds	r3, r0, #1
1000aaca:	d077      	beq.n	1000abbc <_malloc_r+0x568>
1000aacc:	4643      	mov	r3, r8
1000aace:	1ac0      	subs	r0, r0, r3
1000aad0:	0003      	movs	r3, r0
1000aad2:	445b      	add	r3, fp
1000aad4:	9301      	str	r3, [sp, #4]
1000aad6:	464b      	mov	r3, r9
1000aad8:	685a      	ldr	r2, [r3, #4]
1000aada:	2001      	movs	r0, #1
1000aadc:	445a      	add	r2, fp
1000aade:	605a      	str	r2, [r3, #4]
1000aae0:	4643      	mov	r3, r8
1000aae2:	4641      	mov	r1, r8
1000aae4:	60bb      	str	r3, [r7, #8]
1000aae6:	9b01      	ldr	r3, [sp, #4]
1000aae8:	4303      	orrs	r3, r0
1000aaea:	604b      	str	r3, [r1, #4]
1000aaec:	42bc      	cmp	r4, r7
1000aaee:	d100      	bne.n	1000aaf2 <_malloc_r+0x49e>
1000aaf0:	e6ef      	b.n	1000a8d2 <_malloc_r+0x27e>
1000aaf2:	4653      	mov	r3, sl
1000aaf4:	2b0f      	cmp	r3, #15
1000aaf6:	d93f      	bls.n	1000ab78 <_malloc_r+0x524>
1000aaf8:	2107      	movs	r1, #7
1000aafa:	3b0c      	subs	r3, #12
1000aafc:	438b      	bics	r3, r1
1000aafe:	6861      	ldr	r1, [r4, #4]
1000ab00:	4001      	ands	r1, r0
1000ab02:	2005      	movs	r0, #5
1000ab04:	4319      	orrs	r1, r3
1000ab06:	6061      	str	r1, [r4, #4]
1000ab08:	18e1      	adds	r1, r4, r3
1000ab0a:	6048      	str	r0, [r1, #4]
1000ab0c:	6088      	str	r0, [r1, #8]
1000ab0e:	2b0f      	cmp	r3, #15
1000ab10:	d849      	bhi.n	1000aba6 <_malloc_r+0x552>
1000ab12:	4643      	mov	r3, r8
1000ab14:	685b      	ldr	r3, [r3, #4]
1000ab16:	e6dc      	b.n	1000a8d2 <_malloc_r+0x27e>
1000ab18:	4653      	mov	r3, sl
1000ab1a:	1098      	asrs	r0, r3, #2
1000ab1c:	2301      	movs	r3, #1
1000ab1e:	4083      	lsls	r3, r0
1000ab20:	4640      	mov	r0, r8
1000ab22:	4318      	orrs	r0, r3
1000ab24:	4680      	mov	r8, r0
1000ab26:	6078      	str	r0, [r7, #4]
1000ab28:	e727      	b.n	1000a97a <_malloc_r+0x326>
1000ab2a:	9b01      	ldr	r3, [sp, #4]
1000ab2c:	9a03      	ldr	r2, [sp, #12]
1000ab2e:	4443      	add	r3, r8
1000ab30:	400b      	ands	r3, r1
1000ab32:	1ad3      	subs	r3, r2, r3
1000ab34:	4019      	ands	r1, r3
1000ab36:	0030      	movs	r0, r6
1000ab38:	468b      	mov	fp, r1
1000ab3a:	f000 f9fd 	bl	1000af38 <_sbrk_r>
1000ab3e:	1c43      	adds	r3, r0, #1
1000ab40:	d1c4      	bne.n	1000aacc <_malloc_r+0x478>
1000ab42:	2300      	movs	r3, #0
1000ab44:	469b      	mov	fp, r3
1000ab46:	e7c6      	b.n	1000aad6 <_malloc_r+0x482>
1000ab48:	2a54      	cmp	r2, #84	@ 0x54
1000ab4a:	d817      	bhi.n	1000ab7c <_malloc_r+0x528>
1000ab4c:	0b1a      	lsrs	r2, r3, #12
1000ab4e:	0010      	movs	r0, r2
1000ab50:	326f      	adds	r2, #111	@ 0x6f
1000ab52:	306e      	adds	r0, #110	@ 0x6e
1000ab54:	4682      	mov	sl, r0
1000ab56:	00d2      	lsls	r2, r2, #3
1000ab58:	e6f2      	b.n	1000a940 <_malloc_r+0x2ec>
1000ab5a:	23aa      	movs	r3, #170	@ 0xaa
1000ab5c:	005b      	lsls	r3, r3, #1
1000ab5e:	4299      	cmp	r1, r3
1000ab60:	d817      	bhi.n	1000ab92 <_malloc_r+0x53e>
1000ab62:	3bdd      	subs	r3, #221	@ 0xdd
1000ab64:	4698      	mov	r8, r3
1000ab66:	0be9      	lsrs	r1, r5, #15
1000ab68:	4488      	add	r8, r1
1000ab6a:	3178      	adds	r1, #120	@ 0x78
1000ab6c:	00cb      	lsls	r3, r1, #3
1000ab6e:	e5bf      	b.n	1000a6f0 <_malloc_r+0x9c>
1000ab70:	465b      	mov	r3, fp
1000ab72:	4642      	mov	r2, r8
1000ab74:	601a      	str	r2, [r3, #0]
1000ab76:	e790      	b.n	1000aa9a <_malloc_r+0x446>
1000ab78:	6048      	str	r0, [r1, #4]
1000ab7a:	e770      	b.n	1000aa5e <_malloc_r+0x40a>
1000ab7c:	20aa      	movs	r0, #170	@ 0xaa
1000ab7e:	0040      	lsls	r0, r0, #1
1000ab80:	4282      	cmp	r2, r0
1000ab82:	d826      	bhi.n	1000abd2 <_malloc_r+0x57e>
1000ab84:	0bda      	lsrs	r2, r3, #15
1000ab86:	0010      	movs	r0, r2
1000ab88:	3278      	adds	r2, #120	@ 0x78
1000ab8a:	3077      	adds	r0, #119	@ 0x77
1000ab8c:	4682      	mov	sl, r0
1000ab8e:	00d2      	lsls	r2, r2, #3
1000ab90:	e6d6      	b.n	1000a940 <_malloc_r+0x2ec>
1000ab92:	4b1c      	ldr	r3, [pc, #112]	@ (1000ac04 <_malloc_r+0x5b0>)
1000ab94:	4299      	cmp	r1, r3
1000ab96:	d826      	bhi.n	1000abe6 <_malloc_r+0x592>
1000ab98:	237c      	movs	r3, #124	@ 0x7c
1000ab9a:	4698      	mov	r8, r3
1000ab9c:	0ca9      	lsrs	r1, r5, #18
1000ab9e:	4488      	add	r8, r1
1000aba0:	317d      	adds	r1, #125	@ 0x7d
1000aba2:	00cb      	lsls	r3, r1, #3
1000aba4:	e5a4      	b.n	1000a6f0 <_malloc_r+0x9c>
1000aba6:	0021      	movs	r1, r4
1000aba8:	0030      	movs	r0, r6
1000abaa:	3108      	adds	r1, #8
1000abac:	f000 f886 	bl	1000acbc <_free_r>
1000abb0:	464b      	mov	r3, r9
1000abb2:	685a      	ldr	r2, [r3, #4]
1000abb4:	68bb      	ldr	r3, [r7, #8]
1000abb6:	4698      	mov	r8, r3
1000abb8:	685b      	ldr	r3, [r3, #4]
1000abba:	e68a      	b.n	1000a8d2 <_malloc_r+0x27e>
1000abbc:	9a01      	ldr	r2, [sp, #4]
1000abbe:	9b02      	ldr	r3, [sp, #8]
1000abc0:	4694      	mov	ip, r2
1000abc2:	4642      	mov	r2, r8
1000abc4:	3b08      	subs	r3, #8
1000abc6:	4463      	add	r3, ip
1000abc8:	1a9b      	subs	r3, r3, r2
1000abca:	9301      	str	r3, [sp, #4]
1000abcc:	2300      	movs	r3, #0
1000abce:	469b      	mov	fp, r3
1000abd0:	e781      	b.n	1000aad6 <_malloc_r+0x482>
1000abd2:	480c      	ldr	r0, [pc, #48]	@ (1000ac04 <_malloc_r+0x5b0>)
1000abd4:	4282      	cmp	r2, r0
1000abd6:	d80c      	bhi.n	1000abf2 <_malloc_r+0x59e>
1000abd8:	0c9a      	lsrs	r2, r3, #18
1000abda:	0010      	movs	r0, r2
1000abdc:	327d      	adds	r2, #125	@ 0x7d
1000abde:	307c      	adds	r0, #124	@ 0x7c
1000abe0:	4682      	mov	sl, r0
1000abe2:	00d2      	lsls	r2, r2, #3
1000abe4:	e6ac      	b.n	1000a940 <_malloc_r+0x2ec>
1000abe6:	23fe      	movs	r3, #254	@ 0xfe
1000abe8:	227e      	movs	r2, #126	@ 0x7e
1000abea:	217f      	movs	r1, #127	@ 0x7f
1000abec:	4690      	mov	r8, r2
1000abee:	009b      	lsls	r3, r3, #2
1000abf0:	e57e      	b.n	1000a6f0 <_malloc_r+0x9c>
1000abf2:	22fe      	movs	r2, #254	@ 0xfe
1000abf4:	207e      	movs	r0, #126	@ 0x7e
1000abf6:	0092      	lsls	r2, r2, #2
1000abf8:	4682      	mov	sl, r0
1000abfa:	e6a1      	b.n	1000a940 <_malloc_r+0x2ec>
1000abfc:	4643      	mov	r3, r8
1000abfe:	685b      	ldr	r3, [r3, #4]
1000ac00:	e600      	b.n	1000a804 <_malloc_r+0x1b0>
1000ac02:	46c0      	nop			@ (mov r8, r8)
1000ac04:	00000554 	.word	0x00000554

1000ac08 <_malloc_trim_r>:
1000ac08:	b5f0      	push	{r4, r5, r6, r7, lr}
1000ac0a:	46c6      	mov	lr, r8
1000ac0c:	0006      	movs	r6, r0
1000ac0e:	b500      	push	{lr}
1000ac10:	2008      	movs	r0, #8
1000ac12:	000d      	movs	r5, r1
1000ac14:	f000 f950 	bl	1000aeb8 <sysconf>
1000ac18:	0004      	movs	r4, r0
1000ac1a:	0030      	movs	r0, r6
1000ac1c:	f000 f95a 	bl	1000aed4 <__malloc_lock>
1000ac20:	4b23      	ldr	r3, [pc, #140]	@ (1000acb0 <_malloc_trim_r+0xa8>)
1000ac22:	0021      	movs	r1, r4
1000ac24:	4698      	mov	r8, r3
1000ac26:	689b      	ldr	r3, [r3, #8]
1000ac28:	685f      	ldr	r7, [r3, #4]
1000ac2a:	2303      	movs	r3, #3
1000ac2c:	439f      	bics	r7, r3
1000ac2e:	0038      	movs	r0, r7
1000ac30:	3811      	subs	r0, #17
1000ac32:	1b40      	subs	r0, r0, r5
1000ac34:	1900      	adds	r0, r0, r4
1000ac36:	f7f7 f8a3 	bl	10001d80 <__wrap___aeabi_uidiv>
1000ac3a:	1e45      	subs	r5, r0, #1
1000ac3c:	4365      	muls	r5, r4
1000ac3e:	42ac      	cmp	r4, r5
1000ac40:	dc08      	bgt.n	1000ac54 <_malloc_trim_r+0x4c>
1000ac42:	2100      	movs	r1, #0
1000ac44:	0030      	movs	r0, r6
1000ac46:	f000 f977 	bl	1000af38 <_sbrk_r>
1000ac4a:	4643      	mov	r3, r8
1000ac4c:	689b      	ldr	r3, [r3, #8]
1000ac4e:	19db      	adds	r3, r3, r7
1000ac50:	4298      	cmp	r0, r3
1000ac52:	d006      	beq.n	1000ac62 <_malloc_trim_r+0x5a>
1000ac54:	0030      	movs	r0, r6
1000ac56:	f000 f93f 	bl	1000aed8 <__malloc_unlock>
1000ac5a:	2000      	movs	r0, #0
1000ac5c:	bc80      	pop	{r7}
1000ac5e:	46b8      	mov	r8, r7
1000ac60:	bdf0      	pop	{r4, r5, r6, r7, pc}
1000ac62:	0030      	movs	r0, r6
1000ac64:	4269      	negs	r1, r5
1000ac66:	f000 f967 	bl	1000af38 <_sbrk_r>
1000ac6a:	3001      	adds	r0, #1
1000ac6c:	d00e      	beq.n	1000ac8c <_malloc_trim_r+0x84>
1000ac6e:	2201      	movs	r2, #1
1000ac70:	4643      	mov	r3, r8
1000ac72:	1b7f      	subs	r7, r7, r5
1000ac74:	689b      	ldr	r3, [r3, #8]
1000ac76:	4317      	orrs	r7, r2
1000ac78:	4a0e      	ldr	r2, [pc, #56]	@ (1000acb4 <_malloc_trim_r+0xac>)
1000ac7a:	605f      	str	r7, [r3, #4]
1000ac7c:	6813      	ldr	r3, [r2, #0]
1000ac7e:	0030      	movs	r0, r6
1000ac80:	1b5b      	subs	r3, r3, r5
1000ac82:	6013      	str	r3, [r2, #0]
1000ac84:	f000 f928 	bl	1000aed8 <__malloc_unlock>
1000ac88:	2001      	movs	r0, #1
1000ac8a:	e7e7      	b.n	1000ac5c <_malloc_trim_r+0x54>
1000ac8c:	2100      	movs	r1, #0
1000ac8e:	0030      	movs	r0, r6
1000ac90:	f000 f952 	bl	1000af38 <_sbrk_r>
1000ac94:	4643      	mov	r3, r8
1000ac96:	689a      	ldr	r2, [r3, #8]
1000ac98:	1a83      	subs	r3, r0, r2
1000ac9a:	2b0f      	cmp	r3, #15
1000ac9c:	ddda      	ble.n	1000ac54 <_malloc_trim_r+0x4c>
1000ac9e:	4c06      	ldr	r4, [pc, #24]	@ (1000acb8 <_malloc_trim_r+0xb0>)
1000aca0:	4904      	ldr	r1, [pc, #16]	@ (1000acb4 <_malloc_trim_r+0xac>)
1000aca2:	6824      	ldr	r4, [r4, #0]
1000aca4:	1b00      	subs	r0, r0, r4
1000aca6:	6008      	str	r0, [r1, #0]
1000aca8:	2101      	movs	r1, #1
1000acaa:	430b      	orrs	r3, r1
1000acac:	6053      	str	r3, [r2, #4]
1000acae:	e7d1      	b.n	1000ac54 <_malloc_trim_r+0x4c>
1000acb0:	20000808 	.word	0x20000808
1000acb4:	20000f34 	.word	0x20000f34
1000acb8:	20000800 	.word	0x20000800

1000acbc <_free_r>:
1000acbc:	b5f8      	push	{r3, r4, r5, r6, r7, lr}
1000acbe:	46ce      	mov	lr, r9
1000acc0:	4647      	mov	r7, r8
1000acc2:	0005      	movs	r5, r0
1000acc4:	000c      	movs	r4, r1
1000acc6:	b580      	push	{r7, lr}
1000acc8:	2900      	cmp	r1, #0
1000acca:	d057      	beq.n	1000ad7c <_free_r+0xc0>
1000accc:	f000 f902 	bl	1000aed4 <__malloc_lock>
1000acd0:	2301      	movs	r3, #1
1000acd2:	0021      	movs	r1, r4
1000acd4:	469c      	mov	ip, r3
1000acd6:	3908      	subs	r1, #8
1000acd8:	6848      	ldr	r0, [r1, #4]
1000acda:	4662      	mov	r2, ip
1000acdc:	0003      	movs	r3, r0
1000acde:	2403      	movs	r4, #3
1000ace0:	4393      	bics	r3, r2
1000ace2:	18cf      	adds	r7, r1, r3
1000ace4:	687a      	ldr	r2, [r7, #4]
1000ace6:	4e65      	ldr	r6, [pc, #404]	@ (1000ae7c <_free_r+0x1c0>)
1000ace8:	43a2      	bics	r2, r4
1000acea:	68b4      	ldr	r4, [r6, #8]
1000acec:	42bc      	cmp	r4, r7
1000acee:	d100      	bne.n	1000acf2 <_free_r+0x36>
1000acf0:	e070      	b.n	1000add4 <_free_r+0x118>
1000acf2:	18bc      	adds	r4, r7, r2
1000acf4:	46a1      	mov	r9, r4
1000acf6:	4664      	mov	r4, ip
1000acf8:	607a      	str	r2, [r7, #4]
1000acfa:	4204      	tst	r4, r0
1000acfc:	d121      	bne.n	1000ad42 <_free_r+0x86>
1000acfe:	6808      	ldr	r0, [r1, #0]
1000ad00:	1a09      	subs	r1, r1, r0
1000ad02:	181b      	adds	r3, r3, r0
1000ad04:	6888      	ldr	r0, [r1, #8]
1000ad06:	4680      	mov	r8, r0
1000ad08:	4648      	mov	r0, r9
1000ad0a:	6840      	ldr	r0, [r0, #4]
1000ad0c:	4020      	ands	r0, r4
1000ad0e:	0034      	movs	r4, r6
1000ad10:	3408      	adds	r4, #8
1000ad12:	4681      	mov	r9, r0
1000ad14:	45a0      	cmp	r8, r4
1000ad16:	d051      	beq.n	1000adbc <_free_r+0x100>
1000ad18:	4640      	mov	r0, r8
1000ad1a:	68cc      	ldr	r4, [r1, #12]
1000ad1c:	60c4      	str	r4, [r0, #12]
1000ad1e:	60a0      	str	r0, [r4, #8]
1000ad20:	4648      	mov	r0, r9
1000ad22:	2800      	cmp	r0, #0
1000ad24:	d111      	bne.n	1000ad4a <_free_r+0x8e>
1000ad26:	189b      	adds	r3, r3, r2
1000ad28:	4855      	ldr	r0, [pc, #340]	@ (1000ae80 <_free_r+0x1c4>)
1000ad2a:	68ba      	ldr	r2, [r7, #8]
1000ad2c:	4282      	cmp	r2, r0
1000ad2e:	d100      	bne.n	1000ad32 <_free_r+0x76>
1000ad30:	e07f      	b.n	1000ae32 <_free_r+0x176>
1000ad32:	68f8      	ldr	r0, [r7, #12]
1000ad34:	60d0      	str	r0, [r2, #12]
1000ad36:	6082      	str	r2, [r0, #8]
1000ad38:	2201      	movs	r2, #1
1000ad3a:	431a      	orrs	r2, r3
1000ad3c:	604a      	str	r2, [r1, #4]
1000ad3e:	50cb      	str	r3, [r1, r3]
1000ad40:	e007      	b.n	1000ad52 <_free_r+0x96>
1000ad42:	4648      	mov	r0, r9
1000ad44:	6840      	ldr	r0, [r0, #4]
1000ad46:	4220      	tst	r0, r4
1000ad48:	d0ed      	beq.n	1000ad26 <_free_r+0x6a>
1000ad4a:	4662      	mov	r2, ip
1000ad4c:	431a      	orrs	r2, r3
1000ad4e:	604a      	str	r2, [r1, #4]
1000ad50:	603b      	str	r3, [r7, #0]
1000ad52:	2280      	movs	r2, #128	@ 0x80
1000ad54:	0092      	lsls	r2, r2, #2
1000ad56:	4293      	cmp	r3, r2
1000ad58:	d214      	bcs.n	1000ad84 <_free_r+0xc8>
1000ad5a:	08da      	lsrs	r2, r3, #3
1000ad5c:	0958      	lsrs	r0, r3, #5
1000ad5e:	2301      	movs	r3, #1
1000ad60:	4083      	lsls	r3, r0
1000ad62:	6870      	ldr	r0, [r6, #4]
1000ad64:	4303      	orrs	r3, r0
1000ad66:	6073      	str	r3, [r6, #4]
1000ad68:	00d3      	lsls	r3, r2, #3
1000ad6a:	199b      	adds	r3, r3, r6
1000ad6c:	689a      	ldr	r2, [r3, #8]
1000ad6e:	60cb      	str	r3, [r1, #12]
1000ad70:	608a      	str	r2, [r1, #8]
1000ad72:	6099      	str	r1, [r3, #8]
1000ad74:	60d1      	str	r1, [r2, #12]
1000ad76:	0028      	movs	r0, r5
1000ad78:	f000 f8ae 	bl	1000aed8 <__malloc_unlock>
1000ad7c:	bcc0      	pop	{r6, r7}
1000ad7e:	46b9      	mov	r9, r7
1000ad80:	46b0      	mov	r8, r6
1000ad82:	bdf8      	pop	{r3, r4, r5, r6, r7, pc}
1000ad84:	0a5c      	lsrs	r4, r3, #9
1000ad86:	2c04      	cmp	r4, #4
1000ad88:	d83d      	bhi.n	1000ae06 <_free_r+0x14a>
1000ad8a:	099c      	lsrs	r4, r3, #6
1000ad8c:	0020      	movs	r0, r4
1000ad8e:	3439      	adds	r4, #57	@ 0x39
1000ad90:	3038      	adds	r0, #56	@ 0x38
1000ad92:	00e4      	lsls	r4, r4, #3
1000ad94:	1934      	adds	r4, r6, r4
1000ad96:	6822      	ldr	r2, [r4, #0]
1000ad98:	3c08      	subs	r4, #8
1000ad9a:	2703      	movs	r7, #3
1000ad9c:	4294      	cmp	r4, r2
1000ad9e:	d103      	bne.n	1000ada8 <_free_r+0xec>
1000ada0:	e040      	b.n	1000ae24 <_free_r+0x168>
1000ada2:	6892      	ldr	r2, [r2, #8]
1000ada4:	4294      	cmp	r4, r2
1000ada6:	d003      	beq.n	1000adb0 <_free_r+0xf4>
1000ada8:	6850      	ldr	r0, [r2, #4]
1000adaa:	43b8      	bics	r0, r7
1000adac:	4298      	cmp	r0, r3
1000adae:	d8f8      	bhi.n	1000ada2 <_free_r+0xe6>
1000adb0:	68d4      	ldr	r4, [r2, #12]
1000adb2:	60cc      	str	r4, [r1, #12]
1000adb4:	608a      	str	r2, [r1, #8]
1000adb6:	60a1      	str	r1, [r4, #8]
1000adb8:	60d1      	str	r1, [r2, #12]
1000adba:	e7dc      	b.n	1000ad76 <_free_r+0xba>
1000adbc:	2800      	cmp	r0, #0
1000adbe:	d158      	bne.n	1000ae72 <_free_r+0x1b6>
1000adc0:	68b8      	ldr	r0, [r7, #8]
1000adc2:	18d2      	adds	r2, r2, r3
1000adc4:	68fb      	ldr	r3, [r7, #12]
1000adc6:	60c3      	str	r3, [r0, #12]
1000adc8:	6098      	str	r0, [r3, #8]
1000adca:	4663      	mov	r3, ip
1000adcc:	4313      	orrs	r3, r2
1000adce:	604b      	str	r3, [r1, #4]
1000add0:	508a      	str	r2, [r1, r2]
1000add2:	e7d0      	b.n	1000ad76 <_free_r+0xba>
1000add4:	189a      	adds	r2, r3, r2
1000add6:	4663      	mov	r3, ip
1000add8:	4203      	tst	r3, r0
1000adda:	d106      	bne.n	1000adea <_free_r+0x12e>
1000addc:	680b      	ldr	r3, [r1, #0]
1000adde:	1ac9      	subs	r1, r1, r3
1000ade0:	6888      	ldr	r0, [r1, #8]
1000ade2:	18d2      	adds	r2, r2, r3
1000ade4:	68cb      	ldr	r3, [r1, #12]
1000ade6:	60c3      	str	r3, [r0, #12]
1000ade8:	6098      	str	r0, [r3, #8]
1000adea:	2301      	movs	r3, #1
1000adec:	4313      	orrs	r3, r2
1000adee:	604b      	str	r3, [r1, #4]
1000adf0:	4b24      	ldr	r3, [pc, #144]	@ (1000ae84 <_free_r+0x1c8>)
1000adf2:	60b1      	str	r1, [r6, #8]
1000adf4:	681b      	ldr	r3, [r3, #0]
1000adf6:	4293      	cmp	r3, r2
1000adf8:	d8bd      	bhi.n	1000ad76 <_free_r+0xba>
1000adfa:	4b23      	ldr	r3, [pc, #140]	@ (1000ae88 <_free_r+0x1cc>)
1000adfc:	0028      	movs	r0, r5
1000adfe:	6819      	ldr	r1, [r3, #0]
1000ae00:	f7ff ff02 	bl	1000ac08 <_malloc_trim_r>
1000ae04:	e7b7      	b.n	1000ad76 <_free_r+0xba>
1000ae06:	2c14      	cmp	r4, #20
1000ae08:	d907      	bls.n	1000ae1a <_free_r+0x15e>
1000ae0a:	2c54      	cmp	r4, #84	@ 0x54
1000ae0c:	d81a      	bhi.n	1000ae44 <_free_r+0x188>
1000ae0e:	0b1c      	lsrs	r4, r3, #12
1000ae10:	0020      	movs	r0, r4
1000ae12:	346f      	adds	r4, #111	@ 0x6f
1000ae14:	306e      	adds	r0, #110	@ 0x6e
1000ae16:	00e4      	lsls	r4, r4, #3
1000ae18:	e7bc      	b.n	1000ad94 <_free_r+0xd8>
1000ae1a:	0020      	movs	r0, r4
1000ae1c:	345c      	adds	r4, #92	@ 0x5c
1000ae1e:	305b      	adds	r0, #91	@ 0x5b
1000ae20:	00e4      	lsls	r4, r4, #3
1000ae22:	e7b7      	b.n	1000ad94 <_free_r+0xd8>
1000ae24:	2301      	movs	r3, #1
1000ae26:	1080      	asrs	r0, r0, #2
1000ae28:	4083      	lsls	r3, r0
1000ae2a:	6870      	ldr	r0, [r6, #4]
1000ae2c:	4303      	orrs	r3, r0
1000ae2e:	6073      	str	r3, [r6, #4]
1000ae30:	e7bf      	b.n	1000adb2 <_free_r+0xf6>
1000ae32:	60d1      	str	r1, [r2, #12]
1000ae34:	6091      	str	r1, [r2, #8]
1000ae36:	60ca      	str	r2, [r1, #12]
1000ae38:	608a      	str	r2, [r1, #8]
1000ae3a:	2201      	movs	r2, #1
1000ae3c:	431a      	orrs	r2, r3
1000ae3e:	604a      	str	r2, [r1, #4]
1000ae40:	50cb      	str	r3, [r1, r3]
1000ae42:	e798      	b.n	1000ad76 <_free_r+0xba>
1000ae44:	22aa      	movs	r2, #170	@ 0xaa
1000ae46:	0052      	lsls	r2, r2, #1
1000ae48:	4294      	cmp	r4, r2
1000ae4a:	d805      	bhi.n	1000ae58 <_free_r+0x19c>
1000ae4c:	0bdc      	lsrs	r4, r3, #15
1000ae4e:	0020      	movs	r0, r4
1000ae50:	3478      	adds	r4, #120	@ 0x78
1000ae52:	3077      	adds	r0, #119	@ 0x77
1000ae54:	00e4      	lsls	r4, r4, #3
1000ae56:	e79d      	b.n	1000ad94 <_free_r+0xd8>
1000ae58:	4a0c      	ldr	r2, [pc, #48]	@ (1000ae8c <_free_r+0x1d0>)
1000ae5a:	4294      	cmp	r4, r2
1000ae5c:	d805      	bhi.n	1000ae6a <_free_r+0x1ae>
1000ae5e:	0c9c      	lsrs	r4, r3, #18
1000ae60:	0020      	movs	r0, r4
1000ae62:	347d      	adds	r4, #125	@ 0x7d
1000ae64:	307c      	adds	r0, #124	@ 0x7c
1000ae66:	00e4      	lsls	r4, r4, #3
1000ae68:	e794      	b.n	1000ad94 <_free_r+0xd8>
1000ae6a:	24fe      	movs	r4, #254	@ 0xfe
1000ae6c:	207e      	movs	r0, #126	@ 0x7e
1000ae6e:	00a4      	lsls	r4, r4, #2
1000ae70:	e790      	b.n	1000ad94 <_free_r+0xd8>
1000ae72:	4662      	mov	r2, ip
1000ae74:	431a      	orrs	r2, r3
1000ae76:	604a      	str	r2, [r1, #4]
1000ae78:	603b      	str	r3, [r7, #0]
1000ae7a:	e77c      	b.n	1000ad76 <_free_r+0xba>
1000ae7c:	20000808 	.word	0x20000808
1000ae80:	20000810 	.word	0x20000810
1000ae84:	20000804 	.word	0x20000804
1000ae88:	20000f30 	.word	0x20000f30
1000ae8c:	00000554 	.word	0x00000554

1000ae90 <malloc>:
1000ae90:	b510      	push	{r4, lr}
1000ae92:	4b03      	ldr	r3, [pc, #12]	@ (1000aea0 <malloc+0x10>)
1000ae94:	0001      	movs	r1, r0
1000ae96:	6818      	ldr	r0, [r3, #0]
1000ae98:	f7ff fbdc 	bl	1000a654 <_malloc_r>
1000ae9c:	bd10      	pop	{r4, pc}
1000ae9e:	46c0      	nop			@ (mov r8, r8)
1000aea0:	200006d8 	.word	0x200006d8

1000aea4 <free>:
1000aea4:	b510      	push	{r4, lr}
1000aea6:	4b03      	ldr	r3, [pc, #12]	@ (1000aeb4 <free+0x10>)
1000aea8:	0001      	movs	r1, r0
1000aeaa:	6818      	ldr	r0, [r3, #0]
1000aeac:	f7ff ff06 	bl	1000acbc <_free_r>
1000aeb0:	bd10      	pop	{r4, pc}
1000aeb2:	46c0      	nop			@ (mov r8, r8)
1000aeb4:	200006d8 	.word	0x200006d8

1000aeb8 <sysconf>:
1000aeb8:	2380      	movs	r3, #128	@ 0x80
1000aeba:	b510      	push	{r4, lr}
1000aebc:	015b      	lsls	r3, r3, #5
1000aebe:	2808      	cmp	r0, #8
1000aec0:	d101      	bne.n	1000aec6 <sysconf+0xe>
1000aec2:	0018      	movs	r0, r3
1000aec4:	bd10      	pop	{r4, pc}
1000aec6:	f000 f849 	bl	1000af5c <__errno>
1000aeca:	2316      	movs	r3, #22
1000aecc:	6003      	str	r3, [r0, #0]
1000aece:	3b17      	subs	r3, #23
1000aed0:	e7f7      	b.n	1000aec2 <sysconf+0xa>
1000aed2:	46c0      	nop			@ (mov r8, r8)

1000aed4 <__malloc_lock>:
1000aed4:	4770      	bx	lr
1000aed6:	46c0      	nop			@ (mov r8, r8)

1000aed8 <__malloc_unlock>:
1000aed8:	4770      	bx	lr
1000aeda:	46c0      	nop			@ (mov r8, r8)

1000aedc <strlen>:
1000aedc:	b510      	push	{r4, lr}
1000aede:	0783      	lsls	r3, r0, #30
1000aee0:	d00a      	beq.n	1000aef8 <strlen+0x1c>
1000aee2:	0003      	movs	r3, r0
1000aee4:	2103      	movs	r1, #3
1000aee6:	e002      	b.n	1000aeee <strlen+0x12>
1000aee8:	3301      	adds	r3, #1
1000aeea:	420b      	tst	r3, r1
1000aeec:	d005      	beq.n	1000aefa <strlen+0x1e>
1000aeee:	781a      	ldrb	r2, [r3, #0]
1000aef0:	2a00      	cmp	r2, #0
1000aef2:	d1f9      	bne.n	1000aee8 <strlen+0xc>
1000aef4:	1a18      	subs	r0, r3, r0
1000aef6:	bd10      	pop	{r4, pc}
1000aef8:	0003      	movs	r3, r0
1000aefa:	6819      	ldr	r1, [r3, #0]
1000aefc:	4a0c      	ldr	r2, [pc, #48]	@ (1000af30 <strlen+0x54>)
1000aefe:	4c0d      	ldr	r4, [pc, #52]	@ (1000af34 <strlen+0x58>)
1000af00:	188a      	adds	r2, r1, r2
1000af02:	438a      	bics	r2, r1
1000af04:	4222      	tst	r2, r4
1000af06:	d10f      	bne.n	1000af28 <strlen+0x4c>
1000af08:	6859      	ldr	r1, [r3, #4]
1000af0a:	4a09      	ldr	r2, [pc, #36]	@ (1000af30 <strlen+0x54>)
1000af0c:	3304      	adds	r3, #4
1000af0e:	188a      	adds	r2, r1, r2
1000af10:	438a      	bics	r2, r1
1000af12:	4222      	tst	r2, r4
1000af14:	d108      	bne.n	1000af28 <strlen+0x4c>
1000af16:	6859      	ldr	r1, [r3, #4]
1000af18:	4a05      	ldr	r2, [pc, #20]	@ (1000af30 <strlen+0x54>)
1000af1a:	3304      	adds	r3, #4
1000af1c:	188a      	adds	r2, r1, r2
1000af1e:	438a      	bics	r2, r1
1000af20:	4222      	tst	r2, r4
1000af22:	d0f1      	beq.n	1000af08 <strlen+0x2c>
1000af24:	e000      	b.n	1000af28 <strlen+0x4c>
1000af26:	3301      	adds	r3, #1
1000af28:	781a      	ldrb	r2, [r3, #0]
1000af2a:	2a00      	cmp	r2, #0
1000af2c:	d1fb      	bne.n	1000af26 <strlen+0x4a>
1000af2e:	e7e1      	b.n	1000aef4 <strlen+0x18>
1000af30:	fefefeff 	.word	0xfefefeff
1000af34:	80808080 	.word	0x80808080

1000af38 <_sbrk_r>:
1000af38:	2300      	movs	r3, #0
1000af3a:	b570      	push	{r4, r5, r6, lr}
1000af3c:	4c06      	ldr	r4, [pc, #24]	@ (1000af58 <_sbrk_r+0x20>)
1000af3e:	0005      	movs	r5, r0
1000af40:	0008      	movs	r0, r1
1000af42:	6023      	str	r3, [r4, #0]
1000af44:	f7f8 fef6 	bl	10003d34 <_sbrk>
1000af48:	1c43      	adds	r3, r0, #1
1000af4a:	d000      	beq.n	1000af4e <_sbrk_r+0x16>
1000af4c:	bd70      	pop	{r4, r5, r6, pc}
1000af4e:	6823      	ldr	r3, [r4, #0]
1000af50:	2b00      	cmp	r3, #0
1000af52:	d0fb      	beq.n	1000af4c <_sbrk_r+0x14>
1000af54:	602b      	str	r3, [r5, #0]
1000af56:	e7f9      	b.n	1000af4c <_sbrk_r+0x14>
1000af58:	200010a0 	.word	0x200010a0

1000af5c <__errno>:
1000af5c:	4b01      	ldr	r3, [pc, #4]	@ (1000af64 <__errno+0x8>)
1000af5e:	6818      	ldr	r0, [r3, #0]
1000af60:	4770      	bx	lr
1000af62:	46c0      	nop			@ (mov r8, r8)
1000af64:	200006d8 	.word	0x200006d8

1000af68 <____aeabi_idiv0_veneer>:
1000af68:	b401      	push	{r0}
1000af6a:	4802      	ldr	r0, [pc, #8]	@ (1000af74 <____aeabi_idiv0_veneer+0xc>)
1000af6c:	4684      	mov	ip, r0
1000af6e:	bc01      	pop	{r0}
1000af70:	4760      	bx	ip
1000af72:	bf00      	nop
1000af74:	20000505 	.word	0x20000505

1000af78 <____aeabi_ldiv0_veneer>:
1000af78:	b401      	push	{r0}
1000af7a:	4802      	ldr	r0, [pc, #8]	@ (1000af84 <____aeabi_ldiv0_veneer+0xc>)
1000af7c:	4684      	mov	ip, r0
1000af7e:	bc01      	pop	{r0}
1000af80:	4760      	bx	ip
1000af82:	bf00      	nop
1000af84:	20000505 	.word	0x20000505

1000af88 <__sem_acquire_blocking_veneer>:
1000af88:	b401      	push	{r0}
1000af8a:	4802      	ldr	r0, [pc, #8]	@ (1000af94 <__sem_acquire_blocking_veneer+0xc>)
1000af8c:	4684      	mov	ip, r0
1000af8e:	bc01      	pop	{r0}
1000af90:	4760      	bx	ip
1000af92:	bf00      	nop
1000af94:	200000c1 	.word	0x200000c1

1000af98 <__recursive_mutex_try_enter_veneer>:
1000af98:	b401      	push	{r0}
1000af9a:	4802      	ldr	r0, [pc, #8]	@ (1000afa4 <__recursive_mutex_try_enter_veneer+0xc>)
1000af9c:	4684      	mov	ip, r0
1000af9e:	bc01      	pop	{r0}
1000afa0:	4760      	bx	ip
1000afa2:	bf00      	nop
1000afa4:	2000024d 	.word	0x2000024d

1000afa8 <__recursive_mutex_exit_veneer>:
1000afa8:	b401      	push	{r0}
1000afaa:	4802      	ldr	r0, [pc, #8]	@ (1000afb4 <__recursive_mutex_exit_veneer+0xc>)
1000afac:	4684      	mov	ip, r0
1000afae:	bc01      	pop	{r0}
1000afb0:	4760      	bx	ip
1000afb2:	bf00      	nop
1000afb4:	20000349 	.word	0x20000349

1000afb8 <__mutex_exit_veneer>:
1000afb8:	b401      	push	{r0}
1000afba:	4802      	ldr	r0, [pc, #8]	@ (1000afc4 <__mutex_exit_veneer+0xc>)
1000afbc:	4684      	mov	ip, r0
1000afbe:	bc01      	pop	{r0}
1000afc0:	4760      	bx	ip
1000afc2:	bf00      	nop
1000afc4:	20000329 	.word	0x20000329

1000afc8 <__sem_release_veneer>:
1000afc8:	b401      	push	{r0}
1000afca:	4802      	ldr	r0, [pc, #8]	@ (1000afd4 <__sem_release_veneer+0xc>)
1000afcc:	4684      	mov	ip, r0
1000afce:	bc01      	pop	{r0}
1000afd0:	4760      	bx	ip
1000afd2:	bf00      	nop
1000afd4:	20000149 	.word	0x20000149

1000afd8 <__flash_do_cmd_cs_veneer>:
1000afd8:	b401      	push	{r0}
1000afda:	4802      	ldr	r0, [pc, #8]	@ (1000afe4 <__flash_do_cmd_cs_veneer+0xc>)
1000afdc:	4684      	mov	ip, r0
1000afde:	bc01      	pop	{r0}
1000afe0:	4760      	bx	ip
1000afe2:	bf00      	nop
1000afe4:	20000411 	.word	0x20000411

1000afe8 <__recursive_mutex_enter_blocking_veneer>:
1000afe8:	b401      	push	{r0}
1000afea:	4802      	ldr	r0, [pc, #8]	@ (1000aff4 <__recursive_mutex_enter_blocking_veneer+0xc>)
1000afec:	4684      	mov	ip, r0
1000afee:	bc01      	pop	{r0}
1000aff0:	4760      	bx	ip
1000aff2:	bf00      	nop
1000aff4:	200001c5 	.word	0x200001c5

1000aff8 <__mutex_try_enter_block_until_veneer>:
1000aff8:	b401      	push	{r0}
1000affa:	4802      	ldr	r0, [pc, #8]	@ (1000b004 <__mutex_try_enter_block_until_veneer+0xc>)
1000affc:	4684      	mov	ip, r0
1000affe:	bc01      	pop	{r0}
1000b000:	4760      	bx	ip
1000b002:	bf00      	nop
1000b004:	200002f5 	.word	0x200002f5

1000b008 <__sem_acquire_block_until_veneer>:
1000b008:	b401      	push	{r0}
1000b00a:	4802      	ldr	r0, [pc, #8]	@ (1000b014 <__sem_acquire_block_until_veneer+0xc>)
1000b00c:	4684      	mov	ip, r0
1000b00e:	bc01      	pop	{r0}
1000b010:	4760      	bx	ip
1000b012:	bf00      	nop
1000b014:	200000fd 	.word	0x200000fd

1000b018 <__memmove_veneer>:
1000b018:	b401      	push	{r0}
1000b01a:	4802      	ldr	r0, [pc, #8]	@ (1000b024 <__memmove_veneer+0xc>)
1000b01c:	4684      	mov	ip, r0
1000b01e:	bc01      	pop	{r0}
1000b020:	4760      	bx	ip
1000b022:	bf00      	nop
1000b024:	20000509 	.word	0x20000509

1000b028 <__mutex_enter_blocking_veneer>:
1000b028:	b401      	push	{r0}
1000b02a:	4802      	ldr	r0, [pc, #8]	@ (1000b034 <__mutex_enter_blocking_veneer+0xc>)
1000b02c:	4684      	mov	ip, r0
1000b02e:	bc01      	pop	{r0}
1000b030:	4760      	bx	ip
1000b032:	bf00      	nop
1000b034:	20000189 	.word	0x20000189

1000b038 <__pre_init_runtime_init_early_resets>:
1000b038:	10001b05                                ....

1000b03c <__pre_init_runtime_init_usb_power_down>:
1000b03c:	10001b31 10001d15 100025a1 10002399     1........%...#..
1000b04c:	100024a5                                .$..

1000b050 <__pre_init_runtime_init_clocks>:
1000b050:	10001c3d                                =...

1000b054 <__pre_init_runtime_init_post_clock_resets>:
1000b054:	10001b4d                                M...

1000b058 <__pre_init_runtime_init_rp2040_gpio_ie_disable>:
1000b058:	10001b6d                                m...

1000b05c <__pre_init_runtime_init_spin_locks_reset>:
1000b05c:	10001b81                                ....

1000b060 <__pre_init_runtime_init_mutex>:
1000b060:	10000c05                                ....

1000b064 <__pre_init_runtime_init_install_ram_vector_table>:
1000b064:	10001b89                                ....

1000b068 <__pre_init_runtime_init_default_alarm_pool>:
1000b068:	10000f99                                ....

1000b06c <__pre_init_first_per_core_initializer>:
1000b06c:	10001acd                                ....

1000b070 <__pre_init_runtime_init_per_core_irq_priorities>:
1000b070:	10000661                                a...

1000b074 <__pre_init_runtime_init_per_core_tls_setup>:
1000b074:	100043fd                                .C..

1000b078 <__init_array_start>:
1000b078:	100067ad 	.word	0x100067ad
1000b07c:	10004cc5 	.word	0x10004cc5

Disassembly of section .data:

200000c0 <sem_acquire_blocking>:
200000c0:	b510      	push	{r4, lr}
200000c2:	0004      	movs	r4, r0
200000c4:	e002      	b.n	200000cc <sem_acquire_blocking+0xc>
200000c6:	0020      	movs	r0, r4
200000c8:	f000 fa86 	bl	200005d8 <__vPortLockInternalSpinUnlockWithWait_veneer>
200000cc:	6822      	ldr	r2, [r4, #0]
200000ce:	f3ef 8110 	mrs	r1, PRIMASK
200000d2:	b672      	cpsid	i
200000d4:	6813      	ldr	r3, [r2, #0]
200000d6:	2b00      	cmp	r3, #0
200000d8:	d0fc      	beq.n	200000d4 <sem_acquire_blocking+0x14>
200000da:	f3bf 8f5f 	dmb	sy
200000de:	2204      	movs	r2, #4
200000e0:	5ea3      	ldrsh	r3, [r4, r2]
200000e2:	2b00      	cmp	r3, #0
200000e4:	ddef      	ble.n	200000c6 <sem_acquire_blocking+0x6>
200000e6:	3b01      	subs	r3, #1
200000e8:	80a3      	strh	r3, [r4, #4]
200000ea:	6823      	ldr	r3, [r4, #0]
200000ec:	f3bf 8f5f 	dmb	sy
200000f0:	2200      	movs	r2, #0
200000f2:	601a      	str	r2, [r3, #0]
200000f4:	f381 8810 	msr	PRIMASK, r1
200000f8:	bd10      	pop	{r4, pc}
200000fa:	46c0      	nop			@ (mov r8, r8)

200000fc <sem_acquire_block_until>:
200000fc:	b5f8      	push	{r3, r4, r5, r6, r7, lr}
200000fe:	0004      	movs	r4, r0
20000100:	0017      	movs	r7, r2
20000102:	001e      	movs	r6, r3
20000104:	e006      	b.n	20000114 <sem_acquire_block_until+0x18>
20000106:	003a      	movs	r2, r7
20000108:	0033      	movs	r3, r6
2000010a:	0020      	movs	r0, r4
2000010c:	f000 fa6c 	bl	200005e8 <__xPortLockInternalSpinUnlockWithBestEffortWaitOrTimeout_veneer>
20000110:	2800      	cmp	r0, #0
20000112:	d117      	bne.n	20000144 <sem_acquire_block_until+0x48>
20000114:	6825      	ldr	r5, [r4, #0]
20000116:	f3ef 8110 	mrs	r1, PRIMASK
2000011a:	b672      	cpsid	i
2000011c:	6828      	ldr	r0, [r5, #0]
2000011e:	2800      	cmp	r0, #0
20000120:	d0fc      	beq.n	2000011c <sem_acquire_block_until+0x20>
20000122:	f3bf 8f5f 	dmb	sy
20000126:	2304      	movs	r3, #4
20000128:	5ee0      	ldrsh	r0, [r4, r3]
2000012a:	2800      	cmp	r0, #0
2000012c:	ddeb      	ble.n	20000106 <sem_acquire_block_until+0xa>
2000012e:	3801      	subs	r0, #1
20000130:	80a0      	strh	r0, [r4, #4]
20000132:	6823      	ldr	r3, [r4, #0]
20000134:	f3bf 8f5f 	dmb	sy
20000138:	2200      	movs	r2, #0
2000013a:	601a      	str	r2, [r3, #0]
2000013c:	f381 8810 	msr	PRIMASK, r1
20000140:	2001      	movs	r0, #1
20000142:	bdf8      	pop	{r3, r4, r5, r6, r7, pc}
20000144:	2000      	movs	r0, #0
20000146:	e7fc      	b.n	20000142 <sem_acquire_block_until+0x46>

20000148 <sem_release>:
20000148:	b510      	push	{r4, lr}
2000014a:	6802      	ldr	r2, [r0, #0]
2000014c:	f3ef 8110 	mrs	r1, PRIMASK
20000150:	b672      	cpsid	i
20000152:	6813      	ldr	r3, [r2, #0]
20000154:	2b00      	cmp	r3, #0
20000156:	d0fc      	beq.n	20000152 <sem_release+0xa>
20000158:	f3bf 8f5f 	dmb	sy
2000015c:	2204      	movs	r2, #4
2000015e:	5e83      	ldrsh	r3, [r0, r2]
20000160:	2406      	movs	r4, #6
20000162:	5f02      	ldrsh	r2, [r0, r4]
20000164:	429a      	cmp	r2, r3
20000166:	dc08      	bgt.n	2000017a <sem_release+0x32>
20000168:	6803      	ldr	r3, [r0, #0]
2000016a:	f3bf 8f5f 	dmb	sy
2000016e:	2200      	movs	r2, #0
20000170:	601a      	str	r2, [r3, #0]
20000172:	f381 8810 	msr	PRIMASK, r1
20000176:	2000      	movs	r0, #0
20000178:	bd10      	pop	{r4, pc}
2000017a:	3301      	adds	r3, #1
2000017c:	8083      	strh	r3, [r0, #4]
2000017e:	f000 fa1b 	bl	200005b8 <__vPortLockInternalSpinUnlockWithNotify_veneer>
20000182:	2001      	movs	r0, #1
20000184:	e7f8      	b.n	20000178 <sem_release+0x30>
20000186:	46c0      	nop			@ (mov r8, r8)

20000188 <mutex_enter_blocking>:
20000188:	b570      	push	{r4, r5, r6, lr}
2000018a:	0004      	movs	r4, r0
2000018c:	f000 fa1c 	bl	200005c8 <__ulPortLockGetCurrentOwnerId_veneer>
20000190:	0005      	movs	r5, r0
20000192:	e002      	b.n	2000019a <mutex_enter_blocking+0x12>
20000194:	0020      	movs	r0, r4
20000196:	f000 fa1f 	bl	200005d8 <__vPortLockInternalSpinUnlockWithWait_veneer>
2000019a:	6822      	ldr	r2, [r4, #0]
2000019c:	f3ef 8110 	mrs	r1, PRIMASK
200001a0:	b672      	cpsid	i
200001a2:	6813      	ldr	r3, [r2, #0]
200001a4:	2b00      	cmp	r3, #0
200001a6:	d0fc      	beq.n	200001a2 <mutex_enter_blocking+0x1a>
200001a8:	f3bf 8f5f 	dmb	sy
200001ac:	6863      	ldr	r3, [r4, #4]
200001ae:	3301      	adds	r3, #1
200001b0:	d1f0      	bne.n	20000194 <mutex_enter_blocking+0xc>
200001b2:	6065      	str	r5, [r4, #4]
200001b4:	6823      	ldr	r3, [r4, #0]
200001b6:	f3bf 8f5f 	dmb	sy
200001ba:	2200      	movs	r2, #0
200001bc:	601a      	str	r2, [r3, #0]
200001be:	f381 8810 	msr	PRIMASK, r1
200001c2:	bd70      	pop	{r4, r5, r6, pc}

200001c4 <recursive_mutex_enter_blocking>:
200001c4:	b570      	push	{r4, r5, r6, lr}
200001c6:	0004      	movs	r4, r0
200001c8:	f000 f9fe 	bl	200005c8 <__ulPortLockGetCurrentOwnerId_veneer>
200001cc:	0005      	movs	r5, r0
200001ce:	e004      	b.n	200001da <recursive_mutex_enter_blocking+0x16>
200001d0:	3301      	adds	r3, #1
200001d2:	d00e      	beq.n	200001f2 <recursive_mutex_enter_blocking+0x2e>
200001d4:	0020      	movs	r0, r4
200001d6:	f000 f9ff 	bl	200005d8 <__vPortLockInternalSpinUnlockWithWait_veneer>
200001da:	6822      	ldr	r2, [r4, #0]
200001dc:	f3ef 8110 	mrs	r1, PRIMASK
200001e0:	b672      	cpsid	i
200001e2:	6813      	ldr	r3, [r2, #0]
200001e4:	2b00      	cmp	r3, #0
200001e6:	d0fc      	beq.n	200001e2 <recursive_mutex_enter_blocking+0x1e>
200001e8:	f3bf 8f5f 	dmb	sy
200001ec:	6863      	ldr	r3, [r4, #4]
200001ee:	42ab      	cmp	r3, r5
200001f0:	d1ee      	bne.n	200001d0 <recursive_mutex_enter_blocking+0xc>
200001f2:	7a23      	ldrb	r3, [r4, #8]
200001f4:	6065      	str	r5, [r4, #4]
200001f6:	3301      	adds	r3, #1
200001f8:	7223      	strb	r3, [r4, #8]
200001fa:	6823      	ldr	r3, [r4, #0]
200001fc:	f3bf 8f5f 	dmb	sy
20000200:	2200      	movs	r2, #0
20000202:	601a      	str	r2, [r3, #0]
20000204:	f381 8810 	msr	PRIMASK, r1
20000208:	bd70      	pop	{r4, r5, r6, pc}
2000020a:	46c0      	nop			@ (mov r8, r8)

2000020c <mutex_try_enter>:
2000020c:	b570      	push	{r4, r5, r6, lr}
2000020e:	6802      	ldr	r2, [r0, #0]
20000210:	0004      	movs	r4, r0
20000212:	f3ef 8510 	mrs	r5, PRIMASK
20000216:	b672      	cpsid	i
20000218:	6813      	ldr	r3, [r2, #0]
2000021a:	2b00      	cmp	r3, #0
2000021c:	d0fc      	beq.n	20000218 <mutex_try_enter+0xc>
2000021e:	f3bf 8f5f 	dmb	sy
20000222:	6863      	ldr	r3, [r4, #4]
20000224:	1c5a      	adds	r2, r3, #1
20000226:	d00b      	beq.n	20000240 <mutex_try_enter+0x34>
20000228:	2900      	cmp	r1, #0
2000022a:	d000      	beq.n	2000022e <mutex_try_enter+0x22>
2000022c:	600b      	str	r3, [r1, #0]
2000022e:	2000      	movs	r0, #0
20000230:	6823      	ldr	r3, [r4, #0]
20000232:	f3bf 8f5f 	dmb	sy
20000236:	2200      	movs	r2, #0
20000238:	601a      	str	r2, [r3, #0]
2000023a:	f385 8810 	msr	PRIMASK, r5
2000023e:	bd70      	pop	{r4, r5, r6, pc}
20000240:	f000 f9c2 	bl	200005c8 <__ulPortLockGetCurrentOwnerId_veneer>
20000244:	6060      	str	r0, [r4, #4]
20000246:	2001      	movs	r0, #1
20000248:	e7f2      	b.n	20000230 <mutex_try_enter+0x24>
2000024a:	46c0      	nop			@ (mov r8, r8)

2000024c <recursive_mutex_try_enter>:
2000024c:	b570      	push	{r4, r5, r6, lr}
2000024e:	0004      	movs	r4, r0
20000250:	000d      	movs	r5, r1
20000252:	f000 f9b9 	bl	200005c8 <__ulPortLockGetCurrentOwnerId_veneer>
20000256:	6822      	ldr	r2, [r4, #0]
20000258:	f3ef 8c10 	mrs	ip, PRIMASK
2000025c:	b672      	cpsid	i
2000025e:	6813      	ldr	r3, [r2, #0]
20000260:	2b00      	cmp	r3, #0
20000262:	d0fc      	beq.n	2000025e <recursive_mutex_try_enter+0x12>
20000264:	f3bf 8f5f 	dmb	sy
20000268:	6863      	ldr	r3, [r4, #4]
2000026a:	1c5a      	adds	r2, r3, #1
2000026c:	d006      	beq.n	2000027c <recursive_mutex_try_enter+0x30>
2000026e:	4283      	cmp	r3, r0
20000270:	d004      	beq.n	2000027c <recursive_mutex_try_enter+0x30>
20000272:	2d00      	cmp	r5, #0
20000274:	d000      	beq.n	20000278 <recursive_mutex_try_enter+0x2c>
20000276:	602b      	str	r3, [r5, #0]
20000278:	2000      	movs	r0, #0
2000027a:	e004      	b.n	20000286 <recursive_mutex_try_enter+0x3a>
2000027c:	6060      	str	r0, [r4, #4]
2000027e:	2001      	movs	r0, #1
20000280:	7a23      	ldrb	r3, [r4, #8]
20000282:	3301      	adds	r3, #1
20000284:	7223      	strb	r3, [r4, #8]
20000286:	6823      	ldr	r3, [r4, #0]
20000288:	f3bf 8f5f 	dmb	sy
2000028c:	2200      	movs	r2, #0
2000028e:	601a      	str	r2, [r3, #0]
20000290:	f38c 8810 	msr	PRIMASK, ip
20000294:	bd70      	pop	{r4, r5, r6, pc}
20000296:	46c0      	nop			@ (mov r8, r8)

20000298 <mutex_enter_block_until>:
20000298:	b5f8      	push	{r3, r4, r5, r6, r7, lr}
2000029a:	46ce      	mov	lr, r9
2000029c:	4647      	mov	r7, r8
2000029e:	b580      	push	{r7, lr}
200002a0:	0004      	movs	r4, r0
200002a2:	4690      	mov	r8, r2
200002a4:	001f      	movs	r7, r3
200002a6:	f000 f98f 	bl	200005c8 <__ulPortLockGetCurrentOwnerId_veneer>
200002aa:	4681      	mov	r9, r0
200002ac:	e006      	b.n	200002bc <mutex_enter_block_until+0x24>
200002ae:	4642      	mov	r2, r8
200002b0:	003b      	movs	r3, r7
200002b2:	0020      	movs	r0, r4
200002b4:	f000 f998 	bl	200005e8 <__xPortLockInternalSpinUnlockWithBestEffortWaitOrTimeout_veneer>
200002b8:	2800      	cmp	r0, #0
200002ba:	d119      	bne.n	200002f0 <mutex_enter_block_until+0x58>
200002bc:	6826      	ldr	r6, [r4, #0]
200002be:	f3ef 8110 	mrs	r1, PRIMASK
200002c2:	b672      	cpsid	i
200002c4:	6835      	ldr	r5, [r6, #0]
200002c6:	2d00      	cmp	r5, #0
200002c8:	d0fc      	beq.n	200002c4 <mutex_enter_block_until+0x2c>
200002ca:	f3bf 8f5f 	dmb	sy
200002ce:	6865      	ldr	r5, [r4, #4]
200002d0:	3501      	adds	r5, #1
200002d2:	d1ec      	bne.n	200002ae <mutex_enter_block_until+0x16>
200002d4:	464b      	mov	r3, r9
200002d6:	6063      	str	r3, [r4, #4]
200002d8:	6823      	ldr	r3, [r4, #0]
200002da:	f3bf 8f5f 	dmb	sy
200002de:	2200      	movs	r2, #0
200002e0:	601a      	str	r2, [r3, #0]
200002e2:	f381 8810 	msr	PRIMASK, r1
200002e6:	2001      	movs	r0, #1
200002e8:	bcc0      	pop	{r6, r7}
200002ea:	46b9      	mov	r9, r7
200002ec:	46b0      	mov	r8, r6
200002ee:	bdf8      	pop	{r3, r4, r5, r6, r7, pc}
200002f0:	2000      	movs	r0, #0
200002f2:	e7f9      	b.n	200002e8 <mutex_enter_block_until+0x50>

200002f4 <mutex_try_enter_block_until>:
200002f4:	b5f0      	push	{r4, r5, r6, r7, lr}
200002f6:	b083      	sub	sp, #12
200002f8:	a901      	add	r1, sp, #4
200002fa:	0005      	movs	r5, r0
200002fc:	0017      	movs	r7, r2
200002fe:	001e      	movs	r6, r3
20000300:	f7ff ff84 	bl	2000020c <mutex_try_enter>
20000304:	1e04      	subs	r4, r0, #0
20000306:	d002      	beq.n	2000030e <mutex_try_enter_block_until+0x1a>
20000308:	0020      	movs	r0, r4
2000030a:	b003      	add	sp, #12
2000030c:	bdf0      	pop	{r4, r5, r6, r7, pc}
2000030e:	f000 f95b 	bl	200005c8 <__ulPortLockGetCurrentOwnerId_veneer>
20000312:	9b01      	ldr	r3, [sp, #4]
20000314:	4298      	cmp	r0, r3
20000316:	d0f7      	beq.n	20000308 <mutex_try_enter_block_until+0x14>
20000318:	003a      	movs	r2, r7
2000031a:	0033      	movs	r3, r6
2000031c:	0028      	movs	r0, r5
2000031e:	f7ff ffbb 	bl	20000298 <mutex_enter_block_until>
20000322:	0004      	movs	r4, r0
20000324:	e7f0      	b.n	20000308 <mutex_try_enter_block_until+0x14>
20000326:	46c0      	nop			@ (mov r8, r8)

20000328 <mutex_exit>:
20000328:	b510      	push	{r4, lr}
2000032a:	6802      	ldr	r2, [r0, #0]
2000032c:	f3ef 8110 	mrs	r1, PRIMASK
20000330:	b672      	cpsid	i
20000332:	6813      	ldr	r3, [r2, #0]
20000334:	2b00      	cmp	r3, #0
20000336:	d0fc      	beq.n	20000332 <mutex_exit+0xa>
20000338:	f3bf 8f5f 	dmb	sy
2000033c:	2301      	movs	r3, #1
2000033e:	425b      	negs	r3, r3
20000340:	6043      	str	r3, [r0, #4]
20000342:	f000 f939 	bl	200005b8 <__vPortLockInternalSpinUnlockWithNotify_veneer>
20000346:	bd10      	pop	{r4, pc}

20000348 <recursive_mutex_exit>:
20000348:	b510      	push	{r4, lr}
2000034a:	6802      	ldr	r2, [r0, #0]
2000034c:	f3ef 8110 	mrs	r1, PRIMASK
20000350:	b672      	cpsid	i
20000352:	6813      	ldr	r3, [r2, #0]
20000354:	2b00      	cmp	r3, #0
20000356:	d0fc      	beq.n	20000352 <recursive_mutex_exit+0xa>
20000358:	f3bf 8f5f 	dmb	sy
2000035c:	7a03      	ldrb	r3, [r0, #8]
2000035e:	3b01      	subs	r3, #1
20000360:	b2db      	uxtb	r3, r3
20000362:	7203      	strb	r3, [r0, #8]
20000364:	2b00      	cmp	r3, #0
20000366:	d007      	beq.n	20000378 <recursive_mutex_exit+0x30>
20000368:	6803      	ldr	r3, [r0, #0]
2000036a:	f3bf 8f5f 	dmb	sy
2000036e:	2200      	movs	r2, #0
20000370:	601a      	str	r2, [r3, #0]
20000372:	f381 8810 	msr	PRIMASK, r1
20000376:	bd10      	pop	{r4, pc}
20000378:	3b01      	subs	r3, #1
2000037a:	6043      	str	r3, [r0, #4]
2000037c:	f000 f91c 	bl	200005b8 <__vPortLockInternalSpinUnlockWithNotify_veneer>
20000380:	e7f9      	b.n	20000376 <recursive_mutex_exit+0x2e>
20000382:	46c0      	nop			@ (mov r8, r8)

20000384 <flash_init_boot2_copyout>:
20000384:	b510      	push	{r4, lr}
20000386:	4c08      	ldr	r4, [pc, #32]	@ (200003a8 <flash_init_boot2_copyout+0x24>)
20000388:	7823      	ldrb	r3, [r4, #0]
2000038a:	2b00      	cmp	r3, #0
2000038c:	d10a      	bne.n	200003a4 <flash_init_boot2_copyout+0x20>
2000038e:	2380      	movs	r3, #128	@ 0x80
20000390:	4806      	ldr	r0, [pc, #24]	@ (200003ac <flash_init_boot2_copyout+0x28>)
20000392:	4907      	ldr	r1, [pc, #28]	@ (200003b0 <flash_init_boot2_copyout+0x2c>)
20000394:	055b      	lsls	r3, r3, #21
20000396:	681a      	ldr	r2, [r3, #0]
20000398:	50c2      	str	r2, [r0, r3]
2000039a:	3304      	adds	r3, #4
2000039c:	428b      	cmp	r3, r1
2000039e:	d1fa      	bne.n	20000396 <flash_init_boot2_copyout+0x12>
200003a0:	2301      	movs	r3, #1
200003a2:	7023      	strb	r3, [r4, #0]
200003a4:	bd10      	pop	{r4, pc}
200003a6:	46c0      	nop			@ (mov r8, r8)
200003a8:	20021fd8 	.word	0x20021fd8
200003ac:	100010d0 	.word	0x100010d0
200003b0:	10000100 	.word	0x10000100

200003b4 <flash_enable_xip_via_boot2>:
200003b4:	b510      	push	{r4, lr}
200003b6:	4b01      	ldr	r3, [pc, #4]	@ (200003bc <flash_enable_xip_via_boot2+0x8>)
200003b8:	4798      	blx	r3
200003ba:	bd10      	pop	{r4, pc}
200003bc:	200010d1 	.word	0x200010d1

200003c0 <flash_save_hardware_state>:
200003c0:	4b08      	ldr	r3, [pc, #32]	@ (200003e4 <flash_save_hardware_state+0x24>)
200003c2:	685a      	ldr	r2, [r3, #4]
200003c4:	6042      	str	r2, [r0, #4]
200003c6:	689a      	ldr	r2, [r3, #8]
200003c8:	6082      	str	r2, [r0, #8]
200003ca:	68da      	ldr	r2, [r3, #12]
200003cc:	60c2      	str	r2, [r0, #12]
200003ce:	691a      	ldr	r2, [r3, #16]
200003d0:	6102      	str	r2, [r0, #16]
200003d2:	695a      	ldr	r2, [r3, #20]
200003d4:	6142      	str	r2, [r0, #20]
200003d6:	699b      	ldr	r3, [r3, #24]
200003d8:	6183      	str	r3, [r0, #24]
200003da:	23a0      	movs	r3, #160	@ 0xa0
200003dc:	055b      	lsls	r3, r3, #21
200003de:	681b      	ldr	r3, [r3, #0]
200003e0:	6003      	str	r3, [r0, #0]
200003e2:	4770      	bx	lr
200003e4:	40020000 	.word	0x40020000

200003e8 <flash_restore_hardware_state>:
200003e8:	6842      	ldr	r2, [r0, #4]
200003ea:	4b08      	ldr	r3, [pc, #32]	@ (2000040c <flash_restore_hardware_state+0x24>)
200003ec:	605a      	str	r2, [r3, #4]
200003ee:	6882      	ldr	r2, [r0, #8]
200003f0:	609a      	str	r2, [r3, #8]
200003f2:	68c2      	ldr	r2, [r0, #12]
200003f4:	60da      	str	r2, [r3, #12]
200003f6:	6902      	ldr	r2, [r0, #16]
200003f8:	611a      	str	r2, [r3, #16]
200003fa:	6942      	ldr	r2, [r0, #20]
200003fc:	615a      	str	r2, [r3, #20]
200003fe:	6982      	ldr	r2, [r0, #24]
20000400:	619a      	str	r2, [r3, #24]
20000402:	23a0      	movs	r3, #160	@ 0xa0
20000404:	6802      	ldr	r2, [r0, #0]
20000406:	055b      	lsls	r3, r3, #21
20000408:	601a      	str	r2, [r3, #0]
2000040a:	4770      	bx	lr
2000040c:	40020000 	.word	0x40020000

20000410 <flash_do_cmd_cs>:
20000410:	2314      	movs	r3, #20
20000412:	b5f0      	push	{r4, r5, r6, r7, lr}
20000414:	46d6      	mov	lr, sl
20000416:	464f      	mov	r7, r9
20000418:	4646      	mov	r6, r8
2000041a:	469a      	mov	sl, r3
2000041c:	b5c0      	push	{r6, r7, lr}
2000041e:	4681      	mov	r9, r0
20000420:	8818      	ldrh	r0, [r3, #0]
20000422:	3304      	adds	r3, #4
20000424:	b088      	sub	sp, #32
20000426:	4698      	mov	r8, r3
20000428:	000e      	movs	r6, r1
2000042a:	881b      	ldrh	r3, [r3, #0]
2000042c:	4930      	ldr	r1, [pc, #192]	@ (200004f0 <flash_do_cmd_cs+0xe0>)
2000042e:	0014      	movs	r4, r2
20000430:	4798      	blx	r3
20000432:	4653      	mov	r3, sl
20000434:	0007      	movs	r7, r0
20000436:	8818      	ldrh	r0, [r3, #0]
20000438:	4643      	mov	r3, r8
2000043a:	492e      	ldr	r1, [pc, #184]	@ (200004f4 <flash_do_cmd_cs+0xe4>)
2000043c:	881b      	ldrh	r3, [r3, #0]
2000043e:	4798      	blx	r3
20000440:	4653      	mov	r3, sl
20000442:	0005      	movs	r5, r0
20000444:	8818      	ldrh	r0, [r3, #0]
20000446:	4643      	mov	r3, r8
20000448:	492b      	ldr	r1, [pc, #172]	@ (200004f8 <flash_do_cmd_cs+0xe8>)
2000044a:	881b      	ldrh	r3, [r3, #0]
2000044c:	4798      	blx	r3
2000044e:	4680      	mov	r8, r0
20000450:	f7ff ff98 	bl	20000384 <flash_init_boot2_copyout>
20000454:	a801      	add	r0, sp, #4
20000456:	f7ff ffb3 	bl	200003c0 <flash_save_hardware_state>
2000045a:	47b8      	blx	r7
2000045c:	47a8      	blx	r5
2000045e:	4b27      	ldr	r3, [pc, #156]	@ (200004fc <flash_do_cmd_cs+0xec>)
20000460:	681a      	ldr	r2, [r3, #0]
20000462:	2380      	movs	r3, #128	@ 0x80
20000464:	009b      	lsls	r3, r3, #2
20000466:	4053      	eors	r3, r2
20000468:	22c0      	movs	r2, #192	@ 0xc0
2000046a:	0092      	lsls	r2, r2, #2
2000046c:	4013      	ands	r3, r2
2000046e:	4a24      	ldr	r2, [pc, #144]	@ (20000500 <flash_do_cmd_cs+0xf0>)
20000470:	6013      	str	r3, [r2, #0]
20000472:	1e22      	subs	r2, r4, #0
20000474:	d020      	beq.n	200004b8 <flash_do_cmd_cs+0xa8>
20000476:	21c0      	movs	r1, #192	@ 0xc0
20000478:	2708      	movs	r7, #8
2000047a:	2002      	movs	r0, #2
2000047c:	0549      	lsls	r1, r1, #21
2000047e:	e011      	b.n	200004a4 <flash_do_cmd_cs+0x94>
20000480:	2c00      	cmp	r4, #0
20000482:	d014      	beq.n	200004ae <flash_do_cmd_cs+0x9e>
20000484:	1b13      	subs	r3, r2, r4
20000486:	2b0d      	cmp	r3, #13
20000488:	d929      	bls.n	200004de <flash_do_cmd_cs+0xce>
2000048a:	2d00      	cmp	r5, #0
2000048c:	d00a      	beq.n	200004a4 <flash_do_cmd_cs+0x94>
2000048e:	0023      	movs	r3, r4
20000490:	2a00      	cmp	r2, #0
20000492:	d005      	beq.n	200004a0 <flash_do_cmd_cs+0x90>
20000494:	6e0b      	ldr	r3, [r1, #96]	@ 0x60
20000496:	3a01      	subs	r2, #1
20000498:	7033      	strb	r3, [r6, #0]
2000049a:	0013      	movs	r3, r2
2000049c:	3601      	adds	r6, #1
2000049e:	4323      	orrs	r3, r4
200004a0:	2b00      	cmp	r3, #0
200004a2:	d009      	beq.n	200004b8 <flash_do_cmd_cs+0xa8>
200004a4:	003d      	movs	r5, r7
200004a6:	6a8b      	ldr	r3, [r1, #40]	@ 0x28
200004a8:	401d      	ands	r5, r3
200004aa:	4218      	tst	r0, r3
200004ac:	d1e8      	bne.n	20000480 <flash_do_cmd_cs+0x70>
200004ae:	2d00      	cmp	r5, #0
200004b0:	d1ed      	bne.n	2000048e <flash_do_cmd_cs+0x7e>
200004b2:	0023      	movs	r3, r4
200004b4:	4313      	orrs	r3, r2
200004b6:	d1f5      	bne.n	200004a4 <flash_do_cmd_cs+0x94>
200004b8:	4b10      	ldr	r3, [pc, #64]	@ (200004fc <flash_do_cmd_cs+0xec>)
200004ba:	681a      	ldr	r2, [r3, #0]
200004bc:	23c0      	movs	r3, #192	@ 0xc0
200004be:	009b      	lsls	r3, r3, #2
200004c0:	4393      	bics	r3, r2
200004c2:	4a0f      	ldr	r2, [pc, #60]	@ (20000500 <flash_do_cmd_cs+0xf0>)
200004c4:	6013      	str	r3, [r2, #0]
200004c6:	47c0      	blx	r8
200004c8:	f7ff ff74 	bl	200003b4 <flash_enable_xip_via_boot2>
200004cc:	a801      	add	r0, sp, #4
200004ce:	f7ff ff8b 	bl	200003e8 <flash_restore_hardware_state>
200004d2:	b008      	add	sp, #32
200004d4:	bce0      	pop	{r5, r6, r7}
200004d6:	46ba      	mov	sl, r7
200004d8:	46b1      	mov	r9, r6
200004da:	46a8      	mov	r8, r5
200004dc:	bdf0      	pop	{r4, r5, r6, r7, pc}
200004de:	464b      	mov	r3, r9
200004e0:	781b      	ldrb	r3, [r3, #0]
200004e2:	3c01      	subs	r4, #1
200004e4:	660b      	str	r3, [r1, #96]	@ 0x60
200004e6:	2301      	movs	r3, #1
200004e8:	469c      	mov	ip, r3
200004ea:	44e1      	add	r9, ip
200004ec:	e7df      	b.n	200004ae <flash_do_cmd_cs+0x9e>
200004ee:	46c0      	nop			@ (mov r8, r8)
200004f0:	00004649 	.word	0x00004649
200004f4:	00005845 	.word	0x00005845
200004f8:	00004346 	.word	0x00004346
200004fc:	4001800c 	.word	0x4001800c
20000500:	4001900c 	.word	0x4001900c

20000504 <__aeabi_idiv0>:
20000504:	4770      	bx	lr
20000506:	46c0      	nop			@ (mov r8, r8)

20000508 <memmove>:
20000508:	b5f0      	push	{r4, r5, r6, r7, lr}
2000050a:	4288      	cmp	r0, r1
2000050c:	d90a      	bls.n	20000524 <memmove+0x1c>
2000050e:	188b      	adds	r3, r1, r2
20000510:	4298      	cmp	r0, r3
20000512:	d207      	bcs.n	20000524 <memmove+0x1c>
20000514:	1e53      	subs	r3, r2, #1
20000516:	2a00      	cmp	r2, #0
20000518:	d003      	beq.n	20000522 <memmove+0x1a>
2000051a:	5cca      	ldrb	r2, [r1, r3]
2000051c:	54c2      	strb	r2, [r0, r3]
2000051e:	3b01      	subs	r3, #1
20000520:	d2fb      	bcs.n	2000051a <memmove+0x12>
20000522:	bdf0      	pop	{r4, r5, r6, r7, pc}
20000524:	0005      	movs	r5, r0
20000526:	2a0f      	cmp	r2, #15
20000528:	d80a      	bhi.n	20000540 <memmove+0x38>
2000052a:	1e56      	subs	r6, r2, #1
2000052c:	2a00      	cmp	r2, #0
2000052e:	d0f8      	beq.n	20000522 <memmove+0x1a>
20000530:	2300      	movs	r3, #0
20000532:	5ccc      	ldrb	r4, [r1, r3]
20000534:	001a      	movs	r2, r3
20000536:	54ec      	strb	r4, [r5, r3]
20000538:	3301      	adds	r3, #1
2000053a:	4296      	cmp	r6, r2
2000053c:	d1f9      	bne.n	20000532 <memmove+0x2a>
2000053e:	e7f0      	b.n	20000522 <memmove+0x1a>
20000540:	2703      	movs	r7, #3
20000542:	003e      	movs	r6, r7
20000544:	430d      	orrs	r5, r1
20000546:	000c      	movs	r4, r1
20000548:	0003      	movs	r3, r0
2000054a:	402e      	ands	r6, r5
2000054c:	422f      	tst	r7, r5
2000054e:	d12d      	bne.n	200005ac <memmove+0xa4>
20000550:	0015      	movs	r5, r2
20000552:	3d10      	subs	r5, #16
20000554:	092d      	lsrs	r5, r5, #4
20000556:	46ac      	mov	ip, r5
20000558:	012f      	lsls	r7, r5, #4
2000055a:	183f      	adds	r7, r7, r0
2000055c:	6825      	ldr	r5, [r4, #0]
2000055e:	601d      	str	r5, [r3, #0]
20000560:	6865      	ldr	r5, [r4, #4]
20000562:	605d      	str	r5, [r3, #4]
20000564:	68a5      	ldr	r5, [r4, #8]
20000566:	609d      	str	r5, [r3, #8]
20000568:	68e5      	ldr	r5, [r4, #12]
2000056a:	3410      	adds	r4, #16
2000056c:	60dd      	str	r5, [r3, #12]
2000056e:	001d      	movs	r5, r3
20000570:	3310      	adds	r3, #16
20000572:	42bd      	cmp	r5, r7
20000574:	d1f2      	bne.n	2000055c <memmove+0x54>
20000576:	4665      	mov	r5, ip
20000578:	230f      	movs	r3, #15
2000057a:	240c      	movs	r4, #12
2000057c:	3501      	adds	r5, #1
2000057e:	012d      	lsls	r5, r5, #4
20000580:	1949      	adds	r1, r1, r5
20000582:	4013      	ands	r3, r2
20000584:	1945      	adds	r5, r0, r5
20000586:	4214      	tst	r4, r2
20000588:	d013      	beq.n	200005b2 <memmove+0xaa>
2000058a:	3b04      	subs	r3, #4
2000058c:	089b      	lsrs	r3, r3, #2
2000058e:	3301      	adds	r3, #1
20000590:	009b      	lsls	r3, r3, #2
20000592:	598c      	ldr	r4, [r1, r6]
20000594:	51ac      	str	r4, [r5, r6]
20000596:	3604      	adds	r6, #4
20000598:	429e      	cmp	r6, r3
2000059a:	d1fa      	bne.n	20000592 <memmove+0x8a>
2000059c:	2303      	movs	r3, #3
2000059e:	401a      	ands	r2, r3
200005a0:	19ad      	adds	r5, r5, r6
200005a2:	1989      	adds	r1, r1, r6
200005a4:	1e56      	subs	r6, r2, #1
200005a6:	2a00      	cmp	r2, #0
200005a8:	d1c2      	bne.n	20000530 <memmove+0x28>
200005aa:	e7ba      	b.n	20000522 <memmove+0x1a>
200005ac:	0005      	movs	r5, r0
200005ae:	1e56      	subs	r6, r2, #1
200005b0:	e7be      	b.n	20000530 <memmove+0x28>
200005b2:	001a      	movs	r2, r3
200005b4:	e7b9      	b.n	2000052a <memmove+0x22>
200005b6:	46c0      	nop			@ (mov r8, r8)

200005b8 <__vPortLockInternalSpinUnlockWithNotify_veneer>:
200005b8:	b401      	push	{r0}
200005ba:	4802      	ldr	r0, [pc, #8]	@ (200005c4 <__vPortLockInternalSpinUnlockWithNotify_veneer+0xc>)
200005bc:	4684      	mov	ip, r0
200005be:	bc01      	pop	{r0}
200005c0:	4760      	bx	ip
200005c2:	bf00      	nop
200005c4:	10004b01 	.word	0x10004b01

200005c8 <__ulPortLockGetCurrentOwnerId_veneer>:
200005c8:	b401      	push	{r0}
200005ca:	4802      	ldr	r0, [pc, #8]	@ (200005d4 <__ulPortLockGetCurrentOwnerId_veneer+0xc>)
200005cc:	4684      	mov	ip, r0
200005ce:	bc01      	pop	{r0}
200005d0:	4760      	bx	ip
200005d2:	bf00      	nop
200005d4:	10004a6d 	.word	0x10004a6d

200005d8 <__vPortLockInternalSpinUnlockWithWait_veneer>:
200005d8:	b401      	push	{r0}
200005da:	4802      	ldr	r0, [pc, #8]	@ (200005e4 <__vPortLockInternalSpinUnlockWithWait_veneer+0xc>)
200005dc:	4684      	mov	ip, r0
200005de:	bc01      	pop	{r0}
200005e0:	4760      	bx	ip
200005e2:	bf00      	nop
200005e4:	10004a99 	.word	0x10004a99

200005e8 <__xPortLockInternalSpinUnlockWithBestEffortWaitOrTimeout_veneer>:
200005e8:	b401      	push	{r0}
200005ea:	4802      	ldr	r0, [pc, #8]	@ (200005f4 <__xPortLockInternalSpinUnlockWithBestEffortWaitOrTimeout_veneer+0xc>)
200005ec:	4684      	mov	ip, r0
200005ee:	bc01      	pop	{r0}
200005f0:	4760      	bx	ip
200005f2:	bf00      	nop
200005f4:	10004bc9 	.word	0x10004bc9

200005f8 <striped_spin_lock_num>:
200005f8:	00000010                                ....

200005fc <irq_handler_chain_slots>:
200005fc:	00000000 	.word	0x00000000
20000600:	00010000 	.word	0x00010000
	...
2000060c:	00020000 	.word	0x00020000
	...
20000618:	00030000 	.word	0x00030000
	...
20000624:	00ff0000 	.word	0x00ff0000
20000628:	00000000 	.word	0x00000000

2000062c <irq_handler_chain_first_slot>:
2000062c:	b501      	push	{r0, lr}
2000062e:	6848      	ldr	r0, [r1, #4]
20000630:	3101      	adds	r1, #1
20000632:	468e      	mov	lr, r1
20000634:	4700      	bx	r0

20000636 <irq_handler_chain_remove_tail>:
20000636:	4670      	mov	r0, lr
20000638:	3809      	subs	r0, #9
2000063a:	4901      	ldr	r1, [pc, #4]	@ (20000640 <irq_handler_chain_remove_tail+0xa>)
2000063c:	4788      	blx	r1
2000063e:	bd01      	pop	{r0, pc}
20000640:	10000ae1 	.word	0x10000ae1
20000644:	00000000 	.word	0x00000000

20000648 <last_added.0>:
20000648:	ffffffff 7fffffff                       ........

20000650 <default_alarm_pool>:
	...
20000664:	20000c70 00000000 00000000              p.. ........

20000670 <aeabi_bits_funcs>:
20000670:	00003350 	.word	0x00003350
20000674:	0000334c 	.word	0x0000334c
20000678:	00003354 	.word	0x00003354
2000067c:	00003352 	.word	0x00003352

20000680 <aeabi_bits_funcs_end>:
20000680:	0000534d 	.word	0x0000534d
20000684:	0000434d 	.word	0x0000434d
20000688:	00003453 	.word	0x00003453
2000068c:	00003443 	.word	0x00003443

20000690 <stdio_uart>:
20000690:	10004211 10004315 1000425d 10004329     .B...C..]B..)C..
200006a0:	00000000 00000100                       ........

200006a8 <ucPrimaryCoreNum>:
200006a8:	000000ff                                ....

200006ac <cyw43_poll_worker>:
200006ac:	00000000 10009bfd 00000000 00000000     ................
200006bc:	00000000                                ....

200006c0 <sleep_timeout_worker>:
200006c0:	00000000 10009b65 00000000 00000000     ....e...........
	...

200006d8 <_impure_ptr>:
200006d8:	200006e0 00000000                       ... ....

200006e0 <_impure_data>:
200006e0:	00000000 20000f68 20000fd0 20001038     ....h.. ... 8.. 
	...
20000778:	00000001 00000000 abcd330e e66d1234     .........3..4.m.
20000788:	0005deec 0000000b 00000000 00000000     ................
	...

20000800 <__malloc_sbrk_base>:
20000800:	ffffffff                                ....

20000804 <__malloc_trim_threshold>:
20000804:	00020000                                ....

20000808 <__malloc_av_>:
	...
20000810:	20000808 20000808 20000810 20000810     ... ... ... ... 
20000820:	20000818 20000818 20000820 20000820     ... ...  ..  .. 
20000830:	20000828 20000828 20000830 20000830     (.. (.. 0.. 0.. 
20000840:	20000838 20000838 20000840 20000840     8.. 8.. @.. @.. 
20000850:	20000848 20000848 20000850 20000850     H.. H.. P.. P.. 
20000860:	20000858 20000858 20000860 20000860     X.. X.. `.. `.. 
20000870:	20000868 20000868 20000870 20000870     h.. h.. p.. p.. 
20000880:	20000878 20000878 20000880 20000880     x.. x.. ... ... 
20000890:	20000888 20000888 20000890 20000890     ... ... ... ... 
200008a0:	20000898 20000898 200008a0 200008a0     ... ... ... ... 
200008b0:	200008a8 200008a8 200008b0 200008b0     ... ... ... ... 
200008c0:	200008b8 200008b8 200008c0 200008c0     ... ... ... ... 
200008d0:	200008c8 200008c8 200008d0 200008d0     ... ... ... ... 
200008e0:	200008d8 200008d8 200008e0 200008e0     ... ... ... ... 
200008f0:	200008e8 200008e8 200008f0 200008f0     ... ... ... ... 
20000900:	200008f8 200008f8 20000900 20000900     ... ... ... ... 
20000910:	20000908 20000908 20000910 20000910     ... ... ... ... 
20000920:	20000918 20000918 20000920 20000920     ... ...  ..  .. 
20000930:	20000928 20000928 20000930 20000930     (.. (.. 0.. 0.. 
20000940:	20000938 20000938 20000940 20000940     8.. 8.. @.. @.. 
20000950:	20000948 20000948 20000950 20000950     H.. H.. P.. P.. 
20000960:	20000958 20000958 20000960 20000960     X.. X.. `.. `.. 
20000970:	20000968 20000968 20000970 20000970     h.. h.. p.. p.. 
20000980:	20000978 20000978 20000980 20000980     x.. x.. ... ... 
20000990:	20000988 20000988 20000990 20000990     ... ... ... ... 
200009a0:	20000998 20000998 200009a0 200009a0     ... ... ... ... 
200009b0:	200009a8 200009a8 200009b0 200009b0     ... ... ... ... 
200009c0:	200009b8 200009b8 200009c0 200009c0     ... ... ... ... 
200009d0:	200009c8 200009c8 200009d0 200009d0     ... ... ... ... 
200009e0:	200009d8 200009d8 200009e0 200009e0     ... ... ... ... 
200009f0:	200009e8 200009e8 200009f0 200009f0     ... ... ... ... 
20000a00:	200009f8 200009f8 20000a00 20000a00     ... ... ... ... 
20000a10:	20000a08 20000a08 20000a10 20000a10     ... ... ... ... 
20000a20:	20000a18 20000a18 20000a20 20000a20     ... ...  ..  .. 
20000a30:	20000a28 20000a28 20000a30 20000a30     (.. (.. 0.. 0.. 
20000a40:	20000a38 20000a38 20000a40 20000a40     8.. 8.. @.. @.. 
20000a50:	20000a48 20000a48 20000a50 20000a50     H.. H.. P.. P.. 
20000a60:	20000a58 20000a58 20000a60 20000a60     X.. X.. `.. `.. 
20000a70:	20000a68 20000a68 20000a70 20000a70     h.. h.. p.. p.. 
20000a80:	20000a78 20000a78 20000a80 20000a80     x.. x.. ... ... 
20000a90:	20000a88 20000a88 20000a90 20000a90     ... ... ... ... 
20000aa0:	20000a98 20000a98 20000aa0 20000aa0     ... ... ... ... 
20000ab0:	20000aa8 20000aa8 20000ab0 20000ab0     ... ... ... ... 
20000ac0:	20000ab8 20000ab8 20000ac0 20000ac0     ... ... ... ... 
20000ad0:	20000ac8 20000ac8 20000ad0 20000ad0     ... ... ... ... 
20000ae0:	20000ad8 20000ad8 20000ae0 20000ae0     ... ... ... ... 
20000af0:	20000ae8 20000ae8 20000af0 20000af0     ... ... ... ... 
20000b00:	20000af8 20000af8 20000b00 20000b00     ... ... ... ... 
20000b10:	20000b08 20000b08 20000b10 20000b10     ... ... ... ... 
20000b20:	20000b18 20000b18 20000b20 20000b20     ... ...  ..  .. 
20000b30:	20000b28 20000b28 20000b30 20000b30     (.. (.. 0.. 0.. 
20000b40:	20000b38 20000b38 20000b40 20000b40     8.. 8.. @.. @.. 
20000b50:	20000b48 20000b48 20000b50 20000b50     H.. H.. P.. P.. 
20000b60:	20000b58 20000b58 20000b60 20000b60     X.. X.. `.. `.. 
20000b70:	20000b68 20000b68 20000b70 20000b70     h.. h.. p.. p.. 
20000b80:	20000b78 20000b78 20000b80 20000b80     x.. x.. ... ... 
20000b90:	20000b88 20000b88 20000b90 20000b90     ... ... ... ... 
20000ba0:	20000b98 20000b98 20000ba0 20000ba0     ... ... ... ... 
20000bb0:	20000ba8 20000ba8 20000bb0 20000bb0     ... ... ... ... 
20000bc0:	20000bb8 20000bb8 20000bc0 20000bc0     ... ... ... ... 
20000bd0:	20000bc8 20000bc8 20000bd0 20000bd0     ... ... ... ... 
20000be0:	20000bd8 20000bd8 20000be0 20000be0     ... ... ... ... 
20000bf0:	20000be8 20000be8 20000bf0 20000bf0     ... ... ... ... 
20000c00:	20000bf8 20000bf8 20000c00 20000c00     ... ... ... ... 

20000c10 <malloc_mutex>:
	...

20000c18 <print_mutex>:
	...
