:020000041000EA
:1000000000B5324B212058609868022188439860DF
:10001000D860186158612E4B002199600221596106
:100020000121F02299502B49196001219960352056
:1000300000F044F80222904214D00621196600F024
:1000400034F8196E01211966002018661A6600F04E
:100050002CF8196E196E196E052000F02FF8012189
:100060000842F9D1002199601B49196000215960AB
:100070001A491B48016001219960EB211966A021F2
:10008000196600F012F800219960164914480160C1
:100090000121996001BC002800D000471248134993
:1000A000086003C880F30888084703B5996A0420EC
:1000B0000142FBD001200142F8D103BD02B5186610
:1000C0001866FFF7F2FF186E186E02BD00000240BE
:1000D000000000180000070000035F00212200005C
:1000E000F4000018222000A00001001008ED00E03C
:1000F00000000000000000000000000074B24E7A12
:1001000000200420F7010010CB010010CD010010E9
:10011000C9010010C9010010C9010010C901001077
:10012000C9010010C9010010C9010010CF01001061
:10013000C9010010C9010010D1010010D301001045
:10014000C1010010C1010010C1010010C101001067
:10015000C1010010C1010010C1010010C101001057
:10016000C1010010C1010010C1010010C101001047
:10017000C1010010C1010010C1010010C101001037
:10018000C1010010C1010010C1010010C101001027
:10019000C1010010C1010010C1010010C101001017
:1001A000C1010010C1010010C1010010C101001007
:1001B000C1010010C1010010C1010010C1010010F7
:1001C000EFF30580103800BE00BE00BE00BE00BECA
:1001D00000BE00BEF2EB8871E82D0410142E04104E
:1001E0003802001090A31AE700201E49086006C8D4
:1001F00081F3088810471C480068002801D00020BF
:10020000F3E70DA40ECC002902D000F012F8F9E7B4
:100210001649174A002000E001C19142FCD115495E
:100220008847154988471549884700BEFDE701C939
:1002300001C29A42FBD37047142E0410C000002064
:10024000200C002074390410000004200000042059
:100250007439041000100420001004200000000075
:100260007047000008ED00E0000000D0200C0020E6
:10027000DC1F0220713D001025030010693D0010B5
:1002800070B506F061FA002816D101260B4C0C4D12
:100290000020217806F048FA28680B21431C2B60C7
:1002A00001F046FD002902D0237873402370FA2024
:1002B000400005F0E9FCEBE701F00AFCDA1F022040
:1002C000181200200023802210B582B0019302335F
:1002D0000093124900231248920005F001FBFF240D
:1002E00003F078FEC3B2002B0FD01A00613A204011
:1002F000192A0FD9413B192B09D8203003F0A8FE49
:1003000003F068FEC3B2002BEFD102B010BD03F0C2
:100310009FFEE5E7203803F09BFEE1E780B0001088
:100320008102001000B585B003F04EFE03AB0193CF
:10033000802201230549009392000023044805F020
:10034000CFFA05F069FB002005B000BD8CB00010AD
:10035000C5020010094A83009A1810B5146840229B
:10036000544080322240064CC000A44663441A60C8
:10037000044B9C466044416010BDC04604C001402F
:1003800004D0014000400140074B8000C3181B68A7
:10039000C90092000A435A400C231340034A944672
:1003A000604403607047C04604C0014004D001406F
:1003B0008000002905D0064B9C4602236044036060
:1003C0007047044B9C46022360440360F8E7C04634
:1003D00004E0014004F00140D0231B061B6830B547
:1003E0005C000500E418C308072028408000814015
:1003F0001800094D3C30240180009B0041511B191D
:10040000002A04D0054A94466344196030BD044A6A
:10041000944663441960F9E70040014000610140DF
:1004200000710140D0231B061B6870B5064D9B0070
:100430005C59204205D104430D205C5100F066F95F
:1004400070BD01F045FBC046C41D002010B504007E
:100450000D2000F047FAD0231B061B6802499B00C1
:100460005A58A2435A5010BDC41D00200123D02267
:100470008340120693629361094A83009A181168B7
:100480004022514080320A400649C0008C466344F5
:100490001A60054B9C460523604443607047C04684
:1004A00004C0014004D00140004001400FB400B539
:1004B000084883B003F018FE049B002B07D005A961
:1004C0001800019103F016FC034803F00DFE012013
:1004D00003F028FC98B0001068B2001010B5014875
:1004E000FFF7E4FFA8B00010EFF3108072B6034AE4
:1004F0001368002BFCD0BFF35F8F70472C0100D036
:10050000BFF35F8F0022024B1A6080F310887047A0
:100510002C0100D070B5EFF3108C72B60D4D2B6826
:10052000002BFCD0BFF35F8F0724CB08C618C05C3C
:1005300001230C40A3401C000440034207D1184390
:100540003070BFF35F8F2C608CF3108870BD10008B
:10055000FFF7ACFF2C0100D0F8B54746CE468846E1
:1005600080B5EFF3108C72B6214D2C68002CFCD0B6
:10057000BFF35F8F9A422CD8D4080727055D061970
:1005800001241740BC402C421FD007210127894677
:1005900009E0D408055D06194C4639001440A14015
:1005A0000C00294211D001329342F2D20120404284
:1005B000BFF35F8F00220E4B1A608CF31088002867
:1005C0000FDBC0BCB946B046F8BD254310003570FE
:1005D000EEE7BFF35F8F00232B608CF310880120C0
:1005E00040424346002BECD00898FFF75FFFC0461F
:1005F0002C0100D030B5EFF3108C72B60A4C236892
:10060000002BFCD0BFF35F8F072301220B409A40E1
:10061000CD08435D93434355BFF35F8F00232360B1
:100620008CF3108830BDC0462C0100D0044A1078ED
:10063000431CDBB2172B00D9102313707047C04640
:10064000F80500200021044B044ABFF35F8F02C36A
:100650009342FAD17047C046000100D0800100D01B
:10066000054B064A1360064A136053609360D360DB
:1006700013615361936170478080808000E400E0E3
:1006800004E400E01F2318401E3B8340002905D0EE
:10069000C021044A49005350136070478022014929
:1006A0008B50FAE700E100E001238340014A136028
:1006B0007047C04600E200E010B5EFF3108C72B650
:1006C0000F4A1368002BFCD0BFF35F8F0D4B103027
:1006D0009B6880001B580C4A934201D099420CD170
:1006E000084B9B681950BFF35F8FBFF35F8F0022E9
:1006F000034B1A608CF3108810BD01F0E9F9C04675
:10070000240100D000ED00E0C1010010F0B5574613
:100710004E46DE464546E0B58A4685B00600EFF314
:10072000108972B663490B68002BFCD0BFF35F8F52
:100730000021614B59568C46002900DAB7E0490088
:100740000D005E4C6544AD0067190291B979103611
:1007500019705B4BB1009B6801915B58191B2F29E5
:1007600035D8012118008843C679964200D875E033
:100770009B46029B019E9846039507E04D006D182D
:10078000AD006519EB7993424ED9280006214156F8
:100790000029F3DA45465B4601960295061D494D50
:1007A0000396039E043FBF1B3F05474E7F0D374313
:1007B0006646878086710298604480002418E27142
:1007C00052464248A5802060A171A26018E04049CD
:1007D0008B4200D06BE03F4B3B4963533E4B0235AD
:1007E000043B65195B1B1B055B0D0B437B803B4B7F
:1007F000FA71BB80FF23BB715346BB6001233B43AF
:100800002F4A019992685350BFF35F8FBFF35F8FF8
:100810000022284B1A6089F3108805B0F0BCBB4653
:10082000B246A946A046F0BD019646460296868885
:100830005B467605B346061D039D03965E46361558
:10084000B346061DB046C3445E4604356519751BA4
:10085000E0262D056D0D36023543A2E7204BFA71D7
:100860009C46030066461B1B5B415E43360DB44647
:10087000AE1CB046A0444646164B6353164B043597
:10088000043B9B1B1B05104E5B0D33437B806319A0
:10089000C31A043B1B055B0D3343BB806346BB712E
:1008A0005346BB60094B03603B000B43A8E701F0D4
:1008B0000FF9C046240100D0D91F0220FC050020FA
:1008C00000ED00E001BD000000E0FFFF01488047AF
:1008D000C101001000A1FFFF2C06002001BDFFFF99
:1008E000AAAA0000F0B5DE4657464E464546E0B59A
:1008F00083B0EFF3108C72B6634A1368002BFCD000
:10090000BFF35F8F614B624C9A68030010339D0008
:100910005259A146A2423DD08A424ED05D4C161B90
:100920002F2E37D80127BA4687405B4EB04636682F
:100930003E401F27B34656463840864047468020F3
:1009400001963E50BFF35F8FEFF30580804600288D
:1009500035D0834200D094E0100053469843866817
:10096000B14208D17BE07B00DB199B00E3189E6855
:10097000B14236D018000627C757002FF3DAB1422C
:1009800059D05B46002B27D0C021434B019849002A
:10099000585018603D4B9B685A51BFF35F8FBFF3AF
:1009A0005F8F0022384B1A608CF3108803B0F0BCC4
:1009B000BB46B246A946A046F0BD2200EAE71000B9
:1009C000534698438668B142D5D106268657030020
:1009D000002E0ADA4A4636E080232F490198C85093
:1009E000D8E706269E57002E26DB71008819800066
:1009F0002718B846BF689F604746FF79DF714746B2
:100A0000BF797FB29F71002F27DB4746BF887F05E4
:100A10003F15B846E0278044E01A40440005400DE9
:100A20003F02384398808B191C499B000878E318D3
:100A300098710E70A5E703004146002914D1FF31DB
:100A400081711749818015480178997115491B1BDF
:100A50005B415943090D017093E71348E2E706260D
:100A600086570300002EC0DA10491148C91A083908
:100A70004C02640D204398800E4849080143D980F8
:100A80007FE701F025F8C046240100D000ED00E02A
:100A9000C1010010FC05002000E100E0D91F022088
:100AA00001BDFFFFAAAA000001BD0000360600201C
:100AB00000F0FFFF00F8FFFF10B5830804000320DB
:100AC0002040FF24054AC0009446844081409B009A
:100AD00063441A68A2430A431A6010BD00E400E0B0
:100AE00070B501240443EFF30581EFF3108C72B667
:100AF000214A1368002BFCD0BFF35F8F1F4B05000A
:100B00001F4AED1A6D416A43120D1E4D8900AE68F1
:100B100052B27658A6421CD00621595691421CD09A
:100B200012215956914222D01E215956914220D06D
:100B30002A2159560324914210D0134B19781A7068
:100B40008171BFF35F8F00220B4B1A608CF310880A
:100B500070BDAB680D4C5C50EFE7002461000919D3
:100B600089005B18FF21997109499980E5E7012403
:100B7000F4E70224F2E7C046240100D0FC0500207F
:100B8000AAAA000000ED00E0D91F0220C101001058
:100B900001BDFFFF1F2110B5091A0248FFF72AFD0A
:100BA00010BDC046DB1F022010B5084B084C82B0B8
:100BB00001000093002205232000FFF7CDFC002850
:100BC00001DB1F23181A02B010BDC046B8B00010D8
:100BD000DB1F022070B504000E001500FFF726FD94
:100BE0000100200000F006F8A680E580BFF35F8FCB
:100BF00070BDC046024B9C4661448900016070474D
:100C000040000034F8B5124C124DAC4212D201260D
:100C1000002776422368002B0DD0FFF707FD010067
:100C20002000FFF7E7FF66602772BFF35F8F0C3489
:100C3000AC42EFD3F8BDFFF7F9FC01002000FFF74D
:100C4000D9FF6660BFF35F8F0834AC42E2D3F1E7AF
:100C5000100C0020200C002010B50400FFF7E6FC6B
:100C600001002000FFF7C6FF01235B426360002301
:100C70002372BFF35F8F10BDF0B5DE4657464E4678
:100C80004546E0B583B0EFF3058203231340B54A30
:100C9000990052580091904601229A409346B24BD7
:100CA0001A60B24B01935B46B14843634346082246
:100CB0009B5E9946002B3ADA43469B881BB2002B79
:100CC00000DB9DE043469B79002B00D0E1E04346EA
:100CD00008241C5F002C20DB43465A6963001B1963
:100CE000DB00D3189D68DC686B1C00D103E1A048D1
:100CF000009984466144826A0B69AE1A9B1A9E422F
:100D000013D35A46036A1A420FD0994800F054FC94
:100D10008C4202DCC7D18542C5D940BF03B0F0BCCC
:100D2000BB46B246A946A046F0BD0D61EDE742467E
:100D300052695B0092464B44DB009A4453469E68DE
:100D4000DF6800F039FC8F42B6DC00D1F8E0002FFC
:100D500000DAD9E05246534654691B69019A93421E
:100D600000D1CCE0414652460820085E528800047B
:100D700021001043984704000D0023002B4300D1AD
:100D8000C2E0002D00DBDFE030003900001BA9418C
:100D900053469860D96000229A5E002A00DA8BE7F9
:100DA00043465D6953009C18E4002C19A768E46869
:100DB0008C4200DD80E702D1874200D97CE74646BD
:100DC000328108360DE08C4200D1C6E01E000023BF
:100DD000F25E002A0ADB53009C18E4002C19A76875
:100DE000E4689B18DB00EB188C42ECDD53461A805C
:100DF0004B46338043469B881BB2002B00DA61E7E9
:100E000043461A69EFF3108172B61368002BFCD0C9
:100E1000BFF35F8F43469E88012342465B42938027
:100E200036B21369BFF35F8F00221A6081F3108816
:100E3000002E00DA46E743465D69083342469C4689
:100E40007700BF19FF00EF19BB686046984608237A
:100E5000D15E9246FC68002907DA0EE0A24246D035
:100E600018000023C15E002906DB4B005B18DB0085
:100E7000EB18DA68A242F1DD524606800023FE5EDE
:100E80003980002EDCDA904643469B79002B00D156
:100E90001DE7002342469371434646460821595EAA
:100EA00008364B1C00D138E747468946556902E0B1
:100EB00006004B1C18D04B005B18DB00E8180A003A
:100EC0008C46E95E43881BB2002BF1DA01235B42BA
:100ED000DC178360C4604A4503D031803B890380BE
:100EE0003A81E1464B1CE6D1B8464C46F2E69A6898
:100EF0004245B5D9C0E7631C00D0F8E605E72000FD
:100F000023699847002825D1534642461B88138100
:100F10001269EFF3108372B611680029FCD0BFF399
:100F20005F8F4246514652880A8042464946518068
:100F30001269BFF35F8F0021116083F31088BBE655
:100F4000864200D803E7B7E6094800F035FB0019F0
:100F500069411DE7656824680FE7874200D835E7D7
:100F600044E7C046141B00203C700540790C00107B
:100F700000400540074810B50268EFF3108172B6D3
:100F80001368002BFCD0BFF35F8F03F0B9FD002086
:100F9000002110BDD81E002070B52E4C2569002DF3
:100FA00004D00A212C48FFF725FE70BD2B4E0321EB
:100FB000300000F0DFFAE660FFF738FB284B032231
:100FC0009C46D02322701B061B6801216370254BB1
:100FD0006044A3600F238000206102206380636966
:100FE0004942A18019800231198647311D83585228
:100FF00018315A5275325C3999521832013199526E
:10100000183201319952183201319952083518328B
:101010009D520231183299521832013199521832C8
:1010200001319952183201319952183201319952D5
:101030001832013199520C4B0C49DC600130356299
:10104000FFF73AFB01210320FFF71CFB084B1D6053
:10105000A7E7C04650060020D81E002000400540EB
:1010600040000034FFFF1000141B0020790C00101A
:10107000386005400048704750060020F8B505006C
:1010800018200F0001F03CFA041E45D0182138004A
:1010900001F054FA606100283BD00121280000F0E3
:1010A0007BFAE5600600FFF7C1FAD022267012062F
:1010B00012681A4B62709C460122BBB252426044D5
:1010C000800063819B1820612281A2806380002FB1
:1010D0000BD079006269C919C900114B89181380B6
:1010E000013318329BB28A42F9D10127B7400D4B28
:1010F000B20030000C492F62D450FFF7DDFA012115
:101100003000FFF7BFFA094B9C4665442F60200072
:10111000F8BD200001F034FA0024F8E74000003464
:10112000FFFF0000141B0020790C00103820000085
:10113000124B70B5040098421ED001230578C66892
:10114000AB400F4A3362B218136001212800FFF749
:1011500099FA28000B49FFF7C5FB2900300000F081
:1011600013FA00212278084B60699200D15001F0F7
:1011700007FA200001F004FA70BDC04650060020B6
:1011800038300000790C0010141B0020F8B51F0047
:1011900008AB1B7804001600002B08D100F014FAED
:1011A00032003B00121A8B41002B00DA53E0226917
:1011B000EFF3108072B61368002BFCD0BFF35F8F83
:1011C0000223E15E63694A005218D2009B1800298D
:1011D00037DB1A8862802269BFF35F8F00251560B4
:1011E00080F31088069A9E60DF601A61079A5A6140
:1011F0005A8801325204520C101C002A1FD082B2AD
:101200005880080410432669EFF3108772B63268DD
:10121000002AFCD0BFF35F8FA2881A80A1802369C7
:10122000BFF35F8F00221A6087F310880B49237881
:101230008C4601329A40E36863441A60F8BD01208D
:10124000DDE72369BFF35F8F00221A6080F3108807
:1012500001204042F2E70020F0E7C0463C200000B9
:1012600070B501000469EFF3108C72B62068002895
:10127000FCD0BFF35F8F02200D5E4C6968004019FF
:10128000C0002418002D37DB208848800869BFF390
:101290005F8F002606608CF31088E36063880498F3
:1012A000013320615B0405985B0CA26060611A1C2D
:1012B000002B1FD093B22804628018430A69EFF311
:1012C000108C72B61368002BFCD0BFF35F8F8B8835
:1012D00023808D800B69BFF35F8F00221A608CF32F
:1012E00010880B7801329A40CB6808498C466344D9
:1012F0001A6070BD0122DDE70B69BFF35F8F00222A
:101300001A608CF3108801204042F2E73C20000074
:1013100010B543890A1493421ADD53009B184269A1
:10132000DB00D3180469EFF3108C72B62268002A30
:10133000FCD0BFF35F8F5A88090494B2090C8A422B
:1013400008D00369BFF35F8F00221A608CF3108806
:10135000002010BD8022120214435C800123026928
:101360008371BFF35F8F002111608CF310880449F3
:1013700002788C469340C268012062441360E8E71B
:101380003C20000040787047F0B54746CE46040048
:1013900080B50D0096267642F71736196F4183B057
:1013A0008F4215D812D000F00FF932003B00121A0C
:1013B0008B41002B16DC002B40D02000290000F0D0
:1013C00041F903B0C0BCB946B046F0BD8642EAD987
:1013D0000026002700F0F8F832003B00121A8B417B
:1013E000002BE8DD00F0F0F832003B00121A8B41D0
:1013F000002B0ADB00230193124B320000931248AA
:101400003B00FFF72DFF0028D7DBB846B1460F4F52
:101410000F4E7B6A984504D8BA6A9145CDD9984554
:10142000CBD13268EFF3108172B61368002BFCD079
:10143000BFF35F8F300003F02FFBEAE7002ABCD038
:10144000D0E7C046750F0010500600200040054050
:10145000D81E0020F0B5D6464F464646C0B504001B
:101460000D0082B0EFF305830F00002B31D13B4B11
:1014700098461B68834227D0394B9946DB689A46C9
:101480004B4650461E7800F097F80B00514602007C
:101490000436B60071582000891A8C4629000026AF
:1014A000801A99418E4224DC21D020BF2D4A536AF4
:1014B000BB422AD3926A0120A24213D302B0E0BCFD
:1014C000BA46B146A846F0BD43465B688B42D3D1CD
:1014D000EBE7244900204B6AAB42EFD38A6A013024
:1014E000A242EBD25B1B5A1E9341D8B2E6E7844579
:1014F000DBD900F069F822002B00121A8B41002B77
:1015000005DA184A536ABB42D4D20020D6E700233A
:101510000193154B2200009348462B00FFF7A0FED5
:10152000011EEEDD43461C605D600E4B5A6ABA42F6
:1015300011D39B6AA3420CD34846FFF7E9FE094A40
:101540000020536ABB42B9D3926A0130A242B5D29D
:10155000C8E7BA42F0D120BFEEE7C04648060020F7
:101560005006002000400540750F001000487047ED
:101570000040054010B5024A0248FEF7CBFF10BDFF
:10158000D4B00010E811002010B50248FFF732F87F
:1015900010BDC046E811002000B5054B83B0009394
:1015A000002203230348FEF7D7FF03B000BDC04667
:1015B000F8B00010E81100200300416A0A00986AA0
:1015C000596A8A42FAD17047034B596A0A00986AED
:1015D000596A9142FAD170470040054070B5040045
:1015E0000D00174A536A1900966A536A8B42FAD162
:1015F0003000190024184D41AB4216D813D0104AC0
:101600002B00526A954203D90D494A6A9A42FCD38B
:101610009A4207D10A4A02E0516A994202D1916A7C
:10162000A142F9D370BDA642E9D9054B5B6A1C0003
:101630005A1CEFD0012301246442E5175B42E3E723
:1016400000400540064A536A9942FCD807D1044B32
:1016500002E05A6A914202D19A6A8242F9D37047F3
:1016600000400540F8B5040006200D0000F078F9B0
:10167000002844D0374B3849E3185A1E9341802242
:10168000120494465B429B0D344A9B0563441360ED
:10169000334A136018000A689043FBD12D4B314A3E
:1016A000E31859424B4180215B00490006209952C2
:1016B00000F056F92900C00000F062FB0130C309B8
:1016C0001ED1402701226262A362266BF30722D457
:1016D000E36A254B0620E51800232B60266300F003
:1016E0003FF93900800000F04BFB7023E26A5A405A
:1016F0000E3313402B601D4B23630323A364F8BDFB
:101700001B4A93421ED900231A4A1B4F6262A362EE
:10171000266BF307DCD5194B144AE3181A60656A87
:10172000A36A0620AD01ED1800F01AF9144900F083
:1017300027FBAD020100280000F022FB0021FFF78B
:101740004DFFC5E74006800E9F011A003F180300B9
:10175000B9E7C0460080FCBF08C0004000E0004080
:1017600000F00040DC1E00202C10000001030000EF
:10177000FEFF0000FFFF0000C0FF3F003030000010
:101780004E0E0000F8B5DE464E4657464546E0B5DB
:101790008B4605000A991800160000F0F1FA0A9B22
:1017A0006C001F02324B64199C46A40064446368B9
:1017B00081469F4200D967602B1FDBB29846012B00
:1017C00030D9C02380229B01E31812011A60294BF3
:1017D000AD0059599A4600291BD17301E0262268B1
:1017E00053401E40802342465B01E3181E60012ADD
:1017F00030D9802380229B01E31812011A605346DE
:101800004A4667605A51F0BCBB46B246A946A0465C
:10181000F8BD586900F0B4FA013043001B18033BCF
:10182000FDD2DAE75B46012BCBD1C02303229B011B
:10183000E3181A60023AA3681A42FCD07301E0264A
:101840002268AD0053401E4080230A4A5B01924645
:10185000E3181E605A462168514003220A401A606C
:1018600001225B469A40A3681A42FCD0C1E7C046F9
:1018700000800040F0110020F0B546464F46D646A5
:10188000C0B51F00344B44009C462418A400644497
:10189000636888461600FF2B02D880235B006360D4
:1018A000031FDBB29A46012B30D9C02380229B0153
:1018B000E31812011A60294B8500595999460029ED
:1018C0001BD17301E026226853401E4080235246FC
:1018D0005B01E3181E60012A30D9802380229B011E
:1018E000E31812011A6080235B0063604B465F516E
:1018F000E0BCBA46B146A846F0BD586900F040FACF
:10190000013043001B18033BFDD2DAE74346012BAD
:10191000CBD1C02303229B01E3181A60023AA368CB
:101920001A42FCD07301E0262268850053401E4015
:1019300080230A4A5B019146E3181E6042462168F3
:10194000514003220A401A60012342469340A26894
:101950001342FCD0C1E7C04600800040F0110020D7
:10196000014B8000C0587047F0110020F8B504000A
:1019700021481E0017000D0000F002FA0100380097
:1019800000F0FEF9069B36041B031E432368002B60
:1019900020DB1A4B1A49E3185A1E93418022920108
:1019A00094465B421B0B174A1B0363441360164AA1
:1019B00013601F000A689743FBD1144B2560E2189F
:1019C0002123A06013602368002BFCDA0823E66063
:1019D0001360F8BD3F2322681340AB42D9D1A368FE
:1019E0001B051B0D8342D4D1EE22E368D2021340C3
:1019F000B342CED1EDE7C046001BB7000040FDBFAB
:101A000008C0004000E0004000F00040043000004A
:101A10008023024A9B000B43D3627047008005403D
:101A2000142310B50100188804331B88984710BD93
:101A3000162310B50100188802331B88984710BD83
:101A4000F8B54746CE4680B50F1E19D014239946E7
:101A5000043304000025012698464B461888434667
:101A600021681B88984701C4431E984101354042B4
:101A70000640AF42F1D13000C0BCB946B046F8BD17
:101A80000126F8E7142370B50400188804330D000C
:101A90001B88034998472900030020009847C04647
:101AA00055420000AA23064A1B0113608D235B00E8
:101AB000D3600449044B19605368002BFCDA70476B
:101AC0000040024000B0FA00006002407047C0468B
:101AD00010B50148FEF7EAFC0CB1001070B5074DD7
:101AE000074EB54209D20024013E761BB60808CD48
:101AF000984723000134B342F9D170BD38B00010CB
:101B000078B00010054B064A06491A60064A074B92
:101B10001A6010000B689843FBD1704700E000404A
:101B2000BFCDFBFE08C00040FE7F3C0000F000403F
:101B3000044BDB6C002B03D18022034BD2021A60D2
:101B40007047C046000011504C201150044A054B0C
:101B50001A60054A1368DB018033FBD17047C04629
:101B6000FFFFFF0100F0004008C000404022034B8F
:101B70009A675A671A67DA667047C04600F00140F4
:101B800010B5FEF75FFD10BDF8B52749274C284D6D
:101B9000641AA4082200302C00D9302228009200B8
:101BA00000F00CFD2F2C3BD830202F21A700EB1983
:101BB0005B07204A001BDB0F091B052916D92600ED
:101BC000002B01D0EA51661CC01AE3189B004108A3
:101BD000EB18C900C9181A605A6008338B42FAD151
:101BE000012303421CD098438419A700EA51631CC7
:101BF0002F2C15D09B00EA50A31C2E2C10D09B003C
:101C0000EA50E31C2D2C0BD09B00EA50231D2C2CFA
:101C100006D09B00EA50631D2B2C01D09B00EA509C
:101C2000054B9D60F8BDC04600010010C0010010CA
:101C300000000020C101001000ED00E0002310B5FD
:101C4000294C82B0A367FFF72DFF0122274B1A60B2
:101C5000636C012BFCD10322254B1A60224A936B43
:101C6000012BFCD1013300930121224A2248043385
:101C7000FFF77CFE052301210093204A2048FFF74F
:101C800075FE0022022104201E4BFFF7F5FD002205
:101C9000012105201C4BFFF7EFFD0022002107204A
:101CA0001A4BFFF7E9FD002200210820174BFFF730
:101CB000E3FD8023DB000093002200210920134B69
:101CC000FFF760FD0022104B00210620FFF7D4FD36
:101CD0000420FFF745FE0E4900F052F801000020F5
:101CE000FFF796FE02B010BD008000403CB00040FF
:101CF00030B00040002F685900800240008C8647B9
:101D000000C00240001BB70040597307006CDC02A2
:101D100040420F0001480421014B18477006002083
:101D2000411A0010014B9B68184700007006002004
:101D3000124A936F9B0815D29066D166002905D090
:101D4000FFE7FFE7FFE7516F106F704704B5802191
:101D50000906C2175140002800D0C84309F004F911
:101D6000002104BDF0B5146E556E576F166FFFF766
:101D7000E3FF1466556657671667F0BD000000D094
:101D8000114A936F9B0813D210665166002905D043
:101D9000FFE7FFE7FFE7516F106F704704B50028BA
:101DA00001D00020C04309F0DFF8002104BDC04687
:101DB000F0B5146E556E576F166FFFF7E5FF14669A
:101DC000556657671667F0BD000000D094464A4A32
:101DD000926F9208624601D228E0C046F0B5464EA6
:101DE000346E756E776F366F00F020F89446424A75
:101DF00014665566576716676246F0BD94463E4ABC
:101E0000926F9208624601D254E0C046F0B53A4E55
:101E1000346E756E776F366F00F04CF89446364A24
:101E200014665566576716676246F0BD002B24DBC3
:101E300011D000293EDA00B5C943404200D101313A
:101E400000F038F8C943404200D10131DB4352422F
:101E500000D1013300BD002AEBD1002801D10029B7
:101E600005D00020C90FC90701D1C043410800B502
:101E700009F082F80022002300BD00B500290ADB2A
:101E8000DB43524200D1013300F014F8C943404211
:101E900000D1013100BDC943404200D10131DB43D3
:101EA000524200D1013300F005F8DB43524200D129
:101EB000013300BD002923D1002B18D1002A0CD0FA
:101EC000BC460D4F38667A6600210023FFE7FFE726
:101ED000FFE77A6F386F67467047002801D00748E0
:101EE000010000B509F048F80022002300BD0200FF
:101EF0000B00002000217047000000D0FFFFFFFF13
:101F0000002B00D0BFE0130C28D1002AE7D080B40A
:101F1000114F39667A66FFE7FFE730B4040C7B6F38
:101F2000396F1B0423433B667A66FFE7FFE7FFE751
:101F3000C04684B27B6F3D6F1B0423433B667A66C9
:101F4000FFE7FFE7C04600232C042D0C7A6F386FA3
:101F500000196941B0BC7047000000D0F0B594464C
:101F60000025140E01D112020835140F01D11201FF
:101F70000435940F01D192000235D40F01D15200E3
:101F80000135D40B0134254F7C66254C3C660E0C84
:101F900093B2FFE7FFE7FFE73C6F6643360C77033A
:101FA000BE467343DF0B5B04C01AB941130C734385
:101FB000DB18C91ACE086643360CB64493B2734395
:101FC0001F0F1B01C01AB941130C73431F0B1B05D4
:101FD000C01AB941860D8F023E436643360C092D67
:101FE00024DB520A7243801A7703460A6643360C92
:101FF00016235B1BDE40DF40BF1964466643821B2D
:102000007046043506330100D940A840C01900D3FA
:102010000131A24206D20023F0BD0000000000D032
:10202000FFFFFFFF121B0130F3D3F1E709277F1BEE
:10203000FE406446A2B27243801A00D20139220CDB
:102040007243130C1204821A99410B007046043536
:1020500013370100F940A840801900D30131002B4B
:1020600002D1A2420AD2F0BD013000D30131121BCD
:10207000FAD2013BF8D1A24200D2F0BD013000D328
:102080000131121BF7E7F0B51C0C00D080E00CB456
:1020900000251C0A04D11B02160E33431202083518
:1020A0001C0B04D11B01160F3343120104359C0B8A
:1020B00004D19B00960F334392000235DC0B02D112
:1020C00092185B4101351C00971864410134464F5A
:1020D0007C66464C3C660E0CFFE7FFE7FFE7C04618
:1020E0003C6F6643360C7703BE4697B27743C01BFE
:1020F00000D20139C01B00D201399FB27743C91BFE
:10210000C91B170C77437E04FF0B801BB941CE0817
:102110006643360C0C2D33DBB644120B1F053A43D5
:102120001B0B97B27743C01B00D201399FB2774394
:10213000C91B170C77433E043F0C801BB941860D29
:102140008F023E43664329277F1BFE400C3D7746A6
:10215000AF40BF1930BCA2B2ABB272437343801A16
:102160009941220C7243130C1204801A9941020007
:102170000B000137001BA941F9D2781E0021F0BDE8
:102180000C277F1BFE4077467F0BAF40FF19E0E72F
:1021900000245D1C07D0144F7D663966FFE7FFE71A
:1021A000FFE7FFE73C6F95B29EB265436643401B75
:1021B000B141150C1E0C6543664336042F0C3E439B
:1021C0002D04401BB141994204D202000B002000B3
:1021D0000021F0BD01D19042F7D3801A994101341A
:1021E0009942F2D3F6E70000000000D0FFFFFFFFA6
:1021F00048404140484018B4134B5B68019308BD08
:1022000018B4114B1B68019308BD94460F4A926F96
:10221000920805D2624618B40B4BDB68019308BDE7
:102220000A4AF0B5146E556E576F166F6246FFF787
:10223000F2FF064A1466556657671667F0BD18B474
:10224000014B9B68019308BDF00D0020000000D0F9
:10225000FFB550404240504059404B40594000E08B
:10226000FFB5154F4C00640D03D0BC4204D10C03E4
:1022700014D80020090D09055C00640D03D0BC4290
:1022800004D11C030AD800221B0D1B0501264B405C
:1022900009D44B4003D58B4200D18242FFBD994205
:1022A000FCD19042FFBD0B43DB1803431343F5D031
:1022B000C9434918FFBD0000FF07000000B5FFF744
:1022C000CFFF804100BDC04600B5FFF7C1FF01D977
:1022D000002000BD012000BD00B5FFF7B9FF80411F
:1022E00000BD012040054A00121804D85A001218F7
:1022F00001D800207047012070470000002100280D
:1023000005D17047C1174840401AFAD0C90713B524
:10231000064B1B6898470CBC441CA2401005120BCE
:102320000349091B09051943114310BDD41D0020A1
:102330001F04000010B54C00620D8023D218DB0092
:10234000D21A5B057E2A10DD9E3A13DACC170903F8
:10235000490819435242D140640001341532202A01
:1023600005DAD0400843604310BD002010BD084688
:10237000604310BDC80FC018013810BD18B4024B1F
:102380005B6A019308BD0000F00D002010B5014804
:10239000FEF78CF818B10010132370B51D78012DCD
:1023A00019D014DD1D48FFF743FB06001C48FFF75A
:1023B0003FFB1C4C80223100200000F0FFF8022D72
:1023C00006D01948FFF72CFB184B186070BD154C50
:1023D000174BA364F5E7174B124C23606360A360AF
:1023E000E36023616361A361E36123626362A362CB
:1023F000E36223636363A363E36323646364A364AB
:10240000E36423656365A365E36523666366A3668A
:10241000E36623676367A367E367D9E75344000074
:1024200053460000F00D00204C330000D41D002066
:10243000392400108D23001007B5604601880A0A70
:102440000230DF2AFAD1C9B2820804D30288408858
:102450000004104300E00068014A5050039007BD9B
:10246000F00D002051434343C9188C46110C83B230
:102470004B4310B4040C614392B280B250436243A8
:102480001C041B0C001910BC59411304120CC01879
:10249000514161447047000010B50148FEF706F84D
:1024A00068B20010132310B510481C78FFF7C0FA6B
:1024B0000100012C0AD003DD80220D4800F07EF8D7
:1024C0000C48FFF7ADFA0C4B186010BD084C5422B5
:1024D000200000F073F82200084980322368002BA6
:1024E00000D1216004349442F8D1E9E7534600005A
:1024F000D81D00204C330000D41D0020992400106A
:1025000070B504000A4E300008F08EFD200008F07F
:10251000BFFC0500300008F04FFD002D05D0054B35
:102520002C199C4201D8280070BD0348FDF7BEFF5E
:10253000100C00200000042030B10010F8B5060097
:102540000C000C4F380008F06FFD2100300008F03F
:1025500021F80500380008F02FFD7443002D05D048
:10256000054B2C199C4201D82800F8BD0348FDF703
:102570009DFFC046100C00200000042030B1001068
:1025800070B50400054D280008F04EFD200008F04D
:1025900089FC280008F010FD70BDC046100C00201A
:1025A00001480421014B184780060020411A001001
:1025B000014B1B681847000080060020014B5B6838
:1025C00018470000800600207047C046F8B55746FF
:1025D000DE464E464546E0B599460A9B07009A46B8
:1025E0000D9B884693460B9C9B073BD10C9B9C42C2
:1025F0003DD21E1B0B9415000C005E442A004B4676
:10260000013521002020B847B542F7D1A0460B9CE8
:10261000002C20D0454636195346321B013C185D2C
:1026200029004B46B847002CF6D12B0035009846C0
:102630000D9B9B070FD55B46EC1A0C9BA3420AD956
:10264000464698462A004B46310020200134B847C0
:1026500001354445F6D32800F0BCBB46B246A94636
:10266000A046F8BD16001500002CD3D1E0E71600F7
:10267000002CCFD11500EEE7F0B54F464646D646C2
:10268000C0B584B098460EAB1B7894469946129B11
:102690000D9C109F119E9A0725D4002E65D1BC4237
:1026A00021D201221A409246202C00D1E9E00C9A56
:1026B000551E302202E0202C00D17BE001342A5547
:1026C000A742F8D85246002A0DD0B4420BD20C9A39
:1026D000551E3022202C02D171E0202C2DD0013447
:1026E0002A55B442F9D1DA063CD55A052ED4002C2D
:1026F00028D10F9A102A00D1B6E0022A00D1BCE0FE
:1027000030220C9C227001244A46002A65D15A07C7
:1027100000D499E02B220C9D2A55013403930C9B85
:1027200062460093029643460194FFF74FFF04B0C0
:10273000E0BCBA46B146A846F0BD2024DA06EDD585
:102740005A0503D4A74266D0B44264D00F9A102A27
:1027500071D0022A57D0202CE0D02200013430253D
:102760000C9FBD54202CD9D0CEE7012215001D406E
:10277000AA461A4236D04A46002A4AD10C321A4298
:1027800047D1BC42A1D2202C91D1202E17D8202491
:10279000DA06C3D55A051BD4202F01D0202ED5D15F
:1027A0001F220F9D102D6FD0022DD8D162250C9FB6
:1027B000BD54D0E75246002A79D0202EBDD920241E
:1027C000DA06ABD55A0503D4202FE9D0202EE7D066
:1027D0000F9A102AA2D12024A0E72D220C9D2A5561
:1027E00001349BE7BC4200D37DE7202C00D05EE79C
:1027F000DA06F0D55A05EED4202F62D0202EEAD189
:1028000034001F22CDE7202C00D187E722000134BD
:10281000CCE7013EB5E7621E012CC2D10F9A102A07
:1028200000D06AE79A063BD558220C9C2270283AC1
:102830006270022468E79A060ED4202CCBD078224E
:102840000C9D2A55013486E71A0700D466E720223A
:102850000C9D2A55013461E7202CBCD058250C9AD8
:1028600012191570013476E79A0608D558220C9C87
:10287000227030226270022446E76032F7E7782245
:10288000F5E7002A83D1B3E7A21E013C9D0603D4DD
:1028900078250C9FBD5460E758250C9FBD545CE71C
:1028A00078220C9C2270483A627002242CE7DA06E7
:1028B00000D433E75A058BD4202F00D044E71F22E1
:1028C0006FE73C001F226CE710B5002800D110BD57
:1028D00001F0BEFBFBE7C0460B0010B5002802D09C
:1028E00049681B68984710BDF0B557464E464546A7
:1028F000DE46E0B599B08246894690460893229A12
:10290000239B10001900FFF7ECFC002800D0CDE05D
:10291000229823990122D94B5242FFF7DDFC00286F
:1029200000D0C3E0229823990122D54B5242FFF7F1
:10293000C5FC002800D0B9E022982399002200238A
:10294000FFF7BCFC002800D0F1E1229E239F8023EA
:10295000269ADB001A400D92269A1A4201D10623CC
:1029600024938023269A1B011A403B009346099624
:10297000334300D0B3E0002A00D0C2E1002300249A
:102980000A930B94002304250993259B0024AB4252
:1029900000D95C1B0223269A1A400C92269A1342F5
:1029A00003D06B426B415B421C40099B002B07D05C
:1029B0000A9A0B9B30003900FFF727FC06000F0036
:1029C0002298239900220023FFF778FC002803D0E7
:1029D000802109067B181F00269AAA4B00960197B2
:1029E0001340089E0493249B0394029342463300B1
:1029F0004946504600F0AAF90400002D67D0202077
:102A0000269A4946024013005A4253415B42621CD7
:102A100018400A92330022004530D047099A6F1EB1
:102A2000D317D4185C40D30F9B46002501E0202D1E
:102A300013D008AA94461F23200063440A210135BD
:102A40005E19FFF79DF93031317020000A21FFF740
:102A500097F926000400092EE9D8052306930023E0
:102A600004930A3303935B46089E029310AB0A9AC1
:102A7000009349463300504605970195FFF7FCFD4A
:102A80000C9A0400002A22D04246851A259AAA42AE
:102A90001DD9B0465746160022004346494620201D
:102AA0000135B8470134AE42F6D810E0269B4246C5
:102AB0000493259B49460393249B50460293229BF3
:102AC000239C00930194089B00F040F9040020002F
:102AD00019B0F0BCBB46B246A946A046F0BD6A4B51
:102AE00078009C46400D6044FFF70CFC674A684B39
:102AF000FFF7A5FB674A684BFFF782FB674A3B037A
:102B00001B0B1A4304000D0009981100644B0022AE
:102B1000FFF771FB634A644BFFF791FB02000B0068
:102B200020002900FFF76CFBFFF704FC0990FFF77A
:102B3000E9FB5E4A5E4B04000D00FFF780FB0022BC
:102B40005C4BFFF75DFBFFF7F5FB5B4A5B4B290036
:102B50000C902000FFF773FB04000C980D00FFF7AA
:102B6000D1FB574A574BFFF76AFB02000B002000CE
:102B70002900FFF740FB04000D0002000B000A943F
:102B80000B95FFF75CFB04000D000A980B990200FF
:102B90000B00FFF735FB00220E900F914A4B2000EF
:102BA0002900FFF732FB0022484BFFF729FB020008
:102BB0000B0020002900FFF728FB0022444BFFF701
:102BC0001FFB02000B0020002900FFF71EFB0A9AE2
:102BD0000B9B0D0080210400C9050020FFF70BFBB3
:102BE00002000B0020002900FFF70AFB02000B0087
:102BF0000E980F99FFF709FB0022284BFFF700FB07
:102C0000344B0C9C9C46644423050022FFF717FBC1
:102C100004000D0002000B00300039000A940B95EF
:102C2000FFF74CFB00285DD123002A00C625099937
:102C300063318D42AD4159466D420435002900D1C2
:102C4000A3E6134363D030003900234A234BFFF738
:102C50003BFB002807D0002230003900204BFFF753
:102C60002DFB002853D1249B002B00D18DE60D9B1A
:102C70005A1E9341249AD31A249386E6FFFFEF7FCE
:102C8000FFFFEFFFFFF7FFFF01FCFFFFFB799F5006
:102C90001344D33FB3C8608B288AC63F0000F03F7F
:102CA0000000F83F61436F63A787D23F71A37909A2
:102CB0004F930A400000E03F1655B5BBB16B024090
:102CC000EF39FAFE422EE63F00002C40000024407F
:102CD00000001840FF0300002D431CEBE2361A3FB2
:102CE00080842E41099B0022013B09932000164B52
:102CF0002900FFF78AFA0A00010003000A910B92EB
:102D000094E7002300240A930B9400230993249A48
:102D1000099B9A4214DDD31A013B24938023269AFF
:102D2000DB001A4300230025269209932DE680221A
:102D300012069446229B1E00239B63441F0006E656
:102D400000232493EAE7C04600002440F0B545463E
:102D5000DE464E465746E0B595B08B4690469946BE
:102D60001E9A1F9B0A9019001000209DFFF7B9FAC8
:102D7000002800D0B0E11E981F990122C74B524293
:102D8000FFF79CFA002800D037E11E981F99012216
:102D9000C34B5242FFF7A0FA002800D0A7E01E98CC
:102DA0001F990022BF4BFFF797FA002800D088E058
:102DB0001E981F990022BC4BFFF780FA002800D014
:102DC0007FE01E981F9900220023FFF777FA002862
:102DD00000D0FAE000230B938023229C229ADB0090
:102DE0001C401A4200D102E1092D00D87CE106A95D
:102DF0008C462C00172200233021093C6244013309
:102E0000D154EF1A202B00D132E1A342F7D1002296
:102E1000A44B069207931E981F99FFF78BFA0500A3
:102E2000FFF770FA02000B001E981F99FFF7E3F9F5
:102E3000069A079BFFF703FA08900991FFF79EFA9D
:102E40000600FFF75BFA02000B0008980999FFF7EC
:102E5000D2F90022954B08900991FFF73DFA00281E
:102E600000D1D2E001363000FFF748FA069A079BFE
:102E7000FFF72AFA002801D000260135AA46002FC4
:102E800000D098E02800FFF73DFA02000B001E98E2
:102E90001F99FFF7B0F9854B002206000F00FFF7DE
:102EA0000DFA0CAB9A46002845D1002230003900BB
:102EB0007E4BFFF711FA00283DD1EB073BD50135DA
:102EC00039E0229B42460493219B594603930A987A
:102ED0001E9B1F9C0295009301944B46FFF704FD37
:102EE00015B0F0BCBB46B246A946A046F0BD229B39
:102EF0005B0767D403226E4B2299019203912199BB
:102F00000291009342464B4659460A98FFF75EFBF2
:102F1000E6E706AA94461723280063440A210134F1
:102F20001E19FEF705FF3031280031700A21FEF727
:102F3000FFFE051E76D0202CEBD10323229A1340EE
:102F4000012B1DD1219B002B1AD00B9B002B00D0F5
:102F5000BBE0229A0C33134200D0B6E0219BA3427F
:102F600000D887E006AB9C4617223023624404E079
:102F70002199013413558C4259D0202CF8D12024AA
:102F8000229B01940393219B02935346B9E706AA1F
:102F9000944617230A216344300001341D19FEF7BB
:102FA000EFFE3031297030000A21013FFEF7E8FEC4
:102FB000092E46D90600202CE9D155460CAB202419
:102FC0009A46B8E704223B4B96E71E9A1F9B0020C7
:102FD0000021FFF710F901230B938023229C229AF2
:102FE000DB001E901F911C401A4200D0FCE600221C
:102FF000314B0627069207930DE7229B0393219BF3
:103000000293042301932D4B7BE700220898099932
:10301000264BFFF753F9002800D02FE7002E4FD1A1
:1030200001362BE70323229A1340012B66D0202C74
:10303000A6D00B9B002B1FD02D23524613550134D5
:103040009EE75546202CB9D030233A19002F08D0DE
:10305000172006A9013409180B55202CAED0944234
:10306000F6D10CAB9A462E2352461355013462E733
:103070002024CCE6202C83D0229B5B0708D4229B03
:103080001B0700D47CE7202352461355013477E711
:103090002B2352461355013472E7C046FFFFEFFF62
:1030A000FFFFEF7F65CDCD4165CDCDC10000E03F95
:1030B00088B1001080B1001080842E4190B10010C2
:1030C000F30700D4DAE60136D8E6219B013B2193D1
:1030D000A34200D946E7AAE7229B0393219B0293D0
:1030E00003230193074B0CE7074BEA009B185C682E
:1030F0001B682F000693079400248CE6219B002B6D
:1031000095D022E78CB10010A0B70010F0B557465B
:10311000DE464E464546E0B5A5B01F002E9B9146C3
:103120000D93CA4ACA4B82468B461A60002900D1C9
:1031300029E2002338789846002800D12BE2C54BBD
:1031400044460C93C44B55464E460E930AE0631C0E
:103150009846220033005946A8474446387800284C
:1031600000D187E001372528F1D108239A46043B96
:103170009946023B9846013B00229C460B943878C6
:10318000791C0300203BDBB2102B03D80C9C9B0066
:10319000E3589F460300303B0B9C0B92092B3AD916
:1031A000002398462A2800D1DDE000239A462E28E5
:1031B0004BD00300683BDBB2122B1ED80E9A9B004B
:1031C000D3589F4663460F001A43D8E743460F0083
:1031D0001A43D4E74B460F001A43D0E710230F00E1
:1031E0001A43CCE753460F001A43C8E780235B001D
:1031F0000B9A78781A430B9201310F0067284FD849
:103200002428A4D90300253BDBB2422B9FD8934945
:103210009B00CB589F46002398460B9B47469C46F5
:1032200000E00131BB00DB195B001F180878303F5C
:103230000300303B092BF4D963460B930023B846B7
:103240009A460F0001312E28B3D180200B9AC0007E
:1032500002430B9230225242944678780B00844409
:103260006246092A00D8AAE12A2800D1B9E10F0054
:1032700001319EE7A046AA46B146C84503D30123C3
:103280005B424B4498464B46424659460020D04745
:10329000200025B0F0BCBB46B246A946A046F0BD12
:1032A00001006939C9B20F2900D950E701238B40C9
:1032B0009C466B4B994663464A4613400F936246C1
:1032C0004B461A4200D068E10A2956D0072900D09F
:1032D0003DE70D9B02CB9846002900D092E10B9B65
:1032E00010211A008A4310001131084381468020C2
:1032F0001A00C0000240110003421CD114AB9C46CE
:103300001F220F2362440D959C4615000F9B0B94C2
:1033100002E0202B0CD0110064460C402000373016
:10332000092C00D807380133E8540A090F29F0D8CE
:103330000B9C0D9D0F934B46082206935346059216
:1033400008320392002204930F9B029201931CAB5C
:1033500022000093594633002800FFF78DF94346B9
:1033600004000D93FAE60D9B04CB9046002A79DB0E
:1033700078780D930F00013117E70D9B02CB149362
:103380000B789C4618005346002B00D134E10028EE
:1033900015D05346013B013399460D940B9C89444B
:1033A0004A460B00A14601E0934203D05C7801330A
:1033B000002CF9D14A465B1A0D9C0B920F93802387
:1033C000DB0099460B9A13400D934B461A4204D0EA
:1033D0000F9B534501D953460F93022399460B9AED
:1033E00013400B934B46134200D1F5E16346002B8B
:1033F00000D1D6E10D9B002B00D182E10B1BD14601
:1034000031009A463B00A1442E005F464D46220003
:103410009B46894609E04B463900541CB047534649
:10342000185D002800D192E122009542F3D14B466D
:103430005A46A946BB46350017001E004C460B9B5A
:10344000002B00D0ADE1149B0D9387E60D310010E9
:10345000101B002000B6001044B6001090B60010FB
:10346000419000000B9A283802430B924246524288
:10347000787890460F000D93013196E678786C28A5
:1034800000D15DE180230B9A5B001A430B9201315E
:10349000B3E680239B00ABE67878682800D148E14A
:1034A00080230B9A01311A430B92A6E6672800D1BC
:1034B000B2E0472800D11AE1452800D11CE10B9A5F
:1034C0000721049242460D9B0392073352468B43D9
:1034D000190002920CC92800009201930D9122005C
:1034E00033005946FFF700FA040037E6462800D1BA
:1034F0008DE00B9A0721049242460D9B03920733FD
:1035000052468B43190002920CC928000092019385
:103510000D91220033005946FFF718FC04001DE608
:10352000631C98462200330059462520A84744468C
:1035300014E60D9B04330F93631C99460B9B9A076B
:1035400000D40AE10D9B2200187859463300A847A1
:1035500043464444012B00D86FE1B0462E002500BD
:103560004C46B9465F4622004346013439002020CC
:10357000B047AC42F7D12C00BB4635004F4646461B
:103580000F9B0D93EAE5D64B38789A460023984670
:10359000002800D0D3E500246FE66F2842D000D881
:1035A000FDE11023782800D19BE00B9A9A430B92FF
:1035B0000A239C46002314930A330F9338E057469E
:1035C0000B9AB900C919490001330F181878303F18
:1035D000010030390929F4D9BA460B921F00591C51
:1035E000E7E50D9BB87804CB0237D143C9170A40F1
:1035F00092460D93791CDCE5002800D1DFE602231A
:103600005B42C8E621200B9A0243914676E62023CE
:103610000B9A1A430B926CE780230B9A1B011A43F7
:103620000B924CE708239C460023149308330F9316
:103630000B9880230200DB001A40110002001842A0
:1036400000D080E00C239A431000802302009B00EE
:103650001A400B92184200D0F1E0802302005B0078
:103660001A4091460D9A04321492184200D0C3E2D7
:10367000430600D5D7E0030600D421E30D9B1B8849
:103680000993002B00D02DE110339843002900D17D
:1036900028E10023994643460593534604930F9B24
:1036A00006900393002302934B4601931CAB220028
:1036B0000093594633002800FEF7DEFF0400C2E6FF
:1036C000582809D0622800D0E3E202239C46002358
:1036D000149302330F93ABE720230B9A1A430B92F8
:1036E000103B9C460023149310330F93A0E78023D4
:1036F0000B9A1B011A430B9220230B9A1A430B922D
:10370000DDE60B1B9A460F9B99463B0037005E4651
:103710009B4622003B003100A84753460134185D08
:103720000028F6D14B460F935B46B3463E001F0080
:1037300085E6C0230B9AB8781A430B92F91C5CE516
:10374000C0239B00F6E70D239A4310007DE75B46FC
:103750003500BB464E461F0071E64346012B66D935
:10376000631E434432002E001D003B00A2465F460C
:1037700091469B4622004B46013439002020B04739
:10378000AC42F7D15B463500BB464E46A146544697
:103790001F000D9B4A461878594633004444A847F9
:1037A000EEE60F9BA146984500D84CE64444E41A47
:1037B000B0462E0025004C46B9465F4622004346DF
:1037C000013439002020B047AC42F7D12C00BB4671
:1037D00035004F46464636E60F98804500D873E2DE
:1037E0004346E218131A32002E001D003B0091469A
:1037F0005F469B460F9122004B4601343900202042
:10380000B047AC42F7D15B46BB461F0043460F9919
:1038100001330F930B7835009C464E4660460028D6
:1038200000D0E7E50FE60D9B1B78099329E70D9B78
:103830002200187859463300A8474C46A0E60D9A56
:10384000FA3BFF3B07329A430133994691444B467A
:103850000D931368526815921A4306D110329043A3
:1038600000220992002900D083E06122810600D560
:103870004122D2B20A9214AA91460A9A00210A3A27
:103880000B9242461792524618925A46B2460991F6
:103890001E001F31149B4944BB4616941A95002400
:1038A000674698468946159D19901B920AE030326A
:1038B000D2B24B4601341A55A8454CD0202C4CD0DE
:1038C00006000D003A00002330002900FEF796FAAA
:1038D000D2B2092AEBD90B9B9C466244D2B2E8E7EC
:1038E000C92500106123820600D54123DBB20A3BC3
:1038F0000B93434614A91F228C46159353466244EA
:10390000B2460D9417974C468046A9461700099D6C
:103910000F9E169308E03033DBB201343B55B542BD
:103920000ED3202C0CD0050031002800FEF728FA19
:10393000CBB20929EFD90B9A94466344DBB2ECE78A
:10394000159B40469846169B4D465646A1469A46BC
:103950000D9C179F9FE6B742B0D9179B56469846D5
:10396000189B5F469A461B9B09949B46169C199888
:103970001A9D43460593534604930F9B0690039369
:1039800000230293099B01931CAB2200009359462C
:1039900033002800FEF770FE0400FFF7DFFB102362
:1039A0000B9A9A430F92692800D091E10B998023DA
:1039B0000A00DB001A4010000A00194203D011214E
:1039C00018008A430F920F9A802311009B00194020
:1039D0008C461A425BD1802311005B001940894656
:1039E0000D9904310B911A4200D0B2E013005B062E
:1039F00000D4EDE00D9B1B781A00D90F0D91002B20
:103A000000D1A3E0100014AA944642461F23159249
:103A100052466344A846BA464D461494B146040043
:103A20001F00169201E0202D0FD020000A21FEF782
:103A3000A7F901357E193031317020000A21FEF7D7
:103A40009FF926000400092EEDD8159B4E46A94685
:103A500045469846169B57469A46149C0F9B0693DC
:103A600043460593534604930A2303930D9B029305
:103A70004B4601931CAB22000093594633002800AB
:103A8000FEF7FAFD0B9B04000D93FFF767FB07227F
:103A90000D9B07339343013294469C4462460D923A
:103AA0000CCBD90F0B911100194300D19BE0D91712
:103AB00013911291514010911399594011911098FE
:103AC0001199129A139B801A99411090119114AA7E
:103AD0009446424600231592524699461692320069
:103AE0001F336344A8464E46BA4614941F00109CE8
:103AF000119D914601E0202E10D0200029000A22BD
:103B00000023FEF77BF9013630322B00BA550D0049
:103B100022000400002BEED1092AECD8159B10944A
:103B20001195454698464B46169AB14657461E0093
:103B30009246149C0F9B0693434605935346049369
:103B40000A2303930B9B02934B461CE7002885D165
:103B500059E70D9B1B68DA0F1100002B00D1A6E07E
:103B6000DA179818504014AA91461F2342464B4436
:103B7000A8460D94169704006546B1461F0014919F
:103B8000159201E0202D0FD020000A21FEF7F8F851
:103B900001357E193031317020000A21FEF7F0F82E
:103BA00026000400092EEDD8159BAC4645469846E4
:103BB000149B4E4619000D9C169F0F9B0291069375
:103BC00043460593534604930A230393634650E701
:103BD00013001B066ED50D9B00229B5ED9175A1849
:103BE0004A4092B209E7002399460028A2D1002258
:103BF0000023109211936AE70D9B1B689946002BD6
:103C000003D110339843002938D16123820600D5AF
:103C10004123DBB20A3B0D9343461693534614A946
:103C20001F228C4617932B0062444D46B2461594D2
:103C300018978046170099460B9C0F9E08E030337A
:103C4000DBB201343B55B5420ED3202C0CD005001D
:103C500031002800FEF794F8CBB20929EFD90D9A6C
:103C600094466344DBB2ECE7169B40469846179BAC
:103C700056464D469A460B94189F159C434605930D
:103C8000534604930F9B06900393002302930B9BD0
:103C90000BE50B9980230A00DB001A4010000A0094
:103CA000194200D08BE610239A430F928BE600282E
:103CB00083D158E70D9B1B68D9175A184A409CE6D8
:103CC0000D9B1B680993DCE4030001330F93A5E50A
:103CD0000B926DE400B585B0039101210290009331
:103CE000034813004A4202A9FFF710FA05B000BDCD
:103CF000D928001010B5094A0300146884B0002CBC
:103D000008D0012200910648524203A9A047012091
:103D100004B010BD00F0E8F90020F9E7101B002006
:103D2000C92800100021002010B5FDF7ABFEC046E9
:103D30007047C046094A03001068002805D00849AA
:103D4000C3188B4207D81360704706480449C3184C
:103D500010608B42F7D901204042F5E70C1B002090
:103D600000000420DC1F022010B5FFF7DBFFC04677
:103D700070B5FDF7B3FE074D074EB54209D20024DA
:103D8000013E761BB60808CD984723000134B342A4
:103D9000F9D170BD78B0001080B00010030010B5EC
:103DA000080011001B68984710BDC046F0B5C64614
:103DB00000B5437D07000D001600002B38D0002A07
:103DC0002EDD00216A1E90466A5C037D4C1C00209B
:103DD0000A2A0CD0A64216D043461B5D21000D3B9B
:103DE0005A4253416A5CDBB24C1C0A2AF2D1002BC6
:103DF000F0D1884217DB022110483B689847A64261
:103E000007D02000E8E7864203DD311A3B68281816
:103E10009847AD19013D2B780D3B5A4253413B75F4
:103E200080BCB846F0BD091A3B6828189847E2E7FD
:103E30000368110028009847F2E7C046F0B7001069
:103E4000F8B50B680D005A1CCB180A601871802A4F
:103E500000D0F8BD0E4B1C68002C15D00D4E0F1D68
:103E600002E02469002C0FD02368002BF9D03368BE
:103E7000002B01D0A342F4D1200039002A68FFF7BB
:103E800095FF2469002CEFD100232B60E1E7C046A9
:103E9000041B0020081B0020F0B5DE4657464E46A6
:103EA0004546E0B585B017001C0006000D00FDF783
:103EB0008BFB0023314A12184B41802109068B42AB
:103EC00002D301222E4B52422E4908008A4607F0A7
:103ED00093F801906B1C03D1300006F0FFFF050042
:103EE000002C26D0284B9846284B1C68002C15D057
:103EF000002F21D1264F02E02469002C0ED0236828
:103F0000002BF9D03B68002B01D09C42F4D120005B
:103F10002A003100C0472469002CF0D1019B002BFE
:103F200028D1280005B0F0BCBB46B246A946A04641
:103F3000F0BD184B9846D7E7154B994602ABDF1DED
:103F40000A239B4602E02469002CE7D02368002B5B
:103F5000F9D04B461B68002B01D0A342F3D12A00B5
:103F600031002000C0475B460122390020003B7031
:103F7000C047E8E7504607F01FF8D2E740420F007D
:103F8000FFFFFF7F180C0020AD3D0010041B002038
:103F9000081B00209D3D00100A4A1368002B05D124
:103FA0000CE01A001B691032002B07D09842F8D1A0
:103FB000002902D103691360016170470029FCD018
:103FC0001060FAE7041B002010B500F0EFF90120A3
:103FD00010BDC046F0B5C646194B00B51A685F68FB
:103FE0009046184E184D82B03468002C03D115E06D
:103FF0002469002C12D02B68002B01D09C42F7D1F1
:10400000A368002BF4D0012101A898470028EFDD18
:104010006B46187902B080BCB846F0BD0B4B5A6AAB
:10402000974207D89B6A434502D302204042F1E7FA
:104030009742FAD101200021FDF7D0FAD4E7C0461B
:1040400098B50010041B0020081B0020004005400C
:10405000F0B5CE46474680B583B06B460600DD1D01
:104060002870FDF7B1FA00231A4A12184B4180213B
:1040700009068B4202D30122174B5242174908000E
:10408000884606F0B9FF164B81461C68002C14D0F8
:10409000144F02E02469002C0FD02368002BF9D0C4
:1040A0003B68002B01D09C42F4D120000122290062
:1040B000FFF77CFE2469002CEFD14B46002B05D185
:1040C000300003B0C0BCB946B046F0BD404606F073
:1040D00073FFF5E740420F00FFFFFF7F180C002041
:1040E000041B0020081B002070B5040006F0F6FE3B
:1040F00001230100050001222000FFF7CDFE084B3F
:104100001C68002C06D06368002B05D098472469F2
:10411000002CF8D1280070BD2469002CF3D1F9E7F8
:10412000041B0020F0B5CE46474680B5A3B004007E
:104130000D00FDF749FA0023294A12184B4180214E
:1041400009068B4202D30122264B5242264F3800E9
:1041500006F052FF00230600019322002B002348A3
:1041600001A9FFF7B7FD019B8046002B14D1204B1E
:104170001C68002C06D06368002B0BD0984724697C
:10418000002CF8D1002E25D1404623B0C0BCB94642
:10419000B046F0BD2469ECE7154B1D689946002D2B
:1041A0001CD0144C02E02D69002D0FD02B68002B81
:1041B000F9D02368002B01D0AB42F4D12800019A3A
:1041C00002A9FFF7F3FD2D69002DEFD14B460195B4
:1041D0001C68CEE7380006F0EFFED5E70195D1E781
:1041E00040420F00FFFFFF7F180C0020413E0010EF
:1041F000041B0020081B00200FB400B583B004A9E5
:1042000001C90191FFF78EFF03B008BC04B0184745
:10421000F0B5002915DD0E4B0D271A680D4B0E4C1D
:10422000D3185D426B41451820215B001E5F047866
:10423000A64207D093691942FCD101301460A8420C
:10424000F5D1F0BD93691942FCD11760F2E7C04681
:10425000E01E00200080FCBFDC1E0020204B70B55B
:1042600004000D1E1E682ADD002010211D4B013C9C
:104270001A689369194214D1013093691942FCD12B
:10428000136823548542F4D1002E08D05023936341
:10429000516B183B0B4014498C4662441360280054
:1042A0000CE0002E08D050239363516B183B0B4059
:1042B0000D498C466244136000280DD070BD002E5D
:1042C0000AD05022074B1B689A63596B183A0A4070
:1042D00005498C4663441A6003204042EEE7C0461D
:1042E000E0110020E01E002034100000064B10B545
:1042F0001B68002B06D00021044A12689163044A0F
:104300001068984710BDC046E0110020E01E002054
:10431000E41100200822034B19688B691A42FCD172
:104320007047C046E01E0020F8B51A4F1A4B3A6895
:104330000500D31858424341184E14331C0033680B
:10434000002D02D0002B0FD0F8BD002BFCD0002197
:1043500020009563FCF796F920001149FCF7C2FA9A
:10436000104B35601D60EFE70E4B200019600C49C3
:104370003560FCF7A1F901212000FCF783F95022F8
:104380003B689A63596B183A0A4007498C46634464
:104390001A60D9E7E01E00200080FCBFE011002079
:1043A000ED420010E4110020341000000D4B10B558
:1043B0001B780D4B0D4C1B780D4B02211B780D4BC0
:1043C00000202360FBF7C6FF02210120FBF7C2FF9C
:1043D000E12120684902FDF745F901210648FFF770
:1043E000DBFD10BD102E04100C2E0410E01E00206A
:1043F000082E041000400340900600200022014BCC
:104400005A607047A410002083680830002B04D144
:1044100007E018001B68002B03D09942F9D1002057
:1044200003E00023016001200B6070478368002BCC
:1044300008D08B4202D107E0994206D018001B68D1
:10444000002BF9D10020704708300B680360012071
:10445000F9E7C04643680430002B04D107E0180098
:104460001B68002B03D09942F9D1002003E0002300
:10447000016001200B6070474368002B08D08B421D
:1044800002D107E0994206D018001B68002BF9D131
:104490000020704704300B6803600120F9E7C04634
:1044A000F0B55746DE464646C0B53E4B82B05C6826
:1044B0001B680093019483688246002B2CD008234C
:1044C00053449B46FDF780F853469B6804000D005B
:1044D0005F46002B20D000221E0094469846B2680A
:1044E000F36820002900801A9941002902DB14009A
:1044F0001D00BC4637003668002EF0D162464346A8
:10450000002A48D0116850460B6813604B689847E2
:1045100053469B68002BD5D153465C68002C29D0AC
:1045200000255646237A002B31D02100636825727E
:10453000300098472468002CF4D1B168B2460029B5
:1045400018D0009C019D0E0003E004000D00002E19
:104550000ED0330022009868D9682B00121A8B41C4
:104560003668002BF1DCF2D1002AEED1002EF0D11A
:1045700000940195009B019C524618002100136194
:10458000546102B0E0BCBB46B246A846F0BD246808
:10459000002CC7D1D1E7190053465C68002CBFD16D
:1045A000CFE7C04698B50010F0B5C646804600B5C6
:1045B000FDF70AF843469B6806000F00002B03D165
:1045C0000EE01B68002B0BD09C68DD6831003A00C0
:1045D000091BAA41002AF4DB012080BCB846F0BDCB
:1045E00043465B68002B03D106E01B68002BF4D028
:1045F000187A0028F9D0F0E70020EEE7F0B5C646BB
:10460000431E00B50A3314D8072304001A000834E7
:10461000224023426CD01300093BA34209D310303F
:10462000841A01F065FA374A27001568002D28D151
:104630000EE001F05DFA334A1368002B06D0002526
:1046400001F05EFA280080BCB846F0BD00270024C7
:1046500007202D4D2B002900284245D100202B4E4C
:10466000706031602A4EB44607266544B543156034
:10467000284AEB1A1360284A6860286013604B6070
:104680000D60002FDBDD244F3E68A642D7D31F48C4
:10469000036804E01A68002A04D01800130059685F
:1046A000A142F7D3AB42CAD01D001A680835904624
:1046B00002600A1B102A05D919194A6042460A608D
:1046C00001602100134A761A10683E60864200D2CB
:1046D0001660802212060A435A6000221A600F4AAE
:1046E000136801331360ABE7EB1D83431900B5E793
:1046F00001F0FEF9034A27001568002DA8D0002C10
:10470000C1DA9CE7341B0020E41E0020941F022025
:10471000F8FF0100641F0220581F0220701F0220B2
:1047200070B5002804D0083843680400002B00DB73
:1047300070BD0268002AFBD15B005B084360050086
:1047400001F0D6F9184A616813685B181360174BBB
:104750001A001B689C42FBD850681618B4420DD052
:10476000601883421AD02360AA4200D01560104A14
:1047700013680133136001F0C3F9D9E70918501821
:1047800051608342F3D10B48150000688342EED09C
:1047900058681B68411869602B60E5E705480068A8
:1047A0008342F5D1DFE7C046581F0220941F022044
:1047B000741F0220341B00207047C0460000000018
:1047C0000B4A13681868203080F30988022080F3B0
:1047D0001488BFF36F8F3FBCAE4608BC04BC62B602
:1047E0001847C046C046C046C046C046C046C04640
:1047F000281B002000000000000000000000000056
:10480000EFF30980164B1A6820381060F0C0444658
:104810004D4656465F46F0C00D221207146E556E87
:10482000566F176F3038F0C008B572B601F08CFAC9
:1048300062B60CBC116808681030F0C8A046A946E2
:10484000B246BB4680F309880D2212073038F0C803
:104850001466556656671767F0C81847C046C046C5
:10486000281B0020D02300B51B061A6D83B0D20789
:1048700004D501219A6D1A6D1142FBD1D023FF227C
:104880001B061A650023114A01931168EFF3108C7F
:1048900072B60B68002BFCD0BFF35F8F00230C486F
:1048A000126801680360BFF35F8F13608CF3108898
:1048B000084B01AA186800F013FB019B002B03D0E2
:1048C0008022054B52051A6003B000BD241B002056
:1048D000EC1E0220541F022004ED00E010B5FBF78F
:1048E000FDFDC04610B58024031F64041C60043B1A
:1048F00019600349043B1960143B40381A6010BD2D
:10490000DD4800108022044B52051A60BFF34F8F20
:10491000BFF36F8F7047C04604ED00E072B6044AE3
:10492000136801331360BFF34F8FBFF36F8F70476E
:10493000E81E0220094A1368013B1360002B0CD1CA
:1049400007490A68002A07D00B6006490968BFF3C7
:104950005F8F136081F3108862B67047E81E0220F3
:10496000C01D0020E41E0220EFF3108072B67047D5
:1049700080F310887047C04610B5FFF7F5FF0400BC
:1049800001F0D0F9002803D08022034B52051A60B1
:104990002000FFF7EDFF10BD04ED00E0002310B58F
:1049A000084A094C052023601360FCF7D9FFFA215F
:1049B0008900FDF7E5F9054B0138186007232360EE
:1049C00010BDC04618E000E010E000E014E000E098
:1049D000FF221F4B1204196810B50A431A60FF2208
:1049E000196812060A431A601A490E2001F076FE71
:1049F00019490F2001F072FE18490B2001F06EFEDC
:104A0000FFF7CCFF0022164B1A60D0231B06154A75
:104A10001C681470FF221A651A6DD20704D5012193
:104A20009A6D1A6D1142FBD10F34FF212000FCF763
:104A300043F820000C49FBF73FFE01212000FBF763
:104A400021FEFFF7BDFE01F07FF9FBF747FDC046F1
:104A500020ED00E00148001079490010B94700102E
:104A6000E81E0220A806002065480010D02310B5DB
:104A70001B061868074B1B78834200D010BDEFF36C
:104A80000583002B02D05B00C018F7E701F0C2FBE2
:104A9000F4E7C046A806002000B5144A0368107861
:104AA000D0221206126883B0904208D0BFF35F8F05
:104AB00000221A6081F3108820BF03B000BD0C4AA9
:104AC00013600C4A11600C4A0221944663449B1007
:104AD000FF319940094B0122186801235B42009382
:104AE000090A002300F056F9E7E7C046A8060020AF
:104AF000C01D0020E41E022000FFFF2F541F0220D3
:104B00000A002B4903688C46022130B563449B1090
:104B1000FF319940274B83B01C78D0231B061B68BC
:104B2000090A9C421FD040BF234D03682C68A34252
:104B300034D02368002BFCD0BFF35F8F1F4C236859
:104B40000B4323602B68BFF35F8F0021196003685C
:104B5000D020002100064165BFF35F8F196082F30A
:104B6000108803B030BD40BF0368BFF35F8F0020E3
:104B7000186082F31088EFF30583DBB2002B12D0AC
:104B80000F4B019001AA186800F0AAF9019B002BB5
:104B9000E7D080220B4B52051A60E2E7074C2068F1
:104BA00008432060D4E7064B186800F04FF9D8E7B7
:104BB00000FFFF2FA8060020241B0020EC1E02206F
:104BC000541F022004ED00E0F0B5CE46474680B504
:104BD0001D00344B14001A78D0231B061B68814635
:104BE000884683B09A420FD00368BFF35F8F0022DC
:104BF0001A6081F3108820002900FCF72BFC03B019
:104C0000C0BCB946B046F0BDFCF7DEFC22002B006C
:104C10000127121A8B41244E7F42B6185F41002FA4
:104C200020DC1BD04B461B68BFF35F8F00221A604D
:104C300088F310881D4B5A6A954205D89B6A01205B
:104C4000A342DCD29542DAD18022194B52051A6078
:104C5000BFF34F8FBFF36F8F0020D0E7FA239B0085
:104C60009E42DFD3FA220023300039009200FDF784
:104C7000ADF8031ED6D04A46404612680D490A6078
:104C80000D4908600D498C46022162449210FF31A3
:104C900091400B4A090A106800930122002300F09A
:104CA00079F8C7E7A806002018FCFFFF0040054080
:104CB00004ED00E0C01D0020E41E022000FFFF2FD5
:104CC000541F022010B5FBF7B1FC054A054B944672
:104CD00060448000186000F051F8034B186010BD6C
:104CE00040000034241B0020541F0220F8B5DE468B
:104CF00057464E464546E0B505000F00060000F059
:104D0000F7FE29682C6939430C362960A6422CD05D
:104D1000002398468023DB049B4680235B049A464D
:104D200080239B0499460FE06746002F0AD0574620
:104D30003A4202D042461A4390464B46194301F08C
:104D4000D3F92968A6420ED020000F0002686468DB
:104D500013021B0A1F40BC465F463A42E4D063453B
:104D6000E5D0A642F0D143469943296000F0C8FE41
:104D7000F0BCBB46B246A946A046F8BD10B51C2003
:104D8000FFF73CFC041E03D0002308C000F0B4F879
:104D9000200010BDF0B5C646060000B50D009046D7
:104DA0001F0000F0A5FE3468002F13D125420BD060
:104DB0004346002B0BD02300AB43336000F0A0FE32
:104DC000200080BCB846F0BD069B002B21D100F02E
:104DD00097FEF5E72B0023409D42E9D0069B002B70
:104DE000F5D0434680215A1E9341C9041B0619433E
:104DF000069A2943301D01F035F800F081FE0028A5
:104E00001CD001F03FFA0400830107D52402240AD4
:104E1000D6E741464B1E99410906E9E7FFF77EFDBB
:104E20003468002F0DD12C4205D04346002B02D010
:104E30002300AB433360FFF77DFDE7E7FFF762FD3B
:104E4000DFE723002B409D42F5D1EEE7F8B5DE46C3
:104E500057464E464546E0B505000F00060000F0F7
:104E600047FE29682C6939430C362960A6422CD0AC
:104E7000002398468023DB049B4680235B049A46EC
:104E800080239B0499460FE06746002F0AD05746BF
:104E90003A4202D042461A4390464B46194301F02B
:104EA00023F92968A6420ED020000F00026864682A
:104EB00013021B0A1F40BC465F463A42E4D06345DA
:104EC000E5D0A642F0D143469943296000F018FE90
:104ED0002868F0BCBB46B246A946A046F8BDC0460D
:104EE00010B5044C13000A000100200001F0E2FBA1
:104EF00010BDC046ED4C0010030008330122436092
:104F0000C360036100235242826003607047C04661
:104F1000002303617047C046030030B50D680833B5
:104F20006A1C0DD01C005B681A68AA42FAD94B6053
:104F3000996003688C60013361600861036030BD73
:104F400004696368F3E7C0460369416882688A6060
:104F500051605968814205D0002202611868013809
:104F6000186070475A60F7E7F0B5DE464E46574680
:104F70004546E0B585B00600FFF7D0FC4523F45C5C
:104F800064B2002C21DD213B994621339A46B1447D
:104F900009E0AA6BEB6B03969A4245D3013CE3B25E
:104FA00064B2002B11D0B56C002DF2D1736A002BC6
:104FB0000BD0484601F032F80028EFD001F024F978
:104FC000013CE3B264B2002BEDD14523FF22F25441
:104FD000FFF7B0FCFFF7A2FC44233500F45C10356A
:104FE00064B2002C05DC13E0013CE2B264B2002A9A
:104FF0000ED03369002B0BD0280001F00FF80028E9
:10500000F2D0013C01F000F9E2B264B2002AF0D122
:105010004423FF22F254FFF78DFC05B0F0BCBB46E1
:10502000B246A946A046F0BD53462A6CEF5CAB6B76
:105030007FB29846002A16D101239C462B68E04493
:105040009B46002B2BD04346AB637B1C1DD16B6A68
:10505000002BA3D02800243000F0E0FF00289DD0D2
:1050600001F0D2F8ACE703A96868FDF7A7FA41465A
:105070006B682A6C01319B18AA686B60934201D35C
:105080002B686B60A9637B1CE1D000F045FEB84241
:1050900000D883E7452301377FB2EF547EE7A86845
:1050A00001F0BEF85B46AB6043460190AB637B1CEE
:1050B00009D16B6A002B0FD1019B002B00D16DE74A
:1050C00001F0A2F87CE700F027FEB842F4D953467D
:1050D00001377FB2EF54EFE72800243000F09EFF45
:1050E0000028E9D06AE7C046F0B5C64600B5846C32
:1050F00082B0A26BE36B002501909A4204D3280092
:1051000002B080BCB846F0BD4523226CE65CA76BBC
:1051100076B2002A1CD0606801A9FDF74FFA6368D7
:10512000226C9B18A2686360934201D3236863607A
:1051300000250137A763731C15D1636A002BDED0ED
:105140002000243000F06AFF0028D8D00125D6E7DF
:1051500023689846002BEBD1A06801F061F8434624
:105160000500A360E5E700F0D7FD8642C7D24523DE
:10517000013676B2E654C2E7F8B505000E00170016
:10518000002841D0030C0A0C002B42D1002A30D158
:10519000300068430300553336D85430FFF72EFAF9
:1051A000041E31D00300002E31D12360E563266454
:1051B000FFF7B4FB216CE36B22684B43D0185B1AFA
:1051C0006260D218E260FF2300254422A060200024
:1051D000A563A3540132A3541030FFF78DFE2000C5
:1051E0002430FFF789FEFFF7A5FB5023E754A564A1
:1051F0000BE0131CA9B2B2B24A4380B29BB2434344
:10520000120C9B181B0CC3D000242000F8BD543393
:10521000CBE7002AF8D1301CECE7C046F8B54E4683
:10522000DE46574645460400E0B591461D000F0096
:10523000FFF79AFBA26BE36B06009A422DD3002383
:105240009846022D09D03000FFF792FB4046F0BC93
:10525000BB46B246A946A046F8BD4533E35C226C86
:105260005BB29846A36B9B46A36B9A46002A3BD140
:105270005746236801379A46002B63D04346A763FD
:10528000013327D1A36C002B42D0022D4AD15B46BB
:10529000002B47D001239846D5E74523E35C226CD9
:1052A0005BB29846A36B9B46A36B9A46002ADFD05D
:1052B000002D19D1390057466068FDF77FF9636802
:1052C000226C01379B18A26863609342D6D323688F
:1052D0006360D3E700F020FD8045DBD243464522E2
:1052E00001335BB2A354D5E73900E068FDF766F9F6
:1052F000226CE36851429B1A2268E360934202D217
:10530000A3685B18E3605746022D17D00137B5E755
:10531000636A002BBED02000243000F07FFE0028FE
:1053200005D1B7E72000FFF7DFFE0028B2D04B46DB
:10533000002BAFD001234A461360ABE7002F9DD16D
:1053400001379BE7A06800F06BFF5346A36095E729
:10535000F0B54746CE46040080B585B08846019238
:10536000FFF7DCFAA76B002F5ED1019B002B3BD02F
:1053700002A800F003FF0023442699464525FFF7C5
:10538000D9FA00F0B5FBFFF7C9FAA35D5BB20133B0
:1053900001D14B46A355635D5BB2013301D14B464E
:1053A0006355FFF7C7FA01A902A800F0F3FE002831
:1053B00022D1FFF7B3FAA36B002B2AD1FFF7BAFA79
:1053C00020000199243000F0FDFC2000FFF7CCFD07
:1053D00000F096FB002824D0FFF7A0FAA76B002F5F
:1053E00022D1019B002BCAD1FFF7A4FA002005B0FF
:1053F000C0BCB946B046F0BD2000FFF7B5FD00F0D7
:105400007FFBFFF78BFAA36B002BEDD0FFF792FA2F
:10541000E2E7FFF78FFA2000FFF7A6FD00F070FB30
:10542000DAE7FFF76FFAD7E7226C002A08D0E168C5
:10543000A3688918E16099420BD24046FDF7BEF897
:105440007B1EA3632369002B06D1FFF773FA0120AB
:10545000CDE72168E160F0E72000103000F0DEFDCC
:105460000028F2D0FFF74EFAEFE7C04610B500294A
:1054700033D0424B5A68904200D173E01A68002A38
:105480002CD0DA68904200D176E09A68002A3ED0AB
:105490005A69904200D16DE01A69002A3DD0DA695C
:1054A000904261D09A69002A3DD05A6A904242D017
:1054B0001A6A002A43D0DA6A904257D09A6A002AC0
:1054C00043D05A6B904253D01A6B002A43D0DA6B08
:1054D000904245D09A6B002A2AD010BDDA689042DB
:1054E0004AD05A69904245D01A00DC69A0423BD0AC
:1054F0005C6AA0421FD0DC6AA04237D05C6BA0423D
:1055000036D0DC6BA0422BD011605060E5E75A69C1
:1055100090422FD01A000832E7E7DA69904223D090
:105520001A001032E4E75A6A904204D0144AE2E7C3
:1055300038331A00E8E70422D2009A18E4E7DA6A5E
:10554000904213D01A002032D8E75A6B90420FD005
:105550001A002832D5E71A00DC6B3032A042D3D1D2
:105560000722E9E70022E7E70322E5E70522E3E770
:105570000622E1E70222DFE70122DDE7F00E00204C
:10558000080F002070B5040016000D00FFF7C6F9E3
:105590004422A35C5BB2013301D10023A354452212
:1055A000A35C5BB2013301D10023A354FFF7C2F91E
:1055B000A36B002B03D02000FFF7D6FC70BD2000AA
:1055C00032002900243000F0AFFCF4E7F0B5C64605
:1055D00000B50400FFF7A2F9384A394F13680133C8
:1055E00013603B68002B35D0364BE26A98461B6847
:1055F000002B29D0344E35490B6801330B606364AE
:10560000334B1968914200D21A6093009B189B009B
:10561000F1184A689068A26084466546E060201DE3
:1056200068609060F25861610132F250FFF782F9D0
:1056300043461B68002B04D03B68DA6AE36A9A424F
:1056400011D380BCB846F0BD3B68DB6A9342D1D829
:105650003C60CFE73C601368012B07D0194BE26A2E
:105660009846194EC7E7FFF74DF9EAE7A023164E13
:105670009B0098463500B04428001435FFF73CFCE9
:105680004545F9D1134B98461800FFF735FC124DEC
:105690002800FFF731FC1148FFF72EFC1048FFF7F8
:1056A0002BFC1048FFF728FC42460F4B1A600F4BAB
:1056B000E26A1D60034B98469DE7C046F01E02203B
:1056C000281B0020901F0220401B0020FC1E0220EF
:1056D000001F02202C1F0220401F02207C1F0220DE
:1056E000B01F02209C1F0220301B0020381B00200E
:1056F000F0B5C646124B00B59846124D124F134EE8
:1057000014E0FFF70BF9FB68DC68201DFFF71CFCB9
:105710003368013B33602B68013B2B60FFF70AF9CC
:10572000206BFEF7FDFF2000FEF7FAFF2B68002B31
:10573000E7D143461B68012BF8D9FFF7E3F8F5E7FB
:10574000401B0020F41E0220B01F0220F01E022089
:10575000F0B5DE4657464E464546584BE0B51A680A
:1057600083B0013294461A60002A5ED0544B1A6806
:1057700094456ED3534A904612681268002A00D1AD
:1057800095E000220092504A504D934600229146E7
:105790004F4A0193924636E04946596111680139F2
:1057A00011609A6A002A0DD0D969186A5668886013
:1057B0004160190018318E426FD0494699621168D4
:1057C000013911605246D96A1268914201D9524694
:1057D00011608A0052189200AE187068876898604D
:1057E000DF607C6084605E61AB580133AB505B4628
:1057F0001B68DB6A994201D90123009343461B6869
:105800001B68002B4ED043461B68DB68DB685A6878
:10581000944544D35A699868D9681C1D81604860D2
:105820005068A042B8D15160B6E7264B294A1968A2
:1058300010681860116028490A6801320A601A6805
:105840001268002A23D11E4B013A1A601A68944547
:1058500090D2002300931C4B1C4D9B465B461B685B
:10586000DA6A93009B189B00EB58012B01D90123A6
:1058700000931A4B1B68002B01D001230093009862
:1058800003B0F0BCBB46B246A946A046F0BD1B68BB
:10589000DB681A680A4B1A6069E750608DE7019B64
:1058A0001A60DBE7019B012252421A60D6E7002210
:1058B0000092054A054D9346F5E7C046C41F0220F5
:1058C000681F0220301B0020281B0020401B0020E6
:1058D000001F0220381B00206C1F0220D01F022056
:1058E000F8B5CE464746960080B5804630000D009C
:1058F0009946FEF783FE071E00D18AE07020FEF76E
:105900007DFE041E00D181E070220021FCF750FED4
:105910003200A52138002763FCF74AFE236B043EC2
:105920009E1907239E43002D4BD034222B78A3547D
:10593000002B43D06B780132A354002B3ED0AB78C0
:105940000132A354002B39D0EB780132A354002B41
:1059500034D02B790132A354002B2FD06B79013234
:10596000A354002B2AD0AB790132A354002B25D0AD
:10597000EB790132A354002B20D02B7A0132A354AF
:10598000002B1BD06B7A0132A354002B16D0AB7ABC
:105990000132A354002B11D0EB7A0132A354002B17
:1059A0000CD02B7B0132A354002B07D06B7B013230
:1059B000A354002B02D04223AA7BE25443230022AB
:1059C000E254089D1F2D1FD8201DE562E564FFF7F6
:1059D0009FFA20001830FFF79BFA20235B1BA3617E
:1059E0004A464146300024616462FEF77BFF099B12
:1059F0002060002B00D01C602000FFF7E7FD012095
:105A0000C0BCB946B046F8BD1F25DDE73800FEF73B
:105A100087FE01204042F3E7F0B58020C6462C4BBC
:105A200000B5000198462B4FFEF7E8FD0026051E45
:105A300037D07020FEF7E2FD041E37D0702200211F
:105A4000FCF7B6FD8022A521120128002563FCF792
:105A5000AFFD214B256B9C46072365449D431F4B9F
:105A6000201D63633823E6540B33E654E662E66494
:105A7000FFF74EFA20001830FFF74AFA20230022E1
:105A80004146A361280024616462FEF72BFF206079
:105A900020003C600136FFF799FD00F0C5FD0128AC
:105AA00008D00F4B1B6880BCB846F0BD2800FEF73D
:105AB00037FEF6E772B601220A4B52421A60002204
:105AC000094B1E60094B1A60FEF782FFE9E7C046EA
:105AD000F15600105C1F0220FC07000049444C45B1
:105AE00010B80010681F0220901F0220C41F02205F
:105AF000024A1368013313607047C046F81E022043
:105B0000F0B5DE4657464E464546E0B583B0FEF753
:105B100005FF534C2368013B23602368002B00D012
:105B200081E0504B1B68002B7DD04F4B9C461B687F
:105B3000002B00D190E04D4B4D4D98464D4B0194BC
:105B400099464D4B9A4600239B466346DB68DB68CB
:105B5000D869196A9A6A81604860180056681830D6
:105B6000864200D172E0594699621168013911608C
:105B70005A699868D968566881604860181D8642DD
:105B800062D01168013911604146DA6A09688A42B7
:105B900001D941460A60910089188C002E1971685C
:105BA0008F689960DF60786088605E612B5901338F
:105BB0002B514B461B68DB6A9A423FD95346012260
:105BC0001A6063461B68002BBFD12C4B019C1A68DE
:105BD0001268002A3CD01B68DB681A68284B1A60E0
:105BE000284E3568002D14D0012708E0FFF7B0FDDE
:105BF000002801D053461F60013D002D08D02368C6
:105C0000002BF3D03368013D01333360002DF6D112
:105C1000356053461B68002B05D0164B01241B68CA
:105C2000FEF770FE00E00024FEF784FE200003B0C3
:105C3000F0BCBB46B246A946A046F0BD63461B6811
:105C4000002B00D081E7C0E751609AE751608AE7F6
:105C50000B4B013A1A60C3E7074B9A46C0E7C046B0
:105C6000F81E0220F01E02207C1F0220001F0220CE
:105C7000401B0020281B0020D01F0220301B0020CA
:105C8000681F0220781F0220F0B5C646040000B548
:105C9000002821D0174A136801331360164B0021E6
:105CA0001E68164B164D1F68164BA4191B682A68F0
:105CB00098466D232868D1540430FFF745F92B68C6
:105CC00029685C600431A6420BD94046FFF724F9ED
:105CD000FFF716FF002801D1FEF714FE80BCB8467E
:105CE000F0BD3800FFF718F9074B1A689442EFD25D
:105CF0001C60EDE7F81E0220C41F0220301B0020AC
:105D0000281B0020381B0020681F0220014B186848
:105D10007047C046C41F0220014B18687047C04638
:105D2000F01E0220064B10B51B68002B02D1FFF7B6
:105D30000FFD10BD034A0020136801331360F8E71C
:105D4000F81E0220781F0220194B30B51B68002B6B
:105D500003D00122174B1A6030BD164A164C13604F
:105D60002268164891008B189B00C558002D07D15A
:105D7000143BC3181968143B013A0029FAD091006A
:105D80008918890045186B6808315B6840186B609A
:105D9000834205D0D9680A4B196022601B68DBE793
:105DA000EB68D9686B60064B196022601B68D3E70B
:105DB000F81E0220D01F0220001F0220401B0020DE
:105DC000281B0020F0B5C646204D0C00296800B500
:105DD0001831FFF7A1F81E4B00211E681D4B1F68EC
:105DE0001D4B1B682A6898466D232868D1540430DF
:105DF000FFF7AAF8631C15D02B682968A4195C600A
:105E00000431A64205D94046FFF786F880BCB84663
:105E1000F0BD3800FFF780F8104B1A689442F5D2B5
:105E20001C60F3E70E4B29685A688A6090682968FD
:105E3000C8602968043141602968043191602A688A
:105E400053611A6801321A60E0E7C046281B00203F
:105E5000C41F0220301B0020381B0020681F0220B6
:105E60009C1F02208023F0B5C646294C15001B0656
:105E700022680B4300B59361226843689968D36137
:105E800022681162226818324A60226800211832A2
:105E90009A60236898620368013303601D4B1E6893
:105EA0001D4B1F681D4B1B68226898466D23206898
:105EB000D1540430FFF748F86B1C15D023682168D3
:105EC000AD195D600431AE4205D94046FFF724F8B4
:105ED00080BCB846F0BD3800FFF71EF8104B1A68BA
:105EE0009542F5D21D60F3E70E4B21685A688A602F
:105EF00090682168C86021680431416021680431DC
:105F00009160226853611A6801321A60E0E7C04666
:105F1000281B0020C41F0220301B0020381B00203B
:105F2000681F02209C1F0220F0B5C646354C43680E
:105F30000D00216800B59E68CB6121680E62216862
:105F4000183171602168183199602368986203687C
:105F5000013303602C4B002A21D01B682B4B0021FE
:105F60001B682B4B1B686D2322682068D1540430BA
:105F7000FEF7EAFF274B21685A688A60906821681B
:105F8000C860216804314160216804319160226851
:105F900053611A6801321A6080BCB846F0BD1E68B1
:105FA0001A4B1F681A4B1B68216898466D2320689E
:105FB000CA540430FEF7C8FF6B1C15D02368AD1916
:105FC0005D60AE420AD8216838000431FEF7A4FFB4
:105FD000114B1A689542DFD21D60DDE7216840460B
:105FE0000431FEF799FFD7E72268731E53609E4283
:105FF000F4D8216838000431FEF78EFF064B1B6889
:10600000CAE7C046281B0020C41F0220301B002006
:10601000381B00209C1F0220681F0220C368F0B5B7
:10602000DB68D869196A9A6A816048601800546808
:106030001830844241D00021996211680139116001
:10604000234AD96A1268002A29D15A699C68D868FB
:106050001D1DA06044605468AC4230D01068013807
:1060600010601C4A1068884225D38A001A485218CA
:10607000920086187468A7689C60DF607D60A560E8
:106080005E61835801338350144B00201B68DB6A28
:106090008B4203D20122124B01301A60F0BD114A2B
:1060A0005468A568DC611D626860A0609A6213682C
:1060B00001331360E8E71160D7E75160BBE7506038
:1060C000106801381060034A10688842CDD2F2E7A8
:1060D000F81E0220001F0220401B0020281B002069
:1060E000D01F02207C1F022080231B06F0B502690E
:1060F00044680B4381680360C368A1604C605468C6
:1061000084422ED000210161116898680139116024
:106110005A69D9681D1D816048605068A84222D024
:10612000116801391160114AD96A1068814200D999
:1061300011608A000E485218920086187468A76889
:106140009C60DF607D60A5605E6183580133835091
:10615000084B1B68DB6A994202D90122064B1A6080
:10616000F0BD5160CEE75160DAE7C046001F022063
:10617000401B0020281B0020D01F0220034B1B685F
:106180000360034B1B6843607047C0466C1F0220CE
:10619000C41F0220F0B5C64600B504000E00FEF78D
:1061A000BDFB6D231548164A076815686168ED5CEC
:1061B000002D09D000211268D1540124FEF7BAFB4A
:1061C000200080BCB846F0BD33685A1C14D00D4A7C
:1061D0001568A8462568454504D0B94202D8002371
:1061E0003360EAE77D1AAB42F9D9DB1B5B183360F9
:1061F00013682360036863600024DFE7C41F022084
:10620000281B00206C1F02200122014B1A607047DE
:10621000D01F0220014B18687047C046281B002081
:1062200070B5041E08D0036DC16AC26C013B0365E2
:10623000914201D0002B01D0002070BD051D280027
:10624000FEF782FE2023E26C9B1AA3610B4BE262F5
:1062500019688A4200D91A60930009499B189B006B
:10626000C81842689668A260E66075609560CA5872
:10627000606101320120CA50DFE7C046001F0220E2
:10628000401B0020044B1A68196890691A68202383
:10629000C96A5B1A93617047281B0020F0B5574606
:1062A000DE464E464546E0B5CA4A8BB003922822E8
:1062B000C94BCA4F0193CA4BB9469A46C94B93463C
:1062C0001F004B461B681D68002D00D1A5E0DB6850
:1062D0001D68FFF70DFCFFF719FD019B02901B687D
:1062E000984200D2ABE0019A1060854200D84DE19F
:1062F0000022029B3868E91AFFF744F9FFF700FC17
:10630000002800D134E11022002106A8FCF750F942
:106310000022386806A9FFF71BF80028D1D0069B99
:106320000898002B71DB089C6369002B02D0201DAC
:10633000FEF70AFEFFF7EAFC019B05001B68984286
:1063400000D2C9E0019B1D60069B092BE0D8039A8F
:106350009B00D3589F465B46E05C01235A460343AB
:10636000A3540799A26924618B186360AB4200D9DA
:1063700001E1691A8A4231D8410710D401239843B8
:106380005B46E0542000236A9847C1E7EB1A9A4223
:1063900000D915E1236A200098473300A269D61876
:1063A00066602461B542F1D29D4201D2B342F1D977
:1063B0004B46211D1868FEF7AFFDE3E75B4601225F
:1063C000E35C13435A46A354079B24615A19A36103
:1063D0006260AA4200D9D3E0002B99D05346211D18
:1063E0001868FEF799FD93E75B460122E35C93434F
:1063F0005A46A3548CE75B46E35C9A0700D4DBE083
:10640000012293435A46A35482E7079B0999984770
:10641000069B002B00DA7BE785E7FFF769FBFFF7B8
:1064200075FC019B02001B680290984207D3019BF8
:106430001A6053461B681A6853425A4159E74B4643
:106440001B681A68002A3BD00422049790460BE090
:10645000012293435A46A354236A200098474B468F
:106460001B681A68002A2AD0DB68DC681E68271DB2
:106470003800FEF769FD5B464246E35C1A42E7D00E
:10648000A3692461F518F6436560B3420AD82E006B
:10649000F643236A20009847A3692461ED186560DC
:1064A000B342F4D9534639001868FEF735FD236A24
:1064B000200098474B461B681A68002AD4D1049FD5
:1064C0005246494612680A6052461360019B029A7E
:1064D0001A60FFF715FB16E74B461B681A68002A7F
:1064E0003FD0042202949046049005970BE00122CD
:1064F00093435A46A354236A200098474B461B688F
:106500001A68002A2AD0DB68DC681E68271D38005C
:10651000FEF71AFD5B464246E35C1A42E7D0A369E8
:106520002461F518F64365609E420AD32E00F643B7
:10653000236A20009847A3692461ED186560B3427F
:10654000F4D9534639001868FEF7E6FC236A2000A8
:1065500098474B461B681A68002AD4D1029C049DB8
:10656000059F5246494612680A6052461360E9E6A2
:10657000FEF7C8F9C7E6A94202D9994200D8FBE65E
:106580004B46211D1868FEF7C7FCC1E6FFF7B8FAB5
:106590004B461B68DB68DE68341D2000FEF7D4FC28
:1065A0005B46F35C5A0711D4012293435A46B35415
:1065B0003000336A9847A6E62000FEF7B1F8A7E658
:1065C0005346211D1868FEF7A7FCDBE6A0462B000A
:1065D000029C10E014B80010601F02202C1B002049
:1065E0003C1B0020C81F0220E31A9A4214D8336AC9
:1065F000300098472B00B26936619D187560AC4237
:10660000F2D29C4201D2AB42F1D944464B46210022
:106610001868FEF781FCCBE7444653462100186812
:10662000FEF77AFCC4E7C04670B582B0FEF776F993
:10663000174C2368002B12D0FEF77CF9236800204A
:10664000002B0AD0134B802201931F231249009381
:1066500012480023D200FFF743F902B070BD104E7C
:106660003000FEF749FC0F4D2800FEF745FC0E4BAD
:1066700000221E600D4B10210A201D60FEF77CFDDC
:1066800020600028D8D00A49FEF7F0FED4E7C046C3
:10669000C81F0220CC1F0220CCB100109D62001048
:1066A000041F0220181F02202C1B00203C1B00206E
:1066B000C4B1001010B514001A00022384B05B426C
:1066C0000093054B019002911868694600230394DA
:1066D000FEF7A4FD04B010BDC81F022010B5EFF3F3
:1066E000108C72B60A4B9A688300D058814205D04C
:1066F000084A90420AD3084A904207D2044A926854
:10670000D150BFF35F8F8CF3108810BDFBF7E0F919
:1067100000ED00E0C0010010D4010010014B186032
:106720007047C046B410002010B5034B0A000100AA
:10673000180002F0DBFF10BD28120020014B186882
:106740007047C046B410002010B582B0FFF7F6FFC6
:10675000002807D003F09EFA03000020002B10D081
:1067600002B010BD684603F081FE0F4C6946200060
:1067700003F082FE002813D02000FFF7CFFF200097
:10678000E8E7FFF7DBFF040003F0A0FA064B9C42AA
:1067900006D1236820005B6B98470020FFF7BEFFFF
:1067A00001204042DCE7C046200C002010B5024822
:1067B00000F00CF810BDC046CC1D002010B508221A
:1067C0000149FBF7FBFE10BDCC1D002010B588B0C1
:1067D00004000D2200216846FBF7EAFE0D2200218D
:1067E00004A8FBF7E5FE6A464B236846137004A92C
:1067F00000230D2204F0F0FB15210822200069443B
:10680000FBF7DCFE08B010BD10B50520FBF7A8F8BB
:10681000030C642003495843FBF7B2FA0338FDD256
:1068200010BDC0469A3B0000184B70B5C458050017
:10683000002C14D02168002906D06368A26814488F
:1068400003F022F9002323600C202056002810DAE0
:106850000D202056002803DA00220C4BEA5070BDB0
:1068600003F04EF90D20205603F02EF9FF23637339
:10687000F2E703F045F90C20205603F025F9FF2339
:106880000D20237320560028E6DBE9E74C080000C2
:106890003CB80010F0B5C6463F4C404B00B5C45064
:1068A000002306212200012684B02360013BA3813E
:1068B000019112310500009139482100231D083251
:1068C000029603F0D3F8002860D0636835495F1D55
:1068D0003F03DB011F43344B0A681F4030239343BF
:1068E000324A206813600B6831009943116080229E
:1068F000002352040092019302F09EFFA1682068D9
:106900004B005B18DB00C318B8461A008027C8325A
:10691000BF021760C027BF02976047460432176066
:10692000234ADC331A601D220123009602F090FFF7
:10693000204B21689C466144090D06311820C9B2DC
:10694000F9F708FD012200211820F9F71DFD0121AA
:106950001820F9F72DFDA16823684A005218D200CB
:106960009B18154AD8331A60002003F0B7F820733B
:10697000002003F0B3F8237B40B260731843000695
:1069800004D4002004B080BCB846F0BD2800FFF756
:106990004BFF06204042F5E7D01100204C080000D4
:1069A0003CB8001078C00140FFFFFF9F78D0014045
:1069B00018771C240000E0AF01E00000F0B54E465F
:1069C0004546DE465746E0B589461600984689B0EA
:1069D000002900D124E1964BC458964B21689C466F
:1069E0006144090D06311820C9B2F9F7B3FC914B87
:1069F00021689C466144090D06311D20C9B2F9F792
:106A0000A9FC012200211D20F9F7BEFCD023802221
:106A10001B0692049A614346002B00D122E14B46AB
:106A2000002B00D1FAE001252A00A16820688A40E5
:106A300003689343036063689C464B005B18DB006C
:106A4000C718CC3703933B689A4663465A1D7A4B66
:106A500012039B46049253465A461340049A1A4323
:106A60006346DB011A433A60744A039B94468022D2
:106A7000C318634412061A601A608022002352046D
:106A80000092019302F082FE2900A36827681A1D74
:106A90009140944680229201BA1811601900280092
:106AA0000831884099001060F2007918013A0A61B3
:106AB0005A00D218D2006248BA18D8321060129820
:106AC000801BC000013808611F205E4911606168A9
:106AD00001401160A0210C22C9058A46A2565046E9
:106AE00095405949455091010800802583460791FA
:106AF00056496D04594408682842FCD10D200125EF
:106B0000205651498540039050464550A021C90563
:106B10008A464E4903988B4685018021AA445D44EC
:106B20009B462B0049041D680D42FCD15B46414940
:106B300003907D182D0DED005919C9038B46584659
:106B40004349D2020A400243424806950100A02070
:106B50001143C005624683464846079D92005D4446
:106B6000049228600498B9468346D9444846059162
:106B70002900B2086860AA60059DCD600399069D52
:106B8000C8023349654408401299ED03890805435A
:106B90008A1A3148594628435546103179182960D8
:106BA000414689196960AA6001229A401300E86091
:106BB00039680B433B600C22284B80219C46A2562F
:106BC00049049201624413680B42FCD10D22234B0D
:106BD00080219C46A25649049201624413680B42EC
:106BE000FCD1002132004046FBF7E2FCA16823689B
:106BF0004A005218D2009B18194AD8331A60D02381
:106C000080221B0692045A61FFF7FEFD002009B0A6
:106C1000F0BCBB46B246A946A046F0BDC14602E75D
:106C20004346002B00D0D6E605204042EFE7C046A1
:106C30004C0800000000E0AF7F00FEFFD010000015
:106C40002060000040600000440400000C00005080
:106C5000FD7F00FF19004000290040001000005097
:106C600003A000004B46002BC0D001273A00A168CA
:106C700020688A4003689343036063689C464B0026
:106C80005B18DB00C518CC3503932B689A46634626
:106C90005A1C484B12039B46049253465A461340D3
:106CA000049A1A436346DB011A432A60424A039B53
:106CB00094468022C318634412061A601A60802228
:106CC000002352040092019302F060FD3A00A06894
:106CD0002168031D9A409A4680239B01CB181A60B5
:106CE00002003D000832954082001D60F3008A18C2
:106CF000013B136143001B18DB00304DCB18D83328
:106D00001D60454615611F252D4A1A6062682A409C
:106D10001A600C23E356A0229F409C46294BD205C3
:106D2000D75063469B019B4617008025264A5F4447
:106D30005A446D0413682B42FCD16246D202944639
:106D4000224A234B904662464546CB181B0DDB007A
:106D50001B182A40DB0313431E4AB60813434A4656
:106D60003A60524695004D197D60BE60FB6001237C
:106D700083400D68184A2B430B6080215A44490414
:106D800013680B42FCD10122A368216818339A4092
:106D90008A608B681A42FCD00122A16820688A4070
:106DA000036893430360002318220093013302F029
:106DB0004FFD1BE77F00FEFFD010000020600000A9
:106DC00040600000440400000C000050FD7F00FF04
:106DD0000000E0AF190040001000005010B517206F
:106DE000F9F744FBD024802324061B040022012150
:106DF00063621720F9F7C8FA1820F9F737FB8023E8
:106E00005B0463621920A361F9F730FB80239B04C4
:106E10006362636110BDC04670B5D024802524062E
:106E20002D04A561142002F0D1FF6561FA2002F063
:106E3000CDFF1820F9F71AFB80235B04A36270BD15
:106E4000002300B585B003930A4BD2021A400823F1
:106E500009071143084A00930A4302AB52BA0021C2
:106E600002920422FFF7AAFD002801D1039840BA3C
:106E700005B000BD00F8FF0F0400004010B5114B35
:106E8000D2021A400B071A430F4B88B013434C1E13
:106E90000293634263411B010833009304220021E3
:106EA00002ABFFF78BFD00280AD1631E9C41032330
:106EB0006142994308226B46053189009B18585856
:106EC00008B010BD00F8FF0F0400004010B5114BD2
:106ED000D2021A400B071A430F4B88B013434C1EC3
:106EE0000293634263411B01083300930422002193
:106EF00002ABFFF763FD00280AD1631E9C41032308
:106F00006142994308226B46053189009B18585805
:106F100008B010BD00F8FF0F0200004010B5114B83
:106F2000D2021A400B071A430F4B88B013434C1E72
:106F30000293634263411B01083300930422002142
:106F400002ABFFF73BFD00280AD1631E9C410323DF
:106F50006142994308226B46053189009B185858B5
:106F600008B010BD00F8FF0F01000040F0B55BBA9B
:106F7000DE4657464E464546E0B5734CD2022240A7
:106F800009071143714A85B00A430393704B02A964
:106F9000C458704B8A4652BA9C46216818206144F6
:106FA000090D0631C9B20292F9F7D4F9694B21688B
:106FB0009C466144090D06311D20C9B2F9F7CAF992
:106FC000012200211D20F9F7DFF9D02380220127BB
:106FD0001B0692049A613A00A16820688A400368FF
:106FE0006568934303604B005B18DB00C618CC3622
:106FF00032689C4690466A1C1303574A9B4691464A
:1070000042464B461A4013005A46ED011A432A43A2
:107010003260524A634694468022C3186344120683
:107020001A601A608022002352040092019302F039
:10703000ADFB3A00A0682168031D9A409946802361
:107040009B01CB181A6002003D00083295401D607C
:107050003F2382008A18136143001B18DB00404D58
:10706000CB18D8331D60002515613E4A1F351A60C4
:10707000626880262A401A600C23E356A0229F40B3
:107080009C46394BD205D75063469A01A023DB05B5
:10709000D718364B7604D5182B683342FCD1654699
:1070A000ED02AC46324D2B4BA84665464646CB1802
:1070B0001B0DDB001B183540DB032B432D4D2B43F1
:1070C00055463D604D46AE0002258E197E60BD607E
:1070D000FB60012383400D682B430B60264B80210E
:1070E0009C464904624413680B42FCD10122A36808
:1070F000216818339A408A608B681342FCD00122C1
:10710000A16820688A400368934303600023182223
:107110000093013302F09CFBA16823684A005218D7
:10712000D2009B18154AD8331A60D02380221B0640
:1071300092045A61FFF768FB002005B0F0BCBB4623
:10714000B246A946A046F0BD00F8FF0F040000C0FB
:107150004C0800000000E0AF7F00FEFFD0100000F0
:107160002060000040600000440400000C0000505B
:10717000FD7F00FF190040001000005003A0000038
:10718000F0B5DE4657464E464546E0B585B002AC02
:10719000A246724CD202224009070A4370490127D5
:1071A0000A430292524653606E4BC4586E4B21689C
:1071B0009C466144090D06311820C9B2F9F7CAF896
:1071C000694B21689C466144090D06311D20C9B2F6
:1071D000F9F7C0F8012200211D20F9F7D5F8D023D6
:1071E00080221B0692049A613A00A16820688A40B6
:1071F00003686568934303604B005B18DB00C618A7
:10720000CC3632689C4690466A1C1303574A9B460C
:10721000914642464B461A4013005A46ED011A4326
:107220002A433260524A634694468022C31863441C
:1072300012061A601A608022002352040092019301
:1072400002F0A4FA3A00A0682168031D9A4099460A
:1072500080239B01CB181A6002003D000832954044
:107260001D603F2382008A18136143001B18DB0056
:10727000404DCB18D8331D60002515613E4A1F359F
:107280001A60626880262A401A600C23E356A02206
:107290009F409C46394BD205D75063469A01A023A4
:1072A000DB05D718364B7604D5182B683342FCD152
:1072B0006546ED02AC46334D2B4BA8466546464627
:1072C000CB181B0DDB001B183540DB032B432E4D69
:1072D0002B4355463D604D46AE0002258E197E601B
:1072E000BD60FB60012383400D682B430B60274B7F
:1072F00080219C464904624413680B42FCD1012260
:10730000A368216818339A408A608B681342FCD0C6
:107310000122A16820688A40036893430360002328
:1073200018220093013302F093FAA16823684A00FF
:107330005218D2009B18164AD8331A60D0238022E4
:107340001B0692045A61FFF75FFA002005B0F0BCFB
:10735000BB46B246A946A046F0BDC04600F8FF0FA6
:10736000040000C04C0800000000E0AF7F00FEFFFA
:10737000D0100000206000004060000044040000C5
:107380000C000050FD7F00FF19004000100000506D
:1073900003A00000F0B5DE4657464E464546E0B530
:1073A00085B002ACA246724CD202224009070A43C1
:1073B000704901270A430292524653606E4BC458EB
:1073C0006E4B21689C466144090D06311820C9B2F4
:1073D000F8F7C0FF694B21689C466144090D0631EE
:1073E0001D20C9B2F8F7B6FF012200211D20F8F7D1
:1073F000CBFFD02380221B0692049A613A00A16839
:1074000020688A4003686568934303604B005B18FB
:10741000DB00C618CC3632689C4690466A1C1303C3
:10742000574A9B46914642464B461A4013005A46DD
:10743000ED011A432A433260524A63469446802241
:10744000C318634412061A601A6080220023520493
:107450000092019302F09AF93A00A0682168031D96
:107460009A40994680239B01CB181A6002003D0088
:10747000083295401D603F2382008A181361430043
:107480001B18DB00404DCB18D8331D60002515615B
:107490003E4A1F351A60626880262A401A600C2313
:1074A000E356A0229F409C46394BD205D7506346F5
:1074B0009A01A023DB05D718364B7604D5182B6824
:1074C0003342FCD16546ED02AC46334D2B4BA8460A
:1074D00065464646CB181B0DDB001B183540DB0309
:1074E0002B432E4D2B4355463D604D46AE000225A5
:1074F0008E197E60BD60FB60012383400D682B43C5
:107500000B60274B80219C464904624413680B4260
:10751000FCD10122A368216818339A408A608B68E5
:107520001342FCD00122A16820688A40036893437B
:107530000360002318220093013302F089F9A16847
:1075400023684A005218D2009B18164AD8331A6092
:10755000D02380221B0692045A61FFF755F90020C0
:1075600005B0F0BCBB46B246A946A046F0BDC04639
:1075700000F8FF0F020000C04C0800000000E0AF60
:107580007F00FEFFD010000020600000406000007F
:10759000440400000C000050FD7F00FF1900400073
:1075A0001000005003A00000F0B5DE4657464E46DE
:1075B0004546E0B585B002ACA246724CD2022240EC
:1075C00009070A43704901270A4302925246536051
:1075D0006E4BC4586E4B21689C466144090D0631C0
:1075E0001820C9B2F8F7B6FE694B21689C46614481
:1075F000090D06311D20C9B2F8F7ACFE01220021A9
:107600001D20F8F7C1FED02380221B0692049A6148
:107610003A00A16820688A40036865689343036064
:107620004B005B18DB00C618CC3632689C4690468F
:107630006A1C1303574A9B46914642464B461A40E2
:1076400013005A46ED011A432A433260524A6346F8
:1076500094468022C318634412061A601A6080227E
:10766000002352040092019302F090F83A00A068BF
:107670002168031D9A40994680239B01CB181A600C
:1076800002003D00083295401D603F2382008A18A9
:10769000136143001B18DB00404DCB18D8331D602D
:1076A000002515613E4A1F351A60626880262A400F
:1076B0001A600C23E356A0229F409C46394BD2050A
:1076C000D75063469A01A023DB05D718364B7604C2
:1076D000D5182B683342FCD16546ED02AC46334DDC
:1076E0002B4BA84665464646CB181B0DDB001B18E6
:1076F0003540DB032B432E4D2B4355463D604D4615
:10770000AE0002258E197E60BD60FB6001238340C0
:107710000D682B430B60274B80219C464904624433
:1077200013680B42FCD10122A368216818339A40E8
:107730008A608B681342FCD00122A16820688A40CD
:10774000036893430360002318220093013302F07F
:107750007FF8A16823684A005218D2009B18164A85
:10776000D8331A60D02380221B0692045A61FFF797
:107770004BF8002005B0F0BCBB46B246A946A04677
:10778000F0BDC04600F8FF0F010000C04C0800002B
:107790000000E0AF7F00FEFFD0100000206000007E
:1077A00040600000440400000C000050FD7F00FF1A
:1077B000190040001000005003A00000F0B5DE1CCE
:1077C0001D000323040083B09E43012924D02423F9
:1077D0000420164FD2023A4009072A430A43802167
:1077E0000430C90580000A43201804364260002195
:1077F000009604222000E318FFF7E0F8061E0FD1E0
:107800002100089B2831994203D02A001800FAF77A
:10781000D5FE300003B0F0BD002010361133D8E79C
:1078200031000348FCF7E8FCF3E7C04600F8FF0F1F
:10783000D4B10010F0B557464E464546DE46E0B599
:107840000500032091468BB01A00033302AF834337
:10785000022922D01C1D4B46234EDB020907334070
:1078600011431943C02328001B060B43B96C283071
:107870006B62884201D0FAF7A1FE290000232200A2
:10788000280024310093FFF799F8BD4609B0F0BCF9
:10789000BB46B246A946A046F0BDFA240826A84633
:1078A0008A469346A4007B60013C16D30F4B04220A
:1078B000BB600823002140460096FB186D46FFF789
:1078C0007DF8002800D1F868AD468006ECD5454625
:1078D00051465A467B68002CBCD10548FCF704FC95
:1078E00006204042D1E7C04600F8FF0F04400040A8
:1078F00008B40010836870B5CC0B0500E403A34204
:107900000DD0802263405204934219D2FF22120408
:1079100013420CD1FF221202134201D1AC6070BDA0
:10792000012128000A4A230AFFF73EFEF6E7230C4E
:1079300001212800074AFFF737FEAB686340E9E7FB
:10794000230E0121044AFFF72FFEAB686340DDE7F9
:107950000A0001000B0001000C000100F0B5C64652
:10796000033000B58D1E840810D0631E072B03D989
:107970000B002B435B0721D02A00A4002C1993880D
:1079800050881B04034308C2A242F8D16B885BBA3B
:107990006B808B1C1A6813BA6B608B1D186803BA56
:1079A000AB600B000A331B681BBAEB608A23DB0554
:1079B0009A421BD0280080BCB846F0BDC3089C4644
:1079C000DB002E0008009846CF180CC80CC6874272
:1079D000FBD1634658004346EF18CE188442D5D0F9
:1079E000738832881B0413433B60CFE780231B0559
:1079F0009842DFD10B000A000E00B232AE3310689D
:107A00001B882E3632691C18944216D83A31C91890
:107A1000081881423AD20027002404E0DD2A10D061
:107A2000C918884220D94B780233CA189042F7D33C
:107A30000A78302AF2D10C00F2E701235B42AB60F6
:107A4000B8E78A1C90468A78002AE9D142465278E3
:107A5000502AE5D142469278F22AE1D14246D278C4
:107A6000012ADDD10F00DBE7631E9C41A400002F3B
:107A700001D002221443B28BD20601D50122144355
:107A80008422A95CA9520432AC5493E70024F2E7A3
:107A9000F0B5C6460E0005000B0000B501211A4ADC
:107AA000FFF782FD330001212800174AFFF77CFD14
:107AB000002E25D003230327984640240BE0012005
:107AC00002F084F9013C3300012128000E4AFFF73F
:107AD0006BFD002C0FD0012128000B4AFFF71EFA86
:107AE0000028ECDB42460240BA42E8D1FF28E6D04B
:107AF00080BCB846F0BD31000448FCF77DFBF7E7D9
:107B0000012300279846D8E71F000100F0B10010BC
:107B1000F0B5D6464F464646C0B5C37C05000F00BB
:107B2000924682B0002B05D1006801F0CBFC012801
:107B300000D097E0280001F0CBFCAB7C002B05D1F6
:107B400001212800FFF7A4FF0123AB74EB7C002B7D
:107B500000D16EE0FA24A40003E0013C002C00D127
:107B600080E0082200212800FFF788F9431CF4D0A8
:107B7000C30500D4BFE0C02203035B0D591ED20031
:107B8000914200D3B1E0800700D5AEE02C0028344C
:107B90000022022128000094FFF710FE00283BD1AC
:107BA000298D6A8D0B00134300D1A4E00123EB74EF
:107BB000604B9C460B005340634500D0A1E0D2438C
:107BC00092B2914200D099E00B2900D8A0E0237A2C
:107BD000AB730F2362791340022B23D8627A944649
:107BE00066466A7BB21AD2B2142A3ED90C291DD03D
:107BF000012B3CD0022B60D01B2900D894E0E37904
:107C00002D8AE3185A89954200D08AE052461033F3
:107C10001C1B0C1B3C60136002B0E0BCBA46B146B2
:107C2000A846F0BD0B2040420C29F5D1042040426B
:107C3000F2E7042200212800FFF748F983B29846B2
:107C40003D4B040099461B88434502D086230342DE
:107C50002DD14346002B42D14B4642461A80A40602
:107C600000D577E701204042D6E76E73BEE71029C2
:107C70005DD9E379E318DA78920004329B181A7B15
:107C80001C1B091B882A46D15A7B6C2A43D1DA7CFB
:107C9000002A3AD11A7D102A37D15A7D182A34D1B8
:107CA000524618391833396001201360B4E70104D3
:107CB000090C2248FCF7A0FACBE710292ED9E2796B
:107CC0000220A218D3789B000433D31892781C1B8F
:107CD000D2070C1B144352463C6013609CE70422FD
:107CE00000212800FFF756FBB6E7012301212800F9
:107CF000134AFFF759FC0023EB74B3E7022040421C
:107D00008AE71048FCF778FAACE70A20404283E79C
:107D10000320404280E7092040427DE7072040429F
:107D20007AE70620404277E70520404274E70820C2
:107D3000404271E7FFFF0000D61F022014B200107E
:107D40000D00010040B20010F0B5DE465746454632
:107D50004E460400E0B585B09A468846934601F049
:107D6000B7FBA37C002B05D101212000FFF790FE7B
:107D70000123A374A37B002B24D02F4F2F4EBB6A6B
:107D800099460EE0A17B002903D1237B627B9A42B6
:107D90001CD14B46ED1AB54245D8FA20800001F0BF
:107DA000E3FF200003AA02A9BD6AFFF7B1FE012884
:107DB000E8D103990298FFF7D1FD0100200001F0FE
:107DC0008DFBDFE7237B627B9A42D6D05A46514631
:107DD0000C3292B20A80D2430B714A80524641461D
:107DE0005171002251468A7141468E1E711E8E418C
:107DF000012176428E43514601330E360A814A8173
:107E0000CE7123735B4603320F33934300910022FC
:107E100002212000FFF70EFD05B0F0BCBB46B246C4
:107E2000A946A046F0BD637B227B0548FCF7E4F938
:107E300002204042F0E7C0460040054040420F00AB
:107E40006CB20010F0B557464E464546DE46E0B5EA
:107E5000294E9246B76A9846284AB36A0500894671
:107E600083B0DB1B93422ED8254B9B4610E00228A3
:107E700020D0002803DB01005846FCF7BDF9FA20AA
:107E8000800001F071FFB36A1C4ADB1B93421AD8D1
:107E90006946280001AAFFF73BFE041E23D00128F3
:107EA000E5D101990098FFF759FD0100280001F084
:107EB00015FBE4E70099019B4A0028685208C90FA6
:107EC00001F0B6FFDBE743465246494602240D481F
:107ED000FCF792F96442200003B0F0BCBB46B24606
:107EE000A946A046F0BD009A424500D942460199F4
:107EF0000C9803F091F8EEE7004005403F420F0078
:107F000090B20010BCB20010F0B545469046402239
:107F10005746DE464E46524293469246E0B500240E
:107F2000070083B08B449A4440222300403491469A
:107F3000444502D94246D31A99465B461D19BB688F
:107F4000EE0BF6039E420DD0802273405204934202
:107F500027D2FF22120413422FD1FF221202134212
:107F600018D1BE60802253466D041B196D0C12029D
:107F7000009301214B4638002A43FFF75BFC0028A1
:107F800001D14445D0D303B0F0BCBB46B246A946AC
:107F9000A046F0BD012138000C4A330AFFF704FB6C
:107FA000DFE700230A4A01213800FFF7FDFAFF222C
:107FB000BB68120473401342CFD0330C0121380048
:107FC000044AFFF7F1FABB687340C6E70A000100F4
:107FD0000C0001000B000100F0B5CE46474680B50D
:107FE000060083B0040008001700894602F076FFFF
:107FF000431C9846443605001A0049463000FAF7FB
:10800000DDFA4346F2183B0A177053703B0C3F0EE3
:108010009370D7702A00802321326F1D1B019A4272
:1080200020D80822238AFF3201339BB29046626334
:10803000063AFF3A23821B041343E36300232A001A
:108040002364230000212000A76315322833FFF7A3
:108050007BFE002806D13B0042460221200000960C
:10806000FFF7F0FE03B0C0BCB946B046F0BDC04655
:10807000F0B5CE46474680B5060083B00400080040
:1080800099468846170002F029FF4436451C3A00FD
:108090004946701902F0C0FF2A0041463000ED1930
:1080A000FAF78CFA2A0080231C321B019A4220D84E
:1080B000218A0A9B013189B21B03218209041943D9
:1080C000022319430023082723642300FF37E163B9
:1080D000200000216763A56328330C3AFFF734FEC4
:1080E000002806D12B003A00022120000096FFF75D
:1080F000A9FE03B0C0BCB946B046F0BD836870B5F8
:10810000CE0B04000D00F6039E420DD0802273407A
:108110005204934239D2FF22120413422CD1FF227F
:108120001202134221D1A66080226D046D0C12024E
:108130002A4301212000FEF7F1FEC025A3680600B6
:108140006D05AB420FD080226B405204934238D26F
:10815000FF221204134228D1FF22120213421CD123
:10816000C0235B05A360300070BD01212000194AC7
:10817000330AFFF719FAD6E7330C01212000164A1B
:10818000FFF712FAA3687340C9E7330E0121134ABF
:10819000FFF70AFAA3687340BDE7C023012120005E
:1081A0000C4A5B03FFF700FADAE7C0230A4A5B01D7
:1081B00001212000FFF7F8F9C023A2685B055340B6
:1081C000CAE7182301212000044AFFF7EDF9A3684C
:1081D0006B40BDE70A0001000B0001000C0001002C
:1081E000F0B5C646CE0B0D008168040090461F0016
:1081F00000B5F6038E420DD0802371405B04994296
:1082000066D2FF231B04194259D1FF231B021942D6
:1082100025D1A660802243466D046D0C12022A43CC
:10822000012B23D03B0001212000FEF7A9FFC02530
:10823000A3686D05AB420FD080226B40520493427D
:108240001AD2FF221204134222D1FF221202134239
:108250002DD1C0235B05A36080BCB846F0BD0121D1
:1082600020001F4A330AFFF79FF9D2E73B000121A4
:108270002000FFF799F9DAE718231A4A01212000B4
:10828000FFF792F9FF22A36812046B401342DCD07F
:10829000C023154A5B0101212000FFF785F9C023A7
:1082A000A2685B055340FF2212021342D1D0C023C3
:1082B000012120000A4A5B03FFF776F9C9E7012193
:1082C0002000094A330CFFF76FF9A16871409CE761
:1082D0000121044A330EFFF767F9A168714090E766
:1082E0000A0001000C0001000B000100F8B5CE46A9
:1082F000474604000D0080B5012900D1E4E1D74BC9
:10830000C82798463F02C02641462000FFF7F2FAF0
:108310003A0001212000FEF701FEA3687605B34272
:1083200012D0802273405204934200D3E7E0FF2230
:108330001204134200D0EFE0FF221202134200D0D9
:10834000FAE0C0235B05A36041462000FFF7D2FAA4
:108350003A0001212000FEF7E1FDC022A36852058A
:1083600006009146934212D0534080225204934219
:1083700000D39EE1FF221204134200D08DE1FF22C0
:108380001202134200D080E1C0235B05A360F60710
:1083900000D4A1E1012D00D19BE1B14DB14E3100DE
:1083A0002000FFF7A7FA03232A0001212000FFF78E
:1083B000FBF8C022A36852059146934212D0534065
:1083C00080225204934200D354E1FF22120413424C
:1083D00000D037E1FF221202134200D02AE1C0236D
:1083E0005B05A36031002000FFF784FA2A00012119
:1083F0002000FEF793FDC022A368520591469342E8
:1084000012D0534080225204934200D307E1FF224E
:108410001204134200D0F6E0FF221202134200D0F1
:10842000E9E0C0235B05A36041462000FFF762FA44
:108430003A00C027002301212000FFF7B5F8A36808
:108440007F05BB4212D080227B405204934200D36E
:10845000C8E0FF221204134200D0B7E0FF2212024C
:10846000134200D0AAE0C0235B05A360C02701200F
:1084700001F0ACFC31002000FFF73CFA01232A0098
:1084800001212000FFF790F8A3687F05BB4211D0BF
:1084900080227B405204934200D386E0FF221204E4
:1084A000134200D075E0FF221202134269D1C023AB
:1084B0005B05A36031002000FFF71CFA2A00C025ED
:1084C00001212000FEF72AFDA3686D05AB420FD005
:1084D00080226B40520493424AD2FF22120413427C
:1084E0003AD1FF22120213422ED1C0235B05A360B2
:1084F000012001F06BFCC0BCB946B046F8BD1823A2
:10850000594A01212000FFF74FF8FF22A368120407
:108510007340134200D10FE7C023544A5B0101218D
:108520002000FFF741F8C023A2685B055340FF22FB
:108530001202134200D104E7C023012120004C4A5B
:108540005B03FFF731F8FCE6C02301212000484A15
:108550005B03FFF729F8C8E7C023444A5B01012108
:108560002000FFF721F8C023A2685B055340B8E75D
:108570001823012120003C4AFFF716F8A3686B403E
:10858000ABE7C02301212000394A5B03FFF70CF859
:108590008DE7C023354A5B0101212000FFF704F875
:1085A000C023A2685B0553407DE71823012120000A
:1085B0002D4AFEF7F9FFA3687B406FE7C023012136
:1085C00020002B4A5B03FEF7EFFF4CE7C023274A4E
:1085D0005B0101212000FEF7E7FFC023A2685B05D5
:1085E00053403BE71823012120001F4AFEF7DCFF20
:1085F000A3687B402DE7C023012120001C4A5B03B8
:10860000FEF7D2FF0DE7C023184A5B0101212000CD
:10861000FEF7CAFFC023A2685B055340FCE618239F
:10862000114A01212000FEF7BFFF4A46A3685A40C5
:108630001300ECE6C023012120000D4A5B03FEF786
:10864000B3FFCCE6C023094A5B0101212000FEF7FD
:10865000ABFFC023A2685B055340BBE6004810187F
:1086600008C40000084410180C0001000B000100B1
:108670000A00010018231A4A01212000FEF794FF86
:108680004A46A3685A4013009FE6C02301212000F8
:10869000144A5B03FEF788FF76E6C023124A5B01AB
:1086A00001212000FEF780FFC023A2685B05534034
:1086B00065E618230A4A01212000FEF775FF4A46A5
:1086C000A3685A40130055E6B827084B3F02984666
:1086D00019E6074D074E62E60748FBF705FD59E628
:1086E0000C0001000A0001000B0001000038101806
:1086F00008B4000008341018E4B2001080220023EF
:1087000052008281034A0160836083730361835056
:108710007047C0464C08000010B5FEF785F810BD44
:1087200010B5040082B06946200001AAFFF7F0F9F5
:10873000431C14D0031DF6D0012812D00228F2D118
:108740000099019B4A0020685208C90F01F070FB94
:108750006946200001AAFFF7DBF9431CEAD102B009
:1087600010BD01990098FFF7F9F80100200000F012
:10877000B5FED8E7F0B50227C64698464B001F4025
:10878000802300B516001C32040082B04D081B0186
:108790009A422BD83304008A1B0CA363089B013038
:1087A00080B21B0320823B4300040343E3632000A9
:1087B00000233200414623646563443002F02CFC00
:1087C000230032000021200028331032FFF7BCFACA
:1087D000002807D143462A000093390033002000C7
:1087E000FFF730FB02B080BCB846F0BD0520404228
:1087F000F8E7C04610B50400002909D0837C002B9F
:1088000000D110BD002300218374FFF741F9F8E780
:1088100000F05EFEA37C002BF3D101212000FFF7C6
:1088200037F90123A374ECE7F0B5C646070004004E
:1088300000B54437142282B00E0038001649F9F70B
:10884000BDFE238A832201339BB223821B04E36390
:10885000002323642300520062639046F23AA2632D
:108860000021200028331032FFF76EFA051E0DD1CB
:1088700014234246002120000097FFF7E3FA051E6B
:1088800004D1062239003000F9F798FE280002B022
:1088900080BCB846F0BDC046242B0410F0B5574646
:1088A000DE464E464546E0B5B74B87B09B6A0400AE
:1088B00043600F00FDF7EEFF002812D1FEF78EFA9D
:1088C0000A25FEF7A9FAB14E142200212000FEF776
:1088D000B7FAB04212D00120013D01F077FA002D25
:1088E000F2D1AB48FBF700FC06256D42280007B02B
:1088F000F0BCBB46B246A946A046F0BD002200210E
:108900002000A44BFEF732FB0028EAD10022002110
:108910002000FEF7B3FA10231D2200212000FEF7ED
:1089200043FE0028DDD19923042200212000FEF718
:108930003BFE0028D5D1BE23062200212000FEF7F1
:1089400029FD0028CDD1082301212000924AFEF7FD
:108950002BFE0A254026012120008F4AFEF7DEFA71
:10896000064209D10120013D01F030FA002DF2D17B
:108970008A48FBF7B9FBB7E70023874A01212000AB
:10898000FEF712FE20008649FEF7B4FFB822C0258C
:10899000012120001202FEF7C1FAA3686D05AB4267
:1089A00012D080226B405204934200D335E3FF2261
:1089B0001204134200D024E3FF221202134200D01B
:1089C00017E3C0235B05A36020007549FEF792FF03
:1089D000B822012120001202FEF7A0FAC026A368E7
:1089E00005007605B34212D08022734052049342B0
:1089F00000D3F5E2FF221204134200D0E4E2FF228A
:108A00001202134200D0A7E2C0235B05A360ED076A
:108A100000D4B8E320006349FEF76CFFC822C025EC
:108A2000012120001202FEF779FAA3686D05AB421E
:108A300012D080226B405204934200D383E2FF2283
:108A40001204134200D00EE3FF221202134200D0A0
:108A500001E3C0235B05A36020005249FEF74AFFF3
:108A6000C822012120001202FEF758FAC026A3688E
:108A700005007605B34212D080227340520493421F
:108A800000D3DFE2FF221204134200D0CEE2FF2225
:108A90001202134200D0F2E2C0235B05A360ED078F
:108AA00000D474E3C02502212000FFF71FFCA36857
:108AB0006D05AB4212D080226B405204934200D32A
:108AC000F6E1FF221204134200D0E5E1FF22120278
:108AD000134200D012E2C0235B05A360C02503232C
:108AE00001212000304AFEF74BFBA3686D05AB4225
:108AF00012D080226B405204934200D3F5E1FF2252
:108B00001204134200D0E4E1FF221202134200D00B
:108B1000D7E1C0235B05A360C0250023012120000D
:108B2000224AFEF72DFBA3686D05AB4212D08022CE
:108B30006B405204934200D3F4E1FF22120413422B
:108B400000D0E3E1FF221202134200D0F3E1C02380
:108B50005B05A360164B174A9A46174B53449E5A1F
:108B60001B3AFF3A964200DB92E1144A9B5C002BD1
:108B700000D08DE1502E00DC8AE1114B5025994642
:108B8000104B5344984623E000400540ADBEEDFE37
:108B900054B30010B30402000E000100A8B300108B
:108BA000003810180048101810C0000044C0000021
:108BB00050B800100E0300009E6803000D03000073
:108BC00074B30010AB6B03000135AE4200DC5FE113
:108BD000434609224946581B01F0A2FC0028F3D164
:108BE000534600212000E04AFFF78EF9051E00D011
:108BF0007CE6BA22DD4BDE4992002000FFF784F9C3
:108C0000DC4B04222000DC49FFF7EAFA01212000B6
:108C1000FFF76CFB2000D949FFF770FA03230340EC
:108C2000012B02D0D648FBF75FFA2000D549FFF7A9
:108C300065FAC00700D52AE2FA268023B6009846D6
:108C400006E00120013E01F0C1F8002E00D190E2C3
:108C500001212000CC4AFEF761F943460342F0D0DF
:108C6000F02304222000C949FFF7BAFA202301218A
:108C70002000C74AFEF798FCFA262023B600984643
:108C800006E00120013E01F0A1F8002E00D175E2BE
:108C9000082200212000FEF7F1F843460342F0D0FD
:108CA0000121BC4A2000FEF739F90222C3B2134366
:108CB0000121B84A2000FEF777FC0823F0220021AA
:108CC0002000FEF771FC02230121AF4A2000FEF7CD
:108CD0006BFC01212000B04AFEF720F9C30700D445
:108CE000DDE10F230121AD4A2000FEF75DFC0023EA
:108CF0000121AA4A2000FEF757FC0121A74A2000C3
:108D0000FEF70CF9042200212000FEF7DFF8C3076C
:108D100000D5CDE1C026A3687605B34212D08022EB
:108D200073405204934200D31AE2FF22120413420A
:108D300000D009E2FF221202134200D0FCE1C0235E
:108D40005B05A360C02601212000954AFEF796F836
:108D5000A3687605B34212D0802273405204934236
:108D600000D3D8E1FF221204134200D0C7E1FF2252
:108D70001202134200D0D7E1C0235B05A36020009C
:108D800000F0A6FBA37C002B05D101212000FEF7FB
:108D90007FFE0123A3744423824E98463100A044F1
:108DA00008222C314046F9F709FC7F4BF622DB21E3
:108DB000E364200000239200890251442265636528
:108DC00058309946F9F7FAFB0822FF32924662635F
:108DD000FC2292009346A2630222238A00210133DF
:108DE0009BB223821B041343E3634B462364283363
:108DF00099468022A1444B462000D200FEF7A4FFF2
:108E0000002807D143465246009302215B462000CA
:108E1000FFF718F83100132238314046F9F7CEFB3E
:108E2000238A832201339BB223821B04E363002342
:108E3000520092466263F33AA263236400214B46D8
:108E400020001032FEF780FF002807D1434652462B
:108E50000093002113232000FEF7F4FF636C002B26
:108E600000D018E1002220005049FFF7B5F8012298
:108E700020004F49FFF7B0F8002F00D11FE1002379
:108E80000622009320003B004A49FFF7F1F82DE548
:108E90004948FBF729F927E5C023484A5B0101212E
:108EA0002000FEF781FBC023A2685B0553400DE65E
:108EB000182301212000424AFEF776FBA3686B408D
:108EC000FFE5C023012120003E4A5B03FEF76CFB57
:108ED0001FE6C023394A5B0101212000FEF764FB35
:108EE000C023A2685B0553400EE618230121200031
:108EF000334AFEF759FBA3686B4000E6C02301210B
:108F00002000304A5B03FEF74FFBE4E5C0232B4A09
:108F10005B0101212000FEF747FBC023A2685B052F
:108F200053400FE6182301212000254AFEF73CFBA1
:108F3000A3686B4001E6C02301212000214A5B03A6
:108F4000FEF732FB03E61823012120001C4AFEF73E
:108F50002BFBA3686B4072E5C02301212000194A56
:108F60005B03FEF721FB4FE5C06B030028280410CC
:108F700014FD0700BA0045FFFCFF07000834101875
:108F8000D4B30010003810180E000100242000187F
:108F9000080001001E0001001F0001000F00010079
:108FA00008850000102B04100610020000B300100A
:108FB0000CB3001030B4001080B300100B0001009F
:108FC0000C0001000A000100C023734A5B0101216B
:108FD0002000FEF7E9FAC023A2685B0553400EE5C6
:108FE0001823012120006D4AFEF7DEFAA3687340C2
:108FF00000E5C02301212000694A5B03FEF7D4FA93
:10900000DFE4C023644A5B0101212000FEF7CCFAB3
:10901000C023A2685B055340CEE418230121200041
:109020005E4AFEF7C1FAA3686B40C0E4C0235A4A07
:109030005B0101212000FEF7B7FAC023A2685B059F
:10904000534024E5182301212000544AFEF7ACFACE
:10905000A368734016E5C02301212000504A5B033A
:10906000FEF7A2FAF5E4C0234B4A5B010121200080
:10907000FEF79AFAC023A2685B055340E4E4C023DC
:1090800001212000464A5B03FEF78EFA04E54548BD
:10909000FBF72AF8D0E54448FBF726F8E2E601237F
:1090A000C0B2034301212000404AFEF77DFA18E6D2
:1090B00083B2042200212000FEF76CF92AE6330077
:1090C000F26C4C3304929B8804AF02AE3100200056
:1090D000BB80FFF7A9FB00280BD1029A049B9A42A0
:1090E00001D0FFF703FCB288BB889A4201D0FFF79A
:1090F000FDFB3100002000F00FFE3700BFE6C0236B
:10910000254A5B0101212000FEF74EFAC023A26828
:109110005B0553402BE61823012120001F4AFEF770
:1091200043FAA36873401DE6C023012120001C4AB6
:109130005B03FEF739FA1FE6C02301212000184A1D
:109140005B03FEF731FAFAE5C023134A5B01012104
:109150002000FEF729FAC023A2685B055340E9E529
:109160001823012120000D4AFEF71EFAA368734060
:10917000DBE50F48FAF7B8FFFFF7B6FB0D48FAF743
:10918000B3FFFFF7B1FB0C48FAF7AEFF42E40A4821
:10919000FAF7AAFF86E4C0460B0001000C000100AC
:1091A0000A000100D4B3001018B400101F00010021
:1091B000E8B3001000B40010E4B20010042210B5AF
:1091C000038A426401339BB2038282631B04023A26
:1091D0001343C3630023A5210364030082B04163EA
:1091E0002833002112320400FEF7AEFD002808D11A
:1091F000230044330093A522042302212000FEF71C
:1092000021FE02B010BDC0461A2230B5134B426396
:10921000C518038A0A3201339BB2038282631B049E
:10922000223A1343C363002304000364290083B07C
:1092300022324430F9F7C2F9230034220021200001
:109240002833FEF781FD002806D124231A220221AB
:1092500020000095FEF7F6FD03B030BD28080000A1
:10926000F0B5040083B002293FD80600531E9A418E
:10927000012744368F4055421D4908223000F9F736
:109280009DF94C2300221021FFB2E7540133E25430
:109290000133E2540133E2543D400133E5540133DC
:1092A000E2540133E2540133E254238AA1630133CF
:1092B0009BB20E3923821B040B430825E363230072
:1092C000FF35226400212000656328332032FEF739
:1092D0003BFD002806D110232A0002212000009621
:1092E000FEF7B0FD002003B0F0BD01204042FAE7D8
:1092F00040B4001010B5006800F0E4F801384342B3
:109300005841C0B210BDC04610B5284B82B01B6892
:10931000002B17D0264C2000FFF7ECFF00283CD193
:10932000244BE25C002A2BD1234BE25C002A1DD1A6
:10933000224BE25C002A0CD1214B1B68002B03D08E
:1093400000F094FC02B010BD01212000FFF752FA9A
:10935000F6E700222000E254FFF756FF0122194BE6
:10936000E250174B1B68002BEAD1EDE700222000EA
:10937000E254FFF723FF114BE25C002ADCD0E8E760
:1093800000226921E254200000230092FFF7F2F945
:10939000094BE25C002ACBD0E8E72000FFF7C0F9D8
:1093A000044BE25C002ABFD0EAE7C046201200204E
:1093B00028120020690800006B0800006A080000FD
:1093C000241200205C08000070B58023D025802680
:1093D00004002D065B04AB62360400220021182035
:1093E000F6F7D2FF6E62002200211720F6F7CCFFBD
:1093F000AE6121002000FFF781F9852200230321BF
:109400001201A354064AA350064AA3501432A15293
:10941000054AA354054A13600122054BE25070BD72
:10942000580800005C0800007208000020120020AC
:1094300068080000F8B5040000F082FC1C4E336898
:10944000002B32D00021200000F0E4FC012120009C
:1094500000F0E0FC2000FFF75FF9D0258023802793
:109460005B042D06AB620022002118203F04F6F7B2
:109470008BFF0022002117206F62F6F785FF210085
:109480002000AF61FFF73AF9852200230321120182
:10949000A354084A3360A350074AA3501432A15280
:1094A000064AA3540122064BE25000F053FCF8BDDB
:1094B00020120020580800005C080000720800001C
:1094C00068080000D0231B065868C001C00F704711
:1094D0003222014B1A60704724120020754B70B580
:1094E000C35805000C00DB0712D46368452B05D078
:1094F000312B07D8704A9B00D3589F466F4AAB5810
:10950000012B38D06E4BEB586E4A934225D070BD7C
:10951000F8F75AF8002928D0FA2200239200F8F729
:109520006DFC0100684B62881800FAF765FE6168FF
:10953000582900D98FE0654B8A00D358002B00D101
:1095400089E019006248FAF757FE2E23E268E35CCF
:10955000A1686048FAF750FEC7E70122584B002186
:109560002800EA5000F058FCD1E7FA218900F8F70A
:1095700007FC0100D6E7A168082977D0504BEB58CB
:109580000029C1D10231A950BEE70122524B5348F4
:10959000EA5200F073FBB5E7A368062B71D0042BE9
:1095A00003D002229343082B5CD1E3680F2B59D1DF
:1095B000494B2BE0A368002BA4D1E368082BA1D171
:1095C0000222454BFF32E2E7A368002B9AD12E33EB
:1095D000E15C6388DB0761D5002965D18023384AC7
:1095E000DB00A9580B43AB508EE70021280000F0A8
:1095F00019FC0022324BEA5089E7A368002B00D007
:1096000080E7E368022B00D07CE7354B012233482A
:10961000EA5400F033FB2A4BEB5875E7A368002BA4
:109620001DD1274BEA580F2319001140042902D1FC
:109630009A430E3B1A4380239B001343204AAB50AE
:1096400062E7A368002B00D15CE7032B20D0022245
:109650001B4BEA505BE72348FAF7CEFD75E7062B74
:1096600000D14FE70422164BEA5050E78623210031
:109670001B01E8581C4B3031EB589847104BEB5806
:1096800042E780230E4A1B01A9580B43AB503BE72E
:10969000E268002ADBD10A4AAB5038E7280000F024
:1096A000C1FB074BEB582FE7280000F0B5FB044B3C
:1096B000EB5829E754080000842B041058080000D8
:1096C0005C080000010E000048B400104C2C04108F
:1096D0005CB4001064B400106A0800000993001024
:1096E0006908000060B4001064080000F8B547463F
:1096F000CE46040080B58846160000F021FB1F4FBF
:1097000000213D682000002D0ED0FFF773F83200D5
:1097100041462000FFF7A4FD050000F01BFB2800D8
:10972000C0BCB946B046F8BD00F074FB0121200072
:1097300000F070FB85231B01E5548023D0251B041A
:1097400099462D06AB61142000F040FB4B463220B9
:109750006B6100F03BFB00212000FFF79FF8051E26
:10976000DBD1074B2000E118FFF75EF83222054BF2
:1097700005481A60386000F081FAC8E7201200201E
:10978000D30800002412002009930010F0B5DE4633
:1097900057464E464546E0B51600DC22924685B057
:1097A0004B0002935B18DB00C518AA44524683465F
:1097B00028001268CC30009202682B0001921C4AEB
:1097C000802094460E9C634480021860002C1CD0BC
:1097D0008023DB049946012398463300D8352E00B8
:1097E00055469A46134F03912000F8F79BFA4A46D4
:1097F000430113432B6053464246C34013403B434F
:109800003360631E1C40EFD10399029B5B18DB00A1
:109810005B441A000099DC321160019ACC331A6063
:1098200005B0F0BCBB46B246A946A046F0BDC04656
:10983000CC30000080E00000816B009B5140034A67
:109840000B409446604403607047C04638100000E7
:10985000F0B54E464546DE465746E0B583B08946EC
:109860000CA984460D781F2A45D8494649008846E8
:109870004944C900461837003400DC373868CC3416
:1098800083462068310001901C4880248246A4024F
:1098900051440C6069424D411E216D428D4318496F
:1098A0008A465544052B0CD9A0201F214005D836E7
:1098B000540104430532053B3C600A403560052BEA
:1098C000F6D852019B06134342464A44D2006244F2
:1098D0001000DC3213600300D8331D605B46136058
:1098E000019BCC300360002003B0F0BCBB46B24605
:1098F000A946A046F0BD05204042F5E7CC30000067
:109900009FE00000F0B54546DE4657464E46E0B5BE
:109910008BB007930223804602259A46013B994665
:109920004D4B05919B464D4B069203934C4B029336
:109930004C4B039A9C464C4B65442D05EE18B60CD7
:109940000092002132005846F31CF6F705FE07008E
:10995000B04265DBF6F7C8FD4346012219790524BC
:109960008A4004901C57029B013A9859002C3CDB1A
:1099700020235B1A9C424CD81300A340184248D1C4
:1099800043461B689C4643469B79002B41D1A2402D
:10999000089202423DD18022920100239146002983
:1099A00012D00200B04660460E0094465A00815A1A
:1099B000494500D20919E21812329200013351517F
:1099C0009E42F3D860464646089BBF1B03431800DF
:1099D000029B98510498F6F793FD059B01201D60AA
:1099E000069B1F60079B1C6024E02024641A0994D6
:1099F0000FD41300A3400893034225D08C462300C4
:109A0000110004E00A009A401C00104219D0013BEA
:109A1000F8D20498F6F774FD39005846F6F7EAFDD7
:109A200000234D4699465346012B02D001239A4606
:109A30007EE700200BB0F0BCBB46B246A946A0466C
:109A4000F0BD0A0061469BE743469B79002BE0D1BD
:109A500043461B689C469EE7EC11002010B50010A1
:109A6000AC100020010500000000E0AF70B5059DBE
:109A7000049CAC4664440025202C02D8FFF742FF2A
:109A80000500280070BDC04670B50125160002799A
:109A90000C009540013D9D40F6F726FD074B084A16
:109AA0009C466444240DA400A358AB43A350F6F78E
:109AB00027FDA1190348F6F79DFD70BD0000E0AF3A
:109AC000AC100020EC11002010B5034B0100180071
:109AD000F6F790FD10BDC046D41F022010B5064B0E
:109AE000064C82B00100009300220B232000F6F701
:109AF00033FD02B010BDC04634B50010D41F0220A3
:109B000003001149820151180868D90241400F48E9
:109B100010B501400E48A0241018016001209840A3
:109B20000C4BE40518600C4B802118600B4B49046A
:109B3000E0500B4B9C46624413680B42FCD18023DF
:109B4000DB00E05010BDC04610000050017800005E
:109B5000101000500434005014340050440400002D
:109B60000C00005010B5036801495B6A984710BDAE
:109B7000AC060020802010B5402207494004F6F7CB
:109B800051FC012202211820F6F726FC0D200121AC
:109B9000F6F778FD002010BDBD9B001010B5002227
:109BA00002211820F6F718FC802003494004F6F73C
:109BB0004DFC002010BDC046BD9B0010D0231B06ED
:109BC0001A6810B553009B18094A1B019446634458
:109BD000DB6A9B0700D410BD002202211820F6F793
:109BE000FBFB044B0449186803685B6A9847F2E77B
:109BF000004101401C120020AC060020164B70B53D
:109C00001B680400002B0ED0144D2A68002A01D0D6
:109C1000013A2A6098472B68002B05D12368200061
:109C20000F499B69984770BDF7F7CEFC00230D4A9A
:109C30000B4D801859410B008021020009068B4210
:109C400002D30122084B5242EB6023682900200016
:109C50005B69AA609847E6E72012002024120020E2
:109C6000C006002050C30000FFFFFF7F10B5012297
:109C700002211820F6F7B0FB10BDC046034B10B50B
:109C80001868034903685B6A984710BD1C120020DE
:109C9000AC06002010B504000848FFF795FB084B00
:109CA00000221C602368200006491B69984723682E
:109CB00020000549DB699847012010BD28120020CB
:109CC0001C120020759B0010AC06002070B50D4DD5
:109CD00004002B68002B13D003680B499B6998473D
:109CE00023680A491B6A20009847236800221B69E1
:109CF0000749200098470748FFF79CFB00232B608B
:109D000070BDC0461C120020C0060020AC0600201A
:109D10009D9B00102812002010B582B068460C00F0
:109D2000FCF74CFD6B460622991C2000F8F746FC18
:109D300001222378934302221343237002B010BD03
:109D4000034B10B5186803685B68984710BDC046A0
:109D50001C120020034B10B5186803689B689847D5
:109D600010BDC0461C12002070B5EFF30583154AE4
:109D7000040000251668002B12D1F7F725FC0B0014
:109D80000200802112196B4109068B4204D231680E
:109D90003000096B884770BD01220B4B5242F6E739
:109DA000F7F712FC0B000200802112196B41090623
:109DB0008B4202D30122044B524231683000C96AFF
:109DC0008847E8E71C120020FFFFFF7FF8B50F4B24
:109DD00006001F68F7F7F8FBFA2204000D000023C5
:109DE000920030000021F8F73DFB0B0002008021BB
:109DF00012196B4109068B4202D30122044B5242D5
:109E000039683800C96A8847F8BDC0461C1200206E
:109E1000FFFFFF7F7047C04610B50148F6F746FBCD
:109E200054B5001010B50148F6F740FB54B50010CA
:109E300010B50148F6F73AFB54B5001010B53030B4
:109E400001F0D2F810BDC04670B54D250400405D4C
:109E5000002818D1636C002B03DD616C206AF7F7D2
:109E600057FA4C23E35C002B1AD12500303528002B
:109E700001F0BAF8280001F097F8502200212000E4
:109E8000F8F796FB70BD0021F6F7FCFB0649605D14
:109E9000F6F728FD605DF6F77DFE00236355D9E7F0
:109EA000206AF7F745F9E0E7A19F001070B50500BB
:109EB0008B69C8690C0098472B6821001B6A2062D7
:109EC000280098472000103001F07EF870BDC04691
:109ED000F0B5314BD6464F4646461A685B680400DB
:109EE0009A462E4B90464E259946C0B584B0200028
:109EF000FAF7D6FA06000F00F7F766FB32003B00D0
:109F0000121A8B41002B29DD46452DD0635D002BB5
:109F100008D0A26AE36A30003900801A994100290A
:109F200027DC35D0636C002B03DD616C206AF7F70A
:109F3000EFF90123A662E76263550023206A0293CA
:109F40004B463200009301943B00F7F71FF9606421
:109F5000636C002B0DDC00236355C8E7002BC6D1D2
:109F6000002AC4D04645D1D15745CFD1636C002BD0
:109F700005DC04B0E0BCBA46B146A846F0BD616C51
:109F8000206AF7F7C5F900234E226364A354F0E773
:109F90000028C7D0EDE7C04698B5001059A10010C1
:109FA00070B5EFF305830C4A2A3B9B009C58002CAC
:109FB0000DD0250030350021280000F0EDFF0028ED
:109FC00005D02B7A012B03D0280000F0EDFF70BDE7
:109FD0002000FFF77DFFF7E7B810002010B53C30F8
:109FE00001F012F810BDC0461000190010B5EFF3D3
:109FF0000583002B02D0F7F725FB10BDF7F7C4F956
:10A00000FBE7C046F0B5C646D02700B53F061600B0
:10A010003B68827E04000D008CB09A4220D024223E
:10A02000002103A8F8F7C4FA2C4B0122002107A84D
:10A03000049309950A96F6F7CDFD236803A9DB6919
:10A0400020009847236820005B6A03A9984707A867
:10A0500000F09AFF0B9D28000CB080BCB846F0BD04
:10A06000302398468044404600F0BEFF3000A847A9
:10A0700043461B7A0500012B03D0404600F094FFB5
:10A08000E9E7A27E3B6820009A421ED0FAF78CFADC
:10A090000028F2D0404600F087FFA27E3B689A423B
:10A0A00016D0A16C002902DD206AF7F731F90C4BBC
:10A0B000206A0022009301940023F7F7D1F8A064EE
:10A0C00020003C3000F080FFC5E7FFF701FFD4E738
:10A0D0004D23E05CF6F7E8FAF2E7C046AD9E0010CB
:10A0E00059A10010030010B530331B7A002B05D0A6
:10A0F000446BFAF7BBFCA04200D110BD0148F6F753
:10A10000D5F9C04674B50010012310B50B72D023E9
:10A110001B06827E1B68040082B09A4215D0816CB7
:10A1200000290EDC0B4B206A0022009301940023CF
:10A13000F7F796F8A06420003C3000F045FF02B02D
:10A1400010BD006AF7F7E4F8ECE74D23C05CF6F7C2
:10A15000ABFAF0E759A1001000234E2210B58B6432
:10A160008B54D0231B068A7E1B680C0082B09A4257
:10A1700017D0896C002910DC0C4B206A0022009358
:10A1800001940023F7F76CF8A06420003C3000F045
:10A190001BFF0020002102B010BD206AF7F7B8F8BD
:10A1A000EAE74D23C85CF6F77FFAEEE759A1001005
:10A1B00070B5050030352B7A040082B0012B04D035
:10A1C000280000F0F1FE02B070BDD0263606827E77
:10A1D00033689A421FD0FAF7E7F90028F0D0280038
:10A1E00000F0E2FEA27E33689A4217D0A16C0029EB
:10A1F0000DDC0D4B206A0022009301940023F7F739
:10A200002FF8A06420003C3000F0DEFEDBE7206A7F
:10A21000F7F77EF8EDE7FFF75BFED1E74D23E05C53
:10A22000F6F742FAEEE7C04659A10010F0B5050076
:10A230000E0004003035280083B000F0D5FE310058
:10A240002000FAF719F92B7A0600012B05D0280017
:10A2500000F0AAFE300003B0F0BDD0273F06A27E7A
:10A260003B6820009A421FD0FAF79EF90028EED0F2
:10A27000280000F099FEA27E3B689A4217D0A16C9C
:10A2800000290DDC0C4B206A00220093019400236E
:10A29000F6F7E6FFA06420003C3000F095FED9E719
:10A2A000206AF7F735F8EDE7FFF712FECFE74D2309
:10A2B000E05CF6F7F9F9EEE759A10010F0B50500FA
:10A2C0000E0004003035280083B000F08DFE310010
:10A2D0002000FAF799F82B7A0600012B05D0280008
:10A2E00000F062FE300003B0F0BDD0273F06A27E32
:10A2F0003B6820009A421FD0FAF756F90028EED0AA
:10A30000280000F051FEA27E3B689A4217D0A16C53
:10A3100000290DDC0C4B206A0022009301940023DD
:10A32000F6F79EFFA06420003C3000F04DFED9E718
:10A33000206AF6F7EDFFEDE7FFF7CAFDCFE74D2303
:10A34000E05CF6F7B1F9EEE759A10010F0B50500B1
:10A350000E0004003035280083B000F045FE3100C7
:10A360002000FAF763F82B7A0600012B05D02800AD
:10A3700000F01AFE300003B0F0BDD0273F06A27EE9
:10A380003B6820009A421FD0FAF70EF90028EED061
:10A39000280000F009FEA27E3B689A4217D0A16C0B
:10A3A00000290DDC0C4B206A00220093019400234D
:10A3B000F6F756FFA06420003C3000F005FED9E718
:10A3C000206AF6F7A5FFEDE7FFF782FDCFE74D2303
:10A3D000E05CF6F769F9EEE759A10010F0B5050069
:10A3E0000E0004003035280083B000F0FDFD310080
:10A3F0002000FAF72FF82B7A0600012B05D0280051
:10A4000000F0D2FD300003B0F0BDD0273F06A27EA1
:10A410003B6820009A421FD0FAF7C6F80028EED019
:10A42000280000F0C1FDA27E3B689A4217D0A16CC3
:10A4300000290DDC0C4B206A0022009301940023BC
:10A44000F6F70EFFA06420003C3000F0BDFDD9E718
:10A45000206AF6F75DFFEDE7FFF73AFDCFE74D2302
:10A46000E05CF6F721F9EEE759A10010FF23037035
:10A47000002343607047C04670B504000D004C22B5
:10A4800000210430F8F794F8224B23600323238340
:10A49000D0231B061B68A3766B68002B28D0236291
:10A4A0002000012201213C30F6F794FB20003030DF
:10A4B000F6F7D2FB00202E78F6F776FB030000209B
:10A4C000002B14DB19004D25134A1A398900FF307F
:10A4D0008C50184063551149F6F7EEF80121605D84
:10A4E000F6F7D0F8605D3100F6F7E6FA012070BDAE
:10A4F000F6F7C0FD2062A67EF6F744FF8642CFD075
:10A50000F7F734F80421F6F7B9FD4C230122206255
:10A51000E254C5E7B02D0410B8100020A19F001030
:10A5200030B5002A26D003000B439B0724D1032A11
:10A5300022D9164D0BE0043A002A1BD0144C1C19EA
:10A540009C432C4216D104300431032A14D90368E9
:10A550000C68A342EFD004780D78A54213D10123F3
:10A5600006E0C45CCD5CAC420DD101339A4201D00F
:10A57000002CF6D1002030BD04780D78AC4202D119
:10A58000012AECD1F6E7601BF5E7C04680808080A9
:10A59000FFFEFEFE030010B50A000349086819001B
:10A5A00000F004F810BDC046D806002070B50B0CB2
:10A5B0000024150C002B28D1002D3CD18BB291B278
:10A5C000594300F047F8051E33D00300083B5A6892
:10A5D00003239A43043A242A12D80300132A0AD9DF
:10A5E0000460446008331B2A05D98460C460242AAF
:10A5F0002AD00300103300221A605A609A6002E0E9
:10A600000021F7F7D5FF280070BD002D16D1151CCD
:10A6100089B292B24A43ADB29BB26B43110C5B1844
:10A62000190C0BD1190492B2114300F013F8051E56
:10A63000CBD10025E7E72B1C0D1CE9E700F08EFCD1
:10A640000C2300250360DEE7030004611833446136
:10A65000D1E7C046F0B54E464546DE465746E0B522
:10A660000D000B35060085B0162D27D8102900D90E
:10A67000DAE000F02FFC102518230221C84FFB1848
:10A680001A005C68083A944200D147E103226368EB
:10A69000A1689343E268CA6091600121E3185A6897
:10A6A00030000A435A6000F017FC2000083005B063
:10A6B000F0BCBB46B246A946A046F0BD07239D4369
:10A6C00000D5B1E0A94200D9AEE000F003FCFC23C4
:10A6D0005B009D4200D296E1690A00D1A8E00429FE
:10A6E00000D950E138239846A90988443931CB0074
:10A6F000082252429446AA4FFB189C446346DC68E9
:10A70000A44514D0032399460B0061469C4607E0FC
:10A71000E068002A00DBFBE0814200D1FCE004009D
:10A720004A46636893435A1B0F2AF1DD41463A00BB
:10A730003C690832944200D1D9E003206368834326
:10A74000581B0F2800DD62E13A617A610028A4DA23
:10A750007A68904680229200934200D3E4E0DA08BF
:10A76000580901238340404618438046D300DB1933
:10A770009A687860E360A2609C60D46001208B10CE
:10A78000984040455CD8434603420AD1032399438D
:10A79000434640000431034203D1400004310342E8
:10A7A000FBD00323B3469C460E00B8460190F00050
:10A7B00040440100B246CB680BE064465A681F0073
:10A7C000A243DB68541B0F2C00DDEFE0002C00DB04
:10A7D00009E19942F1D101239946CA44534608310F
:10A7E0009B07E8D1032205E003680838013E834255
:10A7F00000D003E23242F7D14346019A5B689343AB
:10A8000042465360019A520001929A4216D8002A99
:10A8100006D113E004229146019ACA4452000192E3
:10A820001342F7D05646C2E70C23002033603EE7C0
:10A8300080233F22402190469B0059E75E464746D1
:10A840000322BC68636893439A46AB4202D35A1B07
:10A850000F2A4FDC230053440293524B08209946A1
:10A860001B6810335B19019300F026FB4E490390DF
:10A870000B688B46013306D08446019B4242013B64
:10A880006344134001933000019900F055FB03002D
:10A890008046013300D1D8E0029B834200D9D2E048
:10A8A0004B4601995A688C46624403995A60029B50
:10A8B00010000139434500D0E5E043460B4200D08B
:10A8C000E1E0BB6801219846634653440B4341468F
:10A8D0004B604946C96A914201D24946CA6249461B
:10A8E000096B914201D249460A634446AFE07B6856
:10A8F000984643E7012329001A431943651961600B
:10A900003000BD606A6000F0E7FA20000830CEE653
:10A91000A268D0608260C0E6614608E7DC68023168
:10A92000A34200D103E7B1E65A0A042A00D883E023
:10A93000142A00D908E110005B3082465C32D20054
:10A94000082040428446BA189444624692680B300C
:10A950008146944500D1DFE00800A2466146844666
:10A9600002E09268914204D04C465068A04398425D
:10A97000F7D8D368614654469C466346A260E360BC
:10A980009C60D460FAE614296ED9542900D9E4E019
:10A990006E239846290B88446F31CB00A8E6C04649
:10A9A00008080020300F002000080020BA460120CF
:10A9B00051468446491905435046456085684746D7
:10A9C0006046EB605E469D60534639617961204385
:10A9D00008374860CF6030008F609C5000F07CFAF0
:10A9E0005046083063E6BA4601205E46524451683C
:10A9F00001435160BA683000D3609A6000F06CFA8D
:10AA00003800083053E62B00E908083336E66119B0
:10AA1000884601218C460D43414665603961796164
:10AA2000CA608A60624602434A60E050300000F02B
:10AA300053FA200008303AE69A09100039323830CB
:10AA40008246D2007CE7BC4214D0BC686368032213
:10AA500093435A1BAB4202D30F2A00DD4AE7300072
:10AA600000F03AFA002022E65B23984688445C31E5
:10AA7000CB003DE64B465868019B9C464B466044E4
:10AA80005860039B591E5B461B68013370D04346D8
:10AA9000029A9B1A4A461B185360072342464046B7
:10AAA0001A400292184240D00398013384469B1A00
:10AAB000019A98444244019263440A409B1A194007
:10AAC00030008B4600F038FA431C77D04346C01A5A
:10AAD00003005B4401934B465A6801205A445A6074
:10AAE00043464146BB60019B03434B60BC4200D1DF
:10AAF000EFE653460F2B3FD907210C3B8B43616890
:10AB00000140052019436160E118486088600F2BFF
:10AB100049D843465B68DCE65346981001238340DE
:10AB2000404618438046786027E7019B039A4344D8
:10AB30000B40D31A194030008B4600F0FDF9431C3E
:10AB4000C4D100239B46C6E7542A17D81A0B10001D
:10AB50006F326E308246D200F2E6AA235B00994241
:10AB600017D8DD3B9846E90B88447831CB00BFE528
:10AB70005B4642461A6090E7486070E7AA204000B2
:10AB8000824226D8DA0B1000783277308246D20023
:10AB9000D6E61C4B994226D87C239846A90C8844BB
:10ABA0007D31CB00A4E521003000083100F086F8AB
:10ABB0004B465A68BB6898465B688AE6019A029BD6
:10ABC00094464246083B63449B1A019300239B46EC
:10ABD00081E70C4882420CD89A0C10007D327C3000
:10ABE0008246D200ACE6FE237E227F2190469B0067
:10ABF0007EE5FE227E2092008246A1E643465B6807
:10AC000000E6C04654050000F0B5C646060000B593
:10AC100008200D0000F050F90400300000F05AF94F
:10AC2000234B210098469B685F6803239F433800AD
:10AC30001138401B0019F7F7A3F8451E6543AC42D5
:10AC400008DC0021300000F077F943469B68DB19EF
:10AC5000984206D0300000F03FF9002080BCB84692
:10AC6000F0BD3000694200F067F901300ED00122DA
:10AC700043467F1B9B6817430E4A5F601368300092
:10AC80005B1B136000F028F90120E7E7002130008A
:10AC900000F052F943469A68831A0F2BDADD064C0E
:10ACA00004492468001B086001210B435360D1E76D
:10ACB00008080020340F002000080020F8B5CE4618
:10ACC000474605000C0080B5002957D000F002F976
:10ACD000012321009C46083948686246030003248A
:10ACE0009343CF187A68654EA243B468BC4200D142
:10ACF00070E0BC18A14664467A60044221D108681D
:10AD0000091A1B188868804648464068204034006D
:10AD100008348146A04551D04046CC68C460A0604C
:10AD20004846002811D19B185548BA68824200D184
:10AD30007FE0F868D060826001221A434A60CB50FD
:10AD400007E0484640682042EDD062461A434A6018
:10AD50003B6080229200934214D2DA085809012302
:10AD60008340706803437360D3009B199A68CB607B
:10AD70008A609960D160280000F0AEF8C0BCB94686
:10AD8000B046F8BD5C0A042C3DD89C09200039343B
:10AD90003830E40034192268083C0327944203D178
:10ADA00040E09268944203D05068B8439842F8D883
:10ADB000D468CC608A60A160D160DCE7002858D1FB
:10ADC000B868D218FB68C3609860634613434B6051
:10ADD0008A50D0E79A186346034206D10B68C91A15
:10ADE0008868D218CB68C3609860012313434B6016
:10ADF000244BB1601B689342BDD8234B28001968CF
:10AE0000FFF702FFB7E7142C07D9542C1AD81C0BF4
:10AE100020006F346E30E400BCE720005C345B300F
:10AE2000E400B7E701238010834070680343736038
:10AE3000BFE7D1609160CA608A6001221A434A600C
:10AE4000CB5098E7AA225200944205D8DC0B200090
:10AE500078347730E4009DE70C4A944205D89C0C86
:10AE600020007D347C30E40094E7FE247E20A400A2
:10AE700090E762461A434A603B607CE7080800207E
:10AE80001008002004080020300F002054050000A6
:10AE900010B5034B01001868FFF7DCFB10BDC0467E
:10AEA000D806002010B5034B01001868FFF706FF15
:10AEB00010BDC046D8060020802310B55B010828CD
:10AEC00001D1180010BD00F049F816230360173BAC
:10AED000F7E7C0467047C0467047C04610B58307C5
:10AEE0000AD00300032102E001330B4205D01A7897
:10AEF000002AF9D1181A10BD030019680C4A0D4C2C
:10AF00008A188A4322420FD15968094A04338A18A1
:10AF10008A43224208D15968054A04338A188A4371
:10AF20002242F1D000E001331A78002AFBD1E1E798
:10AF3000FFFEFEFE80808080002370B5064C050079
:10AF400008002360F8F7F6FE431C00D070BD2368AC
:10AF5000002BFBD02B60F9E7A0100020014B1868F4
:10AF60007047C046D806002001B40248844601BCA0
:10AF7000604700BF0505002001B40248844601BCBB
:10AF8000604700BF0505002001B40248844601BCAB
:10AF9000604700BFC100002001B40248844601BCE4
:10AFA000604700BF4D02002001B40248844601BC46
:10AFB000604700BF4903002001B40248844601BC39
:10AFC000604700BF2903002001B40248844601BC49
:10AFD000604700BF4901002001B40248844601BC1B
:10AFE000604700BF1104002001B40248844601BC40
:10AFF000604700BFC501002001B40248844601BC7F
:10B00000604700BFF502002001B40248844601BC3D
:10B01000604700BFFD00002001B40248844601BC27
:10B02000604700BF0905002001B40248844601BC06
:10B03000604700BF89010020051B0010311B001074
:10B04000151D0010A125001099230010A524001043
:10B050003D1C00104D1B00106D1B0010811B0010CB
:10B06000050C0010891B0010990F0010CD1A00105C
:10B0700061060010FD430010AD670010C54C0010C4
:10B08000426C696E6B546872656164004D61696EF3
:10B0900054687265616400000A2A2A2A2050414ED1
:10B0A0004943202A2A2A0A006E6F74207375707033
:10B0B0006F727465640000004E6F207573657220B6
:10B0C000495251732061726520617661696C6162D9
:10B0D0006C650000486172647761726520616C6123
:10B0E000726D20256420616C726561647920636CE7
:10B0F00061696D65640000004E6F20616C61726D66
:10B100007320617661696C61626C6500486172648C
:10B1100020617373657274006D697373696E672063
:10B12000646F75626C652066756E6374696F6E001E
:10B130004F7574206F66206D656D6F727900000029
:10B1400052656C6561736500626F6F74325F773250
:10B150003571303830000000302E3100322E332E61
:10B16000300000007069636F5F770000746573746E
:10B170000000000053657020313420323032360038
:10B18000666E692B00000000666E69006E616E00DD
:10B19000666E692D0000000055415254207374649E
:10B1A000696E000055415254207374646F757400C9
:10B1B0005541525420737464696E202F2073746457
:10B1C0006F757400546D725100000000546D722050
:10B1D0005376630063797734335F726561645F62CD
:10B1E00079746573206572726F72202564000000A7
:10B1F0005B43595734335D2063797734335F6B7326
:10B200006F5F736574282564293A206661696C65EF
:10B21000640A00005B43595734335D204275732044
:10B220006572726F7220636F6E646974696F6E20ED
:10B23000646574656374656420307825780A00005D
:10B240005B43595734335D206572726F723A2068E0
:10B250006472206D69736D61746368202530347881
:10B26000205E20253034780A000000005B435957E7
:10B2700034335D205354414C4C2825753B25752DA6
:10B280002575293A2074696D656F75740A00000090
:10B290005B43595734335D20646F5F696F63746C2F
:10B2A0003A20676F7420756E6578706563746564A5
:10B2B000207061636B65742025640A005B435957F5
:10B2C00034335D20646F5F696F63746C2825752C5F
:10B2D0002025752C202575293A2074696D656F75B8
:10B2E000740A00005B43595734335D20636F726505
:10B2F000206E6F7420696E207265736574000000A3
:10B300006275733A7478676C6F6D00006170737466
:10B3100061000000616D7064755F62615F777369E1
:10B320007A650000616D7064755F6D706475000012
:10B33000616D7064755F72785F666163746F7200CF
:10B340006273736366673A6576656E745F6D736783
:10B35000730000005B43595734335D204661696CCC
:10B36000656420746F20737461727420435957347C
:10B370003300000056657273696F6E3A200000005A
:10B380005B43595734335D20636F756C64206E6F77
:10B39000742066696E642076616C696420666972E7
:10B3A0006D776172650000005B43595734335D204F
:10B3B00074696D656F75742077616974696E672053
:10B3C000666F7220414C5020746F20626520736557
:10B3D000740000005B43595734335D20636F72651E
:10B3E000206E6F74207570005B43595734335D20B5
:10B3F0004854206E6F74207265616479000000000B
:10B400005B43595734335D204632206E6F7420728F
:10B4100065616479000000005B43595734335D2057
:10B42000434C4D206C6F6164206661696C656400FB
:10B430006375725F657468657261646472000000B0
:10B440006770696F6F7574005B252038645D2041FB
:10B4500053594E4328253034782C000025730000C2
:10B46000257500002C25752C25752C2575290A00BD
:10B470005345545F53534944000000004A4F494E1E
:10B48000000000004155544800000000444541556B
:10B4900054485F494E4400004153534F430000005D
:10B4A0004449534153534F43000000004449534122
:10B4B00053534F435F494E44000000004C494E4BEC
:10B4C0000000000050534B5F53555000455343411B
:10B4D0004E5F524553554C54000000004353415FAA
:10B4E000434F4D504C4554455F494E4400000000C9
:10B4F0004153534F435F5245515F4945000000009F
:10B500004153534F435F524553505F49450000003C
:10B510004E6F2050494F207374617465206D6163D4
:10B5200068696E65732061726520617661696C611E
:10B53000626C65004E6F20444D41206368616E6E01
:10B54000656C732061726520617661696C61626C03
:10B5500065000000637977343320686173206E6F73
:10B560002065746865726E657420696E74657266B4
:10B57000616365006173796E635F636F6E74657894
:10B5800074206C6F636B5F636865636B20666169D1
:10B590006C65640000000000FFFFFFFFFFFFFF7FFE
:10B5A00006005250D3F0754240B1001006005250D0
:10B5B000E182887F48B10010060052503ABCA911C0
:10B5C00058B1001006005250ABB360535CB100108C
:10B5D00006005250BBFF3CB664B10010060052504A
:10B5E000861C03026CB10010060052505422A29D2A
:10B5F00074B1001005005250DE65F468743904100F
:10B60000E43100109431001094310010DC3100104E
:10B6100094310010943100109431001094310010D6
:10B62000943100109431001094310010D431001086
:10B6300094310010CC31001094310010943100107E
:10B64000C431001098340010FA3100109234001008
:10B65000FA3100107C340010FA310010FA31001079
:10B66000FA310010FA310010FA310010FA310010EE
:10B67000FA310010EC310010FA310010FA310010EC
:10B68000FA310010FA310010FA310010EC310010DC
:10B69000203500104E3100104E3100104E31001098
:10B6A0004E3100104E3100104E3100104E3100105E
:10B6B0004E3100104E3100104E3100104E3100104E
:10B6C0004E3100104E3100104E3100104E3100103E
:10B6D0004E3100104E3100104E3100104E3100102E
:10B6E0004E3100104E3100104E3100104E3100101E
:10B6F0004E3100104E3100104E3100104E3100100E
:10B700004E3100104E3100104E3100104E310010FD
:10B71000AC340010EC340010AC3400104E3100108A
:10B720004E3100104E3100104E3100104E310010DD
:10B730004E3100104E3100104E3100104E310010CD
:10B740004E3100104E3100104E3100104E310010BD
:10B750004E3100104E3100104E310010C036001036
:10B760004E3100104E3100104E3100104E3100109D
:10B770004E3100104E3100104E3100104E3100108D
:10B780004E310010C036001032350010C0360010A7
:10B79000AC340010EC340010AC3400100000000099
:10B7A000000000000000F03F000000000000244006
:10B7B00000000000000059400000000000408F40E1
:10B7C000000000000088C34000000000006AF8404C
:10B7D0000000000080842E4100000000D012634170
:10B7E0000000000084D797410000000065CDCD41E6
:10B7F0000D0A00000600525053B4F4A1B0B100107D
:10B800000800525012000000080052509210000030
:10B810001F000000106300105663001056630010F4
:10B82000E8630010BC630010F6630010566300105C
:10B8300056630010E8630010BC63001044B80010A9
:10B8400006FF00000160401080E042B0014084101B
:10B850000000000065140000911300009113000027
:10B860009113000091130000911300009113000048
:10B870009113000091130000911300009113000038
:10B880009113000091130000911300009113000028
:10B890009113000091130000911300009113000018
:10B8A0009113000091130000911300009113000008
:10B8B00091130000911300009113000091130000F8
:10B8C00091130000911300009113000091130000E8
:10B8D0000048004765140000000000000000000060
:10B8E0000000000000000000000000000000000058
:10B8F0000000000000000000000000000000000048
:10B900000000000000000000000000000000000037
:10B910000000000000000000000000000000000027
:10B920000000000000000000000000000000000017
:10B930000000000000000000000000000000000007
:10B940004442505018600100000000000000000058
:10B95000C51B0000C51B0000C51B0000C51B000067
:10B96000C51B0000C51B0000C51B0000D91300004B
:10B97000D513000015140000DD3D000079390000EA
:10B980003B330000D93D0000C9350000B13900004B
:10B990001D3E00004FD50100D93A000013340000CD
:10B9A0007F340000893E00008B3E0000FB38000021
:10B9B000AD3D00004DD50100C51B0000C51B0000BA
:10B9C000C51B0000C51B0000C51B0000C51B0000F7
:10B9D000C51B0000C51B0000C51B0000C51B0000E7
:10B9E000C51B0000C51B0000C51B0000C51B0000D7
:10B9F0009FDC0000C51B0000C51B0000C51B00002C
:10BA0000C51B0000C51B0000C51B0000C51B0000B6
:10BA1000C51B0000C51B0000C51B0000C51B0000A6
:10BA2000C51B0000C51B0000C51B000047FC000033
:10BA3000C51B0000A3FD0000C51B0000C51B0000C6
:10BA40009FFD00002BFC0000C51B0000C51B000073
:10BA5000C51B0000772E01005B3301001B35010080
:10BA60006F340100DF3301001F320100C51B0000ED
:10BA7000C51B0000C51B0000BD350100C51B000033
:10BA8000C51B0000C51B0000C51B0000C51B000036
:10BA9000C51B0000C51B0000C51B0000C51B000026
:10BAA000C51B0000C51B0000C51B0000C51B000016
:10BAB000C51B0000C51B0000C51B0000C51B000006
:10BAC000C51B0000C51B0000C51B0000C51B0000F6
:10BAD000C51B0000C51B0000C51B0000C51B0000E6
:10BAE000C51B0000C51B0000C51B0000C51B0000D6
:10BAF000C51B0000C51B0000C51B0000C51B0000C6
:10BB0000C51B0000C51B0000C51B00007916000006
:10BB100081160000191F0000352E0000892E00003C
:10BB2000ED3F0000F93F000069510000D1B1000075
:10BB3000B9DC0000B1FB0000C1350100691600004E
:10BB40008D1600009D1700009D180000E51B0000E9
:10BB5000851C0000F51C0000791D0000251F000059
:10BB6000A12E0000953F000005400000054900009F
:10BB7000474C00009D4D0000A54D0000A94D000060
:10BB8000C51B0000C54D0000FD4D0000054E000026
:10BB90005B4E00005F4E00006D4E0000956C000093
:10BBA000C51B000085510000C51B0000056D00008D
:10BBB0003D94000081A2000059A30000C9A3000029
:10BBC000C5CA0000E5CA0000E1CE0000C1DC0000EB
:10BBD000D1DC00002FE2000049E4000091E8000001
:10BBE00083FB000089FB00001D170100010000001D
:10BBF0000000000820000000000200000400000017
:10BC0000FF030000500000000100000001000000E0
:10BC10000A070801000000000800000001040000FD
:10BC20000100000004000400080001000000000002
:10BC30000000000000000000000000000000000004
:10BC400000000000000000000000000000000000F4
:10BC500000000000000000000000000000000000E4
:10BC600000000000000000000000000000000000D4
:10BC700000000000000000000000000000000000C4
:10BC800000000000000000000000000000000000B4
:10BC900000000000000000000000000000000000A4
:10BCA0000000000000000000000000000000000094
:10BCB0000000000000000000000000000000000084
:10BCC0000000000000000000000000000000000074
:10BCD0000000000000000000000000000000000064
:10BCE0000000000000000000000000000000000054
:10BCF0000000000000000000000000000000000044
:10BD00000000000000000000000000000000000033
:10BD10000000000000000000000000000000000023
:10BD20000000000000000000000000000000000013
:10BD30000000000000000000000000000000000003
:10BD400000000000000000000000000000000000F3
:10BD500000000000000000000000000000000000E3
:10BD600000000000000000000000000000000000D3
:10BD700000000000000000000000000000000000C3
:10BD800000000000000000000000000000000000B3
:10BD900000000000000000000000000000000000A3
:10BDA0000000000000000000000000000000000093
:10BDB0000000000000000000000000000000000083
:10BDC0000000000000000000000000000000000073
:10BDD0000000000000000000000000000000000063
:10BDE0000000000000000000000000000000000053
:10BDF0000000000000000000000000000000000043
:10BE00000000000000000000000000000000000032
:10BE10000000000000000000000000000000000022
:10BE20000000000000000000000000000000000012
:10BE30000000000000000000000000000000000002
:10BE400000000000000000000000000000000000F2
:10BE500000000000000000000000000000000000E2
:10BE600000000000000000000000000000000000D2
:10BE700000000000000000000000000000000000C2
:10BE800000000000000000000000000000000000B2
:10BE900000000000000000000000000000000000A2
:10BEA0000000000000000000000000000000000092
:10BEB0000000000000000000000000000000000082
:10BEC0000000000000000000000000000000000072
:10BED0000000000000000000000000000000000062
:10BEE0000000000000000000000000000000000052
:10BEF0000000000000000000000000000000000042
:10BF00000000000000000000000000000000000031
:10BF10000000000000000000000000000000000021
:10BF20000000000000000000000000000000000011
:10BF30000000000000000000000000000000000001
:10BF400000000000000000000000000000000000F1
:10BF500000000000000000000000000000000000E1
:10BF600000000000000000000000000000000000D1
:10BF700000000000000000000000000000000000C1
:10BF800000000000000000000000000000000000B1
:10BF900000000000000000000000000000000000A1
:10BFA0000000000000000000000000000000000091
:10BFB0000000000000000000000000000000000081
:10BFC0000000000000000000000000000000000071
:10BFD0000000000000000000000000000000000061
:10BFE0000000000000000000000000000000000051
:10BFF0000000000000000000000000000000000041
:10C000000000000000000000000000000000000030
:10C010000000000000000000000000000000000020
:10C020000000000000000000000000000000000010
:10C030000000000000000000000000000000000000
:10C0400000000000000000000000000000000000F0
:10C0500000F459B200000000FFF75E9F00000000EE
:10C0600000F463B100000000FFF7419D00000000F4
:10C07000FFF76D9C00000000F3F7AE980000000091
:10C08000E9F7679E00000000E5F7989D00000000BA
:10C09000E4F7829F00000000D3F77C9B00000000C3
:10C0A000CFF7EC9900000000C9F7D89E000000000F
:10C0B000C8F75A9F00000000C8F7B49C00000000B9
:10C0C000C2F7549F00000000C0F7449C000000002D
:10C0D000C0F7329A00000000BFF78C9D00000000FE
:10C0E000BFF7569F00000000C2F71E9D0000000031
:10C0F000E1F7C29C00000000BFF7049800000000B8
:10C10000BEF7A69E00000000BDF77C9F0000000067
:10C11000BBF76D9C00000000A2F73E9D00000000F0
:10C12000B7F7E29A00000000DDF7329B0000000044
:10C13000B9F7889E00000000B2F7669B000000007F
:10C14000B2F7F69A00000000B2F77C9900000000F8
:10C15000B1F7869A00000000DAF7669C0000000044
:10C16000B0F76E9E00000000C1F7FE9A00000000CC
:10C17000AEF73B9B00000000A0F7F69D000000001A
:10C18000A0F7169C00000000ABF7F09E0000000036
:10C19000A2F7E09C00000000A2F7DE9A0000000079
:10C1A000A0F7FB98000000009FF7AE9F0000000082
:10C1B0009EF7B699000000009DF77C9D00000000EE
:10C1C0009BF7329D000000009AF7F89F00000000E6
:10C1D000A0F7E09E00000000A0F70F9F0000000005
:10C1E00099F7DE9A00000000A0F7939C0000000081
:10C1F000D7F7289F00000000D7F71C9A0000000026
:10C20000D7F7169C00000000D9F78A9C00000000B8
:10C2100093F7709A0000000093F7769900000000F1
:10C2200093F7CD9D0000000093F77D9B0000000078
:10C2300093F7B89A0000000092F7649F0000000096
:10C2400092F7029D0000000092F7D29A00000000D1
:10C2500092F700990000000092F714980000000087
:10C2600092F7129B000000008FF724990000000055
:10C27000D7F7449B00000000D7F7129B0000000096
:10C28000D6F7989E000000008CF7539C0000000039
:10C290008CF7939D000000008BF74B9F000000007F
:10C2A0008CF78E990000000089F7749E0000000052
:10C2B000000000000000000000000000000000007E
:10C2C000000000000000000000000000000000006E
:10C2D000000000000000000000000000000000005E
:10C2E000000000000000000000000000000000004E
:10C2F000000000000000000000000000000000003E
:10C30000000000000000000000000000000000002D
:10C31000000000000000000000000000000000001D
:10C32000000000000000000000000000000000000D
:10C3300000000000000000000000000000000000FD
:10C3400000000000000000000000000000000000ED
:10C3500000000000000000000000000000000000DD
:10C3600000000000000000000000000000000000CD
:10C3700000000000000000000000000000000000BD
:10C3800000000000000000000000000000000000AD
:10C39000000000000000000000000000000000009D
:10C3A000000000000000000000000000000000008D
:10C3B000000000000000000000000000000000007D
:10C3C000000000000000000000000000000000006D
:10C3D000000000000000000000000000000000005D
:10C3E000000000000000000000000000000000004D
:10C3F000000000000000000000000000000000003D
:10C40000000000000000000000000000000000002C
:10C41000000000000000000000000000000000001C
:10C42000000000000000000000000000000000000C
:10C4300000000000000000000000000000000000FC
:10C4400000000000000000000000000000000000EC
:10C4500000000000000000000000000000000000DC
:10C4600000000000000000000000000000000000CC
:10C4700000000000000000000000000000000000BC
:10C4800000000000000000000000000000000000AC
:10C49000000000000000000000000000000000009C
:10C4A000000000000000000000000000000000008C
:10C4B000000000000000000000000000000000007C
:10C4C000000000000000000000000000000000006C
:10C4D000000000000000000000000000000000005C
:10C4E000000000000000000000000000000000004C
:10C4F000000000000000000000000000000000003C
:10C50000000000000000000000000000000000002B
:10C51000000000000000000000000000000000001B
:10C52000000000000000000000000000000000000B
:10C5300000000000000000000000000000000000FB
:10C5400000000000000000000000000000000000EB
:10C5500000000000000000000000000000000000DB
:10C5600000000000000000000000000000000000CB
:10C5700000000000000000000000000000000000BB
:10C5800000000000000000000000000000000000AB
:10C59000000000000000000000000000000000009B
:10C5A000000000000000000000000000000000008B
:10C5B000000000000000000000000000000000007B
:10C5C000000000000000000000000000000000006B
:10C5D000000000000000000000000000000000005B
:10C5E000000000000000000000000000000000004B
:10C5F000000000000000000000000000000000003B
:10C60000000000000000000000000000000000002A
:10C61000000000000000000000000000000000001A
:10C62000000000000000000000000000000000000A
:10C6300000000000000000000000000000000000FA
:10C6400000000000000000000000000000000000EA
:10C6500000000000000000000000000000000000DA
:10C6600000000000000000000000000000000000CA
:10C6700000000000000000000000000000000000BA
:10C6800000000000000000000000000000000000AA
:10C69000000000000000000000000000000000009A
:10C6A000000000000000000000000000000000008A
:10C6B000000000000000000000000000000000007A
:10C6C000000000000000000000000000000000006A
:10C6D000000000000000000000000000000000005A
:10C6E000000000000000000000000000000000004A
:10C6F000000000000000000000000000000000003A
:10C700000000000000000000000000000000000029
:10C710000000000000000000000000000000000019
:10C720000000000000000000000000000000000009
:10C7300000000000000000000000000000000000F9
:10C7400000000000000000000000000000000000E9
:10C7500000000000000000000000000000000000D9
:10C7600000000000000000000000000000000000C9
:10C7700000000000000000000000000000000000B9
:10C7800000000000000000000000000000000000A9
:10C790000000000000000000000000000000000099
:10C7A0000000000000000000000000000000000089
:10C7B0000000000000000000000000000000000079
:10C7C0000000000000000000000000000000000069
:10C7D0000000000000000000000000000000000059
:10C7E0000000000000000000000000000000000049
:10C7F0000000000000000000000000000000000039
:10C800000000000000000000000000000000000028
:10C810000000000000000000000000000000000018
:10C820000000000000000000000000000000000008
:10C8300000000000000000000000000000000000F8
:10C8400000000000000000000000000000000000E8
:10C85000D41B80000400000000080000B422800007
:10C860000400000008080000782380000400000095
:10C8700010080000C4278000040000001808000011
:10C88000302880000400000020080000D817810034
:10C89000040000002808000000D08100040000000F
:10C8A000300800001C14820004000000380800005A
:10C8B0002838820004000000400800006C668300F5
:10C8C0000400000048080000ACAD83000400000034
:10C8D0005008000008088400040000005808000008
:10C8E0001C1A8400040000006008000098228400E4
:10C8F00004000000680800002C8A84000400000086
:10C9000070080000D8BE8400040000007808000011
:10C91000C0BF8400040000008008000010C3840031
:10C92000040000008808000078C9840004000000AA
:10C93000900800002C91840004000000980800007A
:10C940000C4C820004000000A0080000FCD9840008
:10C9500004000000A808000084E384000400000034
:10C96000B008000018EC840004000000B8080000C3
:10C970000C19850004000000C008000084C0860077
:10C9800004000000C80800004466850004000000A0
:10C99000D008000010A2820004000000D8080000A7
:10C9A000003B850004000000E008000084B685001C
:10C9B00004000000E8080000E8B68500040000005C
:10C9C000F0080000CCBA850004000000F808000060
:10C9D000F8C885000400000000090000B0BE820015
:10C9E0000400000008090000ACD485000400000029
:10C9F00010090000E09B84000400000018090000FA
:10CA0000B8FB8500040000002009000038E3860020
:10CA100004000000280900006CEA86000400000001
:10CA200030090000282586000400000038090000B5
:10CA3000F0C0860004000000400900003CC38600EE
:10CA4000040000004809000018F9860004000000F6
:10CA50005009000064FA8600040000005809000034
:10CA600044098700040000006009000010138700DB
:10CA70000400000068090000103387000400000073
:10CA8000700900005C3B870004000000780900008A
:10CA9000A0D98600040000008009000058DA860052
:10CAA0000400000088090000B8608700040000004E
:10CAB0009009000018E086000400000098090000BA
:10CAC000ACE4820004000000A009000058EF8200DE
:10CAD00004000000A8090000E4F182000400000046
:10CAE000B0090000C0F2820004000000B809000094
:10CAF000D4D1870004000000C0090000D4D487000E
:10CB000004000000C8090000BCD687000400000033
:10CB1000D0090000F4D9870004000000D809000003
:10CB2000C0DA870004000000E0090000DCDC8700B8
:10CB300004000000E8090000F8DC870004000000A1
:10CB4000F009000088DD870004000000F8090000FB
:10CB50007CE2870004000000000A0000CCE38700AC
:10CB600004000000080A0000F4E58700040000004B
:10CB7000100A00009026880004000000180A000037
:10CB8000A40B830004000000200A00007C0E830038
:10CB900004000000280A00000819830004000000B7
:10CBA000300A00005058880004000000380A0000D5
:10CBB0002059880004000000400A0000D462880068
:10CBC00004000000480A0000846988000400000096
:10CBD000500A0000DC98880004000000580A000099
:10CBE0006846836941690BB503695A4651460EB4DC
:10CBF0004A46414606B4C36882684168FEB4036889
:10CC0000C269EFF303810EB48269EFF3058106B4C4
:10CC1000034801680029FED06846884714B000BD6B
:10CC20003C14000062B6704772B670470449084071
:10CC3000002803D003490A6802430A6070470000D5
:10CC4000FFFF000000E100E004490840002804D094
:10CC500003490A68C04302400A607047FFFF0000B2
:10CC600080E100E00249096890228858704700007E
:10CC700044140000024909689C2288507047000053
:10CC800044140000DDBAADBB00000000000000004D
:10CC90000000000000000000000000000000000094
:10CCA00000000000024A11681060081C7047000074
:10CCB0003C1400005648574900220A500168564A61
:10CCC0000A40564F0F403F4206D15046004202D024
:10CCD0004046004229D1FEE7FC2141580A680F2353
:10CCE00013400F2BF1D0012B01D00431F6E70831AE
:10CCF0004B4B13404B4CA34206D100F0C1F8804689
:10CD000000F0CAF88146E9E7474CA342E6D10B1F81
:10CD10001B68464C23401824E3409C4600F0B0F8C2
:10CD2000824600F0B9F88346D8E7414921224250B3
:10CD3000374A40498958FF23194219D051683E4B60
:10CD4000194215D01168344B1940D36A10E0A34240
:10CD50000ED0C0460CE039498958194208D03849EC
:10CD6000895819409942FAD1364B11691942FCD0C1
:10CD700049463F4204D19823CB581024E34001E0B8
:10CD8000314BCB581C242340002B01D000F092F8EB
:10CD900040462E49086048462D49086050462D49B6
:10CDA000086060462C4908602C490F602C4D2D49C5
:10CDB0000D602D482D49002204C08142FCD8043D5D
:10CDC000AD46009DEC431023DD41AC4210D1240C54
:10CDD000A400274D2C606B461B1B2648264D28605F
:10CDE000002C05D01D68056004330430043CF9DCD8
:10CDF00081B0224B1B490D68ED1A0D606C46E41A98
:10CE0000A546684600090001854600F0D7FCFEE70C
:10CE10000000001814060000FFFF0000000000F0F2
:10CE200000FF0F00002A0800000E0800000000FFAD
:10CE3000E0010000040600000000380018060000B1
:10CE40000C0600000010000008040000441400005C
:10CE5000481400004C14000050140000401400005E
:10CE600000000800945C0100BC5F01009C660100AA
:10CE70009C5C01008C750200985C010000000100C0
:10CE800008680F2204310240052AF9D1014A1040F6
:10CE9000F746000000F0FFFF08680F22043102404F
:10CEA000052AF9D180221042F6D0014A1040F746F7
:10CEB00000F0FFFFFEE7000000487047BC5F010084
:10CEC00000487047FC5F0100004870476060010047
:10CED000004870470860010003F04ABA01238B4004
:10CEE0002DE9F74FB3F5001F28BF4FF40013042BB3
:10CEF00038BF04230330019320F00304FFF7E0FF61
:10CF0000354B0022D3F800B015469446134627E06F
:10CF1000D1F800A0A24522D301F10807019E07EB3A
:10CF20000A08C6F10009C4EB080609EA0606BE4273
:10CF300015D3DDF8049009F1FF3919EA070FCDF890
:10CF4000009002D0F71B072F09D9C4EB0A075F45F1
:10CF500005D2424635466FB1BB4684460B4608466D
:10CF600041680029D4D13BB91C4A184611680131E7
:10CF700011602FE084460B46521B111B072909D96B
:10CF800018682A19401A08391860295159685160DF
:10CF90005A6022461968891A072903D85A68CCF8BA
:10CFA000042004E05A50A1F108021A605B180C48F2
:10CFB000002219685A6002688A18026009480168EC
:10CFC000083101608918084A1068814288BF1160E1
:10CFD00003F10800BDE8FE8FF4030000F003000039
:10CFE00014040000480400000460010038B5194B27
:10CFF00050F8082C196805468A1A1A60164BA0F1D9
:10D0000008041A68083A1A60FFF75AFF02E0A342C0
:10D0100003D218464368002BF9D155F8082CA918FB
:10D020008B4205D119685B685218083245F8082C04
:10D030006360036803F108028218A24207D155F821
:10D04000082C9B18083303606368436000E0446069
:10D05000002038BD140400004804000010B5002171
:10D060004022044605F04ADC104B2360104B6360FD
:10D07000104BA360104BE360104B2361104B6361B6
:10D08000104BA361104BE361104B2362104B6362A2
:10D09000104BA362104BE362104B2363104B63638E
:10D0A000104BA363104BE36310BD00BF00000000F2
:10D0B000F8370100F8370100915C0100945C010031
:10D0C000BC5F0100BC5F01009C6601009C66010022
:10D0D000FCB60200FCB602008C6A0300FC000000F3
:10D0E000000100000000000000000000F0B52D4D20
:10D0F00091B06846FFF7B2FF2978002937D1089828
:10D10000099C241A06D0224605F0F8DB089821462F
:10D1100009F06EDD22462449244805F015DC244B35
:10D1200000241C7001232B70224D09F091DC2B6828
:10D13000002B33D01A78002A30D09F895E890CE00A
:10D140002B681D4AD98910680AF076DC0134014643
:10D1500030B1184B186806F0B1DBA319BB42EFDB06
:10D16000164B29681868012206F0ECDB16E0144E15
:10D17000317899B90A980B9C241A06D0224605F0FA
:10D18000BDDB0A98214609F033DD08480D492246E7
:10D1900005F0DADB00232B700123337009F058DC33
:10D1A00011B0F0BDFC0300009AFB88005539010066
:10D1B0001460010044040000900400002C040000EE
:10D1C0006C600100521E8900014B1868704700BF57
:10D1D000945C0100002070472DE9F04F9DB00AA833
:10D1E000FFF73CFFFFF7F0FF0446FFF7F3FF0A9B52
:10D1F0000B9A0F99D21A0E9B0D9DC3EB0109119941
:10D20000109B6E4ECB1A0C99DFF80082C1EB050B18
:10D2100093443268D8F8001002F50052521A4A447A
:10D22000D2185A44141924180994DFF8E4A1644C64
:10D23000644F2268DAF800506348AD183A680893E2
:10D24000C5EB020CCDF81CC005F07EDB089B09F590
:10D250007E71019303F57E7307339B0A07310BF54B
:10D260007E72890A073202930823920A009103937F
:10D2700059464B46554805F067DB336820683968E6
:10D28000DDF81CC00190039300F57E7003F57E73FA
:10D290000CF57E7601F57E7207300733800A9B0A13
:10D2A00007320736B60A920A02900493484863464A
:10D2B000009605F049DB099905F57E7201F57E734C
:10D2C00007339B0A0732920A00932946099B41487B
:10D2D00005F03ADB404B414F1968414805F034DB1B
:10D2E0003968404B0A6846469A4203D03E4805F0EA
:10D2F0002BDB25E01A910B4604E015683948131D15
:10D30000854203D11A461BAB9A42F6D333681AAD55
:10D31000009336482B461A9205F016DB3B681A9AA2
:10D32000E91A3348D31A0A46009305F00DDB336837
:10D330001A9A591B2F489B1A0A46009305F004DBE2
:10D340002D4B1B684BB31A783AB35989DD891A897A
:10D3500001FB05F638354D4306F57E7307339B1206
:10D360008DE8280005F57E7307339B12029323484E
:10D37000334605F0E9DA2368DAF80020991B9B1898
:10D380005B1B03F57E7001F57E720730800A073261
:10D390000090920A1A4805F0D7DA1A4B1D6809F076
:10D3A00081DD044609F078DD294603462246164809
:10D3B00005F0CADA1DB0BDE8F08F00BF04600100BF
:10D3C00014040000F40300008839010097390100BB
:10D3D000D63901001B3A0100F0030000686001002B
:10D3E000563A01004B415453713A0100953A0100FD
:10D3F000CC3A0100F13A010044040000173B01005F
:10D40000443B0100040400006C3B0100106001007B
:10D410004804000008B57146034805F095DA01207C
:10D42000BDE8084009F0249E9A3B0100004870477F
:10D43000186001002DE9F34107460C4609F032DD82
:10D4400010B909F035DD3AE0002620460DF106015D
:10D450006A46ADF80660009607F103080AF072D933
:10D46000009D28F00308454440F638039D4226D825
:10D470002DB328463146FFF731FD0446F8B1314659
:10D48000009A05F03BDA009BA781ED1AE218C8EB81
:10D49000050802EB0803A3606368013D62F314030F
:10D4A00063601B0C65F34F13E380204609F0DEDC5C
:10D4B00001232080A370BDF80630E38104E0044B13
:10D4C00000241A6801321A602046BDE8FC8100BFC2
:10D4D0004C04000038B50446E389590621D4A278EB
:10D4E000013AD2B2A270002A27D1E27862B1134B7E
:10D4F000204653F82250E9890AF0D4D9284621461B
:10D50000BDE8384006F0509ADA0516D40C4B204698
:10D51000A360218809F0D4DC2046BDE83840FFF73D
:10D5200065BD074B2046A3602188A56B09F0C8DCC8
:10D530002046FFF75BFD2C46CEE738BD5061010069
:10D54000EFBEADDEF8B51F4E01220D46306800215A
:10D5500002F0AAFF002108220746306802F0A4FF6B
:10D56000022D014610D107EA000414F4806406D0AD
:10D57000306821F48061002202F096FF2C46FA0404
:10D580001ED544F004041BE0052D10D107F40064FF
:10D59000D4F1010438BF0024BB0511D5306841F433
:10D5A0008061002202F080FF44F0200408E035B9D9
:10D5B000306829460522BDE8F84002F075BF002416
:10D5C0002046F8BD0004000029B9034B1146186835
:10D5D000072202F069BF7047000400002DE9FF47F1
:10D5E0000446FFF723FF2368C462032B03D1474B94
:10D5F00018680FF0EFD92368A3F110020F2A04D89E
:10D6000004B0BDE8F04709F0CF9B032B0FD1404A8F
:10D61000E36C22F00102934209D1626C06339361FC
:10D62000636C4FF0FF321A6004B0BDE8F087656CA0
:10D63000FFF7CAFD374E636CF169C3EB000A32682D
:10D64000354805F081D9A36C21680093636C2246AC
:10D650000193A36831480293E36800270393E36CC6
:10D6600005F072D9E36904F110010093236A2C4894
:10D670000193636A4FEA9A0A0293A36AB946039335
:10D680000EC905F061D9A36B04F12C010093E36B83
:10D6900024480193236CB84602930EC905F054D96F
:10D6A000EB682148009395E80E0005F04DD9EB6931
:10D6B00005F1100100931D480EC905F045D918E089
:10D6C0007A59D3070FD5FF2A0DD9194B9A4204D99D
:10D6D00002F16243B3F5801F05D81648394605F0BC
:10D6E00033D909F101090437B9F10F0F08F1010825
:10D6F00001D8D045E4D13368002043F4806386E844
:10D70000180004B0BDE8F04709F0B29C0004000026
:10D71000D1C0800070600100C63B0100DC3B01000D
:10D72000113C0100443C0100733C0100913C0100AC
:10D73000F8370100AF3C0100036810B5022B044626
:10D7400003D0084B18680BF0BDDE2046FFF746FFFC
:10D750002368022B05D0034B1868BDE810400BF07E
:10D76000F19E10BD00040000014B1868704700BF17
:10D77000B46001002DE9F04104464C200E461546E8
:10D7800098460AF0D1D80746A0B100214C2205F0F6
:10D79000B5D84FF4F0637B634FF47A73FB631C23BB
:10D7A0003B640C237B640423C7F80C803E607D60DF
:10D7B000BC60BB643846BDE8F081704710B515F019
:10D7C0004BFF15F059FF15F0B3F816F005F80446B5
:10D7D00015F06CF820461BF0D9FCFFF787FC2046BB
:10D7E000BDE8104009F0AE9A002301E00133400883
:10D7F0000028FBD1C3F120007047C0177047431EBB
:10D8000023EA0000FFF7F9BF4840FFF7F8BF22EA1C
:10D81000000208401043704708B5FFF7F8FFC0B298
:10D8200008BD2DE9F843DDF8208006460D46144674
:10D830009946002707E0E95DE25D3046FFF7ECFF1F
:10D8400008F8070001374F45F5D1BDE8F8830379A3
:10D85000013BDBB2A3EB511300EB83008068D0F1F6
:10D86000010038BF0020704710F0010130B51AD018
:10D8700002230122591E01249DB214FA01F1202D28
:10D8800002D09C40013C01E04FF0FF3400FB02F568
:10D890002C40A14234BF891811460133212B0A467E
:10D8A000E8D1084630BD084630BD38B5054600F51C
:10D8B0001770FEF3BDF700240AE004F1760005EBD3
:10D8C0008000436813B10430FFF304F70134A4B2BD
:10D8D000B5F85831A342F0D838BD2DE9F041061D06
:10D8E0009AB004460431304604321D46FEF384F6F5
:10D8F0000746002D30D0204601210AAA202305F139
:10D900000408FFF3FDF647B920462946FFF368F601
:10D910000028D4BF0020012000E001200021FFF7F3
:10D9200073FF3146054642463046FFF3FBF40121C2
:10D9300012AA20232046FFF3E3F602AEE8B20AA9BA
:10D9400012AA20230096FFF76CFF6368204601218E
:10D9500032469B0000F0AEDA1AB0BDE8F081F0B5B7
:10D96000071D9BB004460431384604321D46FFF3C0
:10D97000D9F4064625B320230AAA01212046FFF345
:10D98000BFF630460021FFF73FFF2A1D0646394605
:10D990003846FEF331F6012112AA20232046FFF378
:10D9A000AFF602ADF0B20AA912AA20230095FFF744
:10D9B00038FF6368204601212A469B0000F07ADA8E
:10D9C0001BB0F0BD2DE9F041B8B0154606468846BB
:10D9D000FFF3C4F66A68044602329300502B4FD816
:10D9E000D8F8043003339B00902B49D824A9FFF3C7
:10D9F00079F50746002844D06A6805F108019200CD
:10DA000026A804F0F7DED8F8042020466946033241
:10DA1000FFF368F50446002833D02846FFF3A2F64A
:10DA20006D686D01451B00E0203515F11F0FFBDB14
:10DA300020464146FFF306F63DB13846294600F040
:10DA400079DA2046294600F075DA201D391DFFF3EA
:10DA50009FF220463946FFF3C3F5002805DB204638
:10DA600021463A460023FFF77AFF1DB1204669425E
:10DA700000F060DA30462146FFF3E4F5012000E0D3
:10DA8000002038B0BDE8F08108B528B1FFF36AF690
:10DA9000D0F1010038BF002008BD2DE9F041044657
:10DAA000ACB00D461646FFF359F66B6862682B94CE
:10DAB000B2EB430F01D3201D08E001210022DB005F
:10DAC000FFF3CAF42B9000284ED00430291DFFF339
:10DAD000DBF23046FFF7D8FF0121FFF795FE202348
:10DAE0000BAA012180462046FFF30AF62B981BADB6
:10DAF000201A18BF01200121FFF786FE2B99074647
:10DB00002046FFF39FF5012113AA20232046FFF3AF
:10DB1000F7F5F8B213A90BAA20230095FFF781FEB1
:10DB200001212A4620232046FFF3EAF5324620460B
:10DB30002B99FFF747FF0646B8B1012123AA2023FE
:10DB40002046FFF3DDF503AE5FFA88F023A92A46ED
:10DB500020230096FFF765FE324620460121202350
:10DB6000FFF3CEF5012600E006462B9B9C4202D037
:10DB70002BA8FFF3AFF530462CB0BDE8F0812DE9BE
:10DB8000F74FD2F804A007795FFA8AF991F8048078
:10DB9000144600F1080609F1FF390D463046002110
:10DBA000BA005FFA89F9083404F0A8DE013F08F1F1
:10DBB000FF3104EB890B6FEA0909C9B24FEA890901
:10DBC000FFB208354FEA880805EB8105CDF80490CF
:10DBD000002306EB8706C8F1000900211DE05FFA6B
:10DBE0008AF84FEA88085C46C8EB060830460027EA
:10DBF0000DE03A46076854F804C90023D2196F585B
:10DC000043F10003E7FB0C2340F804291F4640457D
:10DC1000EFD1019804393350043E4945DFD100204B
:10DC2000BDE8FE8F2DE9F04FBDB088464699D0F88B
:10DC30000C900C1D8568039400684C6808F1040181
:10DC4000049109F1040105910790114628461A46EE
:10DC50000023FFF794FF98F8042099F804302E79F8
:10DC60000892002109F108009A000835069306F190
:10DC7000FF3A04F043DE039805EB8A0AA500401939
:10DC80004FEAC40B0A90CBEB0A0B5146A446002086
:10DC9000AE462BE00B68079A0A9F53430E46099342
:10DCA0002546002002910EE057F8043931680B93A5
:10DCB000002342180B98099943F10003E1FB00236C
:10DCC00046F80429184615F1FF35EDD20299A50052
:10DCD0004D1B07E01E680023821943F1000345F83D
:10DCE00004291846AB452B46F4D304391CF1FF3CFC
:10DCF000D0D2059A069B754602EB8306CBF800004E
:10DD0000CEEB0A0A2246002303E05AF80310F15032
:10DD1000043B013A971CF8D10021D9F80800FFF71D
:10DD200073FD0599039A07460498FFF3FBF202215D
:10DD30002B4640460CAAFFF3E3F40498089900EB45
:10DD4000810303E056F8042943F8042914F1FF3451
:10DD5000F8D202211CAA2B464046FFF3D1F42CAC8A
:10DD6000F8B21CA90CAA2B460094FFF75AFD4046B6
:10DD7000022122462B4600F09DD800203DB0BDE890
:10DD8000F08F2DE9F04F04468BB0184609921F46DC
:10DD90000891FFF3E3F47B6804F5AC7206929B00F4
:10DDA000002200250590A4F8582107932E4668E02C
:10DDB00004EB8609D9F80410002960D00698FFF317
:10DDC000D7F0804600285AD101214246079B05988A
:10DDD000FFF342F305F1200A04EB8A0ACAF85C015A
:10DDE000D9F8040004EB8503C3F85C01FFF7FCFCE1
:10DDF000C0F11F00C0B204900999DAF85C01FFF38A
:10DE000021F4C146DDF810A032E04FF0010B05F11E
:10DE1000200884F860B204EB8808D8F85C1104F597
:10DE2000177C60460A460B46CDF80CC00097FFF7FA
:10DE3000F9FE049ADDF80CC053B2C9EB03030BFAE8
:10DE400003FB04EB86035B681BEA030F0AD0002385
:10DE500084F86032D8F85C116046089A0B46009747
:10DE6000FFF7E0FE0AF1FF3A5FFA8AFA09F10109C9
:10DE70001AF0800FC9D00135EDB2A4F8585101361F
:10DE8000F6B294F84431B34292D801200BB0BDE809
:10DE9000F08F2DE9F04F8346ADF52F7D18461C46D7
:10DEA00089469246FFF35AF4676801258046BE0012
:10DEB00000212422A1A804F021DD294600223346B6
:10DEC0004046A195FFF3C8F2294600223346AB90A5
:10DED0004046FFF3C1F2294600223346AC9040464B
:10DEE000FFF3BAF202217B198B40AD90A1AA404604
:10DEF000FFF3B2F2AA90AB9800F008D8267904F1AB
:10DF00000805013EF6B255F8260010F0010000F0B9
:10DF100093804946AA9A2346AC98FFF32DF72346EF
:10DF2000AB99AA9AAD98FFF327F755F82600FFF7AB
:10DF30009BFC002105464FF41E7203A804F0DEDCB2
:10DF400005236A4221469AA88DF80C30FEF37CF432
:10DF5000514603A8FEF3DEF3234603A8AC99AD9A1D
:10DF6000FFF70FFF9DF8507107F1FF381FFA88F88F
:10DF70000FFA88F3002B4FDB03A800EB83035968EB
:10DF800059A8FEF3BBF61F2846D803A901EB80036E
:10DF9000D3F8DC11AD98FFF355F3C8F10008002564
:10DFA0002DE0AD9901238DF86C329AA80A460B46F4
:10DFB0000094FFF737FEBB1E1BB203A8EA18C31874
:10DFC0005B1993F80431314601369942E9DB00EBE5
:10DFD0008203596891B1002359A88DF86C32FEF381
:10DFE0008DF61F2818D803A901EB8003AD99009482
:10DFF000D3F8DC219AA80B46FFF714FE013D4545F6
:10E000004FF00006D7D19AA85946AD9AAB9B8DF830
:10E010006C620094FFF706FE03A8FFF746FCACA86D
:10E02000FFF358F3ADA8FFF355F3ABA8FFF352F39A
:10E03000AAA8FFF34FF301200DF52F7DBDE8F08F67
:10E040002DE9F04FB3B0039018461C468A4693461C
:10E05000FFF384F3D4F80490012509F10107BF0010
:10E0600080464FEA890600213A4605A804F046DCBE
:10E0700029460022334640460595FFF3EDF1294637
:10E08000002233462E904046FFF3E6F12946002257
:10E0900033462F904046FFF3DFF1294600223346F6
:10E0A00030904046FFF3D8F102213B46319005AA5B
:10E0B0004046FFF3D1F12D902E98FFF327F72679F4
:10E0C00004F10805013EF6B255F82600DAF80470AE
:10E0D00010F0010000F08B8051462D9A23462F98B6
:10E0E000FFF34AF62E992D9A23463098FFF344F613
:10E0F00055F82600FFF7B8FB7F014242214626A8CB
:10E10000FEF3A2F3013F01E0A6F12007BEB258469C
:10E110003146FFF79CFB0028F6D109F1FF393FB2E9
:10E120000BF1080AA9EB67175AF82700FFF75CFB09
:10E13000361A3BE0309901250A460B4626A88DF891
:10E140009C500094FFF76EFD294616AA20233098B4
:10E15000FFF3D6F230994FF000080B462F9A26A80D
:10E160008DF89C800094FFF75DFD1EAA29462023B0
:10E170003098FFF3C5F206F01F0015FA00F0A9EB86
:10E1800067175AF8273041461840FFF73DFB0EAF9E
:10E19000C0B216A91EAA20230097FFF742FB3098B1
:10E1A00029463A462023FFF385F6013EB6B237B240
:10E1B000002FBFDA00230399309A8DF89C3026A8EF
:10E1C0002E9B0094FFF72EFD26A8FEF331F32FA817
:10E1D000FFF380F230A8FFF37DF22EA8FFF37AF26E
:10E1E0002DA8FFF377F231A8FFF374F2012033B0CA
:10E1F000BDE8F08F2DE9F04FBFB0039018461D46E3
:10E2000089469246FFF3AAF26E6802230124B60003
:10E2100000278DF8F7300A233C9321463A463346CF
:10E22000804637973B978DF8F640FFF315F121466E
:10E230002D903A4633464046FFF30EF121462E908C
:10E240003A4633464046FFF307F102212F903A4603
:10E2500033464046FFF300F1214630903A463346BC
:10E260004046FFF3F9F0214631903A4633464046A6
:10E27000FFF3F2F0214632903A4633464046FFF330
:10E28000EBF0214633903A4633464046FFF3E4F044
:10E29000214634900DF1F60223463398FFF30AF637
:10E2A00021460DF1F70223463498FFF303F6214689
:10E2B0003A4633464046FFF3CFF0214635903A4682
:10E2C00033464046FFF3C8F0214636903A4633467F
:10E2D0004046FFF3C1F0214638903A463346404667
:10E2E000FFF3BAF0214639903A4633464046FFF3F1
:10E2F000B3F021463A903CAA23463098FFF3DAF572
:10E3000030982B4602462946FFF729FB03992A46F7
:10E310002D98FFF7C2FB2B4630992D9A2E98FFF3CC
:10E320002BF52E992A462F98FFF7B7FB2E982F9A98
:10E3300001462B46FFF7D1FA2E98FFF7A5FB2146A1
:10E34000FFF762FA29468446349A2F982B46CDF877
:10E3500008C0FFF704FB2E992F9A2B463198FFF740
:10E360006FFE4A462B4630992E98FFF305F52E98FE
:10E3700029460246FFF374F251462E9A2B463598F1
:10E38000FFF3FAF452462B462E982946FFF7E7FA98
:10E39000484629462F9AFFF363F22E982F9A01469A
:10E3A0002B46FFF3E9F42F983399319A2B46FFF768
:10E3B00094FA2E992F9A2B463698FFF3DDF42023FA
:10E3C00021461DAA3598FFF39BF12023214625AA5B
:10E3D0003698FFF395F1DDF808C00DF1540B5FFAA4
:10E3E0008CF01DA925AA3346CDF800B0FFF719FA25
:10E3F000334621465A464046FFF32EF02A46014650
:10E4000037902E98FFF749FB2E98379A01462B46F6
:10E41000FFF3B2F44946379A2B462F98FFF3ACF43A
:10E420002E982F9A01462B46FFF757FA52463998F5
:10E430002E992B46FFF751FA30992D9A2B462E989C
:10E44000FFF39AF42B462E99379A3898FFF394F4F9
:10E4500038992A462E98FFF720FB2E98389A0146C5
:10E460002B46FFF389F44946389A2B462F98FFF341
:10E4700083F42E982F9A01462B46FFF72EFA524628
:10E480003A982E992B46FFF728FA339A2B462E9866
:10E490002946FFF764FA2E982146FFF34BF52E9894
:10E4A0002B4602463999FFF7CBFD2E98FFF7ECFA81
:10E4B000214681462E98FFF3AFF2214640EA09003B
:10E4C000FFF7A2F9214681461DAA20233998FFF3C0
:10E4D00017F15FFA89F92023214625AA3A98FFF31C
:10E4E0000FF148461DA925AA3346CDF800B0FFF725
:10E4F00098F921465A4633464046FEF3ADF72023AD
:10E500003B9021461DAA3798FFF3FAF020232146BD
:10E5100025AA3898FFF3F4F00DF1140A48461DA916
:10E5200025AA3346CDF800A0FFF77BF92023284623
:10E5300021461DAAFFF3E4F006F1FF393EAB9944F2
:10E5400019F8843C03F00303032B03D0444804F080
:10E55000FBD954E03A46404621463346FEF37CF769
:10E560003B4680462946339A2E98FFF7B6F92E98F7
:10E570000221FFF3DFF42B463B992E9A4046FFF72A
:10E580005FFD21461DAA20230398FFF3B9F025AAB9
:10E59000202321464046FFF3B3F019F8840C19F804
:10E5A000641C00F0010001F00101FFF72DF929467C
:10E5B0002B46074642462E98FFF7D1F921461DAA61
:10E5C00020234046FFF39CF0214625AA20232E98C5
:10E5D000FFF396F00AEB0605F8B21DA925AA33460B
:10E5E0000095FFF71EF92146524633464898FFF33F
:10E5F00061F4499821462A463346FFF35BF42DA87F
:10E60000FFF368F02EA8FFF365F02FA8FFF362F088
:10E6100031A8FFF35FF030A8FFF35CF032A8FFF3FE
:10E6200059F033A8FFF356F034A8FFF353F035A8A0
:10E63000FFF350F036A8FFF34DF037A8FFF34AF090
:10E640003BA8FFF347F038A8FFF344F039A8FFF3E5
:10E6500041F03AA8FFF33EF000203FB0BDE8F08F54
:10E66000E93C010000487047883D010000487047C0
:10E67000103D0100004870474C3D010000487047C4
:10E68000C43D0100012801D1FFF7F0BF022801D1EC
:10E69000FFF7F0BF032801D1FFF7F0BF042801D135
:10E6A000FFF7E0BF0020704700487047DC600100C2
:10E6B00000487047305D0100014B43F8201070475F
:10E6C00050610100034B53F82000431A584240EBBD
:10E6D000030070475061010042893C2928BF3C215A
:10E6E000034691422CBF08461046988170470000AF
:10E6F00000F13402342A08B5034606D90548202122
:10E70000054A04F061D9034808BD044A434252F85F
:10E71000230008BD306101007F3E01000CA288008B
:10E7200038B5049C1D467CB1FF2B0DD002B95BB9F6
:10E730006B1C2070A170637025B11146E01C2A4645
:10E7400004F058D803356419204638BDC0F3804022
:10E7500070470000044B00F44032134303420CBFE7
:10E7600000200120704700BFD091540038B5054605
:10E77000FFF7F0FF38B10B4B2B4033B915F4900481
:10E7800018BF182402E0044600E01024284605F0D3
:10E79000BDDF20B1034B2B40002B18BF10242046B7
:10E7A00038BD00BFC4D1040000487047685D010057
:10E7B00000487047785201000020704708B5FFF705
:10E7C000F3FF41780278012313FA01F113FA02F200
:10E7D0000A4381788B4042EA030008BD2DE9F743E4
:10E7E0004FF0000804460F46164699464546012359
:10E7F00003FA08F313EA090F2BD063692046222B92
:10E800000ADDE3695A0607D540F6270100220EF01B
:10E81000AFDA0146204600E000214FF4C4620EF05A
:10E8200047D9C0F8008063692046222B0ADDE369DE
:10E830005B0607D540F6270100220EF099DA014663
:10E84000204600E0002140F224620EF031D9036836
:10E850001D4308F10108B8F11F0FC8D19DF82830F9
:10E860004BB145B10123009320462B463946324631
:10E87000FFF7B4FF05432846BDE8FE83816838B53D
:10E8800040F63C039942044628D1C3680B2B03D8B9
:10E890004FF0A871994001D40C2B1FD949F21823CD
:10E8A0009A4205D049F640439A4217D10C4D00E0F8
:10E8B0000C4D63692046222B0ADDE369590607D512
:10E8C00040F6270100220EF053DA0146204600E010
:10E8D000002140F2DC620EF0EBD8056038BD00BFCD
:10E8E00099010100B601010038B543690446222BA5
:10E8F0000ADDC3695D0607D540F6270100220EF048
:10E9000037DA0146204601E0204600214FF4C0627C
:10E910000EF0CED80568204605F07C05AD08FFF75F
:10E9200047FF03E08378AB4207D00C3010B1038877
:10E93000002BF7D12046FFF73FFF03884FF47A7092
:10E94000584338BD70B5044616460D460AF0B0DD92
:10E9500094F86023094B002818BF0123012A94F87A
:10E96000682308BFD4F85C33012A0CBFD4F86423B1
:10E970006FF000422B60326070BD00BF0100820E5C
:10E980002DE9FF471D46436990460022222B04468D
:10E9900089460292039209DDC3695F0606D540F6F7
:10E9A00027010EF0E5D90146204601E0204600216E
:10E9B0004FF4C4620EF07CD80560236A20460C2B0D
:10E9C000636916DD222B0ADDE3695E0607D540F692
:10E9D000270100220EF0CCD90146204600E000219C
:10E9E0004FF4C5620EF064D807683F0CBF05BF0D39
:10E9F00014E0222B0ADDE369590607D540F627010A
:10EA000000220EF0B5D90146204600E000214FF467
:10EA1000C5620EF04DD807683F0AFFB20123AB4034
:10EA200000262046494642460096FFF7D7FE054697
:10EA3000012212FA06F32B4207D0009220464946E3
:10EA40004246FFF7CBFE25EA000501361F2EEFD127
:10EA5000204602A903AAFFF775FF029B002625EABC
:10EA6000030A35460123AB4013EA0A0F08D02046BB
:10EA700049464246EBB2FFF783FF864238BF06465F
:10EA800001351F2DEED1B81C801904B0BDE8F08708
:10EA90002DE9F041069E044615461F46FFF78EFEFF
:10EAA000002870D010EA060800EA07072CD0636936
:10EAB0002046222B0ADDE3695A0607D540F62701D6
:10EAC00000220EF055D90146204600E0002140F218
:10EAD0001C620DF0EDDF63690646222B20460ADD3D
:10EAE000E3695B0607D540F6270100220EF040D906
:10EAF0000146204600E0002140F21C620DF0D8DF04
:10EB0000036843EA08033360002F2BD06369204673
:10EB1000222B0ADDE3695E0607D540F627010022B5
:10EB20000EF026D90146204600E000214FF4C362D2
:10EB30000DF0BEDF63690646222B20460ADDE3693D
:10EB4000590607D540F6270100220EF011D90146DB
:10EB5000204600E000214FF4C3620DF0A9DF0368F6
:10EB60001F433760079B9A0305D4BDE8F0810A2054
:10EB700008F0C8DB01E040F2DD54D5F8E0319B033A
:10EB800001D4013CF3D1BDE8F081F7B51E464369DD
:10EB90000446222B0F4615460BDDC3695A0608D5DD
:10EBA00040F6270100220EF0E3D8009701462046E8
:10EBB00002E00097204600214FF0FF334FF4CA6275
:10EBC0000EF026DC6369222B0CDDE3695B0609D5B8
:10EBD00040F62701204600220EF0CAD800960146D2
:10EBE000204602E000962046002140F254622B4667
:10EBF0000EF00EDCFEBDF7B51E4643690446222B1F
:10EC00000F4615460BDDC3695B0608D540F62701A4
:10EC100000220EF0ADD800970146204602E0009792
:10EC2000204600214FF0FF334FF4CB620EF0F0DBB3
:10EC30006369222B0CDDE369590609D540F62701EB
:10EC4000204600220EF094D800960146204602E0AD
:10EC500000962046002140F25C622B460EF0D8DB85
:10EC6000FEBDF7B51E4643690446222B0F461546E6
:10EC70000BDDC369590608D540F6270100220EF0C6
:10EC800077D800970146204602E0009720460021F1
:10EC90004FF0FF334FF4CC620EF0BADB6369222BE6
:10ECA0000CDDE3695A0609D540F62701204600220B
:10ECB0000EF05ED800960146204602E000962046FF
:10ECC000002140F264622B460EF0A2DBFEBD4369D8
:10ECD00013B5222B04460DDDC3695B060AD540F649
:10ECE000270100220EF044D84FF4806301460093C0
:10ECF000204604E04FF480630093204600214FF447
:10ED0000C0620EF085DB1CBD2DE9F04F013AD2B296
:10ED1000082A85B004469A4615D8374B9E5C374B77
:10ED20009F5C374B13F80290364B9B5C0393364B3A
:10ED300013F802B0354B9B5C0293354B13F80280FD
:10ED4000344B9D5C07E00025A8460295AB46039531
:10ED5000A9462F462E466369222B0DDDE3695B062B
:10ED60000AD540F62701204600220EF001D8CDF842
:10ED700000900146204603E0CDF800902046002197
:10ED80004FF0FF334FF4CB620EF042DB6369222B6E
:10ED90000FDDE36958060CD540F627012046002216
:10EDA0000DF0E6DF07EA0A03B34001460093204670
:10EDB00005E007EA0A03B34020460093002117FA52
:10EDC00006F340F25C620EF023DB039B83B148FA4A
:10EDD0000BF208EA0A0848FA0BFB2046029C294677
:10EDE000A2400BFA04F305B0BDE8F04FFFF703BFF4
:10EDF00005B0BDE8F08F00BF5C5101006551010016
:10EE00006E5101007751010080510100EC53010067
:10EE1000F8510100015201002DE9F84304468946EA
:10EE20000DF040DE0021064620460EF0EBDB80466A
:10EE30002046FFF7B9FC074620460EF055DA494652
:10EE4000054642463B782046FFF79AFD0B230230E9
:10EE50005843074B3146EB18B3FBF5F545432046C5
:10EE60000EF0D0DB0A23B5FBF3F5A8B2BDE8F883BA
:10EE70003F420F0038B543690446222B0ADDC369BF
:10EE80005D0607D540F6270100220DF071DF01462F
:10EE9000204601E02046002140F214620DF008DE19
:10EEA00063690568222B20460ADDE369590607D508
:10EEB00040F6270100220DF05BDF0146204600E00E
:10EEC000002140F214620DF0F3DD03689D4214D07E
:10EED00063692046222B0ADDE3695A0607D540F60E
:10EEE000270100220DF044DF0146204600E000210A
:10EEF00040F214620DF0DCDD0568284638BD38B5F7
:10EF00001C461D68FFF7B6FF03462360401B38BD53
:10EF10002DE9F743002504460F46164698469DF80E
:10EF200028900195FFF7A6FF019063692046222BE8
:10EF30000ADDE3695B0607D540F6270100220DF0E4
:10EF400017DF0146204600E000214FF4C2620DF0B9
:10EF5000AFDDB9F1010F006801D108B90EE050B979
:10EF6000B8EB451F09D920463946324601ABFFF7B9
:10EF7000C6FF2D18D9E7002000E001200B9B6D0192
:10EF80001D60BDE8FE832DE9F04F002685B0804668
:10EF9000894692460396012503AF404649465246AC
:10EFA00043F6982300950197FFF7B2FF044688B90E
:10EFB0008DE881004023404649465246DDF80CB0BA
:10EFC000FFF7A6FF039B38B99B445E4443F69723A3
:10EFD0009E42E0D9284600E0204605B0BDE8F08F0B
:10EFE0002DE9F843994643690446222B0E461546FF
:10EFF000DDF82080099F0ADDC3695A0607D540F66F
:10F00000270100220DF0B4DE0146204601E0204633
:10F0100000214FF4C3620DF04BDD03682046C9F8B0
:10F0200000306369222B0ADDE3695B0607D540F6F1
:10F03000270100220DF09CDE0146204600E0002161
:10F0400040F21C620DF034DD03682046C8F8003041
:10F05000D5F8E0313B60FFF7B1FB0746002872D0DE
:10F06000D5F8E031990304D4204631462A46FFF70B
:10F070008AFF63692046222B0ADDE3695A0607D519
:10F0800040F6270100220DF073DE0146204600E025
:10F0900000214FF4C3620DF00BDD63690646222B9D
:10F0A00020460ADDE3695B0607D540F6270100220A
:10F0B0000DF05EDE0146204600E000214FF4C36201
:10F0C0000DF0F6DC0368FF433B4033606369204684
:10F0D000222B0ADDE3695E0607D540F627010022F0
:10F0E0000DF046DE0146204600E0002140F21C62A1
:10F0F0000DF0DEDC63690646222B20460ADDE3695B
:10F10000590607D540F6270100220DF031DE0146F1
:10F11000204600E0002140F21C620DF0C9DC0368CB
:10F1200040F2DD541F40376002E00A2008F0EAD8C0
:10F13000D5F8E0319A0301D5013CF6D16420BDE851
:10F14000F84308F0DF98BDE8F88337B5044601AB13
:10F150004FF400616A460EF063DA63692046222BA1
:10F160000ADDE3695D0607D540F6270100220DF0B0
:10F17000FFDD0146204600E000214FF4CE620DF095
:10F1800097DC056815F0005316D063692046222BE2
:10F190000ADDE369590607D540F6270100220DF084
:10F1A000E7DD0146204600E000214FF4CE620DF07D
:10F1B0007FDC0560012500E01D4620469DE8060035
:10F1C0000EF04CD928463EBD70B504460E460DF0F3
:10F1D00069DC0021054620460EF014DA314602466D
:10F1E0002046FFF781FB2946064620460EF00ADA44
:10F1F000304670BD014B1860704700BF946101003C
:10F20000F8B5484F04463A68002A40F089804369BF
:10F21000222B09DDC3695B0606D540F627010DF0F8
:10F22000A7DD0146204601E02046002140F214629D
:10F230000DF03EDC63690568222B20460ADDE36998
:10F240005E0607D540F6270100220DF091DD01464C
:10F25000204600E0002140F214620DF029DC036832
:10F260009D4214D063692046222B0ADDE3695906CA
:10F2700007D540F6270100220DF07ADD0146204631
:10F2800000E0002140F214620DF012DC056842F249
:10F29000107008F037D863692046222B0ADDE36935
:10F2A0005A0607D540F6270100220DF061DD014620
:10F2B000204600E0002140F214620DF0F9DB6369A2
:10F2C0000668222B20460ADDE3695B0607D540F677
:10F2D000270100220DF04CDD0146204600E0002110
:10F2E00040F214620DF0E4DB03689E4214D06369BF
:10F2F0002046222B0ADDE3695E0607D540F627018A
:10F3000000220DF035DD0146204600E0002140F2EC
:10F3100014620DF0CDDB0668751B642675433D60F5
:10F320003868F8BD946101002DE9F74F044688461E
:10F3300091461F460DF0E8DF8346002840F0D98053
:10F3400020460DF0AFDB5946824620460EF05AD9D2
:10F35000636905462D2B0CD1D0F8F430B9F1000FBC
:10F3600002D023F0007301E043F00073C5F8F430DD
:10F37000B8E02046FFF718FAC37801269E4000F057
:10F38000B180B9F1000F5ED063692046222B0ADDFF
:10F39000E369590607D540F627015A460DF0E8DC27
:10F3A0000146204600E000214FF4C3620DF080DBEF
:10F3B000036841463B6043EA060701230093204669
:10F3C0003B462A46FFF70AFA63690743222B204689
:10F3D0000ADDE3695A0607D540F6270100220DF041
:10F3E000C7DC0146204600E000214FF4C3620DF067
:10F3F0005FDB414607602A462046FFF7C4FD4FF415
:10F400007A7007F07FDF40F2DD5702E00A2007F054
:10F4100079DF63692046222B0ADDE3695B0607D5A5
:10F4200040F6270100220DF0A3DC0146204600E053
:10F43000002140F20C620DF03BDB0368334242D105
:10F44000013FE3D13FE03A689AB963692046222B35
:10F4500009DDE3695F0606D540F627010DF088DC7B
:10F460000146204600E000214FF4C3620DF020DB8E
:10F47000026822EA06070123009320463B464146E4
:10F480002A46FFF7ABF96369074337420CBF0026F2
:10F490000126222B20460ADDE369590607D540F6EE
:10F4A000270100220DF064DC0146204600E0002127
:10F4B0004FF4C3620DF0FCDA414607602A4620464D
:10F4C000FFF761FD00E0012640F22D1702E00A205F
:10F4D00007F018DF2B6903F48053B3EB063F01D02C
:10F4E000013FF4D12046514603B0BDE8F04F0EF085
:10F4F000899803B0BDE8F08FF0B589B004460D4699
:10F5000006AA07AB4FF400610EF08AD829462046C0
:10F51000FFF75AFE4FF47A760022B0FBF6F6134658
:10F5200002212046FFF79DFB00220746134600F00C
:10F530000F0503212046FFF794FB4FF680733B40F5
:10F54000DF094FF4000320F07F42009303A804A9D1
:10F55000334603F09DDE05A80399049A18237743E8
:10F5600003F0DADE05B92D60059A4FF400630093CD
:10F570004FF4805303A804A9BA1893FBF5F303F0E2
:10F5800087DE02A80399049A0C2303F0C5DE204607
:10F590000699079A0DF062DF029809B0F0BD10B528
:10F5A00004460DF0E7DE01462046BDE81040FFF7B7
:10F5B000A3BF70B504461646FFF7F1FF6369054621
:10F5C000222B20460ADDE3695B0607D540F62701BA
:10F5D00000220DF0CDDB0146204600E000214FF473
:10F5E000CC620DF065DA04230360D6F864364FF47C
:10F5F0007A70DBB2B5FBF3F5684370BD70B50446B5
:10F600000E460DF04FDA0021054620460DF0FADFD8
:10F61000314602462046FFF7CCFF294606462046E3
:10F620000DF0F0DF304670BDFFF7E8BF37B5044698
:10F63000FFF7B5FF4FF400616A4601AB054620466F
:10F640000DF0EEDF0022134620460421FFF709FBF0
:10F6500000F47F40030A00B91B60B5FBF3F52046B8
:10F660009DE806000DF0FADE28463EBD70B5044662
:10F670000E460DF017DA0021054620460DF0C2DFD8
:10F68000314602462046FFF77EFC2046FFF78CF805
:10F6900063690646222B20460ADDE3695A0607D530
:10F6A00040F6270100220DF063DB0146204600E012
:10F6B000002140F20C620DF0FBD9F378012111FA20
:10F6C00003F3026829461A420CBF00260126204691
:10F6D0000DF098DF304670BD70472DE9FF47836E0F
:10F6E000002204460D460292039263B1D0F8CC107A
:10F6F00000EB8101D1F8D400216E884205D1606E03
:10F700009847814602E0994600E0914620460DF078
:10F71000C9D90021824620460DF074DF02A9804637
:10F7200003AA2046FFF70EF9029F00260396F7B1C1
:10F730003B462046294642460096FFF74FF863694C
:10F740003843222B029020460ADDE369590607D58B
:10F7500040F6270132460DF00BDB0146204600E063
:10F7600000214FF4C3620DF0A3D9029B0360039EF6
:10F77000FEB1002733462046294642460097FFF750
:10F780002DF863693043222B039020460ADDE3699C
:10F790005A0607D540F627013A460DF0E9DA014648
:10F7A000204600E0002140F21C620DF081D9039B4D
:10F7B0000360294642462046FFF7E5FB20465146B6
:10F7C0000DF020DFE36E5BB1D4F8CC2004EB8202B5
:10F7D000D2F8D410226E914202D1606E4946984709
:10F7E000BDE8FF8710B500220C4608F0B1D8A0B9DB
:10F7F0000A4B1B688BB11A787AB1DA8994420CD81B
:10F80000184604F0E1D820B1054B1A6801321A609D
:10F8100010BD044B1A6801321A6010BD4404000088
:10F82000986101009C610100037E2BB14069D0F119
:10F83000010038BF0020704701207047014B03EBE7
:10F84000C0007047A0610100014B03EBC00070478E
:10F85000C061010070B50C46164609F0B3DD80B1F9
:10F8600000252846FFF7F0FF03681BB980E8500029
:10F87000184670BD0135EDB2042DF2D14FF0FF30C6
:10F8800070BD4FF0FF3070BD6FF0160070477047CD
:10F890007047000003682DE9F041C0F8203143684B
:10F8A0000022C0F824318368C0F82831C368C0F84A
:10F8B0002C310369C0F830314369C0F834318369B1
:10F8C000C0F83831C369C0F83C3100F59073534E2D
:10F8D0001C69DF699559D3F814C07D194FEAB41734
:10F8E00087EAF42787EA7467ED199F6927EA040716
:10F8F00004EA0C047C402C198D1811F802C0EF7832
:10F90000043247EA0C6795F801C0AD7847EA0C4726
:10F9100047EA05256419DD61DD68402A2544DD607C
:10F9200093E8A01087EA0C0808EA05080CEA070C1F
:10F9300088EA0C074FEAB50C8CEA753C8CEAB555A1
:10F940003D442C4443F8044DC1D100F1E00306F1DD
:10F950003C0500F120071A6955F8044FD9695E6922
:10F9600061184FEAB21484EAF22484EA7264091935
:10F970009C69D3F85CC024EA0204324062409E6B6A
:10F980005C6A66444FEA744C8A188CEAF44C996DB0
:10F990008CEA942434194FEAF11686EAB14686EAD5
:10F9A000D10161185218D961D9688918D96093E8D2
:10F9B000520084EA060C0CEA010C26408CEA06048C
:10F9C0004FEAB10686EA713686EAB15161188918A4
:10F9D00043F8041DBB42BED1036842685918436A0C
:10F9E0000160D31843608268836AD3188360C26859
:10F9F000C36AD318C3600269036BD31803614269F9
:10FA0000436BD31843618269836BD3188361C269E6
:10FA1000C36BD318C361BDE8F08100BFC0540100BF
:10FA2000F0B5034696100F46002510E057F8044B3A
:10FA300001354FEA146C83F800C04FEA144C83F888
:10FA400001C04FEA142C83F802C0DC700433B542C5
:10FA5000ECDB26EAE67312F0030200EB83000AD027
:10FA600051F823401821002334FA01F5C55401331D
:10FA700008399342F8DBF0BD004870476454010038
:10FA8000D0F8B43170B5D318934204460E461546EB
:10FA9000C0F8B43104D2D0F8B0310133C0F8B0317D
:10FAA000D4F8AC21AB183F2B0AD8A21802F5B670D7
:10FAB00031462A4602F09EDED4F8AC315D1925E0CD
:10FAC000E2B1A0183146C2F1400200F5B67002F072
:10FAD00091DED4F8B831201D04F5B6719847D4F8FA
:10FAE000AC31C3F14002403BB6185D1906E0314627
:10FAF000D4F8B831201D98474036403D3F2DF6DC04
:10FB000004F5B67031462A4602F074DEC4F8AC51F2
:10FB100070BD0000012910B5044640F8041B05D152
:10FB20000A4B0B49C4F8B831142204E0094B0A49C6
:10FB3000C4F8B831202202F05DDE0020C4F8AC0128
:10FB4000C4F8B001C4F8B40110BD00BF0D430000FB
:10FB5000C055010045400000A0540100F8B504461E
:10FB600000F5AA760D4600F58A7721463046142224
:10FB700002F040DE30696649726841183068331F10
:10FB800001EBF061F06820EA020CB06810408CEAEA
:10FB90000000091846F8041C687895F800C00004B5
:10FBA00040EA0C6095F803C04FEAB20240EA0C004C
:10FBB00095F802C0043540EA0C2041189F4230619C
:10FBC00046F8041C72601E46D4D304F58275306971
:10FBD0004F497268411853F80409F76801EBF06166
:10FBE000B06827EA0207104078400918376BF069BF
:10FBF0004FEAB2027840B76C72607840376D784057
:10FC00004FEAF0703061081846F8040C043EAB422D
:10FC1000DDD804F1B4061A4615693E4950686918E2
:10FC200053F80459D76801EBF561956845407D406C
:10FC30004919176BD5694FEAB0007D40976C506049
:10FC40007D40176D7D404FEAF57515614D1942F8FD
:10FC5000045C043AB342DFD804F1640C1A46156917
:10FC60002D49101D691853F80459C1C801EBF561FD
:10FC700086EA07050540374085EA07068919D569F0
:10FC8000166B4FEAB0007540966C50607540166D6B
:10FC900075404FEAF57515614D1942F8045C043A58
:10FCA0006345DCD804F114061D691C4958686918BD
:10FCB0001D68DF6801EBF5619D681A4645407D408F
:10FCC00049191F6BDD694FEAB0007D409F6C586099
:10FCD0007D401F6D7D404FEAF57549191D6143F860
:10FCE000041C043B9E42DFD323685918216013682B
:10FCF0006168CB1863605368A168CB18A360E168A2
:10FD00009368CB18E3602169D368CB182361F8BDF1
:10FD10009979825AA1EBD96EDCBC1B8FD6C162CA1D
:10FD200030B5034685B00C4615466846194607F0BF
:10FD3000B3DE20466946102DB4BF2A46102202F0D9
:10FD400059DD05B030BD07F0039F08B507F0ECDEC4
:10FD5000002008BD38B504460D46FFF78DFE03466A
:10FD6000E4B10022226062600122AA4001680A42D6
:10FD70000AD100F114014069024204D103F12801C3
:10FD80009B6A1A420DD00B4604F110006360256097
:10FD9000A0609B6829469847002038BD6FF001009D
:10FDA00038BD6FF0160038BD08B5436813B1DB6885
:10FDB0008068984708BD08B5436813B11B6980681F
:10FDC000984708BD013806289ABF024B18560020F4
:10FDD000704700BFD4550100F8B5044600680E46D0
:10FDE0001546FFF7EFFF00284AD0D4F8AC21802158
:10FDF000A31883F86C11531CA842B8BF0546382BD2
:10FE0000C4F8AC3111D9A01800F5B6700021C2F1C8
:10FE10003F02013002F072DDD4F8B831201D04F544
:10FE2000B67198470023C4F8AC31D4F8AC21002156
:10FE3000A01800F5B670C2F1380202F05FDDD4F808
:10FE4000B021D4F8B431D20042EA5372DB00C4F8D6
:10FE5000B021C4F8B431082204F5D27004F5D87189
:10FE6000271DFFF7DDFD384604F5B671D4F8B8312B
:10FE70009847304639462A46BDE8F840FFF7D0BDDE
:10FE8000F8BD07280AD84FF0C243834004D44FF08E
:10FE9000F053834004D401E04020704700207047B5
:10FEA000802070472DE9F0470C46B0B090469A4646
:10FEB0000746002846D00846FFF784FF81462046C3
:10FEC000FFF7DFFF5045064607F1800513DA2146AC
:10FED0002846FFF73FFF414652462846FFF764FF9A
:10FEE000284620A94A46FFF766FF4E45B4BFB246F2
:10FEF000CA460DF18008002309E018F8032082F0BB
:10FF0000360182F05C020DF80310FA5401335345B8
:10FF1000F3DB2AEAEA7A07E036230DF80A305C239D
:10FF200007F80A300AF1010AB245F5DB21462846F6
:10FF3000FFF710FF044638B9284669463246FFF7F6
:10FF400033FF01E06FF00104204630B0BDE8F087D8
:10FF500010B18030FFF728BF70472DE9F843DDF876
:10FF6000208004461546994661B10E46002707E0F9
:10FF700032881AB120467168FFF7EAFF0137083668
:10FF8000AF42F5DBB9F1000F09D0B8F1000F06D090
:10FF9000204649464246BDE8F843FFF7D9BFBDE8D1
:10FFA000F8832DE9F0478A4690B09046064600282F
:10FFB0002BD0D0F8807000F180043846FFF761FF45
:10FFC00081463846FFF7FEFE05462A46204669462A
:10FFD000FFF7F1FE39462046FFF7BCFE20463146CA
:10FFE0004A46FFF7E1FE204669462A46FFF7DCFE57
:10FFF000204669462A46FFF7DEFE504669464545DB
:020000041001E9
:10000000B4BF2A46424602F0F5DB10B0BDE8F087E7
:10001000F0B51446ADF5337D07460E461D4602A8E1
:10002000234639463246FFF73DFF044660B9BA9B86
:1000300002A800932946B89AB99BFFF78EFF02A841
:10004000BB99BC9AFFF7ADFF20460DF5337DF0BD9F
:100050002DE9F04F93B01E9F81468B4692461C4679
:100060001F9D002F68D0002D68D02BB1184602F0DC
:10007000F1DC00F1010800E098464846FFF7A2FED7
:10008000064600285CD0431EEB1893FBF0F3FF2BD1
:10009000079355DC4FF6FF73984551DC1D9A9A4241
:1000A0004EDC2B4BADF83420002C08BF1C461C9BAB
:1000B00001220E9312AB03F8012D1093032300933A
:1000C0000023ADF82400ADF83C2001930293A84230
:1000D000D4BF049004955946484652460BAB0C9445
:1000E0000A97ADF82C800397FFF792FF044600288B
:1000F0002AD14FF0020819E0AD1B002D0A9723DD2D
:1001000004230093002301930293BF1948465946E4
:10011000524609AB8DF847800397B542D4BF04958A
:100120000496FFF775FF08F1010860B9079A08F116
:10013000FF339342E0DD07E03C4605E02C4603E058
:100140006FF0160400E00446204613B0BDE8F08FBF
:1001500005EA89000B4B10B51A681C46904204D181
:100160005A68914201D1184610BD6369054A984208
:1001700006D19069143281420CBF1046002010BD98
:10018000002010BD6C5D010073B504460CF0F6DE76
:1001900014237422204640F60C410CF04FDE20461A
:1001A000012104220DF030D82046022104220DF056
:1001B0002BD801250021204640F61C624FF0FF336A
:1001C00000950CF0A7DE112300930021204640F695
:1001D00018624FF0FF330CF09DDE41F202130093E2
:1001E0000021204640F644424FF0FF330CF092DEEF
:1001F000F32320464FF45E614FF0FF320CF01EDE19
:100200000023204640F6F8514FF0FF320CF016DE86
:100210000023204640F6E4514FF0FF320CF00EDE92
:100220000823204640F6EC514FF0FF320CF006DE7A
:100230000023204640F6E8514FF0FF320CF0FEDD7F
:10024000DB2320464FF45D614FF0FF320CF0F6DD0A
:100250000C220023204640F654410CF0EFDD284BE1
:1002600000210093204640F6BC524FF0FF330CF0C3
:1002700051DE244B29460093204640F6BC524FF0F5
:10028000FF330CF047DE204B02210093204640F65E
:10029000BC524FF0FF330CF03DDE2A462B46204681
:1002A00040F624610CF0CADD40F6FF730093002194
:1002B000164E204640F6B4524FF0FF330CF02ADEC3
:1002C0000021204640F6B8524FF0FF3300960CF064
:1002D00021DE4BF6982300932946204640F6B8527B
:1002E0004FF0FF330CF016DE20464FF45C614FF008
:1002F000FF32334602B0BDE870400CF09F9D00BF56
:10030000101112131415161718191A1B10325476DF
:1003100013B50C4602B949B1084913B10B681C402A
:1003200003E00B681C4324EA0304224000920021EE
:10033000702223460CF0BADB1CBD00BFA4040000F1
:1003400013B5144642690A2A0FDD29B1012905D0E7
:1003500002290AD1842202E0782200E07C22009364
:10036000002123460CF0A2DB01E04FF0FF301CBD62
:100370002DE9F04104460CF07BDF00210A460B46D4
:1003800007462046FFF7C4FF00210A460B460646F3
:100390002046FFF7D5FF00220546022120461346DE
:1003A000FFF7CEFFD4F8788015E0D8F8083083B195
:1003B00098F80420002AD8F80C200CBF28463846AC
:1003C00000EA020012D03240904202D0D8F8001069
:1003D0009847D8F81080B8F1000FE6D12046414682
:1003E0002A462B46BDE8F041FFF7AABF0028EDD111
:1003F000EFE74FF48030704738B500251D70D1F815
:10040000CC304FF4006113602A4604460DF0ECD85E
:10041000054638B1D0F8E031DA0103D42046012195
:100420000DF0BCDC284638BD73B504460DF02AD863
:1004300018B920460DF0D2D860B3204621466A464E
:100440000DF10703FFF7D8FF0646C0B140F22D15A6
:1004500002E00A2006F056DFD6F8D431180706D499
:10046000013DF6D103E00A2006F04CDF01E040F246
:100470002D15D6F8D431590701D5013DF3D12046C9
:1004800000210DF08BDC9DF807301BB92046009948
:100490000DF0B8D87CBD10B5044607F0CDD8204685
:1004A000FFF7C2FF012010BDF0B585B004460D4630
:1004B00017460DF093D8002800F09480A66E6EB118
:1004C000D4F8CC3004EB8303D3F8D420236E9A42C3
:1004D00003D1606EB047064600E000262046214664
:1004E00002AA0DF10F03FFF787FF002863D0082F42
:1004F00061D8DFE807F005141C2735404A550D0088
:100500000095204600214FF49C724FF0FF334EE0DF
:100510000021009120464FF49C720B4647E04FF0BB
:10052000FF330093204600214FF49A723FE00021F0
:1005300020464FF4EC720B4600910CF0B7DA00F055
:10054000010539E025B1202300932046002103E076
:1005500002230093204629464FF4E872222326E026
:10056000002120464FF49A720B4600910CF09EDA5F
:10057000C0F3C02520E0002120464FF4E0720B4676
:1005800000910CF093DAC5B216E0002120464FF43A
:100590009A720B4600910CF089DAC0F340250BE00B
:1005A000EDB20095204600214FF4E072FF230CF0DD
:1005B0007DDA054600E001259DF80F301BB9204685
:1005C00002990DF01FD8E36E6BB1D4F8CC2004EB88
:1005D0008202D2F8D410226E914204D1606E31466C
:1005E000984700E00546284605B0F0BD0048704732
:1005F000C05D01000020704710B50C4641B18B680A
:1006000023B9C06F09680EF029DBA060A06810BD97
:10061000C06F10BD1FB5084A03460092074A08463E
:100620000192074A0749126802921A68064B02F0C3
:10063000D5DB05B000BD00BF1456010040390100F4
:1006400090600100E55501000856010008B1D0F89E
:1006500088007047642910DC632921DA4A291FD0F9
:1006600005DC07291FDB08291ADD3C2912E0502987
:1006700016D018DB5C39032911E0C32904DCC22938
:100680000EDAA83902290AE0B1F5847F08D003DC2C
:10069000B1F5807F07D103E0A1F58971012902D866
:1006A0006FF0160070470020704700207047C88820
:1006B00010F0080018BF6FF0160070474A6810B5B8
:1006C00093424C8829DBE30603D503681B7E002B8D
:1006D00026D1210703D503681B7E002B23D0A20659
:1006E00002D5437E002B21D0630722D414F00303EC
:1006F00022D002994CF05EDE00281FD0E10702D51F
:100700008379002B1DD114F002041DD08379002BB6
:100710000CBF6FF00500002010BD6FF0010010BD90
:100720006FF0040010BD6FF0030010BD6FF00A0001
:1007300010BD6FF0160010BD184610BD6FF01D0003
:1007400010BD6FF0060010BD204610BD37B5054640
:10075000900723D58C6A0CB3A168226963680905E8
:10076000C3F30043117A44BF43F00203DBB211B17B
:10077000D2F8080101E0D2F804017F228DE80C00D4
:100780000022383004F13C01134675F081DB284625
:10079000214603B0BDE830407CF0E69F03B030BD99
:1007A0002DE9F04F87B000230F4610AC1599049344
:1007B00005938046934694E87002DDF850A04CF013
:1007C000F9DDB7F90630002B1ADA1BF0010FB988F2
:1007D0003A890CD04900CDF800900196CDF80890E8
:1007E000CDF80CA0D8F810000131334605E08DE8B3
:1007F0006006D8F810004900234607F0B3FD0FE06B
:10080000032D0BD9042204A8214601F0F3DF072DA4
:1008100004D905A8211D042201F0ECDF6FF01600B9
:1008200007B0BDE8F08F000038B50C460546084615
:10083000484902F0D3DA4849204602F0CFDA474966
:10084000204602F0CBDA4649204602F0C7DA454995
:10085000204602F0C3DA4449204602F0BFDA2046BF
:10086000424902F0BBDAD5F8340137F043DA20B957
:10087000D5F8380139F0DEDA18B120463C4902F0EB
:10088000ADDAD5F8340137F035DA18B120463949F8
:1008900002F0A4DAD5F8380139F0CCDA18B12046E4
:1008A000354902F09BDAD5F830013AF001DC18B195
:1008B0002046324902F092DAD5F8300105F0ACF961
:1008C00018B120462E4902F089DA20462D4902F05F
:1008D00085DAD5F84C0165F04FDF18B120462A497A
:1008E00002F07CDA2B6893F83B301BB12046274995
:1008F00002F074DA2649204602F070DA25492046D3
:1009000002F06CDA2B6A186909F020FC820707D51F
:100910002149204602F062DA2046204902F05EDAE0
:1009200020461F4902F05ADA20461E4902F056DAE4
:1009300020461D4902F052DA20461C4902F04EDAE8
:1009400020461B4902F04ADA1A492046BDE83840E1
:1009500002F0449A1D56010021560100265601005E
:100960002B560100345601003D560100415601004E
:10097000465601004D5601005756010061560100D0
:100980006A56010073560100825601008756010025
:100990008E56010095560100A1560100AA5601008D
:1009A000B7560100BC560100C6560100CB560100E7
:1009B000D0560100D856010030B585B005466846CE
:1009C0000C4602F0F5D928466946FFF72DFF204670
:1009D00005B030BD2DE9F04F03F00103A9B0044686
:1009E0001493D4F87C3410691B680E46C358D0F8B1
:1009F00058131B7891460F93D4F88034B2681B6863
:100A00001991C35808901B78099215931388606850
:100A10000B9303F00C039B08022B08BF0B99139355
:100A20000B9A0CBFC1F3C0130023DBB21A9302F47C
:100A30004073A3F540756B4243EB050331461C93AD
:100A4000379F03F08DDA369B04300E9083B11B7A0A
:100A50000B2B07D1236893F8AD304BB136988379CF
:100A6000072B05D836990E9A91F90F30D2180E92AD
:100A7000D4F8B031002B2DDA369B03B31B7A022B4E
:100A80001FD194F8B022F2B90898036D13F008034F
:100A90001CD136998A792168D1F8B8108A4217D2C8
:100AA000032A15D90B2A13D8B269900010D4339AAF
:100AB000012A0FD10E9B012008330E9304E0369AD1
:100AC00004E0002304E000200C9005E00C9203E019
:100AD0000C9301E000210C91B568B389AA1F76330D
:100AE000A5F176001D92B38100217022B0601890AC
:100AF00001F004DFB38BD90402D4B269520502D5E8
:100B00001B051B0D20E0D9F80420A04B1340BBB1FE
:100B10000B9901F0FC03882B12D1099A1379D8079D
:100B20000ED43398F289411E02F0070232985832EF
:100B300009EB42028842D38806D1591CD18003E0D8
:100B40001399012906D111E0139801280ED0002134
:100B5000079102E010220792002332981B019BB2FA
:100B600000F00F0209991343CB8201E000220792A3
:100B7000099BA068DA8AB38B23F47E6323F01F03FA
:100B800043EA1213B38314F003DA010703D5B38BDE
:100B900043F40053B3833498042808D120460899BD
:100BA00035F82A2C14F080DEADF8980019E032995F
:100BB000339801F00F02B4F85A33411E329842EADA
:100BC0000312884292B202D10133A4F85A33349905
:100BD000520147F6E073134001F007021343ADF8EA
:100BE000983099F8D7303BB90B9A02F0FC03802B70
:100BF00002D0089883791BB9079941F02001079129
:100C0000634B3B40002B40F0828007F04072B2F112
:100C1000807F00F08180139A012A30D9B369DA0607
:100C20002DD4002B2BDB96F91F30002B27DB226AFB
:100C3000574BD2F8488008EA030323B908F0407301
:100C4000B3F1807F03D109980379DF0766D4D2F826
:100C500044804F4B08EA030323B908F04073B3F113
:100C6000807F04D109990B7913F0010359D0099AB7
:100C70001379D80703D4D9F80830190705D599F89E
:100C8000407007F07F07B84649E002238DF88630B0
:100C900027AB0093D4F85C011FAB494626AA7CF031
:100CA00053DD0B98DDF87C8000F0FC03482B209F7F
:100CB00001D0C82B0BD14146089800222AF0F4DE5F
:100CC00099F84070804607F07F07002308E0B36979
:100CD000329943F00063B361D1F1010338BF0023BF
:100CE000BDF89C20D20703D5B26942F40052B2612C
:100CF000226892F8E120BAB1D4F8F8064946BDF866
:100D0000982005937CF0D4DA059B12900DE0002228
:100D1000B8461292134608E0B84603E0474600235F
:100D200000E04746129300E012922268D4F884044F
:100D300092F84F2090F80CB012F0030200F09C8162
:100D40008278012A09D9216A91F94D10A1F1010E89
:100D5000DEF1000141EB0E0100E00021012A5FFA03
:100D600081FA17D9226A92F94D20013212D1D9F8AD
:100D7000042012F080420ED00E300221059302F0C2
:100D8000E7DC021C18BF0122059B04E040000100C3
:100D9000FF0000C0002218F0407FD0B25FFA88F256
:100DA00007D01F2A02D9202A07D0553A072A04D98A
:100DB0001CE0A0498A56002A18DAB8F1000F15DBAA
:100DC00028F4801828F4407818F0407209D0BAF15D
:100DD000000F03D1B2F1807F03D110B148F4801825
:100DE00004E0BBF1010F08BF48F4807817F0407FA2
:100DF000FAB207D01F2A02D9202A07D0553A072A6B
:100E000004D91BE08B498A56002A17DA002F15DB1C
:100E100027F4801727F4407717F0407209D0BAF111
:100E2000000F03D1B2F1807F03D110B147F48017D6
:100E300004E0BBF1010F08BF47F48077B4F85824F1
:100E400002F46052B2F5C05F2CD118F4E0221FD139
:100E500018F0407F17D0D9F80420120313D5226868
:100E600092F83B2092B1089882797AB1D0F80821A3
:100E7000528E02F46052B2F5C05F0CBF4FF40032E4
:100E80004FF4803204E04FF4803201E04FF400323E
:100E900018F0407F13D05FFA88F1202908BF4FF483
:100EA00000320CE05FFA88F2F9B2202A08BF4FF056
:100EB0008078202908BF4FF080774FF4803227F4E4
:100EC000E02A17F0407F28F4E02848EA020818BF1B
:100ED0004AEA020A226A08BF4AF4803A516C564A2A
:100EE0000A40002A53D101F04071B1F1807F4ED009
:100EF00018F0407F94F81C2204D0012A02D148F453
:100F0000000802E00AB928F400081AF0407F94F8BB
:100F10001C2205D0012A03D14AF4000A00F009BEC0
:100F2000002A40F006862AF4000A00F002BED9F832
:100F30000410C8032BD5D9F80810090627D50132AB
:100F400025D118F0407F0FD05FFA88F2A2F1570147
:100F5000012909D9632A07D0642A05D0652A03D05C
:100F6000662A18BF48F480081AF0407F0FD05FFA55
:100F70008AF2A2F15701012909D9632A07D0642A0C
:100F800005D0652A03D0662A18BF4AF4800A204695
:100F9000494605931AF060DC18F04072059B45D075
:100FA0001599022908D108F4E02BABF50032D2F1F3
:100FB000000B4BEB020B01E04FF0000B5FFA88F2E5
:100FC0001F2A04D8072A94BF002101210AE0202A01
:100FD00006D0A2F15501072994BF0021012100E0AC
:100FE0000021C9B239B199F8FE1021B199F8FF106A
:100FF000003118BF012118F4000F11911ED01F2AD3
:1010000004D8072A8CBF0022012209E0202A05D03B
:10101000553A072A8CBF0022012200E00122D2B2F9
:10102000002A0CBF024604220D9208E00D9293465E
:10103000119204E058168900FF0000C00D901AF0CC
:10104000407226D01AF4000F25D05FFA8AF21F2AC8
:1010500004D8072A8CBF0022012209E0202A05D0EB
:10106000553A072A8CBF0022012200E00122D2B2A9
:10107000002A18BF04200EE028F4E02827F4E02A14
:1010800048F480384AF4803A10920D9293461192B7
:1010900002E0109200E0109093B1089A3398D2F8D1
:1010A000301102EBC103C2B2C3F838210131089AF2
:1010B00001F03F01C3F83481C2F83011C9F820A211
:1010C00018F0407703D15FFA88F31B9303E04046A2
:1010D00074F058DE1B901398022800D088B9B4F839
:1010E00068340E99994202DCB3695B010CD5099A08
:1010F0001198137903F00103002B08BF012017900A
:1011000004E01199179101E0119A1792236A597D11
:1011100041B10F9B33B12FB9884A5FFA88F3D35698
:10112000002B07DB236893F84F30980727D037B39D
:10113000159820B3339A012A0ED90F9B002B0CBFB0
:101140004FF0300A4FF0160AB3694AF4803A23F0A0
:101150000063B361D04612E089B10F9878B167B9E6
:1011600008F07F03022B0AD0042B08D00B2B06D0EB
:10117000162B18BF4FF0010B01E04FF0010B18F0D8
:1011800040710F911AD108F07F03162B16D86C4AC4
:101190009A4013D5149A62B15FFA88F3022B0BD0F0
:1011A000D9F8103093F92C3113F1FF3318BF012314
:1011B00000E0149B0D9301E00F980D901AF0407120
:1011C00016911BD10AF07F03162B17D85C4A9A4060
:1011D00014D5149A6AB15FFA8AF3022B0CD0D9F8AD
:1011E000103093F92C2112F1FF3218BF0122109216
:1011F00004E0169B109301E0169810901399D9F80B
:101200000430022908BFC9F8588113F480334AD04A
:1012100094F80D32002B46D094F81132002B42D0B6
:10122000159A032A30D00F9B4BB908F07F03022B8D
:101230002CD0042B2CD00B2B2DD0162B2ED0099874
:10124000037913F001032BD10B9901F0FC02882ADA
:1012500029D1349A032A26D8B3691C9843F48053C1
:10126000B361079B099900280CBF18221E2243F482
:10127000A04307938B5A23F060031B041B0C43F01D
:1012800020038B52012207E000230CE00F9808E0B6
:101290000F990A9108E00F9A0A9205E00F9B02E06D
:1012A00000200A9000E00A931D99204600910E9AB2
:1012B00041460B9B20F08CD922AF204651460E9A16
:1012C0000B9B009720F084D90622A5F140003946F7
:1012D00001F090DA169A62B90AF07F03162B08D84B
:1012E000174A9A4005D50E9B05F83C3C1B0A05F8A9
:1012F0003B3CB3690F995A0512D591B1369A22B188
:10130000127A042A01D00B2A1CD143F40063B36182
:10131000179894F8DA32002B18BF0120179011E0CB
:1013200081B9064A5FFA88F3D356002B0ADA15F81A
:10133000063C03F00F03149307E000BF5816890022
:101340000002102815F8062C14920B9BA42B14D025
:1013500009980379DB0710D40A9981B9B36920464B
:101360005F05414602D517F021DD03E00D9A359B5C
:1013700020F008D9099A508014E00A9B53B14146E5
:1013800020460D9A40F62A131FF0DCDE099980B240
:10139000023048800B9AA42A04D10998438825F882
:1013A0003A3C19E009990B79D90701D40A9A2AB174
:1013B000002305F83A3C05F8393C0DE0B3692046B6
:1013C0005A05514602D517F0F1DC03E0109A359B1F
:1013D00020F0D8D825F83A0CB269930509D5B38C1A
:1013E00025F8343CF38C25F8323C079B43F400533A
:1013F0000793329818B9079941F0080107910998A5
:101400000379DF0712D4D00410D494F810320BB152
:1014100051060BD4520505D41A9919B1199A92F8AC
:1014200028301BB9079B43F001030793924B349874
:101430001399185C022915901CD1349A032A19D8E3
:1014400094F80D32B3B11B9B042B13D9D4F834019B
:1014500036F062DA70B91998159900EB41039B8B4D
:1014600013B1B3695B0505D5119A1AB9079B43F40B
:1014700080530793236A186966F018DC00F4605003
:10148000B0F5C05F03D1079840F4807007900C99C5
:1014900019B1079A42F400420792079B25F8763C5F
:1014A000369810B394F8B03213BB08990A6D12F055
:1014B000080221D1037A0B2B06D1236893F8AD30B3
:1014C000D3B18379072B14D8369A93792268D2F84E
:1014D000B82093420FD2B26997000FD43698027B9E
:1014E00002F0070242EA031203E03699079107E08F
:1014F0000022079204E00023079301E000200790F8
:1015000010994B1EDBB2012B04D8079A42F400530A
:101510009BB20793A5F172000999022201F06AD9E2
:10152000002305F8703C05F86F3C05F84A3C05F8C7
:10153000493C369B002B2FD094F8B032002B2BD196
:101540000898036D180727D436990B7A0B2B06D110
:10155000236893F8AD30FBB18B79072B1CD8369BF1
:101560009A792368D3F8B8309A4215D2B3699900B2
:1015700012D41C9818B9099901F1180202E0099BCC
:1015800003F11E021A9800B1023200230093204694
:101590001899369B2EF078DC099906220431A5F1C2
:1015A0005000139101F026D9BDF8983025F82A3C57
:1015B000D4F84401089960F0E7DC35F8303C80B29B
:1015C00043EA002325F8303C002305F8283C05F8C1
:1015D000273C05F8263C05F8253C05F8243C05F891
:1015E000233C05F8223C05F8213C05F8203C05F891
:1015F0001F3C179A1AB9BBF1000F01D1E1E09B46DD
:101600000022414608982AF04FDA002206905146FF
:1016100008982AF049DA069B089013F04073189353
:1016200006D10699154BC8B21B56002B03DA14E0FD
:10163000069874F0A7DB023818BF012070B1D9F802
:10164000103093F92C31012B0AD0079A42F48043D1
:101650009BB2079301230C9304E018980C9001E0CF
:1016600000210C91089B13F0407209D1D8B2034BB2
:101670001B56002B07DA1DE06CE188005816890024
:10168000089874F07FDB023818BF012078B1D9F8D0
:10169000103093F92C31012B0BD0079801216FEA00
:1016A00040436FEA53439BB20793119103E01190BB
:1016B00001E00022119235F8763CBBF1000F02D018
:1016C00043F4006301E043F0060325F8763CBBF1E8
:1016D000000F0CBF4FF0140C4FF00E0CA5F11E03C1
:1016E00062460093204606990B9BCDF814C01FF06C
:1016F0006FDFDDF814C024AF62460B9B20460899CB
:1017000000971FF065DF39460622A5F1480001F079
:1017100071D80C980D990E9AA5F118030B930090AF
:101720000191029200275946069A434620460397A4
:101730001FF06CDF25F8160C119B10980E99009382
:101740000190029120465946089A534603971FF08C
:101750005DDF25F8420CA5F11400BBF1000F09D0A4
:101760006FF03B0305F8183C05F8177C099A02F165
:101770000A010EE06FF04B0305F8183C05F817BCA2
:101780001399062201F036D8099BA5F10E0003F14A
:101790000A01062201F02ED81498189A81B252B983
:1017A00006989F4AC3B2D356002B04DA15F81E3CA4
:1017B00003F00F0301E015F81E3C1B0219431491BE
:1017C0001FE059460622A5F11E0001F097D85946A0
:1017D0001022A5F1180001F091D8A5F14800594652
:1017E000062201F08BD805F842BC05F841BCCDF8C3
:1017F00020B0CDF818B0CDF82CB0CDF844B0CDF86D
:1018000030B0B3695A050FD50F9969B128AB0022E2
:1018100023F8022D0093D4F83401494642460E9B2A
:1018200036F096D805F8430C079B25F8743C1498BD
:1018300025F8640C1699B1F1807F0BD031B90AF00C
:101840007F03162B02D8774A9A4001D4012002E088
:10185000169800E00220069A80B202F04073B3F1BD
:10186000807F0BD033B902F07F02162A02D86D496F
:10187000914000D401239B009BB200E0082308990B
:10188000184301F04073B3F1807F0BD033B901F0FE
:101890007F02162A02D86349914000D401231B011C
:1018A0009FB200E02027236A0743186966F0FED93B
:1018B000C0B247EA002725F8627C0F9AB2F1807F18
:1018C0000CD032B908F07F03162B02D8554A9A4043
:1018D00001D4012300E00F9B9BB200E002230D988E
:1018E000ADF89A30421ED2B2012A09D843F0100353
:1018F000ADF89A302368D3F888309A6901329A613A
:1019000041462046BDF89A707EF080DCB3690743FB
:10191000B9B21B01ADF89A100ED5236893F8E130E7
:1019200053B1236A186967F099DB236A0DF19A01B4
:101930001869129A67F0ACDBBDF89A30414625F879
:101940006E3CB4F85824204627F09AD925F86C0C40
:1019500051462046B4F8582427F092D925F86A0C4D
:10196000179911B9BBF1000F0FD00699B4F858249C
:10197000204627F085D925F8680C08992046B4F848
:10198000582427F07DD925F8660C0F9A4AB10D9B93
:10199000042B06D1204641460E9A1FF077DC25F82D
:1019A000380C169848B11099042906D120465146A2
:1019B0000E9A1FF06BDC25F8360CD9F80430580667
:1019C00040F1AE801A9A002A00F0AA801998159961
:1019D00000EB41039B8B002B7BD0B369590500F1D1
:1019E0009F80329A002A40F09B800E9B2046414601
:1019F0000D9A1FF0A7DB0B9B0990ABB106990C9ACF
:101A0000204617F041D808990746119A204617F04A
:101A10003BD80B99B1F802B0BB4435F8427C1BE0CF
:101A200058168900000210280A9ABAB941460D9A40
:101A30000A9B20461FF0A6DD099B514600EB030BD5
:101A4000109A0E9B20461FF07DDB51460746109AE8
:101A500020460A9B1FF096DDC71902E0DDF824B08E
:101A60000B9F1FFA8BF225F8702C25F84A7C1998E9
:101A7000159900EB41039B8B0998C3189B1A9BB2E5
:101A80001A0419D4204641460D9A16F0FFDFFF28AC
:101A900005D9B4F85A24904238BF024601E04FF409
:101AA0008072349992B204EB4103B3F85C349342F0
:101AB00002D0204618F076D8236893F84430002BE3
:101AC0002ED0349A032A2BD8D4F8600115995A469F
:101AD00023E0236893F8443013B3349B032B1FD8BF
:101AE0001A480B99C75C204639B10C9A069916F032
:101AF000CBDF0B9B5A8882180CE041460D9A0E9B57
:101B00001FF020DB0D9A0546414620460B9B1FF037
:101B100039DD4219D4F8600139464B4650F0F0D80F
:101B2000B369BDF8980043F08403B36129B0BDE800
:101B3000F08FD4F8842428F4800892F913202AF432
:101B4000800A012A7FF4F3A9FFF7FBB96CE1880052
:101B500070B50B6912B15478032C01D8002212E041
:101B60004D6845F480744C605679012E8DBF24F485
:101B7000806445F4A0654D604C605478052C2FD9E5
:101B8000062C03D1012283F8A42370BD147A14F02B
:101B9000040F4C6814BF44F0806424F080644C60EF
:101BA000147A04F00804D4F1010438BF002483F847
:101BB000A4438B6823F004038B605478062C0FD960
:101BC000127AD2060CD5026843F004038B6092F8B7
:101BD0000C21D00704D592075CBF23F004038B606F
:101BE00070BD00002DE9F04FB5B09A463F9B054609
:101BF0000B2B894616463E9F409C40F2E6800C3BEC
:101C000004931AF07DDE0021C8220590204600F0E2
:101C100075DE31460622204600F0ECDDFA7ABB7A0A
:101C2000494643EA022303F00302012AA4F8623082
:101C3000E38808BF84F83420BAF1000F14BF4FF4D2
:101C4000807200221343E38028465BF09BDF6085AF
:101C50007A7A3B7A07F10C0B43EA022307AFE3855C
:101C6000002128220DF14408384600F047DE2DAE51
:101C700000212822404600F041DE4FF0FF330021D2
:101C80000C223046ADF8CE3000F038DE0DF1CE0338
:101C90002F93049BBAF1000F0CBF4FF0600A4FF076
:101CA000700A8DE848002846002152465B462D9771
:101CB000CDF8B8801CF0D6DA002840F08680059B6D
:101CC0004246DEB2284604F1380339461FF0D0DB25
:101CD000BDF8CE304FF6FF72934217D05A1E92B223
:101CE000DE2A75D843F480520E2B8CBF4FF440434C
:101CF0000023D5F8580143EA020152F043D858B9FD
:101D0000D5F864319B889B0506D461E0731E9BB2B5
:101D1000DE2BADF8CE605BD8BDF8CE309E4203D14D
:101D2000E28842F00202E280EB1893F83C20494638
:101D300084F86120284652B25BF0C8DEBDF8CE3090
:101D4000A08543F480520E2B8CBF4FF440430023F8
:101D50001343638600210C2230A800F0CFDD1F4B17
:101D60000DF16C0830931E4B002128224046319320
:101D700025AF329500F0C2DDBDF8CE300021202223
:101D800038468DF872301B9400F0B8DD049BD5F80E
:101D9000940602930021524630ABCDF8B080CDF8C6
:101DA00094908DF8A4608DE8800857F011D988B917
:101DB000608E431EDBB2DE2B0AD802F059DA00280F
:101DC0000CBF00206FF0130004E04FF0FF3001E083
:101DD0006FF0130035B0BDE8F08F00BF112A82000C
:101DE000812B82002DE9F04FA5B00446D2F808A15E
:101DF0008B4615460021282205A8984600F07EDD76
:101E00000FA80021282200F079DDD4F86C3313B13B
:101E100004F55B7008E0236893F82F3073B9236AE8
:101E20005B7D052B04D1694805A973F0EFDF05E060
:101E3000042B03D1204605A91FF066DD05AF3B4604
:101E40000FAE204629460AF138020DF164090096CA
:101E500028F090DA00212422484600F04FDD0021CE
:101E6000082222A81A971B9600F048DD94F8413505
:101E7000CDF88C90DA0702D52A6DD70708D49E07D3
:101E800008D52B6D03F00603023B18BF012302E0C7
:101E9000002300E00123226892F84F2012F0030291
:101EA0000BD0D5F8EC2012F4805205D19DF8BC106F
:101EB000002908BF1A4600E0002224AB03F8082DD1
:101EC0001FFA8BF6009332460023D4F89406294675
:101ED00057F056D82E9A00F10C0913680746994519
:101EE00071D8404600210C2200F008DDBAF82E30EF
:101EF000A8F80830AB7923B1012388F80A30002311
:101F000006E0D5F8EC2012F4803204D088F80A30CC
:101F100088F80B3004E0022388F80A3088F80B2098
:101F20002A6D40F23713134043B195F858302BB166
:101F3000B8F80A3043F01003A8F80A30236893F881
:101F400030306BB9236A1B68022B09D1BAF86230B2
:101F5000980605D5B8F80A3043F02003A8F80A30EF
:101F6000236A5B7D43B194F872342BB1B8F80A3020
:101F700043F48063A8F80A30236893F8A9305BB172
:101F8000D5F8EC30590407D4AB792BB1B8F80A3046
:101F900043F48073A8F80A3022AB009308F10C03D5
:101FA0000193D4F89406002329463246029756F04E
:101FB00055DFBBF1800F03D1D5F890301C9A5A61E0
:101FC0002E9BC3F8009025B0BDE8F08FD40D89009A
:101FD0002DE9F04F4E688FB01746C6F3C0420C464D
:101FE000D1F808A002920546002104A828229946AB
:101FF00000F084DC2369C6F3004B26F08646039389
:1020000026F4EA162AF083036660A360002F00F02E
:10201000BF803B7897F8018043EA0828A4F8008144
:10202000BB7884F8023146F4803363602B6893F800
:102030004120B2B193F842309BB146F4A026D4F8C7
:102040002431666093F85D307BB91AF4007F03D0C9
:1020500094F82430D90608D52846214636F04EDCBF
:1020600003E02846214636F03BDC0622284621467E
:102070002DF05EDFA26812F0006222D108F00C039E
:102080009B10012B94F8FE0094F8FF1006D0032B50
:1020900009D043B9012284F8FE2001E084F8FE3023
:1020A00084F8FF3003E084F8FE2084F8FF2094F8E1
:1020B000FE30834207D194F8FF60761A18BF0126DC
:1020C00002E0002600E0012618F4407F03D0636898
:1020D00043F08043636018F0010F03D0A36843F01E
:1020E0008003A36018F0200F03D0A36843F001031E
:1020F000A36018F0400F03D0A36843F00203A3606D
:10210000A3680AF0030A03F003039A4518BF0126E7
:1021100018F0100F03D1636843F48013636018F460
:10212000804F03D0636843F000736360C8F34008D6
:10213000B9F1000F38D005F53E700330494616223C
:1021400000F058DBB8F1000F03D099F80180C8F314
:10215000800899F801301A0703D5636843F080734B
:10216000636099F8023013F008030ED0039A41F629
:102170001001D2F8083140F608425B8E03F4404368
:10218000B3F5404F14BF0B461346A5F8DC320BE005
:102190002846214606222DF0CBDE2846214636F081
:1021A0009FDB3E46B84619E01022F91C0DF12500D0
:1021B00000F020DBD5F8843404A8997873F0E4DECD
:1021C000D5F86812284624F095DEFF2301900022FE
:1021D00004A800930146134673F05ADEBBF1000FCA
:1021E00011D0636813F4803310D009AA0023E118DA
:1021F00012F8010F91F85110884206D10133102BCB
:10220000F5D1002302E05B4600E00123626802F49E
:102210008031C2F30042934500D163B104F1510013
:1022200029B10DF12501102200F0E4DA02E01022BC
:1022300000F064DB0126B8F1000F03D0636843F4BB
:1022400000236360029B434500D146B1D5F8843436
:1022500093F87B301BB9284621467BF085DA0FB016
:10226000BDE8F08F00F506612DE9F0410931044623
:102270004AF0D6DF94F872380546002B74D0002857
:1022800072D06A21206948F0CFDC460006F11408BC
:102290004146206948F0C8DC0022074641462069D3
:1022A00049F004DB380406D4304831493A46BDE8E9
:1022B000F04100F0499BD4F88484012388F86D3103
:1022C00098F828313BB1A068D8F8301111F044DEFD
:1022D000002388F82831204629460CF0C2F998F8E6
:1022E0001D3153B1012388F82831A068D8F8301186
:1022F000D8F82421002311F009DE206906F1160127
:1023000048F092DCB4F8703883422DD10022134695
:1023100079B22846D5F810615BF094DC28465BF072
:10232000D7DBAB798BB9D5F81421D5F80831128AEF
:102330005A852B7C4BB1D5F8EC30990405D47379D0
:102340001BB92846012144F0E5DA0023B37194F863
:102350000C22D6F8F0309A4206D0284684F80C3287
:10236000BDE8F04124F04A9ABDE8F0811B5A89008B
:10237000F14D89002DE9FF4104460D4616461F46E2
:102380000A994BF017D82046294632463B46FEF7BD
:1023900061F9B0F10008C0F2A18023685B7E4BB9FF
:1023A000206956F02BDC28B1A06811F0DBDD4FF07E
:1023B000FF3893E03EB1032F05D903A8314604222C
:1023C00000F018DA01E000230393342D18D008DC64
:1023D000022D11DB032D13DDA5F11B03012B0BD8FF
:1023E0000EE0D62D0CD001DCA32D04E0FB2D07D090
:1023F00040F20B139D4203D0002E65D0002F63DD09
:102400003E2D02D0402D62D135E023681B7E002B8B
:1024100060D0D4F88424039992F81C318BB1CBB2EC
:1024200082F84631D4F884241172D4F884242069C7
:1024300092F8AC10012200920192002249F0C0DB18
:102440003FE0204649B27DF095DEB0F1000845DB63
:10245000D4F88434039A20461A722CF095DF204673
:102460007DF028DF2046D4F8B0141EF051DA204663
:1024700024F038DA32E0039B5A1C042A2CD80133AA
:1024800001D103230393D4F88434039993F81C21D6
:1024900072B1C9B283F8AD10D4F88434002293F835
:1024A0004531206900920122019249F089DB04E064
:1024B000236AC9B2186965F07BDAD4F88434039AC8
:1024C000DA714FF0000809E06FF0010806E06FF0E4
:1024D000160803E0984601E06FF01C08404604B07F
:1024E000BDE8F0812DE9F341089C07460E461546EC
:1024F00098460094FFF73EFF10F12F0F0CD010F11B
:10250000170F0BD1384631462A464346089402B08D
:10251000BDE8F04118F0B09B6FF0160002B0BDE8C6
:10252000F08113B504462CF011D820461CF0B8DB1E
:10253000D4F88434012293F8AD10206993F8463121
:102540000092019249F03CDB206902B0BDE81040E6
:1025500056F0669B37B5036804465B7E002B40F05F
:102560001A81006956F04ADB002840F01481236884
:1025700093F8203033B9206947F072DE23680122D6
:1025800083F82020206905F012FE236893F8693152
:1025900013B120464BF042DCD4F88434032293F884
:1025A000513000928022002B14BF13460023204696
:1025B000042126F04FDA2368DB6EE3B9206948F086
:1025C000CFDF093017D12268D36E13F0020512D184
:1025D00043F00203D366D4F86432595941B18B7980
:1025E00033B94B7923B10B7C13B120464AF05EDC42
:1025F0000435202DEFD12368DB6E1BB1204619F086
:1026000087D9C6E0206948F0F7DC206990F93411D9
:102610004D1C03D1012148F0EDDC01E048F042DC23
:1026200001236376204627F0ABDD23682046596BF3
:102630000323009321B14FF480720021134602E07E
:102640004FF480720B4626F005DAA06811F006DD23
:10265000236801221A7694F8CF3173B120462CF00A
:1026600093DED4F854332046598E2BF0BFD9002383
:1026700084F8CF31204624F035D9D4F844260321FC
:10268000204624F033D9204616F0E8DBB4F83415A0
:10269000204629F095D9206948F04EDF03232022F7
:1026A000009320461346012126F0D4D9236893F8DD
:1026B0002F301BB1D4F818053BF0AADF20461DF0DF
:1026C0008BD820467AF0D0DD01254FF47A72D4F809
:1026D000E8110123A06811F019DCD4F89C0184F8FA
:1026E0002A5280F001DE20467DF0E4DDD4F8843407
:1026F000204693F9121017F0F1DD20462DF034DD5D
:1027000020462DF01DDD204629462DF0BFDDE36873
:1027100084F86056D3F82421294642F04002C3F8D9
:102720002421236A0022186965F048D9236884F8B7
:102730008C5693F8693113B120464BF0AFDB6A2118
:10274000206948F071DA003018BF012084F873085E
:102750007E21206948F068DA421E92B24FF6FD737E
:102760009A4206D8430001304000A4F85038A4F83B
:102770005208B4F8501821B12046B4F870272DF053
:1027800065DFB4F8521849B12046B4F854282DF04A
:102790005DDF002003E06FF0080000E008463EBD6A
:1027A0002DE9F04FB5B0DDF8FC800D93B8F80A7054
:1027B0000D46ADF858701146BFB2914612970446C7
:1027C0001AF09ED8B9F81670C0B21A97B9F804700A
:1027D00010900D9948461B9773F056DC419F4FF0BF
:1027E000000A87F800A008F10C071597409F0F908A
:1027F0000C3F1897109FDDF860B00C97159ECDF830
:1028000044A0CDF824A0CDF864A0CDF828A0CDF840
:1028100038A0CDF82CA0CDF850A0CDF84CA0CDF824
:1028200020A0CDF81CA02F464FE03378951C2D2B0F
:1028300021D007D8012B13D043D3032B12D02A2B3E
:1028400040D114E03D2B1DD005D80899322B08BF8C
:102850003146089136E04A2B1BD0DD2B32D11FE0E8
:1028600007962FE0B2784FF0010A0C922AE0B31CD1
:102870001393149226E0204631462A4658F03ADA5D
:102880000A901FE0204631462A4658F009DA0E9099
:1028900018E0204631462A4657F09CD9199011E09D
:1028A000032A0FD9B01C04229149FFF38FF7119B23
:1028B000002808BF2B461193099B08BF3346099394
:1028C00000E00B967619C5EB0B0BBBF1010F03DD96
:1028D0007278531C5B45A8DB3D46099F3FB10A9FB8
:1028E0002FB920460999119A58F0B8D90A90002DAD
:1028F0007AD1129FBE0740F1DA830B9B002B00F0C8
:10290000D6832046991C5A784AF00EDD3190002873
:1029100000F0CD83037C002B40F0C983037A002BA9
:1029200000F0C583D0F80831588E01F06FDC0C9FA1
:10293000874240F0BC83319F2046394617F054DD72
:10294000002847D0384649460D9A43461DF09ADF85
:1029500000283FD040993E9BD7F8046103F1100254
:102960000191204649460123CDF800800296FFF7E9
:1029700039F9002830D1B6F830B0BBF1000F2ED1B4
:10298000216AD4F8843450315A469B7806F13800D5
:1029900073F052D94099384600910D9A4946434602
:1029A00043F034D9CDF800B0CDF804B03B7C2046DC
:1029B000D3F1010338BF002302937D22394607F18A
:1029C000DC03CDF80CB0CDF810B01EF08DD901228B
:1029D0000B9206E00B9504E000230B9301E000212D
:1029E0000B914FB33D4601E000270B971A9F3E998C
:1029F00017F4404F0CBF4FF0000B4FF0010B01F1EB
:102A00000A07204629463A465B467AF04DDB0646E1
:102A100000BB2B7C002B40F04D83204629463A46D4
:102A20005B467AF043DC0646002800F043832046EC
:102A300031467AF0ABDA0DE094F88E32002B00F0DC
:102A400039833E9F204607F10A0131AA7AF0D6DA8F
:102A5000064610B17368D80720D4089F27B178784C
:102A6000B91C27F07BDD58B9079F67B1B91C78788E
:102A700027F074DD10F1000B18BF4FF0010B04E0DC
:102A80004FF0010B01E0DDF81CB066B1BBF1000FA7
:102A900007D1736843F00103736004E04FF0000B4B
:102AA00001E04FF0010BCDB1AB79DBB92B7A0BB361
:102AB000D5F808315B8E079303F46053A3F5C05239
:102AC000534243EB02030798089301F09FDB0C9FEE
:102AD000C11B484240EB010009900EE008950795A4
:102AE00009950AE0002708970797099705E000BFB6
:102AF000FE370100089307930993B4F88E32002B38
:102B00007FD0236A5B7DC3B10C9FD4F87C040E2F69
:102B10008CBF4FF44042002247F48051129F114372
:102B200007F02003D3F1010338BF00230193139A68
:102B3000149BCDF800B071F0CDDE236893F84F30D0
:102B40009B0712D00C9FD4F880040E2F8CBF4FF43B
:102B50004043002347F48051089F19430E9A0A9B73
:102B6000CDF800B0019772F0D9DB94F88E32002BCB
:102B700047D000210C222EA8FFF3C0F6944B1CAFC7
:102B80002E93944B3846002128222F933094FFF344
:102B9000B5F6BDF858100DF1980CDDF830E0ADF841
:102BA0007610604600212022CDF818C01C968DF8C2
:102BB00074E08DF878B0FFF3A1F62D970D9F236890
:102BC00027973E9F93F84F302897109F03F00303F9
:102BD0008DF8A8700F9FDDF818C02B97159F8DF802
:102BE000B0300197189FD4F89406002190222EABA4
:102BF000CDF89890CDF8A480CDF800C0029756F09B
:102C0000E7D994F88C32002B00F05682099F002FF0
:102C100000F05282236893F84F20970700F08A80D3
:102C20000E9F002F00F086800A9F002F00F0828008
:102C300093F8A93033B1D4F87801294653F0F2DC87
:102C4000002877D10E9F20467A78397824F0ACDCC2
:102C5000079F034617F4404F0CBF002201220A329F
:102C600054F822201192D5F8082162B1D28812F0CE
:102C7000200208D00A9F3A7812F0020203D00E9F79
:102C80007A78C2F380020992BAF1000F0BD1109F3B
:102C9000DAB2BA4207D01846069301F0B7DAB84262
:102CA000069B40F00982D5F80821002A2DD018464D
:102CB000069301F0ABDA0746079801F0A7DA8742DE
:102CC000069B22D1D5F80821528E9A4232D0002E8E
:102CD00030D02A7A002A2DD0204611992A4625F094
:102CE00055DEFF28074600F0E781DDF824E02046A6
:102CF00029463A465FFA8EF315F088DED0B12046B9
:102D000029463A462DF0C6D914E0BAF1000F11D089
:102D10001846069301F07ADA0C9F069BB84200F041
:102D2000CB8103F46053B3F5805F03D0B3F5C05F8C
:102D300040F0C281419F01233B702368D5F818A160
:102D400093F84F30980716D0AEB10A9F37B1199F4C
:102D50002046009731460A9A0E9B0AE02B7C53B915
:102D60007368D90307D50A9F2046009731463A4633
:102D70003B4617F075D92B7C002B00F0BF803E9F9F
:102D80000D9B204629464A468DE8800115F02ADF32
:102D9000236893F83B3043B10D9F204629463246C5
:102DA0004B468DE880015EF013DA9AF809301BB1CA
:102DB000284600212BF028D99AF80D30DBB1D4F841
:102DC00030371A680AB11F7A37B12846002110E05F
:102DD000F1CF8100F5CF810004F020D9D4F830374D
:102DE0001A69821AB2F57A7F05D901221A72284629
:102DF00039462BF001DCD4F830371B68002B48D063
:102E00001B9F0123C7F3C0120F9920461EF08EDBD3
:102E100098F8023098F801101B0443EA012398F84F
:102E20000010B8F808700B4398F80310024643EA04
:102E30000163329398F8063098F805101B0443EAB2
:102E4000012398F8041034A80B4398F80710002FBA
:102E500008BF642743EA016340F8043D32A900F04B
:102E6000E7D93846329A339980F05ADAD4F83037B5
:102E7000BF021A68BA1A90420BD95A68BA1A90421D
:102E800007D23F1A5F60D4F84401294601225FF05F
:102E9000CFDC236A5B7D2BB1129F2046C7F38021D4
:102EA0002CF076DAD4F85801079950F0B7DD80B1EC
:102EB000D4F85801079950F0A7D9236A186964F02B
:102EC000F5DE079FB84204D1002120460A4625F0CE
:102ED00079DE4A460D9BD4F844012946CDF800809E
:102EE0005FF06ED8D5F8EC309A0458D5D4F84C0180
:102EF00029464246409B63F0F7DF50E0BBF1000FEC
:102F000003D1129FC7F3401300E00123DBB23EB1AF
:102F1000726813B142F0040201E022F00402726010
:102F2000226A527D4AB10193D4F87C042946139A4F
:102F3000149BCDF800B071F025DD236893F84F3075
:102F40009B070AD0089FD4F8800429460E9A0A9B52
:102F5000CDF800B0019772F039DA0B9FFFB9D4F8C1
:102F600068329D420CD0284649460D9A43461DF0D2
:102F700089DC28B1284649460D9A43462CF0BEDA32
:102F800094F88E325BB9D4F868329D4207D1284656
:102F900015F090DE18B1204641461BF02BD80021D9
:102FA0000C222EA8FFF3AAF4454B1CAF2E93454BE1
:102FB0000021282238462F933094FFF39FF4BDF868
:102FC0005810DDF830E01C9626AE2022ADF87610C1
:102FD000304600218DF874E08DF878B0FFF38EF460
:102FE0002D970D9F236827973E9F93F84F30289782
:102FF000109F03F003038DF8A8700F9F8DF8B03079
:103000002B97159F80220197189F2EABD4F894061A
:103010002946CDF89890CDF8A4800096029755F0F7
:10302000D7DF9AF80230013BDBB2012B13D8AB7922
:103030008BB92A7C7AB1D5F8182192F86C20022A33
:1030400009D14FF0FF3201922046294605F1DC02FA
:10305000009329F07DDD0F9F17F0407F01D13846A6
:1030600002E00F9872F08EDE00F07F0002280AD096
:10307000042808D00B2806D0A0F1160CDCF10000C3
:1030800040EB0C0000E001200190B9F80400B9F811
:103090000610800B029001200022039099F91C3049
:1030A0002046090A009204950BF00DFB04E000276E
:1030B0000B97C1E40026D0E435B0BDE8F08F00BF27
:1030C000F1CF8100F5CF81002DE9F04F91F9153056
:1030D000A1B0002504468A461E951F9573B11BF0CA
:1030E000D7DD58B12368BAF81C20D3F88830D3F85C
:1030F000C8118A18C3F8C82100F0A3BCBAF802307E
:10310000606803F00703052B0B900A9300F2A48478
:1031100063690A9953F82100002800F09D849AF809
:103120001820022A089200F08984714B0221DB6B7F
:103130009847814638B920460A9914F0BDDE814689
:10314000002800F089842046494611AA23F0FEDFBA
:10315000236893F89C30012B06D0BAF80220BDF802
:1031600048309A4240F07384B9F80E30614E03F053
:1031700007030993604DF35C4946EB5C11AA0C937D
:10318000189B0D9318881EAB0E90009320461FAB22
:1031900018F094D9236893F84F309B0717D011A8E3
:1031A0001BF0A4DC38B12368D3F88830D3F8A4220C
:1031B0000132C3F8A42211A81BF0AADC38B123689D
:1031C000D3F88830D3F8AC220132C3F8AC22D9F856
:1031D00018305D056CD511AD204629462CF040DE37
:1031E00008BB5346D4F834011E994A46009534F082
:1031F0005DDB236893F8E130002B59D01E9900293C
:1032000056D0BDF85000BAF802200090BDF84E30FC
:10321000D4F8F8067AF086D8D4F85C011E990C9A96
:103220007AF0D2DB44E01F99A1B1089A072A11D1A4
:10323000D1F8EC3098030DD4D4F84C0163F0C0DC25
:1032400028B9D4F84C011F9963F01CDD10B11F9808
:103250004AF0F2DA11AB0093D4F8340153461E99C8
:103260004A4634F085DA2368054693F8E13093B195
:103270001E9981B1BDF85000BAF802200090BDF847
:103280004E30D4F8F8067AF04DD8D4F85C011E9987
:103290000C9A7AF099DB1F98002800F0D28383798A
:1032A000002B40F0CE830AF108016FF0B9DBC8E3D0
:1032B000204611A9D9F834701BF040DCBAF81C6024
:1032C000FF0E07F001070F90BAF81A80E6B12368E5
:1032D000D3F88830DA68013A9219DA601E9B9BB104
:1032E00067B1D3F82C22013A9219C3F82C220BE0D3
:1032F00010A78800BAD588006CE18800D3F838227E
:10330000013A9219C3F83822B8F1000F06D02368A9
:10331000D3F88830DA68013A4244DA600E984946B8
:1033200000F48063D3F1010338BF00230B980793A7
:1033300000F016DED9F818509AF91930C5F3C06BB1
:10334000002B00F0868023681E98D3F88830D3F8CD
:10335000A8210132C3F8A821D3F8C821013A921953
:10336000C3F8C82128B103691BB1DB68DA6B0132ED
:10337000DA63012E05DDD4F88C54013DAD19C4F893
:103380008C54079900294DD02368D3F88830D3F89E
:10339000D8210132C3F8D82128B103691BB1DB68F9
:1033A0005A6B01325A6301230999002208F065F82B
:1033B000D4F88C347BB12368D3F88830D3F8B421A7
:1033C0000132C3F8B4211E9B2BB11B691BB1DB6812
:1033D000DA6A0132DA62D4F88C34012B14D923680A
:1033E0001E98D3F88830D3F8B8210132C3F8B82139
:1033F00028B103691BB1DB681A6B01321A630999A2
:103400000C22012308F039F81E9B5BB12FB1D3F8D1
:1034100028220132C3F8282204E0D3F834220132F2
:10342000C3F834221E9B13B12268926A9A621F9BD2
:10343000002B00F015829A79002A40F01482197C42
:10344000002900F01482D3F8103101259A719046BA
:103450000FE215F4825543D023681E98D3F88830C4
:10346000D3F8A8210132C3F8A82128B103691BB100
:10347000DB68DA6B0132DA63079A0AB32368D3F8A0
:103480008830D3F8D8210132C3F8D82128B1036994
:103490001BB1DB685A6B01325A6301230999002280
:1034A00007F0EBFF1E9B5BB12FB1D3F8282201324E
:1034B000C3F8282204E0D3F834220132C3F83422BE
:1034C0001E9A002A00F0D8811F9B002B00F0DA81A1
:1034D0009D79002D40F0DC8123689B6A9362D8E1DE
:1034E000089B032B09D0042B0CD12368D3F8883018
:1034F000D3F810220132C3F81022A8462F46012625
:10350000AB46DDE10898052829D123685A6BD3F82A
:103510008C103AB1B9F80E20954802F00702825C8F
:103520009448825C143201EBC2014A68D3F88830B7
:1035300001324A60D3F8A0221E980132C3F8A022BB
:1035400009990422012307F098FFB4F83455002D9F
:1035500000F0A381204623F0DFDA00259DE10899E1
:10356000012916D11F9B93B19B7983B11E9B73B127
:103570001A7DD20704D493F824309B0740F165826A
:10358000204649465246079B3CF09ADC4BE0089E99
:103590004DE0089A062AB0D0072A51D11F99002978
:1035A00000F05382D1F8EC309F0040F14E829E0330
:1035B0000DD4D4F84C0163F003DB28B9D4F84C01E6
:1035C0001F9963F05FDB10B11F984AF035D91E993F
:1035D000002900F03A821F9B9B795BB191F824305F
:1035E0009D0707D58B68580604D50122204613464F
:1035F0003CF0B4DBD9F81830590544BF43F480736C
:10360000C9F81830D9F8183023F40043C9F8183035
:103610001F9BD3F8EC309A0340F1178220461E9985
:103620004A4625F0BBDB0646002800F03A8100251B
:1036300020460AF114011BF021DBA8462F465FE764
:10364000BAF8063033B12368D3F888309A6B013268
:103650009A6352E71B9B1B78DB0741D57EB1236839
:10366000D3F88830D3F8A8210132C3F8A8211E9BD3
:103670002BB11B691BB1DB68DA6B0132DA63079B84
:10368000002B00F0138123681E98D3F88830D3F8FC
:10369000D8210132C3F8D82128B103691BB1DB68F6
:1036A0005A6B01325A6309990022012307F0E5FEA3
:1036B000002E00F0FD8023681E9DD3F88830D3F8DB
:1036C000AC210132C3F8AC21002D00F0CD812D6971
:1036D000002D00F0C981EB689A6B01329A63C2E158
:1036E0001F9B002B48D09A79002A45D11B7C002BC8
:1036F00042D00D98037CDD073ED53EB12368D3F858
:103700008830D3F8A8210132C3F8A82107990029ED
:1037100000F0CC8023681E98D3F88830D3F8D821E5
:103720000132C3F8D82128B103691BB1DB685A6B99
:1037300001325A6309990022012307F09EFE002EF0
:1037400000F0B68023681E9DD3F88830D3F8AC21F2
:103750000132C3F8AC21002D00F086812B69002BCB
:1037600000F07C81DB689A6B01329A6376E100BFDE
:10377000BAD588006CE188000F9AB4F86A341AB19F
:10378000984503DAB4F86C349E4261DB22680798EE
:10379000D2F88830D3F8C851AD19C3F8C851002801
:1037A00000F08980D3F8B0110131C3F8B011D4F81A
:1037B000843493F81D1109B3D4F868128979E9B9F2
:1037C00092F8642122B193F86D210AB183F86D114A
:1037D000D4F88414204601F582710BF048F9D4F82E
:1037E0008434012283F82821D4F88434A068D3F8E3
:1037F0003011D3F82421002310F088DB1E9860B12B
:103800002FB1D0F830320133C0F8303230E1D0F887
:103810003C320133C0F83C322AE1012309990822E5
:1038200007F02BFE1E9B2BB11B691BB1DB689A6A4C
:1038300001329A62002502238DE8280020461F9954
:1038400014221B9B0295039504951DF04DDA33E07D
:1038500023680025D3F88830DA690132DA614CE652
:103860000125984605E001254FF0000801E00125FB
:1038700088462F462E4623E00127154690463E46B1
:1038800093461DE001271D4698463E469B4617E09D
:1038900000250127A8463E4632E6A8462F460126C7
:1038A0000EE0054680460746834609E0079DDBE0BB
:1038B0003546B046D9E0079D4FF001082F464646F1
:1038C000B4F8343543B1D4F838352BB1089905290B
:1038D00002D0204623F00ED9BBF1000F4ED01E9B24
:1038E000002B4BD011A81BF001D99DF84E30834618
:1038F00003F00303023BDBB2012B04D8204611A9DD
:103900002CF0B6DA00E0FF200A9A032A0AD85B49B5
:103910008B5C04EB4303B3F83622130903F00F0367
:10392000120B03E0B4F86E34B4F870240092002255
:103930000392BDF84C200190C2F300320492D4F8F7
:103940005C011E995246CDF808B07AF0BFD82368C2
:1039500093F8E13093B11E9981B1BDF85000BAF8E7
:1039600002200090BDF84E30D4F8F80679F0DADC89
:10397000D4F85C011E990C9A7AF026D820460A9950
:1039800001222CF0E7D81E9860B15EB1E368D3F84D
:103990008021D9F830309A4204D91DB10999D21A40
:1039A00007F079FD1F9DB5B10AF1140120462CF0F6
:1039B0003DDB014628462CF0EFDB0E9A02F0FC03BB
:1039C000082B01D0882B06D1079B23B11F980AF141
:1039D00008016FF025D81E99C9B10B7DD80716D400
:1039E0001F9BA3B19A7992B91A7C82B11A7A72B1EB
:1039F000D3F8EC2092040AD4D3F810315B7933B9B0
:103A0000204652463B46CDF8008043F075D97EB142
:103A10000AF1140120462CF009DB49460246D4F88D
:103A2000880463F01DDE0B984946012203F0B2DFE3
:103A3000079828B10025C4F88C5402E0002500E066
:103A4000079D284621B0BDE8F08F0126EFE50B98D1
:103A50004946012203F09EDF0125F2E7D5F86831DF
:103A60000133C5F868310025A84601273E4627E7FF
:103A7000D0F84C310133C0F84C31CEE66CE188000F
:103A80002DE9F04F002BB5B007930CBF04230A2398
:103A90000993079B15690DF12C0918BF20230446D3
:103AA00015AF884693460021282248460693D5F84C
:103AB0000C610DF1B80AFEF321F7002128223846E7
:103AC000FEF31CF700210C225046FEF317F7336B70
:103AD00020468DE808042946069AF36ACDF8B89086
:103AE0002F9714F0F3DD002840F0F880B8F8063086
:103AF000D80715D5216A4B7D93B10A6D0CA85431B6
:103B00000B92FEF377F6D5F8EC30990405D5D4F88E
:103B10004C0129464A4663F08BD90023159308E0EF
:103B200015AB00932046294608F138020BAB26F06E
:103B300021DCF36A83B128A800211822FEF3DEF607
:103B4000F36A2D942893336B2993674B2B93674B20
:103B50002A93674B2C9328AB1FAF002124223846B1
:103B60000893FEF3CBF60BAB00210822219331A87A
:103B700015AB2293CDF87CB0CDF88080FEF3BEF675
:103B80002368294693F84F2034AB12F0030218BF84
:103B9000DBF80420D4F8940618BFC2F3004203F8FF
:103BA0000C2D0093069A089B329755F0E9D9099B92
:103BB000069900EB030A33AB02932046424605F117
:103BC000E2038DE8000523F03FD8074630B92046D0
:103BD0003946B5F82E2140F015DB80E02046294615
:103BE0004246DDF8CC901CF05BDBA9F80000738C3A
:103BF000A9F80230339B04333393079B13B9AAF11E
:103C0000040A13E006F124094846FFF3E3F410B96F
:103C10003398494602E0339805F1F8010622FEF395
:103C2000E9F5339BAAF10A0A0633339331AB0093CB
:103C3000339BD4F8940601932946069A089BCDF845
:103C400008A055F00BD9814628B160683946012299
:103C500003F0A0DE42E0339B0090019002900393BA
:103C60002046294657224B46CDF810A01DF03CD8DF
:103C7000706B18B103F06ADEC6F83490079B23B16D
:103C8000339B0AF1060A063B3393339B0AF1040A7D
:103C9000043B3393079B504686F83C3003F044DEE8
:103CA000706308B9B06305E033995246FEF3A2F59C
:103CB000C6F838A0B8F862300095C3F340130193FA
:103CC00000230293039339462046D4F8BC255B4673
:103CD00026F09AD9002808BF002700E000273846C0
:103CE00035B0BDE8F08F00BFCDCE8100DDCE8100C4
:103CF000FDCE81002DE9F04F95B006460691079262
:103D0000209C219DD0F800909B46002B00F0B380B2
:103D1000ECB91E9A012A1CD11F9A931E012B18D8A8
:103D2000032A16D1002D40F0AB80C36E5A1C05D07B
:103D30001C3350F82350002D40F0A280484600214B
:103D4000B6F82E2140F0D6DD4FF0000894E00025B3
:103D500000E025464FF0B00806270DF1200A0021AB
:103D600024225046FEF3CAF51E9B1F9A0893229BFD
:103D7000099211A800210822CDF828B00B930594D0
:103D8000ADF83040FEF3BAF5CDF848A044B1089B39
:103D9000032B0FD14C2C0DDB4D2C01DD7E2C09D1DA
:103DA00011AB0093D9F894063146B022002355F0A8
:103DB000E7D83F18079B41468DE8880013AB029374
:103DC0004846069A06F1E20322F03EDF80460028CC
:103DD00052D075B10023009301932A46139B4846A5
:103DE000314658F00DDC95F90E30139AFF1AD218AF
:103DF00013921E9BDDF84CA09AB2AAF800201F9BDC
:103E0000AAF80230059BAAF804300AF106031393BE
:103E10003CB1032A17D14C2C15DB4D2C01DD7E2C37
:103E200011D111AA8DE80C00063F0297D9F894062B
:103E30003146B022002355F011D824B9BDF83030F6
:103E40000BB1AAF80430B37913B1F368DA6801E072
:103E5000D9F8BC259DF88C3041460193002303938B
:103E600048465B460096029526F0CED8002808BF4B
:103E70004FF0000800E09846404615B0BDE8F08FCE
:103E800095F90E7044F2B008063766E72DE9F04761
:103E90000446A4B090469A460D4600296DD0D1F84C
:103EA0006433002B69D004AF0EAE33463A460DF1B1
:103EB000600923F01BD9002124224846FEF31EF599
:103EC000236A00216533082221A81893CDF8648065
:103ED0008DF868A01B971C96FEF310F52368CDF8AB
:103EE000889093F84F3013F0030307D0D5F8EC30E7
:103EF00003F48053D3F1010338BF002324AF07F844
:103F00000C3D294640220023D4F89406009755F032
:103F100037D82D9B0190009323AB0293804640211C
:103F200020462C9A05F1E20322F08EDE064620B3ED
:103F3000239BD4F89406019329464022002300973E
:103F4000CDF8088054F08ADF28B16068314601223C
:103F500003F020DD11E0D5F8EC3013F4005306D067
:103F6000D4F84C012946324663F0D8D905E0204602
:103F70003146D4F8BC2528F0DDDD24B0BDE8F0875B
:103F80002DE9F04390F8A03787B004462BB1002309
:103F900080F8A0374FF0010800E0984623681A7EA9
:103FA00032B9B8F1000F00F03B822046022135E221
:103FB000206954F023DE18B1A0680FF0D3DF27E2A8
:103FC00020461BF05DDB236A20461F69D4F8683267
:103FD000D3F814219D79167C1CF0FCD9031C18BF62
:103FE0000123384671B22A4663F094DC94F88C368B
:103FF000ABB12369D3F88830D3F8245115F04005CC
:104000000DD120462BF0C0D9236A84F88C5618694C
:1040100029462A4663F0D2DC204622F063DC23687E
:1040200020469A6A01329A621CF0D4D918B9D4F8A1
:10403000843483F8290120460AF0B7FD236A186901
:1040400065F05AD80146204659F028DD236A1869E0
:1040500065F00CD90146204659F0D8DC236893F965
:104060003D307BB1D4F8240103A9002278F098DB1D
:1040700001E00023C361D4F8240103A978F0A6DB92
:104080000028F6D194F8D4314BB1204616F03EDB2F
:1040900028B194F8E43113B1013B84F8E4312046AF
:1040A00026F082D8204617F01DDC204626F0D6D810
:1040B00094F8D43113B1204624F068DA2368DA6E1C
:1040C000002A40F0A58193F8693113B120464BF0E6
:1040D00023D9204647F030DB236893F82F20CAB15C
:1040E00093F83030B3B120461CF09CD890B1D4F88E
:1040F00064120023CA582AB1907918B1507908B1D6
:1041000012791AB10433202BF4D103E0D4F8180546
:104110003AF07EDAD4F828351B68A3B120462AF09D
:10412000CFDCD4F828355A681B68B2FBF3F103FBE7
:10413000112313B9204615F089D8D4F828355A68C8
:1041400001325A600AE023689A6A1E23B2FBF3F137
:1041500003FB112313B920462AF0B2DC94F88C3209
:1041600043B194F8F034013BDBB2022B02D8204675
:1041700015F048DE0025D4F864325F591FB3BB79CF
:104180000BBB3B7AFBB1D7F818319B7ADBB13846D1
:1041900025F090DEB8B13B7CABB1D7F818319B7AF3
:1041A0008BB13B7A7BB107F1DC063046FFF312F2AC
:1041B000034640B94FF0FF32009001922046394645
:1041C000324628F0C5DC0435202DD4D1204616F027
:1041D00003DB236A5B7DB3B123689A6A3C23B2FB9D
:1041E000F3F503FB152575B9D4F86432585938B185
:1041F00083792BB9037A1BB1037C0BB917F028DC48
:104200000435202DF0D120462AF038DC20B9D4F82E
:10421000180539F0A9DF38B1236A20211869002276
:1042200064F03ADD002604E0236A202118690122A7
:10423000F6E7D4F864329D59FDB1D5F8A83013B132
:10424000013BC5F8A830D5F8AC701FB1013FC5F8E7
:10425000AC7012E0AB7983B12B6D99070DD595F851
:10426000A43053B102F0DADED5F8B01040F052DEDF
:1042700018B1C5F8A87085F8A4700436202ED8D1DE
:10428000B4F850371BB1013BA4F8503702E0204688
:1042900022F076DD002635460BE0D4F8C4329B19B7
:1042A0005B6A23B1D4F8C82252F82500984701353B
:1042B0003836236893F8B4209542EEDB93F83B50F0
:1042C00045B193F83C502DB194F8FC5515B1E36815
:1042D000D3F880510026D4F8643253F80690B9F12F
:1042E000000F40D099F80630002B3CD199F80830E7
:1042F000002B38D099F85633DA0704D520464946C2
:1043000099F8542305E0980705D599F855232046D8
:10431000494624F0A7DB94F8FC3523B399F8043020
:104320000BB3D9F818314A461978204629F02CDE0B
:10433000236893F83B20B2B193F83C309BB194F8DA
:104340008E3283B9D9F80831D4F85001DF8D93F853
:104350006030BF0201335F4399F844102B463A4660
:104360005CF066DFED190436202EB4D1236893F893
:104370003B206AB193F83C3053B194F88E223AB99D
:1043800094F8FC3523B1D4F8500101215CF07ADFB8
:10439000002384F8FC352268D4F88434926AB3F898
:1043A0009E30B2FBF3F103FB112313B9204609F051
:1043B00095FAD4F8683223B1D3F818210AB11278EB
:1043C0001AB1D4F86402002202E01B7ACBB9F8E7F4
:1043D000835893B19D79D3F8EC1015B1890405D4B5
:1043E0000BE011F4005F08D0C90306D4197A21B19B
:1043F000D3F818310BB11B781BB10432202AE7D156
:1044000003E0A06802210FF027DE204619F0ECDF60
:10441000B8F1000F04D02046022100222BF050DF1B
:1044200007B0BDE8F08300002DE9F04F92F82A3084
:104430001446B2F81CB08DB006460D46D0F804A064
:104440000F6952692BB1936894F8228003F11A091D
:1044500003E09268984602F11809A368072B0DD96A
:104460003046494613F0E8DC40B1B9F806304FEA6F
:10447000132949EA03291FFA89F901E0B4F80890E1
:1044800095F8243003F01203022B0DD148F68E0369
:10449000994509D12068D7F8081110300622FEF39B
:1044A00095F1002840F0C88394F82C30EBB9A38B29
:1044B0001B051AD53368D3F88830D3F84C23013262
:1044C000C3F84C23D5F824220132C5F8242205EB89
:1044D0004802B2F8A410B4F87E20914205D1D3F876
:1044E000BC210132C3F8BC21A6E3BB79CBF3802BFE
:1044F000002B32D1D7F818311A7B92B194F82C20C6
:104500007AB9BBF1000F0CD195F8CA10626A51FA62
:1045100002F2D00705D43846A18B029317F05CDB7A
:10452000029B3268526BC2B11B7FB3B194F82A3040
:104530009BB194F8283083B10021384629F008DA7D
:10454000D7F8EC30990408D5A28B12F4005204D1AC
:10455000D6F84C01394662F003D9238C5A0700F192
:104560006B83A38B03F4804363633BB93A6D40F2E2
:1045700037131340EBB197F85830D3B10023A3633E
:104580003046234651462A46CDF800807AF042DB79
:10459000636B40B9002B00F04F83D5F864310133D1
:1045A000C5F8643148E323B1D5F860310133C5F86B
:1045B000603194F82C3043B908F15003B4F87E0010
:1045C00005EB43039A88988000E0002294F82C3091
:1045D00043B3636994F82A209B680AB11A3300E058
:1045E0001833B9F5006F40F06E81A268072A40F2D7
:1045F0006A811A7A1209042A40F065819A6912BA0E
:10460000002A00F060815B7C012B40F05C8102F0AD
:104610007043B3F1604F00F05681D2B2FF2A40F0F0
:104620000B8350E1B4F87E0008F1180910F00F0375
:1046300040F0A38005EB8909D9F8041079B11A4636
:104640005046029303F0A6D9029B05EB8802C2F8FC
:10465000843008F14A02C9F8043045F82230BBF131
:10466000000F00F03081E3686269039305EB880373
:104670005A66A16B31B105F51C700530143110225A
:10468000FEF3B8F063699A685868510DC0F3140ED0
:104690009889DB8849058E44C3F34A133168013396
:1046A00002EB000C7344C969CCEB0303CEEB020EA2
:1046B000896803EB0E021018884234DA5046FBF783
:1046C00091F808F1180905EB8909C9F804000028D8
:1046D00000F0B282626980689168536821F07F4E71
:1046E0002EF4600E9289C3F31403C3EB0E03C91AB0
:1046F0009A18FEF37FF061698B684A6823F07F4364
:1047000023F46003C2F314029A1AD9F804309868AB
:10471000801898609889821A9A81888900229881E5
:10472000504603F037D9D6F8E015039B05EB880215
:1047300059186FF005035B1A3168A148C969896887
:104740005B18C2F8843061680822FEF33FF06B68A2
:1047500010B943F0080301E023F008036B609948A7
:1047600061680822FEF332F0AB6810B943F0200311
:1047700001E023F02003AB60A5E005EB8901496867
:1047800000293ED0504020F00F0020B902F00F0267
:10479000013293420FD00022504603F0FBD808F1BB
:1047A000180205EB82020023536008F1200205EB9A
:1047B0008202536021E0A16B49B105F51C70053000
:1047C00014311022FEF302F0002840F0358208F187
:1047D000200905EB8909A368D9F8042008F1180C11
:1047E00093421DD905EB8C0750467968002203F0EF
:1047F000D1D800237B60C9F8043008F14A0845F895
:1048000028303368D3F888301A6E01321A662B6963
:10481000002B00F01182DB685A6D01325A650BE201
:104820008DE8080405EB8C0CDCF80410304609F127
:1048300004026368CDF808C013F036DF50466169A2
:10484000002203F0A7D8DDF808C0BBF1000F3AD171
:10485000DCF8042008F14A036261CCF804B045F8A2
:1048600023B09368928903F11801C9F804B061601C
:10487000A2F11801A16094F829102360E26021B12F
:1048800003F11E011E3A6160A26094F82A203AB139
:10489000626884F8228002326260A268023AA260F2
:1048A0001A785B7842EA0323A383636B5BB1A36B43
:1048B0004BB193F90E2061688A18626093F90E304B
:1048C000A268D31AA360A36B63B11B7A042B04D133
:1048D000304621467AF02ADA04E00B2B02D120463A
:1048E0001AF0ACDBBBF1000F40F0C4816269936940
:1048F0005B0613D5BB792BB9D4F880103846183134
:104900006EF08ED863699B69180640F19581D6F8E0
:1049100030012946224601F0B5F9ABE123689888B9
:10492000D988ADF81000ADF8121018895989ADF882
:104930001400ADF818109889D989ADF81A00ADF8AF
:104940001C10188A598AADF82000ADF82210988AF8
:1049500094F82910ADF8240041B1198B588B9B8B2A
:10496000ADF82810ADF82A00ADF82C30A38B13F465
:10497000807F03F4007304D104A9616723B108ABFD
:1049800005E008A961670BB906AB00E00AAB6168F6
:10499000236793683046C3EB010813F04DDA63696F
:1049A000998988B1072940F247819A68A8F10608D9
:1049B0004244C8EB01089A60A3F80C80E26615E057
:1049C0002C1D8900033801000D2940F235819A68B9
:1049D000A8F10E084244C8EB01089A60A3F80C80C5
:1049E0002389E266190A41EA03239381A36B6BB121
:1049F0001B7A012B0AD0032B08D0304651462A4699
:104A0000234679F0C7DE002800F01681A36B33B18E
:104A10001B7A022B03D1304621467AF087D997F8CA
:104A20005C339BB1E36E9B891A0A42EA0323934AE3
:104A30001BB293420AD1304661690622002315F069
:104A4000BBDD18B13046394649F006D9626FE36ED6
:104A5000118819805088588091889980216F088822
:104A6000D8804888188189885981616994F822E042
:104A7000C8890EF0070E20F007004EEA0000C8813A
:104A80001178C9070BD53168D1F88810D1F8D00159
:104A90000130C1F8D001F968886D0130886597F858
:104AA000591061B195F82410C80608D49989080AEC
:104AB00040EA0121714809B2814240F0BD80D6F838
:104AC0009811795C79B195F82410C9060BD49B89AB
:104AD000190A41EA03236A491BB28B4203D02639E3
:104AE0008B4240F0A980BB79EBB992F8008018F0B6
:104AF000010818D1D7F81831384693F874200132DC
:104B000083F87420D4F8801018316DF089DF616962
:104B10005046FFF325F20121034642463846CDF8C0
:104B200000806DF0FDDFD6F8D0361B68FB58002BF7
:104B300035D01B68002B32D0D4F86C80B8F80C301C
:104B40001A0A42EA03234D4A1BB2934227D197F82F
:104B5000A73313B197F8F6330BB350466169424659
:104B600012232BF0C1DB00283BD0B8F810305046A0
:104B70001A0A42EA0323616908F112029BB22BF080
:104B8000B3DB00282DD0636BD6F8D006003318BFF6
:104B90000123394642467DF077D900284CD17B6904
:104BA000002B2FD0D4F86C80B8F80C301A0A42EAE7
:104BB0000323324A1BB2934224D1504661694246D4
:104BC00012232BF091DB60B1B8F8103050461A0A6E
:104BD00042EA0323616908F112029BB22BF084DBE5
:104BE00030B93368D3F888305A6E01325A6623E000
:104BF000626B7869003218BF012241462B4643F0B0
:104C0000B3DAC8B9D5F89431DB070BD594F829305D
:104C100043B9E36E9B891A0A42EA0323174A1BB27F
:104C2000934209D1636994F82920009330462946BC
:104C3000636F26F045DC1DE033685A6BAAB16169E9
:104C40001048CA89D3F88C3002F00702825C0E4803
:104C5000855C50460C3503EBC5056B68AE680133C7
:104C60006B60FFF37DF18019A860504661690022F6
:104C700002F090DE0DB0BDE8F08F00BF8E88FFFF20
:104C8000B488FFFFBAD588006CE188002DE9F04FA9
:104C90004FF0000AAFB0CDF8B0A0CDF8B4A0D68ADE
:104CA000984610939B890446212B0F461546CDF854
:104CB00064A08DF84EA0CDF850A08DF857A08DF8C7
:104CC00054A08DF88CA08DF858A011922B92CDF89D
:104CD00088A001D803684AE0D8F8089010464946F1
:104CE00071F0D2D909F106030890C8F82C000B9393
:104CF000B9F806301946ADF8483001F00C021846F4
:104D000001F0F00301F44071A1F5407E92081B0907
:104D1000DEF1000141EB0E01022A08BF4FEAD30A7F
:104D2000ADF84A205FFA8AF2ADF84C308DF8551094
:104D30008DF85620B5F804E00EF0030EBEF1020F18
:104D400004D100B2002801DADB0800E00023D8B269
:104D50008DF85700002914BF2823222302B1023303
:104D600000B1043310988089984206D22368D3F8A2
:104D700088305A6E01325A667EE399F80A3003F0A1
:104D800001038DF8583009F11E030C9311B109F19C
:104D900024030C9300238DF859304AB10C9B5A78A8
:104DA0001B7843EA0222DB0907928DF8593000E0B4
:104DB000079241463846FFF3D3F0109909908B686B
:104DC000384606338B608B89063B8B819DF85930C2
:104DD0001BB1FEF365F501463846042202F084DD7E
:104DE00016F4404F9DF855200CBF4FF0000B4FF0CC
:104DF000010B00232D9302BBBDF848300B9913F42F
:104E0000407F09D101F1100620460A315A462DABE8
:104E100078F00CDA2C9005E0D80501D50E1D01E0E4
:104E200001F10A062D9B23B92046314648F0F8D9F6
:104E30002D902D9B003318BF01238DF85C302D9BE6
:104E400013F1000A9DF8583018BF4FF0010A43B91A
:104E50000B992046043148F009DA061C18BF0126D8
:104E600000E00026D4F804321BB9236893F82C30F4
:104E70006BB3236893F83E20002A08BF4FF0000A66
:104E80007EBBBDF84820D20506D49DF858201AB143
:104E9000BAF1000F40F0F6829DF8552012B19DF84E
:104EA00058203ABB93F82C30002B00F0C982BAF19D
:104EB000000F04D12046294658F064DEC0E22D9B45
:104EC0009B79002B40F0BC824FF0010A14E09DF862
:104ED00058301BB9002E00F0B38202E0002E00F023
:104EE000D1829DF855302BB9BAF1000F00F0A8829D
:104EF0009A4601E04FF0000A9DF856300BB39DF83A
:104F000059304BB194F80E32002B00F09982109B6F
:104F10009A6942F040029A6107999E4A01F007039C
:104F2000D25C9D498DF84E308A5C0799149201F04D
:104F3000100212118DF854200C9A8DF88C30023228
:104F40000C92109BD989988911F4005218BFB3F8BC
:104F500050200C999B688218CB1A0E924146D21AA7
:104F600038460D920693FEF3FBF7069B0B9AC31A85
:104F70000F93937DD17D43EA0123ADF8AA30BAF1B6
:104F8000000F2FD12CAB00930E9B204601932DA92F
:104F90002B4618F0ABDE002840F0528274E22D99C7
:104FA000002900F04D820B9A20460A325B4678F0C9
:104FB0007BD82C90002840F06D820B9A2D992046CA
:104FC0000A325B4678F072D901462C9030B92368DA
:104FD000D3F88830DA6E0132DA6631E2204677F0B3
:104FE000D5DF57E2BDF8483013F4407F04D12D9B44
:104FF0001B7C002B3AD106E09DF855301BB92D9B48
:105000001B7C002B32D020462D990A325B4678F06B
:105010004DD92C9018B913E22C9B1B692D931EB10E
:1050200023689A6A2C9B9A622D9BD3F810210792D1
:10503000BAF1000F21D19DF85520F2B99DF8582002
:105040001AB1BDF84820D00510D49979BDF8482090
:1050500011B1D1050AD510E01B7C02F44072002B7F
:1050600014BF4FF4007300239A4206D02368D3F88C
:1050700088309A6D01329A65E2E12046294658F05F
:1050800081DD002388F8230083462D9888F822309C
:105090008379ABB9BBF1000F12D0594695F91D20A9
:1050A000334658F0CFDD2946D4F8C426204658F0C0
:1050B0000DDD3246014688F822002D9858F010DEAA
:1050C0002C9B93F8922112B9D3F8F42052B3BBF180
:1050D000000F27D0D3F8F010D3F8EC2042F821B01D
:1050E000D4F88424517911F00100D3F8F01018BFDE
:1050F00095F91F0003EB8101C1F89C015279521010
:1051000012F00101D3F8F02018BF95F9201003EB3D
:105110008202C2F8BC11D3F8F020013202F007027B
:10512000C3F8F0209DF855202D9B0AB1DB6D3CE0C3
:105130009A792C99002A31D04B6B25934B685A06EB
:105140001BD59DF85620C2B1BDF8AA20100714D176
:1051500091F8D7208AB10A7DD2070ED4BDF8482035
:10516000D0040AD59A0308D5149A91F8C93013418E
:10517000DB0702D520463AF00FD9BDF8483013F4CA
:10518000805F2C9B5A6814BF42F4003222F4003234
:105190005A600BE0BAD588006CE188004A6B259212
:1051A0001A7C1AB9DB6DD80700D525932D98837921
:1051B000A3B9037C93B19DF858307BB9BAF1000FC5
:1051C0000CD1079B83F806A094F80C22D3F8F0309A
:1051D0009A4203D084F80C3221F010DB9DF858304D
:1051E000FBB12D998B79002B40F02A810B7C43B1C8
:1051F0000B98E23110300622FDF3E8F2002800F0AF
:105200001F810B980430FEF3D9F150B92D9890F816
:10521000453033B90B99043148F076D9002840F075
:105220000F81BDF8AA30089AA8F81C300B9BC8F86B
:105230002C201B7C2C9913F0010F099E4FF00007C6
:1052400007D0D1F854310133C1F85431F1E9622368
:1052500006E0D1F850310133C1F85031F1E9602353
:10526000921943EB0703C1E900239DF858309BB91D
:1052700099F8003099F801201A4399F80230134345
:105280000AD0D8F82C10D4F85C016A8A78F0C6DB12
:105290002C9B0899C3F85C1199F90330002B07DAAD
:1052A0002368D3F88830D3F8A8220132C3F8A822A3
:1052B00099F8033013F0300F07D02368D3F8883003
:1052C000D3F8B0220132C3F8B0229DF85830002B39
:1052D00071D1D8F82C00236810F0407FD3F8886093
:1052E00001D1C0B201E070F04DDD16283AD00CD8E3
:1052F0000B2825D004D8022816D004285BD119E049
:105300000C2823D0122856D126E030283CD004D8CF
:1053100018282DD024284ED130E0602840D06C28A9
:1053200044D0482847D135E0D6F838320133C6F8A2
:10533000383240E0D6F83C320133C6F83C323AE02D
:10534000D6F840320133C6F8403234E0D6F8443261
:105350000133C6F844322EE0D6F848320133C6F89D
:10536000483228E0D6F84C320133C6F84C3222E0FD
:10537000D6F850320133C6F850321CE0D6F8543219
:105380000133C6F8543216E0D6F858320133C6F865
:10539000583210E0D6F85C320133C6F85C320AE0CD
:1053A000D6F860320133C6F8603204E0D6F86432D1
:1053B0000133C6F864329DF858301BB12D980BA903
:1053C0001AF01ED99DF858302BBBD8F82C0010F0DD
:1053D000407F01D070F0D6DC00F07F00022809D0B9
:1053E000042807D00B2805D0A0F11601484240EB55
:1053F000010000E001200022E98895F91C300092AC
:105400000190A888090A800B02902D9803920490BD
:10541000204609F058F92C994B685A030BD59DF892
:10542000583043B9BAF1000F05D1D4F838010BAAAE
:1054300033F038DE33E020460BAAFEF7F5FF2EE00E
:1054400023685A6BC2B19DF85820AAB91099154823
:10545000CA89D3F88C3002F00702825C1248845C5F
:1054600038460C3403EBC4046368A56801336360F9
:10547000FEF376F54019A06038461099002202F03C
:1054800089DA0CE0B24637E5BDF8483013F4407FC6
:105490003FF485AD2D9B002B7FF4C1ADBCE52FB053
:1054A000BDE8F08FBAD588006CE188000B68C96848
:1054B000DB691A6889B14B78012B0ED1B2F8BE3086
:1054C00023F040031B041B0CA2F8BE308978890628
:1054D00044BF43F04003A2F8BE3000207047F8B547
:1054E00091E88800DC6903680D461A6892F86261E9
:1054F00026B1D3F8600806F073FF0646F86DF9F799
:1055000025F958B156B1E86858B14378012B04D059
:105510000C23A3804FF0FF30F8BDA0610023A380CF
:105520000020F8BD38B503684C681A6892F86251DB
:1055300025B1D3F8600806F053FF0546E06DF9F792
:1055400005F950B145B9D4F8A00300F020000028B7
:1055500014BF0320002038BD032038BD2DE9F843D7
:1055600091E808020568DC692B680E4693F86271C1
:10557000D4F8008027B1D5F8600806F031FF07465F
:10558000D9F85C00F9F7E2F888B187B1F06888B122
:105590004278012A05D00C2323844FF0FF30BDE868
:1055A000F8836062D5F86008414607F0D9FC002313
:1055B00023840020BDE8F8832DE9F04F1C4692F8C3
:1055C00001909B68D1F85CC089B0002723F4C063C8
:1055D000B9F1010F80460E461546CDF810C005976B
:1055E0000697A36040F23C81D278AB7843EA02236D
:1055F000012B40F03581A9F10203DBB2032B0ED859
:105600001CF0400F00F02C8104222DF0F5DC002866
:1056100000F02681402363630423A36329E12F1D47
:10562000384696490322FDF3D1F08246002840F027
:10563000178140463146EA792DF0DEDC002800F083
:105640000F8104F1380B38465946FFF31DF0A9F1DC
:105650000603DBB2012B11D8049B5F0640F10081E9
:105660004046314604222DF0C7DC002800F0F880C7
:10567000402363630423A3635746FAE06A7A2B7AD4
:1056800043EA0223012B40F0EB8005F10A0738467C
:105690007A490322FDF39AF0002840F0E180404669
:1056A00031466A7B2DF0A8DC002800F0D98038460E
:1056B0005946FEF3E9F7A9F10C03DBB2012B06D83A
:1056C000049B580640F1CC8040236363CEE0EA7B24
:1056D000AB7B43EA0223012B40F0C08005F11000B0
:1056E00066490322FDF372F0002840F0B780EB7C9E
:1056F000012B01D0052B02D1049A510617D4062B99
:1057000002D1049A120612D4D8F8002092F862212D
:105710002AB1082B03D1049A12F4802F05E0022B42
:1057200040F09C80049A12F0800F00F097805A1F7E
:10573000D2B2012A01D9082B0BD1336D5B0504D4F9
:10574000049B13F4922F00F08F80A36843F48063CE
:10575000A360336D5F0503D5A368580540F18480CD
:1057600005F1100004A90022FEF31AF7002877D0F3
:10577000049BA9F11202D2B2012A63638CBF2A7D75
:105780000022B3F5802F01D151066BD5D8F87C06E5
:10579000316D0DF11F0304F05FFA002864D09DF80D
:1057A0001F301BB1A36843F40073A360A9F1140771
:1057B000FFB2002F4AD095F801A0A9F11609C7EB56
:1057C0000A0A05EB0A0393F803C003F1020B9B7866
:1057D0005FFA89F943EA0C2C4FEA1919002723E0F4
:1057E0000BEB0713023305931023ADF81C3004F1C3
:1057F00014030093636B3046019306A905AA07AB17
:10580000CDF80CC057F09ED901372028DDF80CC028
:105810000AD1059A62B1069B53B10121009140461D
:10582000214638F033D903E0674501D04F45D7D141
:105830005544EA78AB7853EA022317D0059BBBB1F5
:10584000069F002F0CBF3527002712E04046214657
:105850003A463B46009738F019D90AE02B2708E072
:105860000C2706E02D2704E01F2702E0002700E0B8
:105870003527384609B0BDE8F08F00BF2238010057
:10588000F8B591E8280007685B681E683B6893F8E4
:1058900062415CB1D7F8600806F0A2FD31460446CB
:1058A000D7F8600806F0A0FD064600E02646E86D41
:1058B000F8F74CFF30B124B1002E14BF03200020B4
:1058C000F8BD2046F8BD2DE9F34191E8480007688E
:1058D0005B680C46D3F800803B6893F862315BB19B
:1058E000D7F8600806F07CFD41460546D7F8600809
:1058F00006F07AFD074601E01F461D46F06DF8F7F9
:1059000025FFA0B19DB197B10122002101A8FCF3B0
:10591000F5F701A80521FEF3C9F30122A369F420DC
:1059200001A9FDF30FF52368A2695B681A620020E4
:10593000BDE8FC8173B503680C461A684D6892F89F
:10594000626126B1D3F8600806F04AFD0646E86DAC
:10595000F8F7FCFEB8B11EB9D5F8A033980612D5F9
:105960000122002101A8FCF3C9F701A80521FEF3DB
:105970009DF30122A369F42001A9FDF3E3F4236858
:10598000A2695B685A6100207CBD73B503680C4650
:105990001A684D6892F8626126B1D3F8600806F083
:1059A0001FFD0646E86DF8F7D1FE98B11EB9D5F88F
:1059B000A0339B060ED50122002101A8FCF39EF71F
:1059C00001A80521FEF372F3F42001A90122A369C5
:1059D000FDF3B8F400207CBD2DE9F3471746027AA9
:1059E00004460E46D0F80090D1F800800AB1002B92
:1059F0006AD0E3199D7A002D67D098F8023194F8A7
:105A0000272003F01C039B08934238BF13463371D1
:105A1000304630F093DD98F802314FF4005203F035
:105A2000030312FA03F3F36098F80231204603F0FF
:105A300003030D3386F83D31414607F1360A2FF056
:105A40000BD856F82A5045B94FF4417001F06CDF7D
:105A50000546002839D046F82A00284600214FF490
:105A60004172FCF34BF702232B700023AF7085F8D3
:105A7000ED30D9F80030C5F8F48093F869318BB176
:105A8000484649F041DC38B1E37C984228BF1846CB
:105A900084F80434E07405E094F8043413B1E3743A
:105AA00084F80404A27CE37C009294F82F204846FA
:105AB0000192D5F8F4103A4632F036DFD4F850327D
:105AC0001A6D01321A6500E01D462846BDE8FC87C4
:105AD0002DE9F041D0F8E822002507460E46A846F9
:105AE0002B46D2F8B0100432002918BF9846013373
:105AF000182B0D44F5D128F007083046184908F155
:105B00000708FDF36BF105BB22E0D7F8E83204F19A
:105B10002C0253F82220642353433046B3FBF5F3A1
:105B20001049FDF35BF1104B2340002B03DA013BDE
:105B300063F007030133072B05D1444503D03046FA
:105B40000A49FDF34BF1013400E000244445DCDD5B
:105B500030460749FDF342F10020BDE8F08100BF67
:105B6000225701002C570100070000803757010021
:105B70001A2D890037B500230193079B0546032B97
:105B8000144604D901A806990422FCF333F60E2C1E
:105B90002B6806D11B68002093F8D120089B1A605F
:105BA00001E06FF016003EBDF8B5C269002307465C
:105BB0000D461E46D1580433602B0E44FAD12846B8
:105BC0001149FDF30BF1C6B10024FB69284653F8D7
:105BD0002420642353430D49B3FBF6F3FDF3FEF099
:105BE00004F00703072B05D1172C03D028460849DA
:105BF000FDF3F4F00134182CE7D128460549FDF3F4
:105C0000EDF00020F8BD00BF5C5701002C570100EB
:105C1000375701001A2D89000020704710B51C4627
:105C200003699B794BB9880501D5101D03E0C905AF
:105C300010D502F10A00214608E0CB0502D502F199
:105C40000A0002E0880505D5101DA11D0622FCF3FF
:105C5000BDF580B9204602990622FCF3B7F568B17C
:105C6000204603990622FCF3B1F500280CBF4FF043
:105C7000FF30002010BD4FF0FF3010BD4FF0FF305F
:105C800010BD00002DE9F04F5D4B07461868EFB0DE
:105C90006A9015469A886C69ADF8AC2153F8060FE6
:105CA000A2686C909B880491ADF8B4317B68A98B95
:105CB000D3F814B06B6805919B1A9BB2D218A260FE
:105CC000A289D5F81090D31AA3810026B84664E0C3
:105CD000642E64D0A368E28903F10E0712F4005227
:105CE00018BFB4F85020BF07A089998905D047464E
:105CF000FB6E1A6C01321A645BE01218DFF808A11F
:105D00000F0A92B247EA01270392A18ADAF800202B
:105D10000E3752F82120BFB21AB13A4AF91C0A4094
:105D200000E03A460399914205D04746FB6EDA6B94
:105D30000132DA633DE06AAA00926CAA01920498EB
:105D400005992A68FFF76AFF002832D1E3899B048E
:105D500007D5B4F8503023B1A389FF1AA4F85070C6
:105D600000E0A7812246D8F80000594619F0BCDEB1
:105D7000E38995F8222023F0070302F0070213437A
:105D8000E38106AB43F82640A28ADAF800300136F8
:105D900053F82240039BC3EB0909002C98D14746D6
:105DA000B9F1000F01D105AB0FE0FB6E5A6C013267
:105DB0005A6458466969002201F0ECDD1DE053F891
:105DC000042F0021918209F10109B145F7D124B1D5
:105DD00058462146002201F0DDDD00240BE006AB31
:105DE00053F8243095F829200093386804999B686B
:105DF00025F066DB0134B442F1D16FB0BDE8F08F1D
:105E00002B380100FCFF0100E80300002DE9F04FF2
:105E1000B1B0DDF8F480079300230F922F9308F1BF
:105E200038023A9B0B92D1F808215B880C92079AB2
:105E30000E931388814603F0FC03A3F120077B42F5
:105E400043EB07030C463C9E856908932BB13A9BB4
:105E50004FF0300B04330A9303E0089A4FF0100B15
:105E60000A920021282210A8FCF348F51AA8002164
:105E70002822FCF343F5D5F86C332BB110A805F5B7
:105E80005B712822FCF3B6F40C9B0DF1400A03F180
:105E900038070DF1680C3A46534628462146CDF89E
:105EA00000C0CDF818C024F065DAD5F8843439463E
:105EB0009B7824AF00220B986FF0BEDE384600219D
:105EC0002422FCF31BF508F14D03DDF818C02593DF
:105ED000CDF898A0B8F868300DF1B40A504600210A
:105EE0000822CDF89CC028932496FCF307F573682C
:105EF000CDF800A0C3F300438DF8B43021465A46D4
:105F00000023D5F894062E9753F03AD804F1DC0319
:105F100000F1060A079A0D938DE808042FAB0A32A8
:105F2000029307465946284604F1E203099220F0FD
:105F30008BDE844618B91122A8F86820E9E02F9B6F
:105F40000022012119705A702A6A1268022A04D1AB
:105F500094F92C210AB921221A70216D40F23712CE
:105F60000A4032B194F858201AB11A8842F010024F
:105F70001A8095F8722432B12A6A527D1AB11A88B1
:105F800042F480621A80B8F8682021465A80B8F836
:105F900020209A802F9B2DAA06338DE88C002F930A
:105FA000D5F894065A460023CDF818C052F056DFB3
:105FB000DDF818C0002840F09980009498F8182067
:105FC000E368029003900192DA68284633466146FE
:105FD00024F01AD8B8F8683023B13046022176F0A0
:105FE000A5DB83E02F9B063B2F93B36898050CD568
:105FF00096F8243003F00303032B06D1D5F87C0672
:10600000214632465DF0C6DA83E0B8F820303146EA
:10601000A6F8CC30284676F0B9DF0C9A022192F827
:1060200060300E9A3046934238BF1346A6F8FA30D5
:1060300076F004DED4F8EC30190309D52846214661
:106040001AF038DD012803D12846214646F0F2DE59
:106050002B689B6AF362089B53B10D980A9906223C
:10606000FCF3B4F320B148460999E26836F0A6DFA4
:106070000999E268484636F0C5DC2A68D4F8EC1085
:1060800092F84F2011F4005318BF022312F00302BC
:1060900005D0CA045ABF7268C2F3004200227F21B1
:1060A0008DE806000B9806F13C0100226FF0F0DE4F
:1060B0002846314677F058DB606920B106F11401BB
:1060C000012201F0D9FFD4F8EC309B0404D5D5F8B7
:1060D0004C01214660F064DB2B6893F8693133B1E1
:1060E00028462146012202F0BDFF00E0BA463B9B54
:1060F0003A9A01932F9B00920293484621460F9AA9
:10610000079BCDF80CA00496CDF8148036F054D936
:1061100005E048462146079A434635F029D931B073
:10612000BDE8F08F2DE9F04F8569E3B092469846BF
:106130009DF8B421D5F864310C4607921BB19B79C8
:10614000002B40F06A812B6893F82F30ABB1236DA0
:10615000990712D594F8A4307BB100F05FDFD4F832
:10616000B0103EF0D7DE002800F06C810023C4F8A8
:10617000A830C4F8AC3084F8A430A3791BB12379DB
:10618000002B00F04A81BAF800B01BF4804B65D0B8
:106190000AF10A03284621461A46069376F080DF64
:1061A0000746002800F03981D0F8D030002B00F0ED
:1061B000348198F803909DF8B8314FEA99190BB3E0
:1061C000D5F89C3253F82960E6B13369D3B1337AFC
:1061D000C3B1414603225BA8FCF30CF35BA806F1B4
:1061E000140132690330FCF305F331695BA8033114
:1061F00008AA02F0AFDA6C9A08F10400111F08AA8D
:1062000002F0CADA09F11C0954F8293093B11A696D
:106210006C984146143308F0F5DCC0B901230090B6
:106220000193029003900490214628461722069B72
:106230001AF05ADDD7F8D00001F088DB0023C7F848
:10624000D03003230F2606934FF00109D2E06C9A59
:1062500008F10408083A6C920F2601E05E465F469A
:10626000B8F80230B8F8009006932B6893F86231C2
:1062700073B1B9F1030F0BD16C9A079B0092019394
:10628000D5F8600821465246434674F057D8C4E01A
:10629000069A032A00F2C180BBF1000F67D1012AE0
:1062A00040F0CC80B5F8AA0122F014D90AF10A0B0B
:1062B000031C214618BF012328465A4676F0F4DE17
:1062C000014610B1284676F0F1DE284621465A46AE
:1062D00076F0E8DF0746002800F0B2804368DA0471
:1062E00008D52A6892F83020002A40F0A98023F4CB
:1062F000805343602846394625F0B2DDB9F1000FDE
:1063000003D0B9F1010F2BD112E0B4F9543094F954
:106310004420384601211BB916B976F0B9DC01E0FA
:1063200076F01EDA97F8243013F001031DD118E03F
:10633000B4F95430012B18D03846494694F944201A
:1063400076F00EDA00238DE808020293039304939B
:106350002846214617225B461AF0C6DC0D2649E086
:106360000023012200930192EFE7002E42D1002189
:106370000C225FA8FCF3C2F2344B0DF5927B5F93C5
:10638000334B00212822584660936195FCF3B6F206
:10639000069BADF8346153AE3046002120224A936B
:1063A000CDF824914B97FCF3A9F26C9A08F10603FF
:1063B0000193931F00960293D5F894062146B022CC
:1063C0005FABCDF868B152F003DEBDF834618EB931
:1063D00087B197F82430D8070CD5284621460422E7
:1063E0000AF10A0300960196CDF8089003960496E8
:1063F0001AF07ADC069A2046531C0193002303937B
:106400000493079B0AF10A01059304F1DC023B4661
:10641000CDF800900296FDF76DFC284621460AF162
:106420000A0276F03DDE68B1A3795BB190F82430C2
:10643000D90707D52B689B6A836203E00E26D9E74C
:106440000126D7E763B0BDE8F08F00BF11148400C8
:10645000151484002DE9F04F9A46836EADF5077D43
:1064600081468669CB58D1F80C01919C0D460D925E
:10647000DDF8408212930C90002C00F0AA820021DB
:1064800031A86C22FCF33AF29DF848320D998DF850
:10649000DC30B4F8CC303391CDF8D0A0CDF8C49036
:1064A0003295CDF8D480369423B9206947F04AD884
:1064B000A4F8CC00B4F8CC20D5F808310021ADF810
:1064C000E4204CA828221093FCF318F20D98BAF897
:1064D00000200388ADF82C2003F0FC03A3F120007A
:1064E000434243EB0003D9B28DF8473093B20A938D
:1064F0004B010E9394F824300F9103F00303032B08
:1065000003D1A368990500F13F82D6F864311BB12D
:106510009B79002B40F05782336893F82F30ABB152
:106520002B6D9A0712D595F8A4307BB100F076DD7B
:10653000D5F8B0103EF0EEDC002800F04A820023CF
:10654000C5F8A830C5F8AC3085F8A4300F9820B154
:10655000B8F1090F40F2378209E0B8F1030F40F2B9
:106560003282A8F104010AF1040B099104E0A8F1B8
:106570000A020AF10A0B099200276763A7633046F3
:1065800021463A4676F0B4D9099BCDF8F4B0012BF8
:106590003E93CDF8ECB040F316829BF80130099899
:1065A00002339842C0F20F8239460C2283A8FCF3D2
:1065B000A5F1704B394683936F4B282284936AABC5
:1065C000184608938596FCF399F156AA0DF5E87CD8
:1065D0006B9260AA6C92604639462022CDF81CC0AE
:1065E0006A94ADF8C871FCF389F1089B09997B9313
:1065F0003368DDF81CC093F84F30029103F00303B9
:10660000CDF800C0CDF804B08DF8E8310E9AD6F878
:106610009406294683AB52F0DBDCBDF8C8210E920C
:1066200008B11746BFE1BDF82C30D4F8E000A4F85B
:10663000F83038B141780231FDF322F7D0F1010092
:1066400038BF00200B900B98EB6D8DF8E60023B15E
:106650002A6D40F23713134013B92B6D5B060BD52F
:10666000D4F8E03043B9AB79002B00F08F81D5F836
:10667000EC30980440F18A81304656A960AA4CABB0
:106680001AF0F6DE002840F0858196F81C259DF86A
:1066900044319A4240F07E8194F8243099070BD51A
:1066A00094F8D73023B130462146012239F0C0D9C1
:1066B0002046FE2176F03AD895F94430002BC0F2FE
:1066C000718194F82430DA0740F16C81336893F8D3
:1066D000A9304BB1D6F870012AF04EDD022803D163
:1066E0000A99CB0540F154816D2215A80021FCF3D5
:1066F00005F10023DDF830E11A4612E086A8C11842
:1067000011F8E41C01F07F016C2909D81B48405C9A
:1067100030B115AF40B2795432EA200228BF0122CD
:1067200001337345EAD16168336A21F00701616082
:10673000587D12F1000C18BF4FF0010C18B112B9BE
:1067400041F0010161605B7D33B10A99480503D4D2
:10675000636843F0020363600A9A12F02002139206
:1067600003D0636843F004036360109B986B0023BD
:1067700014E000BFB1118400CD13840058168900C5
:106780001099CA1892F83C20110606D502F07F0233
:1067900015A98A5C002A00F0FD8001338342EFD105
:1067A000336893F84F309A072AD06D9941B34A78ED
:1067B00030460232CDF81CC054F09CDA0022074665
:1067C0000092304621463A460023FBF701FCDDF8F3
:1067D0001CC0AFB151A810220130F91CFCF30AF023
:1067E00051AA0023F11891F8011312F8010F084083
:1067F000884240F0CF800133102BF3D14FF0020CD0
:10680000129B9C45C0F0C680EA6D22B1296D40F212
:1068100037130B4013B92B6D5B060BD5636B23B19C
:10682000A16B40F237130B4023B92B6D13F0410FCE
:1068300000F0B8800A98C00618D5296D40F23713C9
:106840000B409BB9490601D50B9979B130460D9E95
:10685000002301220093019202930393049329469B
:10686000172206F10A031AF03FDA9BE0E2B12A6D23
:1068700040F237131340BBB1D30715D594F8D63087
:10688000012B11D1636B7BB105F1DC03009305F1A2
:10689000E2030193022730462946224604F11403FD
:1068A000029726F097D87EE0336893F830304BB9E2
:1068B000336A1B68022B05D195F92C3113B9139853
:1068C000002869D0336A1B68022B05D199F8003083
:1068D00013B10A99480561D5304619F07BDDD9F826
:1068E000283098425CD2304629461AF0E3D8D5F8D1
:1068F0008430984254D2D5F8EC30990408D5D6F8B3
:106900004C0121465A46099B60F016DA002849D10D
:106910000E9A4CA9ADF82C213FA82822FBF36AF768
:106920000C99486B08B101F011D80F9A1AB1AAF16D
:10693000060A08F106089DF847000C9B83F83C0006
:10694000404600F0F1DF0C99486308B9886306E01F
:1069500042465146FBF34EF70C9AC2F838800123A9
:106960008DF8F03104F11401002306227DA8ADF862
:10697000F231FBF33FF731AB0093304629467CAA56
:10698000234635F051DD24E01E270CE00D270AE0F8
:10699000162708E0122706E0132704E0192702E073
:1069A000112700E00C2731AB0393484629467CAA07
:1069B0000D9BADF82C71CDF800A0CDF804800294A9
:1069C000FFF724FA05E0484629460D9A31AB34F02A
:1069D000CFDC0DF5077DBDE8F08F00BFD1F80C01CD
:1069E00030B5446B4CB1816B39B190F83C50002DFF
:1069F0000CBF04250A25A94203D2002111601960A9
:106A000030BD251D1560196090F83C0018B106399D
:106A10000A34196014601A68043A1A6030BD000024
:106A2000024B00F00F0053F820007047746501001E
:106A30002DE9F04FCB88D0F810218BB09B0605468E
:106A40000E460468D0F80C710892D0F804A11DD548
:106A5000036D9A0712D558070BD501F16F00042179
:106A60007CF0BADC90B906F1830004217CF0B4DC40
:106A700060B994F8413513F0020F05E0DA0705D547
:106A800094F8413513F0010F40F02B83204629463E
:106A9000728E16233CF0D6D8002840F04083738EC7
:106AA000204613F4404F0CBF002201220A3254F852
:106AB00022902A46494621F069DFFF28804600F0EF
:106AC0002E8394F8903243F0040384F890322368C4
:106AD00093F83B303BB12046294642465AF000D954
:106AE000002840F01C83236A186961F0DFD8404514
:106AF0004DD0236A186961F0D9D8FDF387F3834636
:106B00004046FDF383F3834509D1236A186961F098
:106B1000CDD808F4605300F46050984237DC7B68AD
:106B2000022B0AD1BAF8BE30DB0706D5BB68182B9A
:106B300003D0089A536B042B29D1D4F8580141464D
:106B40004CF062DB204628F01FDC7B68022B08D16A
:106B5000B5F954302BB9D4F8D4062946324651F051
:106B6000B5DA2046414626F041DF236893F83B30F2
:106B70004BB1D5F83C335968D4F8C035994202D0AE
:106B8000204623F0ABD820461FF0ACDE0FE0D4F84F
:106B9000580141464CF042DF48B1D4F85801414613
:106BA0004CF032DB002120460A4622F00BD8236845
:106BB00093F83B3093B1D5F83C335A68D4F8C035DC
:106BC0009A420BD0204628F0DFDBD5F83C33204634
:106BD000596823F083D820461FF084DE09F1500362
:106BE000C822504631460993FBF304F6D9F8003029
:106BF000AAF83280022B07D199F81580D8F1010844
:106C000038BF4FF0000801E04FF00008F38813F0A0
:106C100020030DD0236893F84F3013F0030307D0FF
:106C2000D5F8EC3003F48053D3F1010338BF0023CF
:106C3000DBB20AF1380B0793FF22B8F1000F18BF3F
:106C400000238DE80C0058465946002243466FF059
:106C50001FD9D4F884345846099901229B786EF0E4
:106C6000EBDF00282ED1B9F80820D9F80090B8F150
:106C7000000F05D120464146069220F03BD9069AE6
:106C8000BAF8323003F46053B3F5205F08D0B3F59F
:106C9000C05F07D0B3F5805F14BF0A23142302E05E
:106CA000A02300E02823FF2101910290CDF800806D
:106CB0000393D4F8843458461B79099904934B46BE
:106CC0006FF0AAD8D5F8EC3098040CD529462046A8
:106CD00020F010D9FF230093019059465846002216
:106CE00002236FF0D5D82046594623F0D9DA96F919
:106CF000342020460032294618BF012246F0F2DC3B
:106D000096F93430E3B9D5F80831012283F86020D0
:106D1000D4F8440129465BF097D9284631463BF028
:106D200023DA28460E213DF05BD82946204646F05E
:106D300051DE204629467A68BB6845F007D8CCE189
:106D4000D5F8EC30990405D5D4F84C0129465246C3
:106D50005FF0BADC20462946324676F0A3DA804658
:106D600038B9204629463A460BB0BDE8F04F3BF013
:106D70009D9F079AF2B1DAF86830BAF86C900C333C
:106D8000A9F10C0919464A462046069353F0CCDF78
:106D9000069B844619464A462046CDF818C053F053
:106DA00099DFDDF818C000220346009220464146D4
:106DB00062460AE04368DA0309D5F3889B0606D4E5
:106DC000079B2046009341461A46FBF701F9D8F885
:106DD0000430D5F8EC2043F48053C8F8043012F4A2
:106DE00000524FF07F0308F13C01009305D0079A51
:106DF000584601920223002203E0079B5846019364
:106E000013466FF045D82046414676F0ADDC20466B
:106E100029463AF0C1DD236893F862315BB1EB6D2E
:106E2000580308D5BAF8BE20D4F860084146C2F32A
:106E3000801206F095F898F8243013F00C0F40F00B
:106E40004681B5F954A02368C5F800A193F86231D2
:106E5000002B7DD0EB6D190605D5D4F860082946C6
:106E600073F054DB10B9EB6D5A033CD5002329466F
:106E7000C5F80031D4F8600873F032DA294682464A
:106E8000D4F8600873F040DA88B14FF480292046C6
:106E90002946324608238DE800063DF019D830B166
:106EA0000323C5F80031C5F85C909A461BE0D4F87E
:106EB0006008294673F02ADBA0B14FF0800B4FF039
:106EC00000092046294632460223CDF800B0CDF80D
:106ED00004903CF0FDDF28B1C5F80091C5F85CB026
:106EE000CA4600E08246D5F80031032B0BD1D4F816
:106EF000DC0629463246EB6D6CF002D818B100234F
:106F0000C5F800319A46D5F80031032B20D1D4F8CA
:106F1000600805F065FA50B1D4F86008414605F004
:106F200063FA20B1D4F86008294605F01FF9D4F8B7
:106F3000600829464246334673F092DA30B128465B
:106F400008210BB0BDE8F04F3CF04A9FC5F800A106
:106F5000D7F80490B9F1020F1DD1BAF1000F1AD180
:106F6000D4F8D4062946324651F0C8D898B1D5F89D
:106F70000801FCF32FF370B9D4F8D0062946324645
:106F8000C5F800917BF00EDAD4F8D40629463246D3
:106F900051F016DBCA460C21404675F04FDE7B6887
:106FA000022B23D1089A536B093B012B1ED8934621
:106FB0004FF00009134616E00A2000FB0930D5F80F
:106FC0000811623006220693FBF300F4069B30B9E9
:106FD0004FF49672ABF86820012283F8502009F133
:106FE00001090BF10A0BDA6C9145E5D37B68022BA2
:106FF00033D12B7A002B30D0BAF1020F2DD1B6F855
:10700000BE30DB0729D5089A536B042B25D0BB680B
:10701000182B22D0284622F04DDF18B12846002137
:1070200027F058D8284618213CF0DADED8F80C3082
:10703000D4F8D406D5F808211BB11969002908BF76
:1070400000230093B6F862302946C3F3401301933E
:10705000434651F013DA064629E0284608213CF061
:10706000BFDE4FF001090023CDF800A0CDF8049059
:10707000029303930493B6F862303246C3F340138D
:1070800005932846434608F11401FCF733FE2368B4
:10709000064693F869311BB12046494648F0D2D8DC
:1070A000A06839684FF4967200230CF02FDF46B1C8
:1070B000D4F888041B49B5F82E21334660F0F8DA7D
:1070C0000BE0A06839684FF49B72334603E000225E
:1070D000A068396813460CF019DFBB7F0133BB771A
:1070E0001DE0F388708E23F46663F380FDF38EF069
:1070F00040F480501FFA80F8708EFDF387F0B6F8E8
:10710000BE300E288CBF4FF44040002048EA0008F3
:1071100023F00A03A6F83280A6F8BE30B6E40BB01E
:10712000BDE8F08FA59084002DE9F04F9A461388B2
:10713000D0F80C61A3B003F0FC030993B368944644
:107140000B3BBAF80220012B04468B46DDF8B090C9
:107150000568D0F80471ADF828201FFA82F80BD822
:107160000CF1100039460622CDF818C0FBF32EF3BF
:10717000DDF818C0034660B1099A2046B2F1100349
:1071800018BF012300930023019306210CF10A028A
:1071900048E0306C20B1069300F0D8DB069B7364A6
:1071A000484600F0C1DB306428B1C6F8449051462F
:1071B0004A46FBF31FF32B6893F844303BB1D5F8F4
:1071C0006001BAF802104AF037DCAAF80200B8F100
:1071D0000B0F10D17368012B13D0B3680C2B10D098
:1071E00000230093214628465A463B463BF0C6D82A
:1071F00020460C2177E0B8F1000F16D0B8F11E0F31
:1072000013D07368204613F1FF3318BF0123009396
:1072100097F934303A46D3F1010338BF0023019384
:107220000121434639F0AEDBC1E02B684FF0000886
:107230009B6AA9F10602CBF82C300AF106030793EA
:107240000892039304924346284621465822CDF8DB
:107250000080CDF80480CDF8088019F045DD414666
:107260000C221FA8FBF34AF3524B41461F93524B8B
:10727000282220930DAB184606932195FBF33EF38D
:10728000BDF828200DF15C094146ADF8382048468C
:107290002022CDF834B0FBF331F3069B089A1E93FD
:1072A000079B02920193CDF80090D5F894062146F1
:1072B000099A1FAB51F08CDE8046002877D1BDF8CB
:1072C0003890B9F11E0F11D1129B2846F364214664
:1072D0003AF062DBF26CA86831681E3243460CF06B
:1072E00015DE204619213CF07BDD60E0D4F8EC305F
:1072F0009B0406D5D5F84C015946079A089B5FF0C8
:107300007BDDBAF80420A4F8F62095F87338A5F8C8
:10731000582383B192042869C421920C44F0C6DA40
:1073200005F50660093039460622FBF363F297F84B
:107330003230A5F870387368204613F1FF3318BF58
:107340000123009397F934303A46D3F1010338BF53
:107350000023019300214B4639F014DB20465946A7
:107360003AF026DAD5F868329C4220D0E36DF3B9C2
:10737000236DD8071BD5E36E591C18D01C3354F865
:107380002320A2B1117A012901D003290FD15089FC
:10739000D3798DE8030002F11401029100210491D8
:1073A0000591039728462146126954F0C3DD23B0A6
:1073B000BDE8F08FD5548400616184002DE9F04F61
:1073C000A5B092460C939DF8B820D0F80C310D92E0
:1073D0000993BAF80220D0F8043101F10A07BAF88B
:1073E000049004460B910568089238461946062217
:1073F000BAF800B01FFA89F80A93FBF3E7F1002806
:107400002ED1284621463A4675F04ADE0646002827
:1074100026D0099A9368082B01D00A2B20D17268D4
:1074200042F4805272602A6892F8622172B1BBF114
:10743000030F0BD10C9B0D9A00930192D5F86008B5
:1074400021460B9A534672F079DF92E0082B02D165
:10745000089B022B03E00A2B07D1089A042A04D0C8
:10746000002300932046062180E0B8F1000F06D0EB
:10747000CDF800B0204601213A46434677E0414628
:107480000C2221A8FBF33AF23B4B414621933B4BA4
:10749000282222930FAB184607932395FBF32EF275
:1074A000089AADF84C900DF16409109241462022E3
:1074B0004846CDF83CB01196FBF320F2079B0C9A9E
:1074C00020930AF106030193931F0293CDF80090D5
:1074D000D5F894062146B02221AB51F079DD002881
:1074E00047D1BDF84C30002B3AD1BBF1010F37D159
:1074F000089A022A34D10A2120463CF071DCF36854
:10750000129A06F114011BB11869002808BF002364
:1075100003930D9B01204FF0030C4FF0000E8DE8FC
:10752000015004920593204633460A9AFCF7E2FB89
:107530002146064628463AF02FDA46B1D5F88804A7
:107540000F49B4F82E21334660F0B2D811E0099A01
:10755000A868116833464FF49B720CF0D7DC08E042
:10756000191CCDF800B0204618BF01213A463DF065
:1075700025D825B0BDE8F08F6D618400716184006D
:10758000A59084002DE9F041876806467D68B868BB
:1075900051F805800C46FAF3D1F2C8F8040000282F
:1075A00030D0635900215868E422FBF3A7F1F86852
:1075B00054F80580FAF3C2F2C8F8080010B3635912
:1075C00000219868E822FBF399F163592949D3F81F
:1075D000088033683246C8F80030986800230CF001
:1075E0003FDDC8F8680068B163592349D3F80880C3
:1075F00033682246986800230CF032DDC8F8C000DA
:1076000000282FD163599B68FBB1996E39B133685B
:1076100098680CF00DDD635900229B689A666359E7
:107620009B68D3F8C01041B1336898680CF000DD56
:10763000635900229B68C3F8C0206359F8689968B1
:10764000FAF3A2F2635900229A606359596861B152
:10765000B868FAF399F2635900225A606FF01A0081
:10766000BDE8F0810020BDE8F0816FF01A00BDE8B0
:10767000F08100BF55BE84009DBC84002DE9F04F11
:107680009FB006468B461446D0F800900493002B1A
:1076900000F0DE828368049A5B681146D35848463E
:1076A0005D689B681CAA05931BAB36F043D860B19C
:1076B0005CB9059C202204F148001B99FBF39AF069
:1076C0002022E2804FF0870C0DE0062C00F2C382EE
:1076D000DFE814F00700C1026F00C1026C01C102B3
:1076E000E4014FF0710C049C63464846716804F154
:1076F0001402CDF80CC07DF03DDBDDF80CC08046F7
:10770000002800F0AC82BBF1030F06D1D5F8D030D1
:10771000B3F5802F08BF4FF0000BD8F80840ACF14C
:1077200012039BB21B0204F1120A238200215F2282
:107730005046CDF80CC0FBF3E1F04BF088039BB250
:107740001A0AE27423752B8B05F11C071A0AA3751C
:1077500062754846394620221FF048DD04F11F00BB
:1077600039462022FBF346F0DDF80CC0ACF1710C79
:107770001FFA8CF3BBB11A02A4F86F20023BDD2282
:1077800084F8712084F872308749032204F1730071
:10779000FBF330F0042384F8763004F177001C9971
:1077A0001022FBF327F00B235F462B604FF0000BFA
:1077B0005AE2BBF1030F07D1D5F8D070B7F5802F8F
:1077C00014BF0327002700E05F46D5F8D0008028CB
:1077D00002D0B0F5802F04D147F49E5747F0080738
:1077E00003E0042802D147F4E477BFB2D9F80030AF
:1077F00093F8624154B1F6F7A9FF40B1D9F8600897
:1078000004F0EEFD18B1B5F8D40000E02046AC88D5
:10781000D5F8D0300419A4B2802BADF8764002D050
:10782000B3F5802F25D117F4805323D0B6F81080FC
:1078300018F0010808D130463FF03EDD30463FF0F9
:107840005FDD013000F00B8233687168D3F87C068D
:107850005BF062DDB6F87C30BDF876202633C318C5
:1078600012F007029BB205D0C2F108029B189BB22E
:1078700000E0002371341B19049C4846716804F130
:1078800014029BB27DF076DA8046002800F0E78192
:10789000846800215F2204F1120A22746174504648
:1078A000FBF32CF03B0AE37427752B8B05F11C01CD
:1078B0001A0AA375627504F11F002022FAF39AF7E1
:1078C000AA8804F17100A968FAF394F7BDF876303C
:1078D0001A0A42EA0323A4F86F30D9F8003093F86B
:1078E0006231B3B1D5F8D000F6F730FF88B1D9F8DE
:1078F000600804F075FD60B1AB68002B00F0B38147
:10790000A888D5F8D81050445F30B5F8D420FAF3E1
:1079100071F7D5F8D030802B02D0B3F5802F33D15A
:10792000F80431D521460DF1760230463FF074DC83
:10793000BDF876301A0A42EA0323A4F86F30049A9D
:10794000936899050FD533682246D3F87C06716891
:107950000DF176035BF02CDDBDF876301A0A42EAB1
:107960000323A4F86F30A37B304600932946524688
:107970005B463FF0ABDA013006D1D9F8040041464E
:10798000002200F007D866E194F86F2094F8703078
:1079900043EA0223228AD3189BB21A0A42EA03233B
:1079A00023820C2316E100BF3738010096F87A7065
:1079B0004BF4607B3F0107F030074BEA0707B6F84E
:1079C0007CC0BFB20023BA0754BF0CF1710C0CF19C
:1079D000790C049C1FFA8CFCADF87630484663465F
:1079E000716804F11402CDF80CC07DF0C3D9DDF844
:1079F0000CC08046002800F0328184685F234FF07D
:107A0000000B04F1120AACF112022374594684F8F7
:107A100011B05046FAF372F73B0AE3742775B6F8D3
:107A20007C3006F1BE011A0AA375627504F11F00CD
:107A30002022FAF3DFF6102206F18E0104F13F0056
:107A4000FAF3D8F6082206F1FE0104F14F00FAF32A
:107A5000D1F6B6F87C2006F15A0104F17100ADF8B8
:107A60007620FAF3C7F6BDF8763030461A0A42EAB5
:107A70000323A4F86F30A37B29460093524607F0F6
:107A800003033FF023DA013040F096804146D9F8F5
:107A900004005A46FFF37EF7D846E0E0D5F8D03030
:107AA000802B03D0B3F5802F40F0D5803368AC88AD
:107AB000D3F87C067168ADF876405BF02DDCB6F843
:107AC0007C30BDF8762026337134C31812F00702DB
:107AD000A4B29BB203D0C2F108029B189BB2E31878
:107AE000049C4846716804F114029BB27DF042D9AF
:107AF0008046002800F0B38084684FF0000C5F22BD
:107B00004BF49C5704F1120A84F811C06146BFB2CD
:107B100022745046CDF80CC0FAF3F0F63B0AE37439
:107B200027752B8B05F11C011A0AA375627504F1E8
:107B30001F002022FAF35EF60DF1780BA968AA88DF
:107B400004F17100FAF356F63BF8023D21461A0A99
:107B500042EA0323A4F86F305A4630463FF05CDB1C
:107B6000BDF876301A0A42EA0323A4F86F3033686E
:107B70007168D3F87C0622465B465BF019DCBDF8E1
:107B8000763030461A0A42EA0323A4F86F30A37B0A
:107B90002946009352463B463FF098D90130DDF824
:107BA0000CC009D141466246D9F80400FFF3F2F651
:107BB000DDF80CC0E04652E094F86F2094F8703085
:107BC00043EA0223228AD3189BB21A0A42EA032309
:107BD00023820D232B604FF0010B45E0B3F5802F7E
:107BE00014BFFE23022300E00223504605F15C018E
:107BF000082200F8053BFAF3FDF517F0030104D164
:107C0000D5F8D000FDF38EF10146BBF1000F0CD08A
:107C1000204605F18C0207ABFDF394F1F0B10AF1B7
:107C20004D0007A91022FAF3E5F573684146DA68BA
:107C3000484624F093DF059CD9F80800D4F8C0101A
:107C40004FF47A7200230CF061D94FF0010806E07E
:107C5000DDF8108003E04FF0000800E08046404669
:107C60001FB0BDE8F08F9B460323E373D5F8D030F7
:107C7000802BB3D1B8E700BF2DE9F04F054689B09E
:107C80000E46D0F800A01F46002B00F087818368C5
:107C90005B68FB585C68D3F80880D4F8D000F6F72E
:107CA00065FD002800F07C81B8F1000F00F07A81BA
:107CB000BB68580507D4BB6B03F00203002B14BF4D
:107CC0000123022300E00323D4F8D0000793802887
:107CD00005D0B0F5802F02D0042840F06581337DB7
:107CE00096F8139043EA092919F00303069302D189
:107CF000FDF318F1069004F15C0B0120082306F156
:107D000017015A46FCF3F0F5834500F04F812368D4
:107D10000C2B00F0B7800D2B00F018810B2B40F0DE
:107D2000458109F4DC73B3F5847F40F03F8104F1B1
:107D30003C032022184606F11F010493FAF35AF57A
:107D4000BA68049B12F4806F09D12A68126892F80D
:107D50006221C2B1D4F8D020B2F5802F13D108F13E
:107D600048020092B8F806206968019204F18C027A
:107D70000292A28A07F114000392E23104F11C027C
:107D8000FCF346F522E0696807F1140C6046E23125
:107D900006220493CDF814C0FAF318F5049BDDF81D
:107DA00014C0002800F0028108F148020092B8F8DF
:107DB00006206968019204F18C020292A28A604650
:107DC0000392E23104F11C02FCF322F719F4807FE4
:107DD00010D0338A1A0A42EA03239BB25C2B40F28A
:107DE000BF803046069904F18C02FCF377F7002837
:107DF00000F0DC80338A1A0A42EA03239BB25E2B2E
:107E000040F2AE8096F86F1096F8702042EA012298
:107E100002F15F018B42C0F0A380C2B1E188B4F8E7
:107E2000DC30CB189A4212D106F17100E16806F1FC
:107E30001209FAF3CBF488B1E388D4F8E01099443E
:107E400009F15F00B4F8DC20FAF3C0F430B16868DF
:107E500007F1140111227DF025D9A7E0002384F851
:107E6000CD302B68D8F8C01098680CF075D85846FB
:107E70000821FDF35DF02846079902223B46FFF7F3
:107E8000FDFB93E009F4D873B3F5807F40F08E805A
:107E900019F4807F08D03046069904F18C02FCF377
:107EA0001DF7002800F08280002384F8CD302B6875
:107EB000D8F8C01098680CF04FD8228A07F1140641
:107EC000238B50468DE84400696804F1AC027DF0D4
:107ED00089D8D4F8D030802B02D0B3F5802F02D1CE
:107EE0001023236018E0042B16D10D2323602B8A66
:107EF000D90707D428463FF0DFD928463FF000DAFB
:107F0000013053D058460821FDF312F02846079956
:107F100004223B46FFF7B2FBD4F8D030802B04D0CC
:107F2000B3F5802F01D0042B08D16B685046DB6875
:107F30007921009332460623FAF7D4FAD4F8D030E8
:107F4000802B27D0B3F5802F30D123E019F4807F28
:107F500015D0338A1A0A42EA03239BB25C2B07D856
:107F6000DAF80030D3F888305A6E01325A661DE0D4
:107F70003046069904F18C02FCF3B0F6B0B1002350
:107F800084F8CD302B68D8F8C01098680BF0E4DF87
:107F90001023236028463EF0F3DF07E0184606E092
:107FA000E92004E0404602E0002000E0012009B0A2
:107FB000BDE8F08F2DE9FF470D9C064617469A460F
:107FC0008946002952D0002C52D0836800685B6833
:107FD000E3585D68D3F80880294606F01DFF0923A1
:107FE0002B60484639463022FBF382F0736848B173
:107FF000626BDB6DB2F5802F0CBF03F4802303F0BE
:10800000800302E0DB6D03F00403C5F8D0300C9B65
:108010003068029321462A464B468DE8800406F0DC
:1080200018FF30B37369012B02D1B8F8060000B312
:10803000002385F8CD303368D8F8C01098680BF06D
:108040008BDF0A232B60A3685B0507D4A16B01F0CB
:108050000201002914BF0121022100E00321304662
:1080600000222346FFF70AFB012002E0084600E059
:10807000204604B0BDE8F0872DE9F04390E86000A9
:10808000D6F808318E465B8E174603F4404372469D
:10809000A3F5404EDEF1000389B004463146284680
:1080A00043EB0E0375F000D8804600287CD047B122
:1080B000E368002B78D120464146FFF763FA002899
:1080C00072D1A3685B6858F803309F68238AD90788
:1080D00002D420463FF04CD82B68C4F80C8093F8AB
:1080E0006231ABB198F8D630032B0BD1D8F83430CD
:1080F000B3F5802F0CD12846414607F1480270F0B5
:108100001BDC0FE023B9D8F83430B3F5802F09D049
:10811000238A9A0708D507F1480004F11A012022A2
:10812000FAF368F32023FB80FB88202B35D12B68E2
:108130004FF00009D3F8E800CDF81890CDF81C9066
:108140000590FFF3F1F3074600282DD005AB8DE82D
:10815000080228465021D8F810203B46F9F742FE85
:10816000D5F81805314606AA07ABFEF737FC07F12C
:108170000C030093059B20460C3B0193E36801210F
:108180000293069A079B40F0D9D92B683846D3F85A
:10819000E8300593FFF3DAF306E0706906F11901A0
:1081A000327E43463FF054DA09B0BDE8F0834FF029
:1081B000FF30704770B50446D0F8880000220A21CD
:1081C000D4F8D8300D0A33F81230CEB2CB189BB2A7
:1081D000013B46EA032605F0030503F440731D4303
:1081E0006FEA42636FEA5343A0F84035A0F8206578
:1081F000A0F82C55A0F84035D4F8D83033F81250F8
:1082000001324919062A89B2DAD1204698215A88C2
:1082100043F04CDBD4F8D83020469A219A8843F0BA
:1082200045DBD4F8D8302046DA881B889C2143EA05
:10823000022292B243F03ADBD4F8D83020465A8971
:108240001B899E2143EA022292B243F02FDB204693
:10825000BDE8704040F0EE9CF8B503688E210446FE
:10826000D3F8845442F0E0DC236840001B6886B2F7
:1082700093F8643106F1500106F1940789B2BFB258
:1082800013B1002385F86D31D5F82031012B1CD0B6
:1082900002D3022B30D122E095F8E820012010FA19
:1082A00002F295F8583192B2FF2B03D010FA03F383
:1082B0001A4392B2204643F0F9DA95F8E8300122E9
:1082C0009A402046394692B214E02046B5F82A2159
:1082D00043F0ECDA20463946B5F82C210AE095F84F
:1082E000E83001229A40204692B243F0DFDA20467D
:1082F0003946002243F0DADA95F81C2142B94C36AF
:108300004FF6FE7120463140BDE8F84043F0CE9A6A
:10831000F8BD0000D0F8941010B50831044641F0C3
:10832000F3D803492046BDE8104041F0D59800BF7E
:108330006C4F010038B5437C04468B420D4606D095
:1083400039B142F005DB38B94FF0FF3038BD0020BD
:1083500038BD4FF0FF3038BD002084F876006574DA
:1083600038BD00002DE9F0438BB0129F98460023E2
:10837000032F04460D46139EDDF850900893099391
:108380000CD9042208A84146FAF334F2072F05D984
:1083900009A808F104010422FAF32CF25A2D0899D5
:1083A00000F0B38032D8212D00F0D08016D80E2DE9
:1083B00000F0A78008D8052D5BD00C2D00F09D8023
:1083C000042D40F09B817CE0142DC0F09781172D87
:1083D00040F2A081202D40F09181C5E03F2D00F0BA
:1083E000F88009D8272D00F0CE803E2D00F0EC80DB
:1083F000262D40F08381D4E0522D00F02A81542DA7
:1084000000F02A81442D40F07981E7E06A2D00F0E8
:10841000618116D8642D00F0408109D85D2D00F0EF
:108420008680632D00F01B815C2D40F067817BE02E
:10843000682D00F0398100F23A81662D40F05E81AE
:108440002FE1792D00F0528109D8712D00F046817D
:10845000782D00F04E81702D40F050815AE17C2D36
:10846000C0F04C817D2D40F255818C2D40F046812D
:1084700063E0E06F98E8A000C66916F004060ED02D
:10848000002335FA03F2D607D9B203D401330F2BF8
:10849000F7D119462A463B4604F0DADC2CE129469E
:1084A0003246022304F0CADE29462A460223E06F40
:1084B00004F000DFE06F29463A46022304F0E0DED4
:1084C0002DE1B9F10B0F40F31C8100210A46022374
:1084D000E06F04F0B3DE00210A4607460223E06F96
:1084E00004F0CEDE002105460A46E06F022304F0C8
:1084F000E1DE37607560B060FEE0E06F04F0B8DE8A
:108500003FE0D4F88000884902E0D4F88000874931
:10851000FBF390F020B100210A46FAF327F630E091
:108520004FF0FF333360E9E094F81C31E3E00031B1
:1085300018BF012184F81C11DEE0099A4A4500F3B6
:10854000E0802046334640F069D845E0072F40F2EE
:10855000D8800029C0F2D88002230093E06F012266
:10856000099B04F01DDFC7E0032F40F2CA800029F9
:10857000C0F2CA80022300930022E06F134604F089
:108580000FDF3060B8E00B2F40F2BB800029C0F253
:10859000BB80099B002BACBF6FF016066FF0010685
:1085A000BDE0072F40F2AD800029C0F2AD80099AEE
:1085B000002AC0F2A98000250095E06F2B4604F048
:1085C000FBDE30602E46AAE0E06F314604F034DE78
:1085D00002E0E06F05F006D80646A0E02368986840
:1085E0000BF046DD0746E06F04F09ADE10B3E06F53
:1085F00004F0B2DE054618B9E06F012105F004D899
:108600003368E06F00937368083601930023029685
:1086100003934168D4F88820A368FAF3A1F00028F6
:1086200014BF4FF0FF3600266DB9E06F294604F005
:10863000EBDF08E0E06F04F067DE002814BF6FF0A6
:108640001D066FF016062368394698680BF018DD92
:1086500065E0D4F860314EE0D4F864314BE0314647
:10866000102204A8FAF3C6F0059D0C352846FFF346
:108670005BF1044600284AD031462A46FAF3BAF0A4
:10868000238820461B0B012B04D0FFF35FF14FF032
:10869000FF3644E0FFF35AF13CE0236893F81836C4
:1086A00029E04FF4B06326E0B4F81E3123E089B22C
:1086B00001292FD80323A4F81E112046009319B1D5
:1086C00020220221134602E002212022002342F050
:1086D00083D811E0204640F08BD952E74B1C022B87
:1086E0001BD8204649B242F0DDDB75E7C4F83811EB
:1086F00002E0D4F838313360002610E06FF01D0638
:108700000DE06FF00D060AE06FF0010607E06FF074
:108710001A0604E06FF0160601E06FF01C06304602
:108720000BB0BDE8F08300BFFA6C8900026D8900D0
:10873000F0B587B004460668D0F8885000210C22B6
:1087400002A8FAF3DBF0002320464FF0FF31704A15
:10875000059342F031D823681B6893F8693113B14F
:10876000204640F08BD8204643F014D84FF4003711
:10877000204640F039DC009704233069242105AA03
:1087800041F0AADA00210A46E06F04F081D961497C
:10879000204640F0A1DE2046FFF70CFD02A920464E
:1087A00040F05EDB20468021082243F07FD80A2279
:1087B00020465C2143F07AD82046D4F8201140F0BE
:1087C000EDD9554A2046554941F0F6DF4FF00043B8
:1087D000C5F888314FF00073C5F88C314FF48043F1
:1087E000C5F828314FF480336B620121204641F0F7
:1087F000D9DFE06F04F0F0D8A4F81201A5F8A806BC
:1088000016212046B4F8482043F050D82046C02115
:10881000B4F86C2043F04AD82046C221B4F86E2048
:1088200043F044D82046182104F1A4020223009703
:1088300041F09EDA022320461C2104F1A602009793
:1088400041F096DA96F858361BB1002386F8583670
:1088500006E000973069242105AA042341F088DA54
:1088600020464421B4F8A82043F020D820464621D1
:10887000B4F8AA2043F01AD8B5F888361B051B0DAA
:10888000A5F888360123A5F89C360025B563631941
:10889000586910B1224B5B6898470435182DF6D102
:1088A0001F4D6069AB6D98476B6F606998472046B4
:1088B000002142F0BDDC23681B6893F8693113B1D5
:1088C000204640F00DD8A36F2046598B4FF480729C
:1088D000CC3142F0EBDF637C032200921022002BAC
:1088E00014BF134600232046042141F075DF2046C3
:1088F000AE2142F099D94FF4D8634000C4F8240166
:10890000C4F82831304640F091DC07B0F0BD00BF1C
:1089100004040004943E01000000024000000640F0
:1089200010A7880070B5036804461B6893F8693186
:10893000002B00F08180836F598B363142F074D95F
:10894000236D0646D80777D5636D190674D4E36F97
:108950009A69920002D5DA69D00704D5DB69D90794
:1089600001D45A0768D5E36E9B0065D5D4F88830EA
:108970004FF49675B3F8B42692B242F00302A3F80E
:10898000B426D4F88820B2F8B83623F0C0031B040C
:108990001B0CA2F8B836236DD80719D5636D1906DC
:1089A00016D4E36FDB695A0712D5E36E9B000FD52F
:1089B000D4F888300121A3F8F016D4F88830B3F841
:1089C000F22692B2130A03F00F0302F03F0213E003
:1089D000D4F888300022A3F8F026D4F8883001219A
:1089E000B3F8F226A3F8F016D4F88830C2F30512D3
:1089F000B3F8F236C3F30313042A02D10BB1042EE9
:108A000002D04FF4FB750AE06420FEF37BF4013DD5
:108A1000C1D1F6E7013D08D00A20FEF373F4D4F883
:108A20008830B3F8B626D007F4D4B3F8B82692B29B
:108A300042F0C002A3F8B82670BD38B58B79054660
:108A40000C463BB190F88E22002A21D190F88F225B
:108A5000002A20D10122627193B12B6893F8623110
:108A600073B1E36D58030BD5D5F8600803F0B8FC7B
:108A700030B1637923B1D5F86008214603F076FB65
:108A8000A07950B128462146BDE8384044F0A29F65
:108A90004FF0FF3038BD4FF0FF3038BD43690BB9A0
:108AA0000223436183690BB914238361C36913B93A
:108AB0004FF41673C361836813B94FF47A738360FC
:108AC00003690BB9034B0361C3680BB9024BC36065
:108AD000704700BF00350C00804F12002DE9FF47A2
:108AE00003680446D3F80090D9F810309B6FB3F8B0
:108AF0001AA099F81930002B5AD040F2A47600251C
:108B00003146D9F8100042F08FD8B11C0746D9F889
:108B1000100042F089D86B08023504AAEDB202EBCE
:108B2000830347EA00400436062D43F80C0CE7D1D6
:108B30000AF1A40A5146D9F81000019F039E029D34
:108B400042F072D851468046D9F8100042F06CD8F5
:108B50004BF6FF7202405146D9F8100042F0A6DEF3
:108B6000236A9F4202D2DB43D81900E0F81A636AF5
:108B70009E4202D2DB43991900E0F11AA36A9D429A
:108B800002D2DB435A1900E0EA1AA368276298422E
:108B90006662A56203D3032384F838300AE02369B0
:108BA000994207D2E3689A4204D2C8F3803002E0C7
:108BB000F52000E0012004B0BDE8F087F7B5099D7D
:108BC0000023032D06461746089C009301930BD9FA
:108BD000042268462146F9F30DF6072D04D901A8B1
:108BE000211D0422F9F306F61C2F07D1D6F8803098
:108BF000002093F838200A9B1A6001E06FF01600FD
:108C0000FEBD2DE9F041044616461F460D460029DB
:108C100000F09D8030F0C4D8D4F8A031804693F89D
:108C2000661093F86C20002940F08880002A40F0FC
:108C30008580998842F20E72013989B291422DD80D
:108C4000206940F2EA3140F0D3DD90B120694FF461
:108C50007B7140F0CDDDD4F8A0319A8841F64B53BA
:108C60009A4204D9206940F2ED3140F0C1DDC5B22D
:108C700000E00546206940F2EB3140F0B9DD012308
:108C800030B13B70D4F8A031002283F86E2033E07D
:108C90003870D4F8A02182F86E302DE05A8D9107FB
:108CA00006D5206940F2EE3140F0A2DDC5B223E0E6
:108CB00012F0010214D0B3F87B10002973D0B3F87E
:108CC0007920002A6FD00A20414391FBF2F2062A54
:108CD00069DDB3F87130012B67D0022B0DD166E04E
:108CE00032703A70D4F8A021012382F86C30D4F8A5
:108CF000A02182F86E3000E03DB900233370D4F833
:108D0000A031012283F86C201BE0D4F8A03193F845
:108D10006D20022A07D9012283F86620D4F8A031F9
:108D200083F8675002E0002333703B70D4F8A03121
:108D300093F86D20013283F86D2002E00AB1002320
:108D40003370D4F8A031C3F86880BDE8F081D0F862
:108D5000A03193F866202AB9DB6E13F0FF1F13D100
:108D6000BDE8F081022213462FF03EDC01232046AD
:108D7000294602222FF038DCD4F8A03183F866505F
:108D8000D4F8A03183F86750D4F8A021002382F8EA
:108D90006C30D4F8A02182F86E30D4F8A02182F88B
:108DA0006D30BDE8F0810625AFE70225ADE7082567
:108DB000ABE770B5036886B00C460546002103A8F2
:108DC0000A221E68F9F39AF5BDF80C3043F010033F
:108DD000ADF80C3094F8AC30A3B1D4F88830D3F8A7
:108DE0002031D8070ED5204642F0B8D90222009291
:108DF0002046BDF80C300021102241F0EDDC204669
:108E000041F064D9012185F83910336A186901F0FD
:108E1000C4FA06B070BDF0B5036887B00C460746CB
:108E2000002103A80A221D68F9F368F5BDF80C308B
:108E300023F01003ADF80C302B699B6F5E8B94F818
:108E4000AC30002B3CD0D4F88830D3F82031DB078D
:108E500036D5204642F082D90222BDF80C3000926D
:108E600020460021102241F0B7DC236DD80724D51D
:108E7000636D190621D4E36F9A69920002D5DA690D
:108E8000D00704D5DB69D90701D45A0715D5E36E9D
:108E90009B0012D5D4F88830B3F8B82692B242F0CD
:108EA0004002A3F8B826D4F88820B2F8B83623F0E8
:108EB00080031B041B0CA2F8B836204641F006D9EB
:108EC000002487F8394006F136012869224642F02D
:108ED000EDDC06F108012869224642F0E7DC06F1E4
:108EE000F80122462869A43642F0E0DC31462869C0
:108EF00041F09ADE4BF6FF7202403146286942F09B
:108F0000D5DC2B6A97F83910186901F046FA6B7EA8
:108F100043B1286940F2A47122460C2342F0DAD80A
:108F2000204601E06FF00A0007B0F0BD7FB551F8B0
:108F3000383B00221868D0F8683200920192029201
:108F400001220391049219469822DC3317F0CCDEFB
:108F500007B000BD38B50446FFF7A0FD94F83830DF
:108F6000032B04D02046FFF7B9FD054600E000259D
:108F700094F83830013B032B73D8DFE803F0021379
:108F8000304C01202146FFF7D1FF012D08D1E36AC3
:108F9000626901339342E36263D3022384F8383079
:108FA000002351E002202146FFF7C0FF012D4FF0C2
:108FB00000030BD1226BA16901328A422263E36272
:108FC0004FD3032284F83820236338BDE26A6169F5
:108FD00001328A42E262236343D3012232E003205A
:108FE0002146FFF7A3FF94F83930012B07D1204623
:108FF0006168FFF710FF002323626362A362636B63
:10900000E2690133934263632BD300236363042338
:1090100084F8383038BD04202146FFF787FF94F8E4
:1090200039301BB920466168FFF7C3FE012D4FF0B0
:1090300000030BD1E26A616901328A422363E26272
:109040000FD3032284F83820E36238BD226BA16974
:1090500001328A42E362226303D3012284F838207A
:10906000236338BDF7B50368044693F83C20002A13
:1090700040F0AC8093F86931002B00F0A78044F0F9
:109080006BDF022840F3A280204644F003DF002873
:1090900000F09C80206940F059DA23680646DA6EB9
:1090A000D4F86872002A40F091801B7E002B00F0FB
:1090B0008D8094F8D4312BB120461FF067DA002858
:1090C00040F08480D4F8A0315A6B5278D1070CD488
:1090D000DD795DB1D4F86832D3F814311B695B4295
:1090E000AB42CCBF0825002500E0002506F00403B4
:1090F000002B18BF0825BB7916F0100618BF4FF4D7
:10910000007623BBD7F8083193F93430FBB13B7AB2
:10911000EBB13B7C23B107F1DC00FAF35BF2B0B9B1
:1091200094F88D32012B12D194F88E3223B1D4F8F9
:10913000180535F019D850B9FB6DA3B13A6D40F25E
:10914000371313407BB197F86030D3B10BE094F83C
:109150008D325BB1D4F88C221D4B1340B3F5807F68
:1091600010D13B7C73B13543ADB20BE094F88E3235
:109170003BB1D4F8180534F0F7DF002808BF00250C
:1091800000E01D46022120464FF402722B4600915A
:109190001FF060DC354219D00023D4F86422D15886
:1091A00089B18A797AB90A7A6AB10A7C5AB1D4F853
:1091B000440158F0E9DE0146D4F8440103B0BDE8AB
:1091C000F04059F0A9990433202BE6D103B0F0BD4B
:1091D00000FFFF002DE9F84305680446D5F8A031EB
:1091E000D0F83480D3F810902B699B6F5E8BFDF321
:1091F00015F7A36CA064C31AB3F5617F01D2BDE873
:10920000F883204645F0BAD984F83000204644F06F
:1092100033DF84F83100204645F088D894F8453093
:1092200084F85A005BB194F8403084F8303094F8F8
:10923000413084F8313094F8423084F85A3098F84C
:1092400001305B0721D5E76B284694F9311094F97A
:10925000302094F95A30B8475FFA89F948450746F3
:1092600013D02846394645F0A7D82869026D12F474
:1092700080020AD14EB1012F06F1A40101D1602371
:1092800001E06022134642F013DA28460122D5F8A5
:109290006812FFF7E7FE98F80130980715D5A66B1E
:1092A00094F95A30284694F9311094F93020B04797
:1092B00094F832300646834207D0284604493246A5
:1092C0001FF0F8D808B984F83260BDE8F88300BF11
:1092D0006FB0890073B504680546204644F0DADDB6
:1092E000D4F8A031064693F85E20013283F85E2060
:1092F000236893F86931002B4AD0002848D0236AAC
:109300001B68022B44D1012803D12046294645F091
:10931000B5DB6B6B5B78DB0703D52846FFF75AFF9D
:1093200036E0204645F05CD8D4F8A031DA7A72B144
:10933000D4F86812D1F8141109694942914206DD46
:10934000721E012A1ED95E73204601210EE09A7A10
:109350007AB1D4F86812D1F81411096949429142DE
:1093600007DA042E0ED05E732046042145F024D87F
:1093700008E0597B31B1204645F01ED8D4F8A03121
:1093800000225A732046D4F868120122FFF76AFEC1
:10939000236893F86921002A51D0226A1268022AB0
:1093A0004DD101228DF806208DF807204EB3042EF2
:1093B00027D093F8412022B393F842200AB3D4F87F
:1093C00064210AB19279E2B993F83E30CBB1D4F876
:1093D000A03142F20E729988013989B2914203D9C3
:1093E000598D11F0030105D0013E012E09D8204608
:1093F000012100E020460DF107020DF10603FFF701
:1094000000FC9DF807109DF80630A1F101025142C1
:10941000A3F1010041EB0201434243EB00030222AE
:109420008DF80630204613468DF807102FF0DCD853
:1094300020469DF80610022201232FF0D5D823687C
:1094400093F8693123B1236A2846196845F00CDF87
:10945000D5F88000FFF77EFD00207CBD2DE9F047A8
:1094600005689A462B68044693F844008EB00F4670
:109470001646002838D00DF10C094FF000080021E5
:1094800024224846F9F33AF2414608220CA8CDF8C6
:109490001080CDF80C80F9F331F242464346D5F8FE
:1094A000C0063946CDF8349051F0FADCD4F8444186
:1094B00080460FE08DE8400101330493D5F8C006E3
:1094C00039464FF6FF720CAB059451F0C9DC50B928
:1094D00024684644049B002CECD1039A01209B187D
:1094E000CAF8003000E000200EB0BDE8F087026846
:1094F0000146D2F86C31D2F8D80603F5C67203F5EE
:10950000CE7305F077B8000000487047C4580100DA
:10951000024B542202FB0030704700BFBC650100C3
:10952000004870476466010038B58B781C1DA24264
:1095300030D30A78012A30D1142B34BF1A461422B2
:109540004B78022B04D0032B1ED0012B28D101E035
:10955000002315E0002307E0CC18257990F823407C
:1095600001332C4380F8234001309342F4DB0FE0B9
:10957000CC18257990F8234001332C4080F8234003
:1095800001309342F4DB03E024300431F9F332F18B
:10959000002038BD6FF00D0038BD6FF0240038BDDD
:1095A000002038BD38B5044610468A78151DAB42F8
:1095B0000FD30B78012B0FD1142A28BF14221423A8
:1095C0008270C37004F124010430F9F313F1002018
:1095D00038BD6FF00D0038BD6FF0240038BD9829FC
:1095E00070B504460D46164611D8243012B1FAF370
:1095F0005DF501E0F9F3D6F72C2D0BD10121321CDA
:10960000A06818BF01221DF071D9002070BD4FF075
:10961000FF3070BD002070BD70B505460C464EF0A1
:1096200067D8064680B190F861309BB9836923B949
:10963000E420FEF37FF1B06130B1F36953B9E82063
:10964000FEF378F1F06128B928462146BDE8704064
:109650004DF04E9E70BD00002DE9F04F9A469BB034
:109660000D46D1F80C31D1F80461002800F03181A9
:1096700089794468002940F02C81297C002900F078
:1096800028819AF8011002291FD19B68182B1CD140
:1096900002F10A00D5F808110622F9F397F0A0B9F3
:1096A0000AF1080031460622F9F390F068B9204625
:1096B0002946D5F8082173F0F3DC30B1204629465D
:1096C000324673F0EDDC074620B9002300932846AC
:1096D000062138E0BAF80E308BBB00210C2217A807
:1096E000F9F30CF17C4B0DF1140917937B4B00211E
:1096F00028220DF13C08484618931994F9F3FEF01E
:109700000023002120224046ADF82430F9F3F6F082
:109710000AF110030193249BCDF80080103B0293C3
:10972000D4F8BC062946D02217ABCDF8589051F09A
:10973000D3DB002840F0CD80BDF824302BB10222CD
:109740000092284601213246C1E0D5F8103193F845
:10975000F430F3B9D5F818311B7AD3B994F89032B4
:109760002846590744BF23F0040384F890320121AE
:1097700024F0B0DCD5F81031012283F8F4204FF446
:10978000FA70FDF3BFF594F8903243F0040384F8C7
:109790009032B6F83280236AD3F804B008F440431C
:1097A000A3F54042D2F1000A4AEB020A003318BF87
:1097B00001230A3354F8239008F46053B3F5005F93
:1097C00003D14046FAF3A2F5804608F46053B3F59E
:1097D000C05F27D1236893F84F309B0714D0D4F88B
:1097E0005801D9F8041049F00FDB00070CD499F8A0
:1097F000E530990708D5D9F80030022B12D1D5F8F9
:1098000068339B789A070DD54046FAF3FFF440F48D
:1098100080539BB20E288CBF4FF440484FF0000895
:1098200048EA0308236A18695EF040DA40451CD014
:109830004146D4F8580149F0E7DC204625F0A4DD84
:109840002046414624F0D2D8236893F83B304BB1F0
:10985000D5F83C335968D4F8C035994202D0204637
:1098600020F03CDA20461DF03DD8204606F13801B4
:1098700020F016DDD34524D0236A204639465A68A5
:109880002B4673F03DDA2368206A93F84F3050304E
:1098900013F0030307F13C0108D03B69D3F8EC3027
:1098A00003F48053D3F1010338BF00237F228DE8F6
:1098B0000C00002213466CF0EBDA2046394673F0B8
:1098C00053DF022300210093284632460B463AF02C
:1098D00075DE1BB0BDE8F08FA9B885000DBA850014
:1098E0000B89F0B5C48F03F0F0060419360934F87B
:1098F0001650428FB0F83CE0013634F81670CC6850
:109900008218864487B052190EEBC50E2CB14E69F1
:10991000C4EB060C8E69664400E026467D1BADB2A2
:10992000CDF800E00195C0680290086804940390A7
:1099300005964868194600234FF084DF07B0F0BD54
:10994000F0B50C460989C58E01F0F006878E4519E1
:10995000360935F81630C7194FF00C0E0EFB037799
:1099600087B0428E0136009735F816508218ED1AEE
:10997000ADB201958068D218029020680023039050
:10998000A0690490E069059060684FF041DE07B07F
:10999000F0BDF0B50C460989C58E01F0F006878E42
:1099A0004519360935F81630C7194FF00C0E0EFB65
:1099B000037785B0428E0136009735F8165082182D
:1099C000ED1AADB201958068D2180290206800238C
:1099D000039060684FF0F6DE05B0F0BD2DE9F3416D
:1099E000B0F81280878AC68A84798044C71986199C
:1099F000F4B9254605F00F0336F81310013336F895
:109A000013208A420ED00C4B521A181980884FF03E
:109A10000C0E009092B208EB0100E3580EFB0171AE
:109A20004FF0CEDF013508340D2DE3D1002001E0E9
:109A30006FF01600BDE8FC81685901000378FF2B28
:109A400001D018467047437813B18078FF307047D3
:109A50004FF6FF70704791E80C0009895268B029F1
:109A600002D11268032A08D090F8420630B1D3F828
:109A70006433587810B102307047002070470620D8
:109A80007047036873B50446D0F82454D4F81C1406
:109A900098680AF061DA26E0EE690BBBD4F824344A
:109AA00005F10E029D4208BFC4F8246420682146D7
:109AB00073F0F6DA024640B1012102238DE80A0074
:109AC00020682146002372F053DF23682946586836
:109AD00051F088DC94F82034013B84F8203401E014
:109AE000013BAB6135461DB1AB695A1CD4D116E0C0
:109AF0002368D4F824249868D4F81C143AB90AF0DE
:109B000097DAC4F81C5484F8205402B070BD42F2B5
:109B100010722B4602B0BDE870400AF0F799FEE7DC
:109B20007FB5D0F824040E4615461C4698B104AB08
:109B300043F8040D00200093014632462B4651F0B5
:109B40009FDC40B94EF660235C4342F21073B4FBD5
:109B5000F3F4039B9C6104B070BD00002DE9F0415B
:109B60000546D0F80080D0F81441FDF357F2D8F83C
:109B70002030064618695EF099D8D5F808315B8E1A
:109B8000834259D113F4404F09D1D8F8003093F8EB
:109B9000693123B1404640F00FD800284CD0A36C67
:109BA000002B53D0E16C721A9A424FDB94F850307C
:109BB0001BB122695BB2934248DB94F84430FBB19D
:109BC0002769EFB1FF1AD8F8C4366FF0C702974281
:109BD000B8BF174613B19F42B8BF1F46B4F90E3045
:109BE000002B03DA1A483246F8F3AEF60022134689
:109BF0002846394654F026D8D5F80831228A5A85A5
:109C000094F8453013B3676907B3FF1AB4F93A30D3
:109C100027EAE777002B04DA0E48E16C3246F8F3C6
:109C200093F628463946002254F05AD8D5F8083120
:109C3000A48A9C85BDE8F081D5F80831DA8DE36C03
:109C4000D318E3649B1B002BC8BFE664BDE8F0811A
:109C5000AEC58900DFC5890010B5002012F04004B0
:109C6000187002D012F0800F15D011F4007005D0DA
:109C700012F0800F02D00120187010BD490501D5E7
:109C8000130605D530B9D4F1010038BF002010BD4E
:109C9000002010BD012010BD2DE9F04F836B0D4653
:109CA000596C044640F2395087B0924600228142F6
:109CB0008DF8172003D040F28B50814208D1B4F8C0
:109CC000522002F44042A2F540414A4242EB0102D6
:109CD0001869039268F072D828B3D4F8E4235AB113
:109CE000D4F8F803012169F07FDE28B9A36BD4F81A
:109CF000E413986869F0A8DC94F8943083B9D4F838
:109D0000F803B4F85210012269F038DEC4F8E40315
:109D100030B1BAF1000F03D120465EF04FDD46E1CD
:109D20000023C4F8E433B4F85210A36B01F460517B
:109D3000B1F5005F986805D0A1F5C052514241EBE2
:109D4000020100E0022169F071DC0646002800F003
:109D50002E8135B120462946B4F8522033465EF0B4
:109D600007DDB4F852904846FAF350F209F4605710
:109D7000A36BB7F5005F986805D0A7F5C0535942AB
:109D800041EB030100E0022169F050DCA36B0546C2
:109D900010B99868314617E0B7F5005F986806D0AB
:109DA000A7F5C058D8F1000141EB080100E00221FD
:109DB00069F03CDC804650B9A36B3146986869F085
:109DC00043DCA36B2946986869F03EDCEFE0D4F8E9
:109DD000E403B8B169F044DCB7F5005F06D0A7F53D
:109DE000C05CDCF1000343EB0C0300E0022398426B
:109DF00008D0A36BD4F8E413986869F025DC00233D
:109E0000C4F8E433D4F8E433FBB9A36BB7F5005FCF
:109E1000986806D0A7F5C05EDEF1000141EB0E01A7
:109E200000E0022169F002DCC4F8E40368B9A36B26
:109E30003146986869F008DCA36B2946986869F098
:109E400003DCA36B41469868BEE7D4F8E40369F0ED
:109E50002DDB20465EF04CD8284694F97B1069F043
:109E600017DD00230DF117020093204643464946B3
:109E70005FF09CDC4046314669F054DB404694F983
:109E8000651369F0ADDC4146284669F04BDB94F878
:109E90005810632902D8284669F0B6DC284669F0D4
:109EA000DDDB284669F014DC94F8673307469B0035
:109EB00098426FF07F012846B8BFDFB269F01EDC20
:109EC000FFB25FFA80F9A36B84F87E7084F87F900C
:109ED0008346186967F072DFB8B1D4F8F803B4F8B4
:109EE000521069F02DDE01280FD1B4F85210002273
:109EF0004B46D4F8F80369F0D5DDD4F8F803B4F88C
:109F0000521000223B4669F0BDDD002384F891B079
:109F100084F8963084F88030BAF1000F03D02846D8
:109F2000514669F019DB94F8823028460BB1039B47
:109F300023B194F97E1069F0C7DA03E094F97F1039
:109F400069F04EDCD4F8E403294669F0D1DAA36B5A
:109F5000186967F033DF98B1D4F8F803B4F85210F9
:109F600069F0EEDD012803460AD1D4F8E403A16BC1
:109F700000908868B4F85220D4F8F81369F054DDE2
:109F8000A36B3146986869F05FDBA36B294698683C
:109F900069F05ADBA36B4146986869F055DBBAF16A
:109FA000000F04D1D4F8543A0BB12046984707B0BB
:109FB000BDE8F08F10B590F86330002B3CD0DB0784
:109FC000C9B22CD5836E8B4223D190F8253A3BB190
:109FD0000023846BE4180133082B84F82021F8D186
:109FE000836BD3F828411B1983F82021836BD3F8A6
:109FF0002841072C01D0013400E00024C3F8284197
:10A0000090F8253A2BB190F8263A13B1002380F846
:10A01000253A90F8633023F0010380F8633090F81C
:10A02000633013F0020F07D023F0020380F863308F
:10A03000836B186967F0BADE002010BDF8B590F8A0
:10A0400063300446002B3AD1012902D0022939D1CC
:10A0500000E08266A36B80F863101A6A94F8D90056
:10A06000626618BB94F86C20002A2DD118698E21E5
:10A0700067F072DE400087B2062502E00A20FDF399
:10A0800041F1A36B07F174061869314667F064DE8D
:10A0900008B1013DF2D1A36B01221869314667F086
:10A0A00067DE204601F012F8024600E0A122B4F873
:10A0B0005210204652B2BDE8F840FFF77BBF6FF068
:10A0C0001800F8BD6FF00200F8BD10B504465DF051
:10A0D000EDDD0221C2B22046BDE81040FFF7AEBF61
:10A0E00030B5026CCB8892F829463CB9846B646920
:10A0F0000A2C03D94C8A14F4807F14D0846B6569D0
:10A10000272D03D10C8A14F4006F0CD18C88DBB29C
:10A1100014F0030F01D09D2B05D0232D07D14D8ABC
:10A1200015F0200F03D001238B7700230AE090F96C
:10A130002C031B18E00444BF92F91E269B18002232
:10A14000CB778A770B7700234B7730BDC369043B0D
:10A15000082B06D8DFE803F01805090709050B05E9
:10A160000D0000207047172070470420704707201B
:10A17000704790F83E03012808D0032814BF4FF41D
:10A1800083704FF48B707047012070474FF48B70D1
:10A190007047836B13B51A6A044601321A6290F84D
:10A1A0006020002A00F0AC80B0F8C8222AB1D0F8B4
:10A1B000F013A1F83622A1F83A22B4F8CC222AB141
:10A1C000D4F8F013A1F82822A1F82422B4F8CA2266
:10A1D0002AB1D4F8F013A1F82222A1F82622216F87
:10A1E00040F606220A402AB993F82C3113B12046D2
:10A1F0005DF0F8DDA36B1A6A1B6EB2FBF3F103FB93
:10A200001123A3B920465FF085DC236F40F60202DC
:10A21000A16B1A400032086918BF0122B4F852102D
:10A22000C3F3800367F0D2DD20465FF081DC226F4C
:10A2300040F60E231340B3B9A36BD4F88C21196AEE
:10A24000D2F89020D3F818318A1A9A420BD394F896
:10A25000522020460121FFF7F1FEA26BD4F88C3189
:10A26000126AC3F8902094F8633043B1A36B1A6A62
:10A27000636ED31A052B02D9002384F86330D4F817
:10A28000F4202AB1A36B196A1B6E8A1A9A420CD366
:10A29000226F40F6020313403BB920465DF016DE04
:10A2A00018B1A36B1B6AC4F8F430226F40F60F2379
:10A2B00013402BBB20465EF0B5DA20465EF054DA40
:10A2C000D4F88C31D3F8882012B1013AC3F8882031
:10A2D000D4F8B43A0BB120469847A36B186967F0DD
:10A2E00023DD68B1A36B01A918690DF1070267F0BE
:10A2F0001FDD20469DF80710BDF804205DF0D4DD79
:10A3000000201CBD03460021986B4018013108292C
:10A3100080F82021F8D19A6B0021C2F82811D16E63
:10A32000032907D1D3F8C410C90703D5126A08322C
:10A33000C3F8B8200022991802324FF6A470202AE0
:10A34000A1F8040AF7D10020012283F8240A83F837
:10A35000EC2A7047836B10B59A69044692001BD5AE
:10A3600090F8ED2A012A17D1B0F8522012F4404F8C
:10A3700012D1186967F004DD636CB3F8B42692B2A9
:10A3800042F00302A3F8B426636CB3F8B82692B285
:10A3900042F0C002A3F8B82610BD80F8ED1A70474D
:10A3A00030B5056C044687B028464FF4007141F281
:10A3B0001C1260F047DB002800F09D800723039308
:10A3C000202305938023029300230190049340F8F7
:10A3D000043B0133802BFAD1204601A965F0E8DE69
:10A3E0004FF43073204601A9049365F0E1DE206C40
:10A3F00041F22F1160F04CDB2046012164F086DC35
:10A4000020463E4936225DF0F7D9D5F8C4342046BF
:10A4100040F6F4114FF480426BB113465DF0B4D9AD
:10A42000B5F85824B5F856342046D31840F20C51EC
:10A4300040F2FF129BB25DF0A7D91E2230492046A0
:10A440005DF0DAD9204661F011D8204663F014DAC5
:10A4500099210122002320465DF068D9962102222D
:10A46000002320465DF062D9A2210122002320466C
:10A470005DF05CD9A5214022002320465DF056D92D
:10A48000A6210122002320465DF050D9A1210122FE
:10A49000002320465DF04AD93022002320460221C5
:10A4A0005DF044D96F2120464FF4005200235DF047
:10A4B0003DD94FF48052134620466F215DF036D9C6
:10A4C00004221346204640F2D7415DF05DD940F2A8
:10A4D000D7414FF470624FF4807320465DF054D939
:10A4E000204662F0DBDB204640F275514FF40072EB
:10A4F00000235DF049D907B030BD00BFBE5A01004E
:10A500002A5B0100F0B5072387B0066C0293202375
:10A510000493012304460D460193304605AB4FF4E6
:10A52000007141F27332009360F08CDA002849D058
:10A53000D6F8B865074601460023B3422CBF9E46B5
:10A54000B64605EBCE0292F803C015F83EE00133A3
:10A550004EEA4C5E92F802C052784EEA4C3E4EEA09
:10A560004212802B059241F8042BE6D18DE80900B8
:10A570006946C0232046039365F01ADE0023B342E8
:10A580002CBF1A46324605EBC202107951794002BF
:10A5900040EA4140D179013340EA0102802B059223
:10A5A00047F8042BEBD14FF4107320466946039310
:10A5B00065F0FEDD236C41F29F31C3F8BC55206C81
:10A5C00060F066DA07B0F0BDF0B5076C89B0002323
:10A5D00004460D4638464FF400714FF496520593E9
:10A5E0000693079360F02EDA0646002834D04DB962
:10A5F000204605A906AA07AB5EF028DB039537467F
:10A60000002510E097F83336002BF8D0B4F9283A3B
:10A610000693B4F92A3A0793B4F92C3A05934FF408
:10A6200030730393EBE705A928460EC964F0B0DE4A
:10A630000135802D47F8040BF5D1072302932046FE
:10A640002023694604930096019565F0B1DD206CE6
:10A6500041F2DF2160F01CDA09B0F0BD2DE9F047CE
:10A66000571A7E1C1FFA86F94FEA89034FF6FC71D0
:10A6700086B004461940006C41F6DE3260F0E2D943
:10A680000546002871D010234FF0600ADFF8E08003
:10A690008DE8080404AA022320460021CDF8088092
:10A6A0005EF0CCD8BDF81020BDF8123092059B05A5
:10A6B0009B0D920D43EA8222C246002308E055F822
:10A6C000231001F07F61114345F8231001339BB241
:10A6D000BB42F4DD20234FF4A0788DE80801DFF8B9
:10A6E00094802A46334620460721CDF808805EF044
:10A6F000B3D8206C41F6F23160F0CAD94FEA49096B
:10A700004FF6FE71206C09EA010141F6F53260F066
:10A7100099D9054648B310234FF0620C8DE8081014
:10A720002046012300210DF11602CDF808A05EF0AD
:10A7300085D8002305E0BDF8162025F81320013345
:10A740009BB2BB42F7DD10234FF4E07E8DE808405A
:10A75000204607212A463346CDF808805EF07CD893
:10A76000206C41F6024160F093D906B0BDE8F08755
:10A77000CD2187006149870010B5044660F098D963
:10A780002046012200234FF430615CF0FDDF2046BB
:10A79000042200234FF430615CF0F6DF20460822EB
:10A7A00000234FF430615CF0EFDFF02220461346C7
:10A7B0004FF430615CF0E8DF4FF4706220461346DE
:10A7C0004FF430615CF0E0DF204600234FF430614D
:10A7D0004FF480525CF0D8DF20460622042340F676
:10A7E00007315CF0D1DF20463822082340F60731DC
:10A7F0005CF0CADF2046002340F607314FF4E072D8
:10A800005CF0C2DF20463022102340F60B315CF0B2
:10A81000BBDF40222046134640F60B315CF0B4DF2C
:10A82000204640F60B314FF4F0624FF480635CF049
:10A83000ABDF204640F60B314FF4F0424FF40053AB
:10A840005CF0A2DF94F8FC392046012B14BF4FF4D2
:10A8500080534FF4105340F60C314FF6FF725CF00A
:10A8600093DF204640F60C314FF6FF724FF48053D1
:10A870005CF08ADF204640F60D314FF6FF724FF450
:10A8800050435CF081DF204640F60E314FF6FF72F8
:10A890004FF478435CF078DF2046102340F60F3108
:10A8A0004FF6FF725CF070DF20464FF431614FF6D7
:10A8B000FF724FF478435CF067DF204640F61131B9
:10A8C0004FF6FF724FF47D435CF05EDF20460F22AF
:10A8D000002340F612315CF057DF2046F0220023BF
:10A8E00040F612315CF050DF2046002340F6123172
:10A8F0004FF470625CF048DF20460F22002340F6E0
:10A9000013315CF041DF2046F022002340F6133182
:10A910005CF03ADF2046002340F613314FF47062BA
:10A920005CF032DF20460F22002340F614315CF049
:10A930002BDF2046F022002340F614315CF024DFA8
:10A94000204640F614314FF4706200235CF01CDFA7
:10A9500020460F2240F6153100235CF015DF20461B
:10A96000F022002340F615315CF00EDF2046002374
:10A9700040F615314FF470625CF006DF204603228A
:10A98000012340F616315CF0FFDE20460C22002346
:10A9900040F616315CF0F8DE20463022102340F6F7
:10A9A00016315CF0F1DE2046C022402340F616311D
:10A9B0005CF0EADE2046002340F616314FF4407288
:10A9C0005CF0E2DE204640F616314FF440624FF470
:10A9D00080635CF0D9DE20460322002340F6173165
:10A9E0005CF0D2DE20460C2240F617314FF6FC73A5
:10A9F0005CF0CADE2046302240F617314FF6F07385
:10AA00005CF0C2DE2046C022002340F617315CF025
:10AA1000BBDE204640F617314FF440724FF47F43BF
:10AA20005CF0B2DE204640F617314FF440624FF43E
:10AA30007C435CF0A9DE20460122002340F606316B
:10AA40005CF0A2DE1F222046134640F605315CF082
:10AA50009BDE4FF6FF722046134640F604315CF051
:10AA600093DE4FF6FF722046134640F608315CF045
:10AA70008BDE204640F609314FF6FF7247F6FF7332
:10AA80005CF082DE2046082340F60A314FF6FF7262
:10AA90005CF07ADE20463F2340F602314FF6FF722B
:10AAA0005CF072DE2046FF2340F603314FF6FF7262
:10AAB0005CF06ADE0F222046134640F601315CF05E
:10AAC00063DEF0222046134640F601315CF05CDE86
:10AAD0000122204613464FF430615CF055DEA36B33
:10AAE0002046D96EBDE810405FF0029A2DE9F04390
:10AAF000044689B00F469046006C4FF4806141F2E5
:10AB0000366299465FF09EDF064600284ED001224D
:10AB10001346204640F29C41C4F8D0705CF034DE0D
:10AB200020469DF840105FF041DB28222046394640
:10AB300061F09CDFB0F5807F054603D9206C41F2BF
:10AB4000526131E0204640F2D661032200235CF0DE
:10AB50001BDE08221346204640F2DA615CF014DE68
:10AB6000282342468DE8280020463346394665F0C2
:10AB700061D915230396059300262023204603A9B7
:10AB800007930495069665F013DB9DF84430204644
:10AB9000019329464FF6FF723346CDF8009062F0DC
:10ABA000F1DF206C41F266615FF072DF09B0BDE851
:10ABB000F08300002DE9F04F00218FB0076C90F872
:10ABC0005250ADF83210ADF834100446002109A8F7
:10ABD0000C22F7F393F60023ADF8363097F81536CC
:10ABE00013B197F8161601E097F81416D4F8DC00A4
:10ABF0002A465FF0BDDC8046002800F060812046D8
:10AC000001215FF0D3DAB8F8005045B12DB24FF40E
:10AC10007A726A432046012163F098DE0125B8F874
:10AC2000023063B10135EDB21BB24FF47A725A4370
:10AC30002046294663F08ADE012D0AD100E0DDB10D
:10AC400002230093012100230193029320460A4628
:10AC500008E0022301210093019300230293204680
:10AC60000A460B4663F014DF204605214FF4867236
:10AC70000DF1320361F01CDE00252E46A94638F89E
:10AC8000051029B304200B238DE8090009B20DAA91
:10AC90004FF4FA73204661F07BDBBDF83420BDF839
:10ACA00032301C3AD21AB7F9181613B299420FDC97
:10ACB0000EA9062303FB061338F80510013623F806
:10ACC000141C23F8122C23F8100CB6B24FF0010913
:10ACD0000235042DD3D102230693102308930DF1DE
:10ACE0003603049300250123204604A90593079504
:10ACF00062F094DE10238DE82800724B022102934B
:10AD0000204601230DF1360201355DF0A5DD402D11
:10AD1000F0D10025204629462A462B46009501956C
:10AD2000029563F0B5DEB9F1000F40F0B180C2E0EA
:10AD30000EAB4FF0060909FB053939F8148C0135C3
:10AD4000EDB20FFA88FA4FF47A7202FB0AF220464B
:10AD5000294663F0FBDDB7F91A2639F9123C9A420D
:10AD600001DD002006E0B7F91C269A4201DD012032
:10AD700000E002205FF0F4DB29460246204663F043
:10AD800039DEBAF1000FB8BFCAF1000A4FEA8A0AE9
:10AD90004FF0000940F271239A450ADD09F10109DB
:10ADA0005FFA89F9AAF59C6AB9F1200FAAF1020AA3
:10ADB000F0D10FFA88F3002BD8BFC9F100095FFA70
:10ADC00089F94FFA89F34FEA48086FF41C7202FBC5
:10ADD0000388002BB8BF5B42022B59DD4FF0000AFD
:10ADE000002150465FF058DC0FFA88FB8BEAEB73CA
:10ADF000A3EBEB73984244D1012150465FF04CDC49
:10AE00000221804650465FF047DCBBF1000F8246CE
:10AE10004FFA89F30ADA002BDBBF5FFA89FB0BF1EB
:10AE2000400909F1FF3B0BF13F0B09E0002BDBBFB1
:10AE30005FFA89FB0BF1400909F1010B0BF1410BA2
:10AE40004FFA89F3204604A9079362F0E7DDBDF8C5
:10AE500036302046984404A9ADF8368065F0A8D96C
:10AE60004FFA8BF3204604A9079362F0D7DDBDF8B3
:10AE7000363020469A4404A9ADF836A065F098D93A
:10AE800006E00AF1010A5FFA8AFABAF1060FA7D1C1
:10AE9000B542FFF44DAF4FF00003012E0093019334
:10AEA000029320464FF0050101D1324601E0012214
:10AEB000134663F0EDDD204600215FF077D90FB037
:10AEC000BDE8F08F614987002DE9F74390460822DD
:10AED0000F461E4640F6070113460446056CBDF8B2
:10AEE00028905CF051DC01221346204640F6070111
:10AEF0005CF04ADC4FF400521346204640F646010F
:10AF00005CF042DC204640F639013A465CF06EDCEB
:10AF100094F86D33204640F635010BB1802200E0F5
:10AF200020225CF063DC20464FF4046100225CF0D8
:10AF30005DDC204640F634017F2233465CF024DCA1
:10AF400020464FF401614FF480434FF440425CF0DF
:10AF50001BDC94F86D33204640F6360113B14FF4F4
:10AF6000807200E040225CF041DC204640F6460161
:10AF70000F2208235CF008DC94F86D63204640F64D
:10AF80004601F02256B190235CF0FEDB204640F6ED
:10AF900046014FF470624FF4106308E033465CF0F2
:10AFA000F3DB204640F646014FF4706233465CF016
:10AFB000EBDB204640F633017F2243465CF0E4DBC6
:10AFC0004FEA0923204640F633014FF4FE4203F4D2
:10AFD0007F435CF0D9DB012620463B4964220023F5
:10AFE00000960196FFF782FD4FF4805213462046EB
:10AFF00040F6A5115CF0C8DB3246334640F68811B6
:10B0000020465CF0C1DB4FF49670FCF37BF13246D6
:10B01000204640F637015CF0E9DB44F6216602E0A9
:10B020000A20FCF36FF1204640F637015CF0CCDBE0
:10B0300030B1013EF4D103E00A20FCF363F101E0FA
:10B0400044F62166204640F637015CF0BDDB08B1CE
:10B05000013EF1D140F6370120465CF0B5DBC10777
:10B0600005D594F8153343F0010384F81533002314
:10B07000204640F6A5114FF480525CF085DB204657
:10B080005FF09CD92046002340F2A66141F6FF7292
:10B090005CF07ADBD4F88C312046B3F98C20B5F91A
:10B0A000043C40F609019A42B4BFB5F8065CB5F815
:10B0B00048554FF68072ED0105EA020303B0BDE882
:10B0C000F0435CF0619B00BFA0252600F0B54F4B1C
:10B0D00091B0044602AA03F1200618685968154683
:10B0E00003C50833B3422A46F7D118689B88286005
:10B0F000AB80012384F8263AA36B8E21186966F091
:10B100002BDE400086B2972502E00A20FCF3FAF01D
:10B11000A36B06F17401186966F01EDE08B1013DEB
:10B12000F3D1A36B4FF44271186966F015DEA36B7F
:10B13000074640F20A31186966F00EDEA36B054639
:10B140004FF44371186966F007DEA36B064640F2C0
:10B150000E31186966F000DEBE1936042D18761916
:10B160000AD194F8253A4FF67862ADF83820002BD2
:10B1700031D084F8266A2EE04FF48673ADF83C3067
:10B1800006F580760023760A00930FAB3602019312
:10B190000DAA0EAB20460CA90C965DF0BDDFBDF9E3
:10B1A00038201B4B9B1A002BB8BF5B42702B94F8C6
:10B1B000EC2A02D85AB1282B09D94FF67863ADF89A
:10B1C000383094F8253A13B1002384F8263A12B1A6
:10B1D000002384F8EC3A236CBDF9381093F8353627
:10B1E000891008467BB14AB212F1560F0BDA12F100
:10B1F000690F08DB6FF056039B1A10AA02EB43039A
:10B2000013F8380C401840B211B0F0BD18390100E5
:10B2100078FEFFFF436C2DE9F041D3F8203104465E
:10B2200003F001030D4683F001061BB9836B186917
:10B2300066F0B4DD2046276C5EF0C2DF40F27F414D
:10B24000A7F802042046276C5CF0BEDAC005C00DEA
:10B250004010A7F80404226F41F6062313402BB9CF
:10B2600044F62062102D08BFFA2200E0FA22A36BF8
:10B27000B821186966F07CDDA36B41F606271869D2
:10B2800066F098DD2046FFF765F8236F1F407FB911
:10B29000A36B20461B6A0121C4F8D430D4F88C81FA
:10B2A0005FF00CD9D4F88C31A8F88C00C3F8887002
:10B2B000082D01D0E80606D503210A22204660F0B9
:10B2C000B1D9082D01D0A90604D5204664F0D0DC00
:10B2D000082D01D06A0604D5204662F071DE082DE3
:10B2E00001D0EB0506D5236C93F8173613B1204631
:10B2F000FFF760FC204660F0BBDD2046FFF72AF830
:10B30000082D01D028060BD5256C95F8643523B19E
:10B31000204666F0F1DBC5F85405204665F074D888
:10B3200020465CF053DB1EB9A36B186966F036DD6E
:10B3300020460021FFF748F9236C93F8333673B1A8
:10B3400020460121FFF740F9204640F237614FF4D3
:10B3500040424FF40043BDE8F0415CF0159ABDE86F
:10B36000F081816BD0F8D4300A6A10B59A42044655
:10B3700001D3D31A01E0DB439B18D4F8282393426E
:10B3800000D302BB8A6E93421FD3D4F88C31D3F81A
:10B390008830D3B9012120465FF090D8D4F88C21B1
:10B3A000B2F88C3019B28842CCBFC3EB0000C0EBBE
:10B3B000030094F8661300B2884208DAA36B9B6E10
:10B3C000C2F8883001E0012010BD002010BD01202E
:10B3D00010BD01207047000001290BD1012B09D8B5
:10B3E000013B064902EB830251F822305A1C03D07C
:10B3F000C01870470020704700207047745B010040
:10B40000142303FB010070478369DA688A4218BF7E
:10B41000D960704738B504462569006835B105F52F
:10B42000077115F031DC2846FCF390F2E06C002542
:10B43000256108B1FCF38AF2E56438BDF8B584698A
:10B4400005460668E06A08B1FCF380F2E969B06875
:10B45000002708F081DD00212846FFF7D5FF2846A8
:10B4600084F83D70FFF7D6FF304623F0F9D82782E5
:10B470006762A762E7622783F8BD10B550B1D0F8C4
:10B48000400238B1072905D83C2404FB0101885843
:10B49000C3188B5010BD2DE9F0410C4616460546E9
:10B4A000002831D0D0F84032002B2DD03C2202FBB6
:10B4B000013318221F6A3346FFF7DFFF2846214673
:10B4C0001C220123FFF7D9FFBE422846214601D2A4
:10B4D000242214E0B6EB470F01D228220FE0B6EB8E
:10B4E000870F01D22C220AE0B6EBC70F01D230221F
:10B4F00005E0B6EB071F01D2342200E03822012319
:10B50000BDE8F041FFF7B9BFBDE8F08173B504684D
:10B510000325204601214FF48062002300951DF091
:10B5200099DA002120460A46012300954DF084DB7C
:10B530000026D4F864329D599DB1AB798BB9D5F80A
:10B5400018315A6C22F001025A641A78012A01D18A
:10B550005B7F33B12846002122F0BCDD284667F02E
:10B56000B1DA0436202EE4D1204602B0BDE87040A6
:10B5700023F07698F8B5D0F8B0550446AE69F36874
:10B58000002B30D0012B30D028460121FFF73CFFA3
:10B59000A068E96908F0E0DC28B128460021FFF73F
:10B5A00033FF012700E00746338A83B1236A186915
:10B5B0005CF07CDB338A834209D0204623F0E4DE52
:10B5C0002046318A22F012DA20461BF08BD9D4F8BB
:10B5D000B005FFF79BFF204624F0CED92846FFF7A1
:10B5E0002DFF3846F8BD0120F8BD0020F8BDFFF75B
:10B5F000C1BF002070472DE9F843DDF820800446E4
:10B60000D8F800700E46154699460FB91FE01F4640
:10B610003B68A3B1BCB12046F9683246F7F3D6F0D7
:10B6200028B9284679684A46F7F3D0F018B17B6903
:10B63000002BECD10BE0C8F80070BDE8F8836FF088
:10B640000100BDE8F8836FF00100BDE8F883C8F899
:10B6500000706FF01D00BDE8F8831FB50C46416B0C
:10B6600081B104A840F8041D009019461046BDF8A9
:10B670001C30069AFFF7BFFF30B92CB1039B1B6843
:10B68000236001E04FF0FF3080B204B010BD10B570
:10B690000C4699B10B6863B10846F5F3CFF7E06843
:10B6A000FCF354F16068FCF351F100232360E36084
:10B6B00063602046BDE81040FCF348B110BD2DE9A1
:10B6C000F84F476B04460D4616469B46DDF828A00A
:10B6D000BDF82C90002F33D0B1B9AAB930E07DB9B4
:10B6E00076B1BAF1000F0BD03046F9685A46F7F33D
:10B6F0006DF028B9504679684A46F7F367F050B1C3
:10B700007B691BB9BDE8F88FB84601E0B8461F4613
:10B71000AF42E4D1A7B1636B39469F427B6908BF52
:10B720006363C8F8143023685868FFF7B0FF94F8D3
:10B730003030013B84F83030636B0BB984F8303023
:10B74000BDE8F88F10B5044605E04B6963632368D4
:10B750005868FFF79CFF616B0029F6D184F8301020
:10B7600010BD2DE9FF471E460023039390F83030AB
:10B770000446102B88461746DDF83090BDF834504B
:10B7800009D9416B39B14A680B7C00920A89019250
:10B79000CA68FFF794FF636B0393B8F1000F65D09D
:10B7A000002F63D0B9F1000F60D003AB009338468F
:10B7B00031464A462B46FFF71EFF824628B9039BB7
:10B7C00041461868F5F31EF755E01E3053D1182096
:10B7D000FCF3B0F0824600284BD02069F5F3C0F6A8
:10B7E000CAF80000B0B13046FCF3A4F0CAF80C006F
:10B7F00018B95046F5F322F70CE02846FCF39AF00E
:10B80000CAF8040050B95046F5F318F7DAF80C00FE
:10B81000FCF39CF05046FCF399F02AE0636B2BB9E3
:10B82000012384F83030C4F834A007E094F83030B5
:10B83000013384F83030039BC3F814A0DAF80C000D
:10B8400039463246CDF80CA0F6F3D4F7039B4946AF
:10B850001E7458682A46F6F3CDF7039B41461D81B6
:10B860001868F5F3C1F64FF0000A04E06FF0010A22
:10B8700001E06FF01A0A504604B0BDE8F087F8B551
:10B880001E4614460D460CE0FEF7D8F8B04215D01F
:10B890007A78931C9C420ED9ED186FF001039B1A25
:10B8A000E41854B128462146FF22F7F321F4074655
:10B8B0000028E9D102E0002700E027463846F8BD1D
:10B8C00008B511461A464FF4AE73FFF7D8FF58B1CA
:10B8D0004378A3F12102D2B2202A04D8029A013B74
:10B8E0001370033008BD002008BD2DE9F04704683F
:10B8F000A0B0D0F80480064602200F688946F4F70D
:10B9000061FA002501212A4620238246606A1F959C
:10B91000F1F3A2F501212A4620231D90606AF1F37C
:10B920009BF501212A4620231E90606AF1F394F5CD
:10B9300001212A4620231A90606AF1F38DF5202315
:10B9400001212A461B90606AF1F386F514372946D7
:10B950001C9052460FA808F1E205F6F3CFF7062235
:10B9600038462946F6F332F7002817A807DD39468E
:10B970000622F6F33FF70DF16200294606E029465C
:10B980000622F6F337F70DF1620039460622F6F388
:10B9900031F717AA01920C22002307AD0FA90292DA
:10B9A000202752460220009303950497F4F730FBBA
:10B9B0001B98F2F3ABF22A4601213B461A98F2F3A8
:10B9C00079F2A3691C9861691B9AF1F7C8FF1A986C
:10B9D0001C9A0146F1F7F6FF1A981B9A0146A369D3
:10B9E0000836F1F77AFF304698F81850F7F332F03E
:10B9F00080B201901FA9204608F119022B4600963B
:10BA0000FFF72BFE08B91F9BA3B11A99D9F8D420D0
:10BA10001F98F5F349F71DA91EAAD9F8D400F5F32C
:10BA20002BF61AA8F1F356F61BA8F1F353F61CA84F
:10BA3000F1F350F620B0BDE8F08770B5456892B0DC
:10BA400004460026286801A9202211961BF0CEDBAF
:10BA50002023012101AAD4F8C000F2F32BF22868B8
:10BA600009A920221BF0C2DB686A0121324620238B
:10BA7000F1F3F2F4119000B3012109AA2023F2F3AB
:10BA800019F26B69D4F8B800D4F8C010119AF1F724
:10BA900024FFD4F8DC201199D4F8D400F5F304F78E
:10BAA000D4F8DC000146F5F3B9F6D4F8DC0004F173
:10BAB000C40104F1C802F5F3DFF511A8F1F30AF6A9
:10BAC0000021202209A8F6F319F701A8002120225D
:10BAD000F6F314F712B070BDF0B5C1B007AD0C4667
:10BAE0001746114628460222F6F384F601210DF18D
:10BAF0001E022023D4F8BC00F1F302F601210DF15F
:10BB00003E022023D4F8CC00F1F3FAF501210DF127
:10BB10005E022023D4F8D000F1F3F2F501210DF1FB
:10BB20007E022023D4F8B800F1F3EAF501210DF1EB
:10BB30009E022023D4F8C400F1F3E2F501210DF1B7
:10BB4000BE022023D4F8C800F1F3DAF500238DE813
:10BB50002800C2222025029238AE04F118012A469C
:10BB6000022003960495F4F753FAB81C31462A468E
:10BB7000F6F32CF6D0F1010038BF002041B0F0BD43
:10BB800030B590F88C318DB004460D68002B3FD055
:10BB9000D0F8D40008A909AAF5F36EF520230121F5
:10BBA0006A460998F1F3ACF5D4F87031E31893F8CC
:10BBB00093219DF81F305340D80724D5012100223E
:10BBC000EB69686AF1F348F4EB690A9001210022FD
:10BBD000686AF1F341F401210B900A9A2869F5F3A0
:10BBE000A9F600230B980A99099AF1F7B8FE08996B
:10BBF0000B9AD4F8D400F5F3D9F50AA8F1F36AF555
:10BC00000BA8F1F367F52046FFF717FF002501E0C9
:10BC10004FF0FF35E43404F1A000F1F35BF504F1DB
:10BC20009C00F1F357F504F1A400F1F353F504F18E
:10BC3000AC00F5F303F504F1B00000212022F6F387
:10BC40005DF628460DB030BD2DE9FF410546006880
:10BC500032F8066F0C46D0F80080FFF73DFF002851
:10BC600033D06968A4F864608F7904F138068FB91D
:10BC7000D8F8D0063246202376F0ACDC2368696819
:10BC800014338DE888003246D8F8D006202376F0A9
:10BC9000B5DB17E01023009323684FF4802714339B
:10BCA000019308462022314604F10803029750F020
:10BCB00095DE48B92168686814313A46D5F88C3069
:10BCC000FDF72EFF012000E0002004B0BDE8F08168
:10BCD0002DE9FF41D688B1F8643005460068B342CB
:10BCE0000C46D0F800803BD84FF6FF739E4237D009
:10BCF0000632FFF7F1FE002833D06968A4F86460CB
:10BD00008F7904F138068FB9D8F8D006324620234F
:10BD100076F060DC2368696814338DE88800324669
:10BD2000D8F8D006202376F069DB17E010230093C3
:10BD300023684FF4802714330193084620223146AC
:10BD400004F10803029750F049DE48B92168686899
:10BD500014313A46D5F88C30FDF7E2FE012000E0C0
:10BD6000002004B0BDE8F08173B5002304460B99B0
:10BD7000006801931646089D41F01CDB079B032BCE
:10BD800004D901A806990422F6F334F50C3E032EDB
:10BD90001CD8DFE806F00A0F0204A36A08E0019B42
:10BDA0005A1E272A15D8A3620EE0E36AC3F34003A4
:10BDB0002B6009E00198E36A18B923F00203E362FB
:10BDC00009E043F00203E362002004E06FF0160094
:10BDD00001E06FF001007CBDF8B5876805464FF4BF
:10BDE000E0700E46FBF3A6F50446002878D000214B
:10BDF0004FF4E072F6F382F5266065600023F4519B
:10BE0000686AA4F8AC30012100222023F1F324F366
:10BE1000C4F8BC00002866D0686A012100222023F3
:10BE2000F1F31AF3C4F8B80000285CD0686A012165
:10BE300000222023F1F310F3C4F8CC00002852D0E4
:10BE4000686A012100222023F1F306F3C4F8D00030
:10BE5000002848D0686A012100222023F1F3FCF277
:10BE6000C4F8C00000283ED02869F5F379F3C4F87F
:10BE7000D400002837D02869F5F372F3C4F8D8004D
:10BE8000002830D02869F5F36BF3C4F8DC0050B318
:10BE90001323A4F866302B681749986832460023AC
:10BEA00008F0DED82B68A066144998683246002353
:10BEB00008F0D6D82B68C4F8B0001149986832460B
:10BEC000002308F0CDD82B68C4F8B4000D49986859
:10BED0003246002308F0C4D8C4F8E000002408E08B
:10BEE0006FF01A0401E04FF0FF34284631466DF040
:10BEF000D5DC2046F8BD00BF85D1870079D1870009
:10BF00000DD187005DDF8700F8B547680646CD593B
:10BF10000C46DDB1436B0BB1FFF714FCD5F89C1058
:10BF200049B13368986808F017D83368D5F89C1081
:10BF3000986808F07DD8D4F8243413B120464FF027
:10BF40002FDA2846FBF302F50023E351F8BD000089
:10BF50002DE9F041D0F89830D0F8901001334468C2
:10BF60008B4225688EB00246C0F8983009D1D0F8CF
:10BF700094307BB1D2F89C104FF47A72A8685A437F
:10BF800004E007D2D2F89C10A868214A002307F0E9
:10BF9000BDDF39E0D5F8D006214675F037DF237ACA
:10BFA000002B31D0D4F80801F7F314F3074658BB3F
:10BFB000227E04F1DC080EAE04F1190106A846F851
:10BFC000242DF6F317F421464246284671F068D82E
:10BFD00004F1E20301930223024602932146434601
:10BFE0002846CDF8008020F0F5DC3946204639F0AF
:10BFF000C9D92146284640F059DF28461A21324641
:10C0000024230097F6F76EFA0EB0BDE8F08100BF6A
:10C0100080EE36002DE9F04F0D68ADB004460121E9
:10C02000A86922AA2023D5F800B0F1F369F34FF0F4
:10C03000080AD4F8683194F86C11E21804F1E406A7
:10C0400082F8E31006F18C020C210DF168090192CF
:10C0500006F190003246CDF80090F9F343F2D4F89F
:10C06000701140480591F6F3F5F422AA03464FF00B
:10C070002008009206AF05993A4A4846CDF8048058
:10C080000297CDF80C80F9F307F201213A464346B6
:10C09000D4F88801F1F30EF758466EF017DAD4F8A9
:10C0A0008801A969F1F39CF2002836DAD4F88431CA
:10C0B000CDF808B000932C4BD4F88811019328696F
:10C0C000D4F89021D4F88031F5F3E8F228BB94F845
:10C0D0008C3113BB2869D4F89011F5F3C7F4E0B1A3
:10C0E000012384F88C314946D4F8702106F1B00060
:10C0F000F6F380F3D4F890012AA92BAAF5F3BCF249
:10C100002A992B9AD4F8D400F5F350F3D4F8682187
:10C1100028683146013A1BF069D894F86C31013334
:10C12000DBB284F86C31AA6A934207D80AF1FF3A6D
:10C130005FFA8AFABAF1000F7FF47BAF0021502238
:10C1400006A8F6F3DBF3002120221AA8F6F3D6F3B3
:10C1500094F86C01AB6A984234BF002001202DB0E6
:10C16000BDE8F08F62E6890075EA87002DE9F04F9F
:10C170004368CFB0CB58044603F1080948468846C7
:10C18000F6F368F407460220F3F71CFE00234EA9DD
:10C1900041F8043DBBB208F1190207930692079AD1
:10C1A0008346019298F818302046069ACDF8009000
:10C1B000FFF753FA18B94D9B002B40F00A8101217B
:10C1C00000222023606AF1F347F10121002220239D
:10C1D0004290606AF1F340F1012100222023439054
:10C1E000606AF1F339F10121002220234490606A52
:10C1F000F1F332F10121002220234590606AF1F32E
:10C200002BF10121002220234690606AF1F324F1F2
:10C2100001210022E3694790606AF1F31DF10521D5
:10C22000024649902069F5F385F3E3690121002274
:10C23000606AF1F311F10421024648902069F5F398
:10C2400079F32069F5F38CF14A902069F5F388F1D0
:10C250004B902069F5F384F108AD002180224C90C9
:10C260002846F6F34BF33A4628464946F6F3C2F21F
:10C27000012100223023606AF1F3EEF00121002257
:10C2800030234090606AF1F3E7F0002633460DF169
:10C29000E00A419098F818200195022028AD0699EF
:10C2A00002970096CDF80CA0CDF810B0F3F7B0FED1
:10C2B000302231462846F6F321F34748F6F3CAF315
:10C2C000454B302700930190514602205A46334691
:10C2D00002950397F3F7BCFE01213B462A4640989E
:10C2E000F1F3E8F54098A2690146F1F76BFB429B38
:10C2F00048990093439B499A01934098A369F1F7A9
:10C3000079FF4299439A4B98F5F350F231463A46F9
:10C310002846F6F3F3F23148F6F39CF32F4B0190E5
:10C32000009351465A463346022002950397F3F78D
:10C330008FFE3B4601212A464198F1F3BBF5419817
:10C34000A2690146F1F73EFB449B48990093459B47
:10C35000499A01934198A369F1F74CFF4499459A92
:10C360004C98F5F323F24C994A9A4B98F5F3A2F0C6
:10C37000079A98F8183001924A99069A2046CDF803
:10C380000090FFF7EEF946A947AA4A98F5F374F131
:10C3900042A8F1F39FF143A8F1F39CF144A8F1F313
:10C3A00099F145A8F1F396F148A8F1F393F149A862
:10C3B000F1F390F140A8F1F38DF141A8F1F38AF186
:10C3C0004BA8F5F33BF14CA8F5F338F14AA8F5F387
:10C3D00035F14FB0BDE8F08FB85B0100D25B0100D2
:10C3E000C06A00F00100704721B18368CB5893F810
:10C3F000BC017047084670472DE9FF414768044675
:10C400000023D0F8008038460E46A2F16805039359
:10C41000FFF7E6FF90B138464146FFF7E5FF68B108
:10C4200003AB009321462B46386806F16002FFF704
:10C4300047FA039D014610B99DB100E03146A5F1D0
:10C440002003202B0DD8B4F8AC309D4209D104F163
:10C450006C002A46F6F3BAF1002814BF052000202C
:10C4600000E0052004B0BDE8F08100002DE9F041B6
:10C470009846B8B00023359336937F4B07460C4659
:10C4800030AE03F1100E18685968354603C50833FD
:10C4900073452E46F7D13D680121202302F108069D
:10C4A000686A0022F0F3D8F735902869F5F358F060
:10C4B000B8F1680F369015D97B689B79002B00F096
:10C4C000B9802846FFF78CFF20B128462168FFF786
:10C4D0008BFF48B9A8F168081FFA88F8A4F8AC8067
:10C4E000464401E040F0A880D4F8BC000121324667
:10C4F0002023F1F3DFF4D4F8BC00F1F3F9F20028C3
:10C5000040F09C80D4F8BC006969F1F369F0002820
:10C5100080F29480012106F120022023D4F8CC007F
:10C52000F1F3C8F40121D4F8D00006F14002202331
:10C53000F1F3C0F4D4F8BC00D4F8B810F1F350F023
:10C5400070B9D4F8CC00D4F8C410F1F349F038B97C
:10C55000D4F8D000D4F8C810F1F342F000286FD01E
:10C56000D4F8D800D4F8CC10D4F8D020F5F31EF1CC
:10C57000002867D0D4F8BC10D4F8D400369AF5F36C
:10C5800093F13698D4F8D8100246F4F393F736981E
:10C59000D4F8C010024620AEF5F386F1369834A9DF
:10C5A0000022F5F369F03246202301213498F1F39B
:10C5B000A7F00021202228A8F6F3A0F1202137AB14
:10C5C000324618AF019328A80B460097F8F38AF774
:10C5D000D4F8B810D4F8BC206B693598F1F77DF920
:10C5E0002023324601213598F1F38AF0314610229A
:10C5F00004F10800F6F3FEF030A8F6F32BF2202544
:10C60000402203460096039204AE294630AA3846DB
:10C6100001950296F8F340F704F1180031462A46D6
:10C62000F6F3E8F004F138000CA92A46F6F3E2F03C
:10C63000002408E0FF2406E0042404E0032402E0D0
:10C64000012400E0022435A8F1F344F036A8F4F305
:10C65000F5F70021202218A8F6F350F1002150220E
:10C6600004A8F6F34BF120A800212022F6F346F1AE
:10C67000204638B0BDE8F081FEE589002DE9F04F95
:10C680001D46836889B0EF5843688046CB580E46F4
:10C690000793184691463946129A139BFFF7E6FE18
:10C6A0000328044601D1009005E0022801D00428A7
:10C6B00016D10323009301230193029300230393D4
:10C6C0000493D6F808313046B3F8623005F114010E
:10C6D000C3F3401305934A462B46F7F70BFB65E07F
:10C6E000012862D0002861D1B7F86230404601339A
:10C6F000A7F86230FFF774FE40B140462946FFF7C5
:10C7000073FE002814BF7E20002000E02046012395
:10C710004FF0000A4FF0030B0193D6F80831CDF823
:10C7200000B00290CDF80CA0CDF810A0B3F86230A4
:10C7300005F1140CC3F34013614605934A462B469A
:10C740003046CDF818C0F7F7D5FACDF800B0D6F8D6
:10C7500008314FF0020BCDF804B0CDF808A0CDF8A9
:10C760000CA0CDF810A0B3F86230DDF818C0C3F308
:10C770004013614605934A462B463046F7F7BAFA0E
:10C78000D9F80030B96EC7F85930B9F80430A7F8B5
:10C790005D30D8F800309868079BD3F8882053465E
:10C7A00007F0B4DB87F858B000E0FF24204609B05A
:10C7B000BDE8F08F2DE9F04FD0F804A087B09AF8CB
:10C7C000063005460C4693460768D1F8009043B3FF
:10C7D00090F8A93013B1013B80F8A930D4F8B431F6
:10C7E00038460093D4F8B831514601935A464B4627
:10C7F000FFF744FF0646D4F8B40168B10021D4F82D
:10C80000B821F6F37BF0D4F8B401FBF39FF00023DA
:10C81000C4F8B431C4F8B831002E14BF022000208F
:10C820002DE03846FFF7DCFD38B138464946FFF7C2
:10C83000DBFD002814BF7E20002003234FF00108F9
:10C840008DE808010026029003960496DAF8083174
:10C8500009F11401B3F862305A46C3F3401305934B
:10C8600050464B46F7F746FA3B68A16E9868D5F8F4
:10C870008820334607F04ADB84F85880304607B0FA
:10C88000BDE8F08F052B10B503D1BDE81040FFF7D0
:10C8900091BF43689B792BB190F8A93013B1013B4C
:10C8A00080F8A930022010BD2DE9F0419846436878
:10C8B00005469B790C461646069F8BB190F8A93029
:10C8C000013380F8A9303846FBF334F0C4F8B401E2
:10C8D000002834D041463A46F5F38CF7C4F8B871D5
:10C8E0000023A4F86030A4F86230A4F86430336800
:10C8F000C4F85930B388A4F85D302868FFF770FD9C
:10C9000090B128682168FFF76FFD68B1214628467D
:10C91000FEF7EBFF2046FFF790F828462146324607
:10C92000BDE8F041FFF746BF204629466CF04EDDDA
:10C9300020B9042384F85830BDE8F0810220BDE816
:10C94000F0812DE9F04387B015460F9A0646012A7B
:10C950000C461F46DDF83880D0F804C0D1F80090AE
:10C9600059D19B88072D8CBFFA88FF220BB17E2BF3
:10C9700059D100217E2B84F8BC1103D1012384F806
:10C98000BC3104E01BB96368DB6A98074BD5132AF6
:10C9900016D0032101224D238DE80E0000230393BE
:10C9A0000493DCF808316046B3F8623009F11401F1
:10C9B000C3F34013059342464B46F7F79BF932E029
:10C9C00096F8A80007F1080196F8A99040B901234C
:10C9D00086F8A830B9F1000F28D1682D0AD904E0F3
:10C9E000B9F1000F12D1682D0AD920462A466DF000
:10C9F0000FDAD8B90E953046214642463B460DE047
:10CA0000304621466DF042D848460FE03046214678
:10CA10006DF03CD809E042B90E95424607B0BDE83A
:10CA2000F043FFF741BF022000E0002007B0BDE85F
:10CA3000F0832DE9FF4105680C46A3F10807D1F802
:10CA40000080A4F8AC7000212846039102F108068A
:10CA5000FFF7C6FCA0B128464146FFF7C5FC78B1F8
:10CA600003AB009332463B4628682146FEF728FF79
:10CA7000BDF80C300646A4F8AC3018B913B90FE075
:10CA8000A4F8AC70B4F8AC20A2F120039BB2202B28
:10CA900006D804F16C003146F5F3ACF6002001E055
:10CAA0004FF0FF3004B0BDE8F0812DE9F04F90E881
:10CAB000C00089B00792139A8046012A0C469A4614
:10CAC000DDF848B00D6840F0AC803368896E986836
:10CAD00007F042DA04F16C03002140221846069365
:10CAE000F5F30CF70021A4F8AC100799BAF804206C
:10CAF00007298CBFBAF80610FF214C2A069B3CD1AF
:10CB00004FF00009184649464022A4F86090F5F31A
:10CB1000F5F6A4F8AC90404621465246079BFFF735
:10CB200088FF3046FFF75CFC78B130462946FFF7B6
:10CB30005BFC50B1032201234FF07E0C8DE80C10FA
:10CB4000CDF80C90CDF8109008E003234FF0010EC3
:10CB50008DE808400023029303930493D7F808312B
:10CB60003846B3F8623005F11401C3F3401305935E
:10CB70005A462B46F7F7BEF849E04D2A04D1B4F8DF
:10CB800066308B4218D042E00AB17E2A3FD1132989
:10CB90000ED1079A3046019239465A462B46CDF8B7
:10CBA00000A06CF0D5DF002814BF0220002076E042
:10CBB000B4F86030052B01D900233BE003220123A8
:10CBC0004FF04D098DE80C024FF00009CDF80C90A4
:10CBD000CDF81090D7F8083105F11401B3F86230A0
:10CBE0005A46C3F34013059338462B46F7F782F8AD
:10CBF000B4F86030A16E0133A4F860303368D8F81F
:10CC0000882098684B4607F081D9484647E033684A
:10CC1000A16E9868D8F88820002307F077D9002003
:10CC20003DE0931E012B4FF0000337D8B1F86010A0
:10CC3000052903D984F85830022030E0032A09D1AD
:10CC400032680131A4F860109068A16ED8F888208D
:10CC500007F05CD93046FFF7C3FB38B130462946B0
:10CC6000FFF7C2FB002814BF7E200020032301240D
:10CC70008DE818000024029003940494D7F808313A
:10CC80003846B3F8623005F11401C3F3401305933D
:10CC90005A462B46F7F72EF8204600E0184609B012
:10CCA000BDE8F08F2DE9F3470B6882685B680646A4
:10CCB000D3F808A0D3F80490B3F810801B680D4691
:10CCC000032B5AF80240DAF810701DD1FFF788FBE9
:10CCD000D0B130465146FFF787FBA8B1B4F8AC306D
:10CCE00093B1B9F1010F0FD1B8F14C0F01D0BA795E
:10CCF00052B9AA69FF2000925D2104F16C02DBB2F7
:10CD0000F1F70EFD002001E06FF01600BDE8FC8792
:10CD10002DE9F8430B6882685B680446D3F80890F5
:10CD20005F681E8A1B6859F80280032BD9F81050DF
:10CD300013D1FFF755FBA0B120464946FFF754FB3E
:10CD400078B1B8F8AC0060B1012F06D14C2E01D0FB
:10CD5000AB792BB90330BDE8F8830020BDE8F88338
:10CD60000020BDE8F8832DE9F04F0B6882685B680E
:10CD7000B9B0D3F808805E681F8A1B688146032B10
:10CD800058F80240D8F810A08D69D1F81CB040F0D6
:10CD90009F80012E48D137B1A7F14C039BB2012BE4
:10CDA00001D97E2F0FD1B4F8663038A9284621F872
:10CDB000043D0222F5F31EF502350FB17E2F02D19C
:10CDC0009AF806300BB14C2F13D14846FFF708FBF9
:10CDD00020B148464146FFF707FB50B9B4F8AC20F4
:10CDE0003AB1284604F16C01F5F304F5B4F8AC301F
:10CDF000ED180FB17E2F6ED101212A462023D4F8E1
:10CE0000B800F0F37DF4012105F120022023D4F8CD
:10CE1000C400F0F375F4D4F8C800012105F1400214
:10CE20002023F0F36DF456E0022E54D1B4F86230B2
:10CE300038A921F8023D28463246F5F3DBF4BDF867
:10CE4000DE3038AF27F8C83D01210DF11A0220234A
:10CE5000D4F8B800F0F354F401210DF13A02202384
:10CE6000D4F8C400F0F34CF401210DF15A02202350
:10CE7000D4F8C800F0F344F401210DF17A02202324
:10CE8000D4F8BC00F0F33CF401210DF19A02202308
:10CE9000D4F8CC00F0F334F401210DF1BA022023D0
:10CEA000D4F8D000F0F32CF44FF00008C223029322
:10CEB0000235304604F1180120224346CDF80080A7
:10CEC00001970395CDF810B0F3F7A2F8404603E0C0
:10CED0006FF0160000E0002039B0BDE8F08FF8B523
:10CEE0000B6804465A68836896685168F558138A37
:10CEF00012683769032A2DD1012926D10BB17E2B67
:10CF000012D1BB796BB92046FFF76AFA20B12046EF
:10CF10003146FFF769FA20B9B5F8AC0008B1023024
:10CF200000E002206030F8BD4D2B15D04C2B11D104
:10CF3000FFF756FA20B120463146FFF755FA58B9A7
:10CF4000B5F8AC0050B10230F8BD02290CBF222068
:10CF50000020F8BD0020F8BD0220F8BD0220F8BD79
:10CF600019B18368CB5883F8BC21704770B50C6841
:10CF70000D460646102208460021F5F3BFF42C604A
:10CF800020460021F268F5F3B9F404F52473C4F8DF
:10CF9000EC3004F52C732560C4F8243170BD2DE904
:10CFA000F0470D4698462B68BDF82060099C07683D
:10CFB000896B95F82CC073B193F8009093F801A099
:10CFC00049EA0A29A5F81C9093F81690DB7D49EAF6
:10CFD0000323A5F87E303B68B5F81C9093F8D13058
:10CFE000002B5AD197F92735B3F1FF3F03D190F8C1
:10CFF000A43313B151E0012B4FD0C9F38027B5F80A
:10D000007E9019F00F0901D127B987E027B94FF0B9
:10D01000010904E0012702E04FF000094F46012317
:10D02000002204F5227004F5237176F017DAD4F8A3
:10D030008832984505D1D4F88C32F31A18BF0123F1
:10D0400000E001233FB933B1C4F88872C4F88C7290
:10D05000A4F886725CE0B9F1000F08D00020C4F893
:10D060008802C4F88C02A4F88602BDE8F087B5F8FF
:10D070007E50C4F88882C4F88C62A4F88652484670
:10D08000BDE8F08706D18F88B74294BF00270127FB
:10D0900000E00127F8B2BDE8F087BCF1000F13D023
:10D0A0004B6B03EBC20153F83230984506D307D1DE
:10D0B0008888B04294BF0026012602E0012600E0E5
:10D0C0000026F0B2BDE8F087D1F8E03052019A189E
:10D0D000136998451CD302D1938AB3421BD8936934
:10D0E000984506D307D1908BB04234BF0020012071
:10D0F00002E0012000E0002070B106F07F06F30896
:10D10000D05C06F00706304100F00100BDE8F08772
:10D110000120BDE8F0870120BDE8F0874B6B03EBF1
:10D12000C20153F832309845ACD2B2E72DE9F04F46
:10D130001C4693F860B05F68D368ADF5117D064674
:10D1400005919146156933B11B7A0B2B03D13B78BE
:10D1500003F0010301E0FB789B09E36394F82C30B2
:10D160004946009330462A46E36B4FF023DB0146E5
:10D17000A06320B12A6D40F2371313402BB930461B
:10D1800021464A4671F002DAE2E090F90E2090F969
:10D190000F30D318A2689A42C0F0DA80A269138ACD
:10D1A00013F0080F0DD0007A0B280AD196F8DC0591
:10D1B00038B18879032804D823F008031B041B0C1A
:10D1C00013820B7A042B59D00B2B00F0AE80022B6C
:10D1D00040F0C080BB7897F800A097F8068043EA3B
:10D1E0000A2A7B794FEA084848EA03283B7948EA4B
:10D1F0000308FB79A76E48EA036817F0010740F0BF
:10D20000AC80284621465A464346CDF800A0CDF8CA
:10D210000490FFF7C4FE002800F09F80AB79002B3C
:10D2200040F067823368D3F88830D3F8DC210132CC
:10D23000C3F8DC2194F82C2022B1D3F8B4220132B7
:10D24000C3F8B422D3F8E8210132C3F8E821D5F8B5
:10D25000183193F834301BB12846002165F0E0DB2B
:10D2600094F82C70002F00F044823368D3F8883093
:10D27000D3F8C0220132C3F8C02269E03B7897F8A6
:10D2800001A097F8068043EA0A2AFB794FEA08488A
:10D2900048EA03683B7948EA03087B7948EA0328AF
:10D2A0002B7C13B9EB6DDB0757D4A76E17F0010782
:10D2B00053D1284621465A464346CDF800A0CDF822
:10D2C0000490FFF76CFE002847D0AB79002B40F0AC
:10D2D00010823368D3F88830D3F8DC210132C3F8E8
:10D2E000DC2194F82C2022B1D3F8B4220132C3F807
:10D2F000B422D3F8F0210132C3F8F021D5F8183167
:10D3000093F834301BB12846002165F089DB94F88E
:10D310002C70002F00F0ED813368D3F88830D3F8FB
:10D32000C8220132C3F8C82212E00237C8311022E5
:10D330003846F5F383F500280CDA8D48394610227B
:10D34000F5F3ECF6A16B8B48C8311022F5F3E6F645
:10D350000027CEE14FF00008C24696F8B03293B9EC
:10D360002B6D1F070FD4A06B037A022B02D1F6F3AB
:10D3700031F140B963699B69980004D4A3691B8AA1
:10D38000190700F1FB8063699B695A06E0D4A36921
:10D390001A8A42F008021A82A16B0B7A013B0A2B0F
:10D3A00000F2CE80DFE813F035000B0035006C0092
:10D3B000CC00CC00CC00CC00CC00CC00AE000846A9
:10D3C000F6F308F108B12B7C4BB1A36BD3F888209E
:10D3D000904504D80FD093F88C205A450BD0A16B00
:10D3E000226804F14007384614310A32434601F0FE
:10D3F000C3D9E76501E06433E365A16B04F14A0733
:10D4000038461431E26D534601F080DA3846102177
:10D4100010E06168032284A8F5F3ECF1A36B84A803
:10D4200003F114011A690330F5F3E4F1A36B84A846
:10D430001969033107AAFBF38DF1A36B606893F9B7
:10D440000E30A168C018C91A07AAFBF3A5F1A36B97
:10D45000606893F90E30A168C018C91A4FF0FF3206
:10D46000F6F3F4F0444BA2699842138A04D123F0F6
:10D4700010031B041B0C01E043F0100313827DE03A
:10D480006368DF7817F020071FD00A6948A81431B5
:10D49000D200FBF303F6002321686269484670F06E
:10D4A000A5DC0027A36B01900097196948A82368A1
:10D4B000E268EEF3C7F3831C05D1A3691A8A42F030
:10D4C00010021A825AE0013058D13368D3F88830FC
:10D4D000D3F8DC210132C3F8DC21D3F8F421013286
:10D4E000C3F8F42194F82C20002A00F0FF80D3F830
:10D4F000B4220132C3F8B422D3F8CC220132C3F8EB
:10D50000CC22F6E001F11400E2682431236800F037
:10D51000F9DF00287FF41CAFA26BD2F8D8300133BA
:10D52000C2F8D83033F07C4328D1F2220192D6F8E9
:10D530009401294609F11402009376F05DDE1DE0A6
:10D54000AF79002F7FF404AF3368D3F88830D3F875
:10D55000DC210132C3F8DC2194F82C20002A00F0F1
:10D56000C580D3F8B4220132C3F8B422C1E000BFB1
:10D57000A2ED8900A8ED8900E320BBDEA36B616802
:10D5800093F90E208A18626093F90E1093F90F2018
:10D590008A18A1688A1AA26093F90E1093F90F20D5
:10D5A0008A1821698A1A2261A269128A02F0180275
:10D5B000182A64D1AB79002B7FF4CAAE95F94420C8
:10D5C00000930193029330463123D5F8081170F08F
:10D5D000A7DA3368D3F88830D3F8DC210132C3F8F6
:10D5E000DC21D3F8EC210132C3F8EC21D3F8F4218B
:10D5F0000132C3F8F42194F82C2072B1D3F8B4228C
:10D600000132C3F8B422D3F8C4220132C3F8C422D1
:10D61000D3F8CC220132C3F8CC22A26B127A022AB0
:10D6200005D0032A12D0012A7FF492AE0EE0D3F87F
:10D6300008220132C3F8082294F82C70002F58D029
:10D64000D3F8E0220132C3F8E02281E6D3F80022C9
:10D650000132C3F80022D3F8FC210132C3F8FC21C7
:10D6600094F82C70002F44D0D3F8D8220132C3F89C
:10D67000D822D3F8D4220132C3F8D42268E66169F3
:10D680008A89E26094F82D209AB993F90F200598C1
:10D6900092B2FAF329F16369DA89900402D5B3F8FA
:10D6A00050308BB9A36BE26893F90F30D31AE36063
:10D6B0000AE00598F6F3F4F0A36B014693F90F2006
:10D6C000059892B2FAF310F1A36BC4F86480A4F841
:10D6D00062A01B7A042B01D0022B09D1A36ED907BB
:10D6E00006D43046214670F09DDF01E0174600E089
:10D6F000012738460DF5117DBDE8F08F2DE9F34186
:10D70000099F00230D9904469046089E0A9D0093A8
:10D7100001933FF04FDE032F0BD9042268463146B8
:10D72000F5F368F0072F04D901A8311D0422F5F3A1
:10D7300061F0A8F14C08B8F1050F2AD8DFE808F02D
:10D740000A03160F231BD4F88434BDF80020A3F875
:10D75000922016E0D4F88434B3F8923017E0D4F86D
:10D760008434BDF80020A3F896200AE0D4F884346D
:10D77000B3F896300BE0D4F88434BDF80020A3F859
:10D780009E20002007E0D4F88434B3F89E302B604C
:10D79000F7E76FF01600BDE8FC81D0F884242DE98E
:10D7A000F843B2F8928004464145D4BF00200120DE
:10D7B000B2F84A50B2F89690B2F89460B2F898C0B5
:10D7C00010B1C8EB010701E0C1EB0807B2F89030D7
:10D7D000BFB2002B75D0BCF1010FADB2334607D1FB
:10D7E000002851D02BB203FB08F393FBF1F346E082
:10D7F000BCF1020F2BD131B2B8B10FFA89F39942C3
:10D8000003D10423A2F8983062E0132F02D9A6F1C5
:10D81000140339E0092F02D9A6F10A0334E0042FDA
:10D8200001D9731F30E0B31E2EE00FFA85F8414591
:10D830001DD0132F02D906F1140325E0092F02D9B8
:10D8400006F10A0320E0052F1CD9731D1CE0BCF172
:10D85000040F39D133B238B10FFA89F18B4237D086
:10D86000052F38D9731F0AE029B28B4204D1012356
:10D87000A2F89830BDE8F883052F2DD9731D4FF01D
:10D88000020C01E04FF0040C1BB229B28B4204DC05
:10D890000FFA89F5AB42A8BF1D462368A2F8945041
:10D8A000A2F898C02DB22946012220461B7E72F0B4
:10D8B000B1DC23682046294600221B7E72F0AADCD8
:10D8C00006E01846BDE8F8834FF0FF30BDE8F88366
:10D8D0000020BDE8F8830020BDE8F883D0F8843448
:10D8E00013B5B3F8902004466AB1036A0DF106013E
:10D8F00018695BF0BFD980B12046BDF9061001223E
:10D90000FFF74BFF09E06421012372F083DC012261
:10D9100020466421134672F07DDC1CBD08B5036A05
:10D92000D3F8D80079B143784A789A4208D10230C6
:10D930000231F4F34BF7D0F1010038BF002000E0D2
:10D940000020C0B208BD084608BD2DE9FF47994632
:10D950004369D0F8208082461B6804461746026956
:10D960005AF8180B0E464146D55801F055FA216970
:10D97000206852466FF096DC0123C8F800302B680F
:10D980000146023B012B03D82369DB6DC8F8D03078
:10D990000C9B20680293424633468DE8800201F0DA
:10D9A00058FA48B12B68022B05D1636AD888003039
:10D9B00018BF012000E0012004B0BDE8F0872DE988
:10D9C000F04FC368044600F1180799B01646056A7F
:10D9D0008A46006821693A4603936FF063DC013E92
:10D9E0000290062E00F23881DFE816F007003601BB
:10D9F000BC003601DB003601FF00EE68002E00F0AF
:10DA00002C81D5F8D03013F4804B0CD023682169D9
:10DA1000D3F8D4060368CB581B781BB14AF04ADB15
:10DA2000834600E09B46636893F86231A3B1D5F862
:10DA3000D000F0F78BFE88B12368D3F86008FEF7BA
:10DA4000CFFC58B123680299D3F86008FEF7CCFCEC
:10DA500020B1B5F8DC8002E0984600E08046B5F8D9
:10DA600006C02068DC44C4441FFA8CFC0CF171032E
:10DA700021693A469BB2CDF804C077F07BD9DDF836
:10DA800004C00646002800F0E8800CF15F0CD0F8D6
:10DA900008901FFA8CFC4FEA1C2343EA0C2C09F176
:10DAA0001207A9F810C000215F223846F4F326F7C8
:10DAB0004AF484731A0A89F8132089F814302B8BDE
:10DAC00005F13C011A0A89F8152089F81630202240
:10DAD00009F11F00F4F38EF6EA8809F1710093440E
:10DAE000D8441FFA88F84FEA182343EA0828A9F80F
:10DAF0006F80E968F4F37EF6636893F86231F3B1FE
:10DB0000D5F8D000F0F722FEC8B12368D3F860083A
:10DB1000FEF766FC98B123680299D3F86008FEF717
:10DB200063FC60B1EB68002B00F09B80E888D5F8BF
:10DB3000E01038185F30B5F8DC20F4F35BF6D5F868
:10DB4000D030580440F18D8023682169D3F8D40681
:10DB50000368CB581B78002B00F083803A464AF0CC
:10DB6000FFD97EE0206821693A46712377F002D917
:10DB70000646002871D0D0F808905F22002109F1F4
:10DB8000120789F8112089F810103846F4F3B6F618
:10DB90004AF480731A0A89F8132089F814302B8B01
:10DBA0001DE0206821693A46712377F0E3D80646E4
:10DBB000002852D0D0F808905F22002109F1120706
:10DBC00089F8112089F810103846F4F397F64AF4D2
:10DBD00040731A0A89F8132089F81430EB8A1A0A5C
:10DBE00089F8152089F816303BE0206821693A460B
:10DBF000712377F0BFD8064678B3D0F8089000219B
:10DC00005F2209F1120789F8101089F811203846AF
:10DC1000F4F374F64FEA1A2389F8133089F814A044
:10DC20001FE0D5F8D000F7F37DF10146484605F135
:10DC30008C0204ABF7F386F1044630B93146039801
:10DC40002246F9F3A7F6264607E007F14D0004A99E
:10DC50001022F4F3CFF500E00026304619B0BDE8FD
:10DC6000F08F032389F80F30D5F8D000F6F354F580
:10DC700005F15C0400280CBFFE230223384608226D
:10DC800000F8053B2146F4F3B5F508212046F7F3EB
:10DC90004FF11AF00301C9D1C3E72DE9F04F91F814
:10DCA00013800B7D8BB043EA082818F00309044663
:10DCB0000E4606924769056ACDF8208005D1D5F851
:10DCC000D000F7F32FF1844600E0CC4605F15C0A62
:10DCD00006F1170B0120082359465246CDF810C013
:10DCE000F6F302F68245DDF810C000F0F78318F471
:10DCF0008071079110D0338A1A0A42EA03239BB23B
:10DD00005C2B40F2EB833046614605F18C02F6F362
:10DD1000E5F7002800F0E283338A1A0A42EA032377
:10DD20009BB25E2B40F2DA8396F86F1096F8702063
:10DD300042EA01225F329342C0F0D08306F1120220
:10DD40000992594608225046F4F354F505F164004F
:10DD500059460822F4F34EF5D5F8D000F6F3DCF47A
:10DD6000002868D018F4805F65D096F86F2096F888
:10DD7000703043EA0223B3F5807F0BDD384621691A
:10DD8000012274F065DC206904F11801012277F0AA
:10DD900089D9E7E24FF48070F9F3C6F5824630B9CD
:10DDA00038462169012274F053DCD14698E32020E3
:10DDB000F9F3BAF5834630B95046F9F3C7F538465A
:10DDC0002169012208E34FF48170F9F3ADF5059064
:10DDD00068B95046F9F3BAF55846F9F3B7F538463D
:10DDE0002169012274F034DCDDF8149078E3B9F194
:10DDF000000F04D1D5F8D000F7F394F08146059BCD
:10DE0000494605F19C020293099800238DE8000C15
:10DE1000F6F394F781465046F9F398F55846F9F32E
:10DE200095F50598F9F392F5B9F1000F03D138464D
:10DE30002169012220E396F815A0B37DD5F8D00022
:10DE400043EA0A2AF6F38AF410B918F0080326D038
:10DE5000BAF10D0F0BD003D8BAF1050F15D10DE0B3
:10DE6000BAF1100F17D0BAF1200F0ED111E018F04F
:10DE7000080F13D038462169022271E218F0080F0A
:10DE80000FD03846216903226AE23846216904220C
:10DE900066E2022106E00422059204E003230593D2
:10DEA00001E00121059118F0080900F026822B8A73
:10DEB000059A934203D038462169052250E2079B18
:10DEC000002B40F0C78003232B60D5F8D0305A06D2
:10DED00006D4626892F86221002A37D0580335D5FB
:10DEE00013F4804932D196F86F1096F870300422FE
:10DEF00006F1710043EA0121F6F3F8F70246002823
:10DF000033D04378132B03D8384621690422B3E277
:10DF1000636A2169483300934FF020092046063296
:10DF200001F1DC03CDF8049073F054D88246E0B9D7
:10DF3000636AA3F8069094F80834B3B1A068D4F8E3
:10DF4000041406F009D884F808A40EE019060CD5CC
:10DF5000616AB1F8E42042B101F14800C431F4F340
:10DF600049F4636AB3F8E410D980636ADB882BB99B
:10DF700020463146069A72F0DFDFAFE205F11C0958
:10DF800006F11F012022484605F13C06F4F332F465
:10DF900020222068314619F029D9D5F8D0305A040A
:10DFA0000AD522682169D2F8D40602688A58127804
:10DFB00012B149F0FFDF3BE021690A6D100508D47A
:10DFC00013F4922F05D1D1F8083193F883309A06D3
:10DFD00012D5636A04F1180003F148020092DB884D
:10DFE000E231019305F18C030293AB8A4A46039315
:10DFF0003346F6F30DF41BE004F1180A5046E23103
:10E000000622F4F3E3F3002800F06882636A2169D2
:10E0100003F148020092DB885046019305F18C031E
:10E020000293AB8AE23103934A463346F6F3F0F5A6
:10E0300040F63B623846216908EA0202012374F087
:10E040004BDB08B1042356E1384621690D2274F0F8
:10E05000FFDA43E2069A4AB997F81690B9F1000F31
:10E060000CBF4FF400794FF0000901E04FF00009B8
:10E07000D5F8D000F6F350F341F2C833002808BFBA
:10E080004FF4E47303EA080218BF4FF000099A4204
:10E0900040F0248219EA080F40F020822B68033BED
:10E0A000042B00F21B822946052341F81C3B06F194
:10E0B0001F002022F4F38AF3002840F00F8296F824
:10E0C0006FA096F87030D5F8D00043EA0A2AF6F32C
:10E0D00023F300283FD006F1710B584651463022F9
:10E0E000F5F306F08146C8B1D5F8D03042785B042C
:10E0F00040F1FA8123682169D3F8D4361B68CB58E4
:10E100001B78002B00F0F081123A92B2ECE1A86883
:10E1100009F102010230F4F359F318B138462169CC
:10E12000072215E00AEB0B0199F80120C9EB010168
:10E1300089B2901C81421CDD6FF001039B1A484498
:10E14000C9183022F4F3D4F798B121693846062271
:10E1500074F07EDA09E0AB88534506D1A86806F171
:10E1600071015246F4F332F318B1206904F1180139
:10E1700042E0D5F8D000F6F3CFF278B106F17100A5
:10E180005146F6F3A7F648B938462169092274F0DA
:10E190005FDA206904F1180101222EE0206803688B
:10E1A00093F8623163B304F1180921694A466FF0AC
:10E1B00079D88346D5F8D000F0F7C8FA00B32368C1
:10E1C000D3F86008FEF70CF9D0B1BBF1000F17D0FF
:10E1D00023685946D3F86008FEF706F980B1514626
:10E1E00006F17100F422F4F383F701462046FFF7AD
:10E1F00095FB28B920694946112276F053DF6DE17D
:10E2000040F20B223846216908EA0202032374F027
:10E2100063DA814628B1062318F040092B6004D147
:10E2200016E0384621690D2226E12A8A04F1180BEE
:10E230002B8B20688DE80408216905F1AC0276F08B
:10E24000D1DED5F8D000F6F367F2002834D003E031
:10E250003846216908220FE1514606F17100F6F3B4
:10E2600039F642788046063A92B2EA82837905F11D
:10E270006C0903F0030385F8CC3008F10801484627
:10E28000F4F3B8F295F8CC200599EB8A009206F1E8
:10E290004F020191029298F80620216902F00402CF
:10E2A000039220684A4676F021DE23682169D3F87C
:10E2B0007C06324654F0ECDED5F8D000F6F32CF2B2
:10E2C000C0B108232B6038462169002274F0C0D900
:10E2D00023695A46DB682068009379210623F4F706
:10E2E00001F923682269D3F8D4361B68D358002279
:10E2F0001A70F3E006232B60F0E02B68052B40F248
:10E30000ED80236A05995A8A8A4208D0D3F8D00052
:10E31000F6F324F218B1384621690A22ACE008F479
:10E320006073B3F5607F40F0D98007232B60D5F888
:10E33000D000F6F3F1F18146002841D018F4805F57
:10E340000BD096F86F1096F8703006F1710043EA22
:10E350000121F6F3BFF5814638B9216938460B2211
:10E3600074F076D94FF00009BAE0427805F16C0AF2
:10E37000063A92B2EA82837909F1080103F00303B5
:10E3800085F8CC305046F4F335F295F8CC20EB8A82
:10E3900000926A8A2169019206F14F02029299F86D
:10E3A0000620206802F004020392524676F09EDDB9
:10E3B00023682169D3F87C06324654F069DE70E0A8
:10E3C000BAF1200F55D84FF48070F9F3ADF28346BF
:10E3D00030B9216938460C2274F03AD9D9467FE029
:10E3E0002020F9F3A1F2069050B95846F9F3AEF2A5
:10E3F000384621690C2274F02BD9DDF818906FE0B3
:10E400004FF48170F9F390F2844680B95846CDF804
:10E4100010C0F9F39BF20698F9F398F23846216997
:10E420000C2274F015D9DDF810C0E14658E0069BC7
:10E4300005F16C020792414605F19C02019302909E
:10E44000079B0998CDF810C0CDF800B0F6F370F432
:10E4500081465846F9F37AF20698F9F377F2DDF837
:10E4600010C06046F9F372F2A5F816A0B9F1000FDA
:10E4700005D1216938460C2274F0EAD830E0089AB8
:10E4800008F030031B110599009302F0400301913D
:10E490004F36039320682169079A5346029676F017
:10E4A00025DD3846216908F00B02052374F014D9E4
:10E4B00028B108232B6038462169002202E0216937
:10E4C00038460D2274F0C4D823692068DB687921AE
:10E4D000009304F118020623F4F704F84FF0010941
:10E4E00048460BB0BDE8F08FA988931C99427FF491
:10E4F00015AE0CE62DE9FF4790E810028E7905462F
:10E500000F46002E63D140F21440F9F30DF280461D
:10E5100000285FD03851314640F21442F4F3EEF156
:10E52000AB8AD9F8D02608EB030448F803902B698E
:10E530004FF0010AE360EB686261A360AB6827619A
:10E540006360E420C8F8006088F804A0C4F8FC63A5
:10E55000F9F3EAF12062002841D03146E422F4F3D5
:10E56000CDF1E820F9F3E0F16062002837D03146C0
:10E57000E822F4F3C3F1D4F82480E868C8F80090E6
:10E5800019492246334605F06BDDC8F868000028BB
:10E5900025D0E86815492246334605F061DD606301
:10E5A000E8B1E86812492246334605F059DDC4F85F
:10E5B0000404A0B1236A286A0193636A694600973C
:10E5C00002938DF80CA0F3F313F4304604E06FF0DF
:10E5D000060001E04FF0FF3004B0BDE8F0872846A8
:10E5E000394672F099DBF5E7E1578800E958880071
:10E5F000C958880038B51D4690B10368848ACB5845
:10E6000073B11C19114604F130001022F4F3F2F03A
:10E6100004F1400029462022BDE83840F4F3EAB076
:10E6200038BDD0F88404F0B503F15605A83300EBEB
:10E63000430300EB8505B3F90A60AF6890F8E94041
:10E64000BE1B7618AE6026415E81B0F95E31D0F80F
:10E650006811CB1A9B18C0F868312341A0F85E31CD
:10E66000F0BD10B50A7AD0F884342AB390F8292284
:10E67000D1F808012AB190F86000904228BF024604
:10E6800001E090F86020D1F81801047864B1007AB4
:10E69000D1F8081118B1C98D4A43002101E0CA8D93
:10E6A000012183F8291105E0012283F82921D1F8FD
:10E6B0000821D28D0A3203E083F829214FF49B729E
:10E6C000C3F8242110BD2DE9F04F8BB0D0F884445D
:10E6D0009A469DF85C30904608939DF85420B4F813
:10E6E000C63007920393189A94F8E9300F460992BE
:10E6F0000593B4F8F020D4F8D81094F81C310646ED
:10E700009DF950B09DF8585004920691002B00F0EE
:10E71000AB81036893F8693123B13BF04DDA0028EF
:10E7200000F0A281336893F864312BB194F86D3115
:10E7300013B1002384F86D3194F828313BB1B068EF
:10E74000D4F8301105F008DC002384F828318E213C
:10E7500030693CF069DA43004E334FF6FE711940E0
:10E7600030693CF061DA94F858318146FF2B08D0CB
:10E7700094F8E830012212FA03F300EA03091FFAC1
:10E7800089F994F8AF30AB4213D0002305F132027F
:10E7900004EB8202E91A93604A4242EB01023232F0
:10E7A00004EB820284F8AF50C4F8CC30C4F8C8300F
:10E7B0009360BAF1000F00F05781079AC2B9022F97
:10E7C00040F35281C7EB0A01B4F9F22009B204EB1D
:10E7D00045039142A8BF0A46A3F8EA20D6F884343C
:10E7E0005B79012B2AD9C8EB0B03A4F8EE3025E0A6
:10E7F000049F04EB45023BB2B2F9EA70C7EB0A078B
:10E80000FF1A022F03DD1C2FA8BF1C2700E00327DF
:10E81000D6F884245279012A10D9B4F9EE80C8EBD5
:10E820000B08C3EB0808B8F1020F05DDB8F11C0FA7
:10E83000A8BF4FF01C0801E04FF00308D6F868327B
:10E840009B792BB9089A1AB130460999FFF709FF4D
:10E8500005F1320204EB8202936830460133936083
:10E86000C4F8CC30D4F8383151460133C4F83831CB
:10E8700005F14E0304EB83035A6801325A605A468D
:10E880002B46FFF7CEFED4F8E030D4F8E4209342D4
:10E8900003D9039B1BB2049307E0D4F8DC000133D7
:10E8A00001210690C4F8E03004910598012212FA83
:10E8B00000F3D4F8CC1099422DD3D5F1010B38BF19
:10E8C0004FF0000B0BF1A80C04EB4C0C04EB4500D3
:10E8D000B0F85A01BCF80AC0C0EB0C0C0FFA8CFC63
:10E8E00094F86C018CEAEC7AAAEBEC7A8245ACBF26
:10E8F00000210121844503910EDB94F8E8000BFA16
:10E9000000F1894509D005F13C0104EB810148681B
:10E910008018486001E00392002205F1540B05F1D4
:10E920002C0004EB800004EB4B01B1F90AC0D0F8D5
:10E9300008A0CCEB0A0C67448760059807414F811B
:10E94000D4F8C000B4F9B610059F411A4144C4F888
:10E95000C0103941A4F8B61004EB8501D1F8D010ED
:10E96000B4F9C400994204EB4B01B1F90A1028BF75
:10E9700084F8B150884244DBD4F8CC00069FB842FA
:10E980000CD9D5F1010194F8E82038BF002111FA23
:10E9900002F291452FD005F13C0225E0039F4FB3D1
:10E9A00094F844713DB1B4F9B2C07FB2C1EB0C012F
:10E9B00007EBC10106E0B4F9B4C07FB2C1EB0C01B2
:10E9C000C900C91B049FB1EBC70F13DB984211D3D9
:10E9D000D5F1010194F8E82038BF002111FA02F2C4
:10E9E000914508D005F13E0204EB820251680131E5
:10E9F000516000E02AB10120002D14BF0321022143
:10EA000006E0002D0CBF2846002014BF0221032180
:10EA100094F8AF2084F8492194F81D215AB1D6F812
:10EA2000682292793AB938B130690B460092019266
:10EA30003DF0C6D804E018B9D4F8CC209A4213D2DD
:10EA400094F81D3183B1D6F868329B7963B90122FD
:10EA500084F82821B068D4F83011D4F824210BB000
:10EA6000BDE8F04F05F0529A0BB0BDE8F08F2DE9EC
:10EA7000FF41D0F88454064695F81C310C4695F8B1
:10EA8000E970002B00F08180036993F80A31002BB4
:10EA90007BD0036893F8693153B13BF08DD80346BE
:10EAA00030B9B068D5F83411142205F02FDA6CE0D3
:10EAB000336893F8643133B195F86D311BB100239D
:10EAC00085F86D3161E0D6F83C33022B0AD0D5F8D9
:10EAD000E020D5F8E4309A4294BF4FF000084FF0A0
:10EAE000010801E04FF0000895F81D31002B4CD0D3
:10EAF000D6F868329B79002B47D1336A0DF10F01AC
:10EB000018695AF00BDD9DF80F3085F8AF30002BF7
:10EB100014BF03210221B8F1000F25D003F1020E2A
:10EB200005EB8E0E05EB4302DEF8B0C0B2F9B20081
:10EB3000C0EB0C00CEF8B000384103F12C0EA2F867
:10EB4000B20003F1540205EB8E0E05EB4202B2F95E
:10EB5000B200DEF8B0C0C0EB0C00783850FA07F70E
:10EB6000CEF8B000A2F8B27085F849310022012336
:10EB70008DE80C0030690B463DF022D89DF80F302F
:10EB800054F82320013244F82320BDE8FF8110B55A
:10EB9000D0F8844494F81C3123B104F58671FFF752
:10EBA00066FF002384F8283110BD70B5D0F8844486
:10EBB000054694F81C3103B3D4F8CC20D4F8C830FF
:10EBC0009A4203D104F58A71FFF751FFD4F8CC3093
:10EBD000C4F8C83094F81D317BB1D5F868329B7900
:10EBE0005BB994F8292142B1A868D4F834114FF4E4
:10EBF000FA72BDE8704005F0899970BD38B5D0F85B
:10EC000084440546D4F83411806805F0A5D9D4F8B9
:10EC1000CC20D4F8C8309A4204D1284604F58A7131
:10EC2000FFF725FFD4F8CC30C4F8C83038BDD0F891
:10EC3000843400224FF6A271C3F8B820C3F8BC2078
:10EC4000C3F8C020A3F8B220A3F8B420A3F8B620DC
:10EC5000C3F86021C3F86421C3F86821A3F85A21DE
:10EC6000A3F85C21A3F85E21A3F8EA10A3F8EC1046
:10EC7000A3F8EE10C3F8CC20C3F8D020C3F8D420FA
:10EC8000C3F83821C3F83C21C3F84021C3F8E02081
:10EC9000C3F8F420C3F8F820C3F8FC20C3F800211F
:10ECA000C3F80421C3F80821C3F80C21C3F81021CC
:10ECB000C3F81421C3F8182183F829217047D0F82C
:10ECC0008434D3F8CC208A60D3F838218A6493F84E
:10ECD0001D2112B193F8AF2001E093F8AC204A60F7
:10ECE00093F81D210A6093F848214A654A688A65AD
:10ECF000D3F8D0200A64D3F8D4204A64D3F83C2156
:10ED0000CA64D3F840210A65B3F9B220CA60B3F9E6
:10ED1000B4200A61B3F9B6204A61D3F8F4208A61BD
:10ED2000D3F8F820CA61D3F8FC200A62D3F8002196
:10ED30004A62D3F804218A62D3F80821CA62D3F860
:10ED40000C210A63D3F810214A63D3F814218A6393
:10ED5000D3F81821CA63D3F84C21CA65D3F85021DF
:10ED6000D3F854310A664B667047F7B5D0F884443F
:10ED7000D4F84C518D4207D1D4F85051954203D16B
:10ED8000D4F854219A423CD001F00F05042D3AD812
:10ED9000022D38D003F00302022A34D01F0907F0F5
:10EDA0000307022F2FD00A0902F00F02042A2AD8E3
:10EDB000022A28D09E0806F00306022E23D09E09C0
:10EDC00006F00306022E1ED0C4F85431036AC4F8BC
:10EDD0004C111B68C4F85011022B04BF3E462A4652
:10EDE000042A14BF1146314684F8AD10D0F884349B
:10EDF000012283F846110092019200690B463CF013
:10EE0000DFDE002001E06FF01C00FEBD7047000057
:10EE1000004870479466010010B50C46C1B188687F
:10EE200008B1F8F393F5E06808B1F8F38FF5D4F87A
:10EE3000D80008B1F8F38AF5D4F8E00008B1F8F387
:10EE400085F520460021E422BDE81040F3F356B5D5
:10EE500010BD2DE9F74F0546D2F8D00001911446B8
:10EE60009846DDF830B0DDF83490DDF838A0F5F3E1
:10EE700053F428B1404659463022F4F339F103E007
:10EE800040465946F5F3E0F20646002800F0D880E7
:10EE9000D4F8D000F5F340F428B14846514630226A
:10EEA000F4F326F103E048465146F5F3CDF2074668
:10EEB000002800F0C6802B6893F86231002B4FD0F9
:10EEC000D4F8D000EFF742FC002849D0D5F860080C
:10EED000FDF786FA10B3D5F868329B792BB9D5F8CF
:10EEE00060080199FDF780FAC0B148465146F42206
:10EEF000F4F3FEF08146002800F0A2804078023052
:10EF0000A4F8D400F8F310F5C4F8D800002800F0F5
:10EF100097804946B4F8D420F3F36CF4D5F8600830
:10EF2000FDF75EFAE0B1D5F860080199FDF75CFAEB
:10EF3000B0B140465946F422F4F3DAF00546002811
:10EF40007ED040780230A4F8DC00F8F3EDF4C4F889
:10EF5000E000002874D02946B4F8DC20F3F34AF42A
:10EF6000022323826382D4F8D000F5F3D5F310B1E5
:10EF7000042323826382D4F8D000F5F3CDF350B19B
:10EF800006F10A0004F110010022F5F3A7F40028AD
:10EF900056D0002513E073780A2B0FDDD4F8D0503B
:10EFA00006F10E00A5F10802554245EB020504F1F9
:10EFB00010012A46F5F3B6F608B941E005462046A9
:10EFC000218A2A4676F088D8002839D0D4F8D00093
:10EFD000F5F3A2F330B1301D04F112010122F5F373
:10EFE0007DF413E07378092B11DD06F1080045B9B3
:10EFF000F27A012A06D0A2F105035A4242EB03023B
:10F0000000E0012204F11201F5F38CF6C0B178782A
:10F010000230A080F8F388F4A06088B13946A28855
:10F02000F3F3E8F370780230E080F8F37DF40746FC
:10F03000E06030B13146E288F3F3DCF3012700E011
:10F0400007463846BDE8FE8F01320103323D00908D
:10F050004C3300AAAA0300000088B400010000009D
:10F0600001010000010050F201000050F2000040D8
:10F070009600000FAC00000FAC0600AAAA03000027
:10F0800000AAAA030000F8000FAC00050400C9BFE5
:10F0900005F000CEBF0000000101000001011C705E
:10F0A00040002D02F0000A01280028013801480123
:10F0B00058015501500150036666E2016666E3019E
:10F0C0006666E4016666E5016666E6016666E70176
:10F0D0006666E8016666E9016666EA016666EB0156
:10F0E0006666EC016666ED016666EE01CDCCF00168
:10F0F0000A00050008004006080005000800080096
:10F10000770008008A0008000100050001000A00DD
:10F1100001000500400610091E091F0924092509E0
:10F120002609200921092709280929092209230973
:10F1300030093109320912090F09000901090609CC
:10F14000070908090209030909090A090B09040941
:10F1500005090C090D090E09110965023402840024
:10F160007400560065023402040004000400030029
:10F170000300030003000200010001000000000082
:10F18000FFFFFFFFFFFFFFFFFFFFFFFFFFFF00008D
:10F19000372E39352E3439202832323731626236F3
:10F1A00020435929007265636C61696D2073656342
:10F1B00074696F6E2025733A2052657475726E659E
:10F1C0006420256420627974657320746F207468EC
:10F1D0006520686561700A004D656D6F72792075F4
:10F1E000736167653A0A0009546578743A20256CA2
:10F1F0006428256C644B292C20446174613A2025D5
:10F200006C6428256C644B292C204273733A2025AA
:10F210006C6428256C644B292C20537461636B3A11
:10F220002025644B0A00094172656E6120746F7479
:10F23000616C3A2025642825644B292C2046726590
:10F24000653A2025642825644B292C20496E2075B9
:10F2500073653A2025642825644B292C2048574D96
:10F260003A2025642825644B290A0009496E207537
:10F270007365202B206F766572686561643A20257E
:10F28000642825644B292C204D6178206D656D6FB5
:10F29000727920696E207573653A20256C64282583
:10F2A0006C644B290A00094D616C6C6F63206661C8
:10F2B000696C75726520636F756E743A2025640AF7
:10F2C0000009537461636B20626F74746F6D206802
:10F2D0006173206265656E206F76657277726974FE
:10F2E00074656E0A0009537461636B20626F7474F5
:10F2F0006F6D3A20307825702C206C776D3A203075
:10F300007825702C20637572723A20307825702C25
:10F3100020746F703A20307825700A0009467265B3
:10F320006520737461636B3A2030782578282564F2
:10F3300029206C776D3A2030782578282564290AB1
:10F340000009496E75736520737461636B3A2030F0
:10F35000782578282564292068776D3A203078252B
:10F3600078282564290A0009496E20757365207084
:10F370006F6F6C202564282564293A202564282590
:10F38000644B292C20772F6F683A20256428256448
:10F390004B290A0009496E20757365202D20706F76
:10F3A0006F6C3A2025642825644B292C20772F6F19
:10F3B000683A2025642825644B290A0009506B749B
:10F3C000496420546F74616C3A2025642C20467285
:10F3D00065653A2025642C204661696C65643A2095
:10F3E00025640A006D77006D6400554E494D504C00
:10F3F0003A2072613D25700A005443414D3A202560
:10F400006420757365643A202564206578636565BA
:10F41000643A25640A000A465749442030312D25B4
:10F42000780A666C6167732025780A000A54524195
:10F4300050202578282578293A2070632025782CBB
:10F44000206C722025782C2073702025782C206366
:10F450007073722025782C20737073722025780ABF
:10F4600000202072302025782C2072312025782C25
:10F470002072322025782C2072332025782C20729F
:10F48000342025782C2072352025782C20723620C7
:10F4900025780A00202072372025782C2072382009
:10F4A00025782C2072392025782C207231302025A7
:10F4B000782C207231312025782C20723132202591
:10F4C000780A000A20202073702B302025303878ED
:10F4D0002025303878202530387820253038780AB3
:10F4E00000202073702B31302025303878202530D3
:10F4F0003878202530387820253038780A0A00738B
:10F50000702B257820253038780A00686E64617287
:10F510006D5F61726D7220616464723A203078258B
:10F52000782C206372345F6964783A2025640A007D
:10F53000627573737461747300535357553A207036
:10F5400072696D6520646F6573206E6F74206861E9
:10F5500076652070203D2033206D6F6420340000DC
:10F56000010000000001000020010000A141800016
:10F57000B9538000212C8000795780006D3D8000B8
:10F58000609D8800A09E8800549F88008C9B880006
:10F59000409C8800FDFFFFFFD89A88000200000011
:10F5A0008001000030010000DD418000E553800053
:10F5B000492C8000AD578000993D8000749D8800E3
:10F5C000C09E8800749F8800AC9B8800609C880067
:10F5D000FDFFFFFFF89A880004000000FF00000014
:10F5E00020080000253E8000B1518000ED2B8000F6
:10F5F00035578000253D8000549D8800809E8800FE
:10F60000349F88006C9B8800209C8800066D070052
:10F61000B89A8800030000000902000044010000BD
:10F62000F941800001548000892C8000F55780004A
:10F63000ED3D8000889D8800F09E8800A49F880092
:10F64000DC9B8800909C8800FDFFFFFF289B8800C2
:10F65000706125643D307825257800706425643D0F
:10F6600030782525780070646825643D307825253C
:10F67000780070646C25643D3078252578006763D8
:10F680007225643D307825257800253032582530A4
:10F69000325825303258253032582D2530325825F1
:10F6A0003032582D25303258253032582D25303201
:10F6B00058253032582D25303258253032582530D3
:10F6C00032582530325825303258253032580055BE
:10F6D0006E646566696E6564206572726F7220255E
:10F6E00064000000600104000500010364010400DF
:10F6F0000000270024010400040000002801040089
:10F70000000000002C010400000000003001040093
:10F7100000000000340104000A04700034010400F9
:10F72000EFBED40034010400050000FF34010400E2
:10F7300001FF02FF30010400180000003401040042
:10F740000A04E00034010400EFBE48003401040064
:10F75000050000FF3401040001FF02FF3401040032
:10F7600000101801340104000203001034010400E9
:10F7700018F1F2F334010400BBCC000030010400A6
:10F7800038000000340104000000000030010400D3
:10F7900058000000340104000000000030010400A3
:10F7A00038000000340104000F2000073401040079
:10F7B00000009400340104000000009034010400B3
:10F7C00074757677340104000000000034010400F1
:10F7D0000000050034010400FFFFFFFF30010400BA
:10F7E00068030000340104006E8433003401040017
:10F7F000DCBA500034010400D40000AB3401040032
:10F80000BADABADA34010400001018F13401040045
:10F81000F2F300103401040018F1F2F33401040093
:10F820001000000034010400000000003401040056
:10F8300000000A00340104000100000E340104003D
:10F840004252434D340104005F54455334010400D7
:10F85000545F53533401040049440104340104004B
:10F8600082848B96340104000301010634010400F4
:10F8700002000000300104006800000034010400B0
:10F880000A04280234010400DCBA800034010400B8
:10F890000000FFFF34010400FFFFFFFF34010400FC
:10F8A000001018F134010400F2F3001034010400D8
:10F8B00018F1F2F334010400D0AF00003401040069
:10F8C00000000000340104000000000134010400C5
:10F8D0000200000E340104004252434D3401040082
:10F8E0005F54455334010400545F53533401040002
:10F8F000494401043401040082848B9634010400DD
:10F90000030101063401040002010000300104007B
:10F9100068060000340104000A04280234010400CF
:10F92000DCBA8000340104000000FFFF3401040051
:10F93000FFFFFFFF34010400001018F13401040040
:10F94000F2F300103401040018F1F2F33401040062
:10F95000D0AF0000340104000000000034010400B6
:10F9600000000001340104000200000E3401040014
:10F970004252434D340104005F54455334010400A6
:10F98000545F53533401040049440104340104001A
:10F9900082848B96340104000301010634010400C3
:10F9A00002010000000104000000000190040200B8
:10F9B00000000000A0040200F1F30000B004020007
:10F9C000EFFD0000A8040200FFFF0000A8040200F1
:10F9D00000000000A204020001000000B2040200C6
:10F9E000FBFF0000AA040200FFFF0000AA040200BF
:10F9F00000000000A4040200CF1A0000AC040200C2
:10FA000000000000BC04020000000000A604020088
:10FA1000D7020000B6040200FFFD0000AE040200A1
:10FA2000FFFF0000060402000100000006040200BF
:10FA3000000000000C040200180000000604020090
:10FA40000000000048040200000C00000204020054
:10FA50002006000002050200000000000005020070
:10FA60000040000002050200040000000005020042
:10FA7000004000000205020008000000000502002E
:10FA800000400000020502000C000000000502001A
:10FA90000040000002050200C000000080050200D6
:10FAA000FFFF000082050200FFFF00008405020046
:10FAB000FFFF000086050200FFFF0000880502002E
:10FAC000FFFF00008A050200FFFF00008C05020016
:10FAD000FFFF00008E050200FFFF000090050200FE
:10FAE000FFFF000092050200FFFF000094050200E6
:10FAF000FFFF000096050200FFFF000098050200CE
:10FB0000FFFF00009A050200FFFF00009E050200B3
:10FB1000FFFF0000A0050200FFFF00009C0502009F
:10FB2000F0FF0000400502000080000020050200F8
:10FB3000060F0000400502000080000040050200A2
:10FB4000008100002005020000FF00002C050200DB
:10FB50000101000040050200008100004005020094
:10FB600000820000200502001E2800002C05020073
:10FB70000000000040050200008200004005020075
:10FB8000008300002005020029310000400502002A
:10FB900000830000400502000084000020050200F0
:10FBA000323F0000400502000084000040050200D2
:10FBB00000850000200502004041000040050200D1
:10FBC0000085000012060200010000002E0602005F
:10FBD000CDCC0000300602000C0000000006020040
:10FBE0000480000096060200080000009A06020049
:10FBF000E400000088060200000000009C060200ED
:10FC00000200000088060200001000009C060200AE
:10FC10000200000088060200002000009C0602008E
:10FC20000200000088060200003000009C0602006E
:10FC300002000000880602000B0F00009E06020072
:10FC400007000000100502000B0000005004020035
:10FC5000014E0000520402005B010000E4040200B7
:10FC60009000000004040200B400000054050200EB
:10FC7000FFAF0000FE040200000000005E0502006D
:10FC8000001000006001040004000103640104008E
:10FC90000000000064010400B400000064010400DE
:10FCA0004700470064010400000064006401040090
:10FCB00030094000600104000D00010364010400EC
:10FCC00002000200640104000100C000640104009D
:10FCD00005000000640104000000C000640104008D
:10FCE00064006400640104000E0047006401040025
:10FCF0000005000060010400150001036401040018
:10FD000040003C0864010400000007006401040096
:10FD10000A000000600104001A00010364010400ED
:10FD200000C00000600104001D0001036401040024
:10FD300010270000600104001F000103640104009B
:10FD400000001C0C64010400060010276001040080
:10FD5000250001036401040000003200600104007A
:10FD6000280001036401040000004C0A640104003F
:10FD700000003F0164010400FFFF0004640104006F
:10FD800046041E07640104000200EC09600104003F
:10FD90002E000103640104000000008060010400E3
:10FDA0009201010364010400640400006401040082
:10FDB0000000400064010400960700006001040098
:10FDC00097010103640104001A08000060010400A7
:10FDD000BF0101036401040000000500600104008C
:10FDE000080401036401040007020000600104002C
:10FDF000100401036401040000000100600104001C
:10FE00001C0C010064010200FFFF000060010400FF
:10FE10001D0C010064010200FFFF000060010400EE
:10FE20001A000103640104000000200C60010400BA
:10FE300023000103640104000000A607640104001C
:10FE40000000A20A6001040026000103640104000E
:10FE50000A0E0B09640104000E0200006001040098
:10FE600032000103640104000000900B64010400EF
:10FE70000000A0046401040000007C06600104008E
:10FE800058000103640104004252434D6401040020
:10FE90005F54455364010400545F535364010400EC
:10FEA0004944000060010400600001036401040093
:10FEB00039000000640104005000000064010400E7
:10FEC000C000000060010400700001036401040030
:10FED000BE03BE0364010400BE03BE03640104004C
:10FEE000BE03BE0364010400BE03BE03640104003C
:10FEF0000004EA0364010400D403BE0364010400A7
:10FF00000B04F50364010400DF03C903640104006A
:10FF1000BE03BE0364010400BE03BE03640104000B
:10FF2000BE03BE0364010400BE03BE0364010400FB
:10FF30000004EA0364010400D403BE036401040066
:10FF40000B04F50364010400DF03C903640104002A
:10FF50001604160464010400160416046401040067
:10FF6000220416046401040016042E046401040033
:10FF70001604160464010400160416046401040047
:10FF800016041604640104003A0416046401040013
:10FF90001604160464010400160416046401040027
:10FFA000220416046401040016042E0464010400F3
:10FFB0001604160464010400160416046401040007
:10FFC00016041604640104003A04160464010400D3
:10FFD00000001F0064010400FF031F00640104000F
:10FFE000020000006401040002000000600104003F
:10FFF000980001036401040000001F006401040074
:020000041002E8
:10000000FF031F00640104000100000064010400FC
:100010000100000060010400A0000103640104006D
:1000200000001F0064010400FF031F0064010400BE
:1000300001000000640104000100000060010400F0
:10004000A80001036401040000001F006401040013
:10005000FF031F00640104000100000064010400AC
:100060000100000060010400C000010364010400FD
:100070003724372464010400372437246001040046
:10008000BA010103640104000100070264010400D5
:100090000702070364010400070000006001040078
:1000A000DF010103640104002000CB0164010400AE
:1000B00000005400640104000000AB086401040067
:1000C00000001004640104008400020064010400C4
:1000D0000000140064010400CF0102006401040068
:1000E0004400000064010400AF0802006401040041
:1000F00010046400640104000202000064010400B2
:100100001000CA016401040002003C006401040004
:100110000000AA0864010400020010046401040045
:100120005400020864010400000008006401040097
:10013000CE010000640104003400000064010400EA
:10014000AE080000640104001004440064010400CF
:10015000020A0000640104000800C90164010400EF
:1001600002003000640104000000A90864010400DA
:1001700002001004640104003C0002106401040049
:100180000000040064010400CD01000064010400CB
:100190002C00000064010400AD08000064010400AC
:1001A0001004340064010400021200006401040021
:1001B0000400C8016401040000002C006401040074
:1001C0000000A80864010400000010046401040099
:1001D0003000021964010400000000006401040002
:1001E000CC010200640104002C0000006401040042
:1001F000AC08020064010400100430006401040033
:10020000021A000064010400C0000A046401040032
:1002100070000000640104003A010A046401040053
:1002200028022CC064010400F2020A0464010400E4
:100230000000000164010400600014046401040073
:100240003800000064010400020114046401040089
:1002500014012CC064010400DE01140464010400D4
:1002600000008000640104002200370464010400DF
:100270001500000064010400DF003704640104007D
:1002800065002CC0640104002E01370464010400E1
:1002900000002F006401040011006E84640104005A
:1002A0000B00000064010400D4006E8464010400AB
:1002B00033002CC064010400FC006E84640104005F
:1002C000000018006401040002008A9D640104001B
:1002D000FB00020864010400C54EFA00640104003A
:1002E000020A833464010400FE0002106401040069
:1002F0006227F900640104000212421A640104003A
:10030000FD00021964010400B113F8006401040047
:10031000021A811164010400FC00021C6401040043
:10032000C10FFC00640104000000C10F640104005F
:10033000FC00000064010400C10FFC006001040027
:100340005002010364010400000000006401040085
:100350000100711464010400040200006001040043
:100360005402010364010400010000006401040060
:100370000100711464010400040200006001040023
:10038000580201036401040002000000640104003B
:100390000100711464010400040200006001040003
:1003A0005C02010364010400030000006401040016
:1003B00001007114640104000402000060010400E3
:1003C00060020103640104000000010060010400F8
:1003D0006C020103640104002000000060010400BD
:1003E000120401036401040000000C006001040019
:1003F00050050103640104001800000064010400BA
:10040000983A983A64010400A60E6400640104005E
:100410000000F40164010400040000006401040011
:10042000C8AFA86164010400204E1E0064010400EE
:1004300000000300640104000300000064010400E4
:1004400050C30000600104005B0501036401040067
:100450000000140564010400E204000060010400CF
:100460005F05010364010400204E000064010400E4
:1004700000000F0064010400F401030060010400A7
:100480006505010364010400000013006401040019
:10049000000003006401040001000700640104007F
:1004A000C8AF000064010400881300006401040068
:1004B0002C17DF40600104006C0501036401040097
:1004C00000002C01640104000000A00F6001040082
:1004D0006F050103640104000000020064010400D0
:1004E00000002C0164010400C0000000640104004D
:1004F000C0440000640104006400000064010400C2
:10050000DC05401F64010400000046006401040093
:100510005000500064010400020000006401040067
:10052000F50A0000600104007A050103640104007B
:100530002010409C64010400204E0000640104006F
:10054000B80B0000600104007E0501036401040093
:100550000000204E64010400000005006401040056
:10056000DC053F0064010400710200006401040026
:100570003075000060010400860501036401040079
:10058000C409A00F6001040089050103640104008F
:100590000000D007600104008B0501036401040022
:1005A000204E204E600104008E050103640104000A
:1005B000200080406401040000000A00640104007F
:1005C000E803E81C64010400384A000060010400EC
:1005D000930501036401040000006400600104004D
:1005E0009F050103640104000200940260010400FD
:1005F000A105010364010400E100000060010400A2
:10060000A4050103640104003075000060010400CA
:10061000A705010364010400DC0500006401040077
:10062000581B000060010400AF05010364010400D1
:1006300000000F0064010400C80000006001040015
:10064000B20501036401040000000200640104001B
:100650000000640060010400BB05010364010400A4
:10066000A861701760010400C4050103640104005F
:10067000BE00000060010400380C010064010200AB
:100680000000000060010400030002006401040097
:100690001F00000060010400040002006401040067
:1006A000FF03000060010400050002006401040073
:1006B0001F00000060010400060002006401040045
:1006C000070000006001040007000200640104004C
:1006D000040000006001040008000200640104003E
:1006E000FFFF000060010400090002006401040033
:1006F00000000000600104000A0002006401040020
:1007000000000000600104000B000200640104000E
:1007100000000000600104000C00020064010400FD
:1007200000000000600104000D00020064010400EC
:1007300000000000600104000E00020064010400DB
:1007400000000000600104000F00020064010400CA
:1007500000000000600104001000020064010400B9
:100760001F00000060010400110002006401040089
:100770000000000060010400120002006401040097
:100780000000000060010400130002006401040086
:100790000000000060010400150002006401040074
:1007A0000000000060010400160002006401040063
:1007B00000000000FFFF00000000000086060200AD
:1007C000D0090000800602003E3E000082060200C2
:1007D0003E020000000702003C0000008406020008
:1007E0001202000060010400030001006401020025
:1007F000C000000060010400030001006601020067
:100800000A0000006001040004000100640102000D
:1008100014000000600104000700010064010200F0
:100820008301000060010400250001006401020052
:10083000F401000060010400C5050100660102002A
:100840002B04000060010400C605010064010200E1
:100850000001000060010400E101010064010200E8
:100860003C00000060010400E60101006601020096
:100870003400000060010400EC010100640102008A
:100880003000000060010400F10101006601020077
:100890002C00000060010400F70101006401020067
:1008A0002C00000060010400FC0101006601020050
:1008B000280000006001040002020100640102003F
:1008C0002800000060010400070201006601020028
:1008D00028000000FFFF000000000000ED9F8000E6
:1008E000C1AD8000DDAE8000F9AB8000B5B0800006
:1008F00065AF8000C9B08000DDB0800071AD8000C0
:1009000085AD800009AC800005B18000FDAA8000A3
:10091000A1B0800065AE800035AA800081A1800072
:10092000C5A1800031A880008DA8800019A8800092
:1009300079AF8000B1A68000ADAB80008DAB8000A8
:10094000E5AB80008DA380007DAB800079A28000A4
:10095000F5A3800045A7800045A0800039A1800054
:1009600065A3800039A0800055A080002D9F8000E5
:10097000399F80000000000000000000000000001F
:1009800075A3800061A8800039A8800071A2800052
:1009900095A78000219F8000199F8000B9A080004A
:1009A00085A08000E59E8000280000000F00000068
:1009B000040100000807000000070700000704000A
:1009C0000000040400000400000000010100000019
:1009D0000000000003030000000000000000000011
:1009E00000000000B108000000000000040404043E
:1009F00004010400E20400080A0000006A1000007C
:100A0000000000000000000031060000DDC88D007D
:100A10000404040404010400E20400080A000000C5
:100A20006A10000000000000000000003104000017
:100A30008C2EBA000404040404010400E20400083B
:100A40000A0000006A1000000000000018180000F2
:100A5000000000000006060000000000000000008A
:100A600000000000311900000000A0000C0C0C0C6C
:100A70000A030400E20400080A0000006A100000F3
:100A80000000000000000000B112000027766200A4
:100A90000C0C0C0C0A030400E20400080A0000001D
:100AA0006A1000000000000000000000B10C00000F
:100AB0001443FD000C0C0C0C0A030400E2040008B3
:100AC0000A0000006A100000E02E01010150000041
:100AD00000000000C832020101490000899DD800D1
:100AE0004038030101420000AAAAAA00003C040108
:100AF000013E000000008000483F0501013B00006E
:100B0000D05E4200A0410601013900004992240054
:100B1000004B07010132000000000000584D0801A1
:100B200001300000071F7C00204E09010130000049
:100B300000000000C05D0A01012800000000000064
:100B4000A8610B01012600006666660090650C0135
:100B500001240000C44EEC0030750D01012000009E
:100B60000000000040830E01011C00002449920097
:100B700018920F0201330000F93E56000096100251
:100B80000132000000000000409C11020130000012
:100B90000000000080BB12020128000000000000DD
:100BA00020CB130201240000C44EEC000000000022
:100BB0000000000000000000626F617264666C61FA
:100BC0006773330073707572636F6E6669670000D8
:100BD0000000000000000000B1190000ABAA0A00EC
:100BE0000B0C0C0C0A030400E20400080A000000CD
:100BF0006A1000000000000000000000B1120000B8
:100C0000143BB1000B0C0C0C0A030400E2040008B6
:100C10000A0000006A100000000000000000000050
:100C2000310D00007A0534000B0C0C0C0A03040093
:100C3000E20400080A0000006A1000000000000042
:100C40001210000000000000000000000000000082
:100C5000B1190000000040000C0C0C0C0A03040049
:100C6000E20400080A0000006A1000000000000012
:100C700000000000B1120000FF88D8000C0C0C0C22
:100C80000A030400E20400080A0000006A100000E1
:100C90000000000000000000B10D0000F0FF4E0059
:100CA0000C0C0C0C0A030400E20400080A0000000B
:100CB0006A10000006000000BC010000C5420000F0
:100CC000314200008945000078000000010000006A
:100CD000394000003F40000041400000800000001B
:100CE00068000000FB440000F7440000D14400000D
:100CF00067E6096A85AE67BB72F36E3C3AF54FA5AD
:100D00007F520E518C68059BABD9831F19CDE05BD8
:100D1000982F8A4291443771CFFBC0B5A5DBB5E966
:100D20005BC25639F111F159A4823F92D55E1CABDA
:100D300098AA07D8015B8312BE853124C37D0C5568
:100D4000745DBE72FEB1DE80A706DC9B74F19BC1B0
:100D5000C1699BE48647BEEFC69DC10FCCA10C24A0
:100D60006F2CE92DAA84744ADCA9B05CDA88F97684
:100D700052513E986DC631A8C82703B0C77F59BFEE
:100D8000F30BE0C64791A7D55163CA06672929141A
:100D9000850AB72738211B2EFC6D2C4D130D3853B7
:100DA00054730A65BB0A6A762EC9C281852C729279
:100DB000A1E8BFA24B661AA8708B4BC2A3516CC7A7
:100DC00019E892D1240699D685350EF470A06A10E0
:100DD00016C1A419086C371E4C774827B5BCB0342F
:100DE000B30C1C394AAAD84E4FCA9C5BF36F2E68CD
:100DF000EE828F746F63A5781478C8840802C78C5C
:100E0000FAFFBE90EB6C50A4F7A3F9BEF27871C65E
:100E10000123456789ABCDEFFEDCBA9876543210DA
:100E2000F0E1D2C3142030401C2010776C25640000
:100E30002530347800776C25643A2025732025739B
:100E40002076657273696F6E20257320465749447A
:100E50002030312D25780A004E6F7620323920322D
:100E60003032310032323A34393A30390061702050
:100E7000007374612000776D6520003830322E31A8
:100E8000316420003830322E3131682000726D20FC
:100E9000006361632000616D7064752000616D7096
:100EA00064755F74782000616D7064755F7278207E
:100EB00000616D73647572782000616D7364757480
:100EC000782000726164696F5F7077727361766514
:100ED000200070327020006D6368616E20006466CF
:100EE0007274732000747870777263616368652030
:100EF00000737462632D74782000737462632D72C2
:100F0000782D3173732000776E6D200062737374D7
:100F100072616E7320006D66702000736165200041
:100F20006964617574682000746B6F2000776C636E
:100F3000006770696F6F757400000000E156010072
:100F400002000080080000003D6F8900E200000000
:100F50000100000000000000000000000000000090
:100F6000020000000000313164003131680031318D
:100F700075005458204D435320203A00202025640A
:100F8000282564252529000A202020202020202033
:100F90003A000000A18789000700800001000000DE
:100FA0000000000000000000000000005258204D2A
:100FB000435320203A006170707300615F77706165
:100FC00000615F777061690025733A20686F737400
:100FD0005F656E61622025640A00627373636667F1
:100FE00000627463006274635F646F735F73746143
:100FF00074757300955701000E0000000700000093
:10100000000000000000000000000000636D005FB1
:101010005F004B5200000000BC580100E0ED88006A
:101020000000000000000000B058010000000000B7
:10103000AA580100A45801000000000000000000B0
:10104000805801002C590100885801007FB200002F
:101050000000000000000000000000000000000090
:101060000000000000000000000000000000000080
:101070000000000000000000905801000000000087
:101080000000000000000000000000000000000060
:101090000000000000000000000000000000000050
:1010A0000000000000000000000000000000000040
:1010B0000000000000000000000000000000000030
:1010C0000000000000000000000000000000000020
:1010D00001000000B1580100000000000000000005
:1010E000323032312D31312D32392032323A3432F0
:1010F0003A3434000000FF0000000000FF00000050
:1011000000236E000000FFFFF00000000000000060
:1011100000000000434C4D204441544100000C00AD
:101120000200392E31302E3339000000000000005B
:10113000000000000000312E32392E340000000083
:10114000C4580100C8570100436C6D496D706F723F
:10115000743A20312E33362E330000000000000098
:1011600000000000000042726F6164636F6D2D30FB
:101170002E30000000000000000000000000000011
:1011800000000000636E7472790064756D705F69B1
:101190006E666F00138589000000004008000000A3
:1011A0000000000000000000000000006576656E91
:1011B0007471006662740000115A0100160000008C
:1011C000775A0100180000008F5A01001B00000030
:1011D000275A01001C0000009CEF88000E00000050
:1011E000DA59010033000000DA5901003300000031
:1011F000435A010034000000435A0100340000004B
:10120000435A0100340000009BEF880001000000F9
:10121000D05901000A0000009AEF88000100000088
:1012200003103036373839F4FFDD000102030406BD
:1012300007080920252829232A32300B0C4247466B
:10124000333F4043363A3C3B2D3D484A7F59614548
:10125000626B6C6F70BFC0C3C4C744F4DD69656D59
:10126000000001322124302E46363B2D487F595E46
:101270006BBFC74485F4DD01320C3541463036374B
:10128000393A382D3D484A7F5A5F58646EBFC0C70F
:1012900044F4DD000102030406050708092025289F
:1012A00029232A32300B0C2E333F40434247463627
:1012B0003A3C3B2D3D484A7F5659456B6C6F70BF99
:1012C000C0C3C4C744F4DD01320C35414636373A59
:1012D000382D3D484A7F5A5F6EBFC0C744F4DD00D9
:1012E00001322124302E463637393B2D487F595E56
:1012F00057636BBFC744859CF4DD696572006C71F0
:10130000004449524543542D007068790000A404FC
:1013100000400000A40400800080D00420000000F1
:10132000A404FF010000A40400040004A504FF03BA
:101330002C01A50400E000A0A504001C00000D0481
:10134000FF0340000D0400700040A204FF034000B2
:10135000A20400700040A804FF000100D004C07F78
:1013600000000C05FF010000A60400800080A60418
:10137000FF01FF009A04FF01FF00F40900800080D4
:10138000F40900380020F409FF0337009904FF0333
:1013900078009F0400C000409F04FF039001D70421
:1013A00008000800D70400700020AC093C001400BD
:1013B000F80904000400706B745F66696C746572F0
:1013C000000000000C000000FFFFFFFFFFFFFFFF19
:1013D000FFFFFFFF70726F745F670070726F745F62
:1013E0006E000000EC5B0100070000000700000039
:1013F000FD5B01000600000001000000000000008D
:10140000000000000000000053414520486173685F
:1014100020746F20456C656D656E742075312050A9
:101420003100534145204861736820746F20456C3A
:10143000656D656E74207532205032007361655F92
:101440006D61785F7077655F6C6F6F700073616559
:101450005F7077655F686E705F656E61626C650076
:10146000405C01002700000007000000585C0100FC
:1014700028000000070000006E5C0100260000004C
:101480000700000000000000000000000000000055
:101490007374665F74656D705F6D696E5F6475749B
:1014A000795F6379636C65007374665F74656D70F2
:1014B0005F6D6F6E69746F725F74696D65007374D0
:1014C000665F74656D705F746872657368006964E7
:1014D000737570007470630074786300776170696D
:1014E00000000000000000000000000000000000FC
:1014F000600A000080380100736470636D64657673
:101500000000000000000000005D0100000000007D
:1015100000000000000000000000000000000000CB
:1015200000000000C5DF800045F6800059F680000D
:10153000C9DF8000BDDF800089DF800051DD8000D1
:101540000000000055F680000000000000000000D0
:10155000C57C0100A17C01008B7C0100E1F68000CC
:1015600000000000A5F68000F9F68000C1F68000BA
:10157000EDF6800000000000000000000000000008
:101580001588010069880100000000001188010031
:10159000258C0100F5890100598901000000000037
:1015A000000000000000000000000000000000003B
:1015B000C5890100000000001D1E1C0B80BA8C01B3
:1015C00000C20100F20000008100000010000000D5
:1015D000C0AD3A0200C20100EC0000008100000032
:1015E00022000000776C00000000000000000000F6
:1015F00000000000C05D01000000000000000000CD
:1016000000000000000000000000000000000000DA
:1016100035E201001D8E8100E9898100298F81005A
:1016200000000000B58C810000000000FD8D8100ED
:1016300000000000000000000000000000000000AA
:101640000100030003000600000003000300030084
:101650000E000D000E000E000E00020009000C002E
:101660000A0008000D00010009000C000A00080033
:101670000D00010009000C000A0008000D00010027
:1016800009000C000A0008000D0001000A000D000E
:101690000B0009000E0002000A000D000B000900FB
:1016A0000E0002000900390016000E000E000500B1
:1016B0000900390016000E000E0005000A000D009A
:1016C0000B0009000E0004000A000D000B000900C9
:1016D0000E0002000A000D000B0009000E000200BF
:1016E0001400BF00C0001500110005001400BF0069
:1016F000C0001500110005001400BF00C000150057
:10170000110005001400BF00C00015001100050005
:101710001400BF00C00015001100050009003900C9
:1017200016000E000E0005000900390016000E001C
:101730000E0005001400BF00C000150011000500D8
:101740000900390016000E000E00050009003900DE
:1017500016000E000E0005009600DE00DF001500EA
:10176000110005001400BF00C000150011000500A5
:101770000900390016000E000E00050009003900AE
:1017800016000E000E0005000900610016000E0094
:101790000E0005000900390016000E000E000500BD
:1017A0000C00B600190011001100080009003900F2
:1017B00016000E000E0005000900B6001900110009
:1017C000110008000900B6001900110011000800FE
:1017D0000900B600190011001100080009003900C5
:1017E00016000E000E0005000900B60019001100D9
:1017F000110008000800370016000E000E0005005A
:101800000900B600190011001100080000000000D6
:1018100000000000000000000000000000000000C8
:1018200000000000000000000000000000000000B8
:1018300000000000000000000000000000000000A8
:101840000000000000000000000000000000000098
:101850000000000000000000000000000000000088
:101860000000000000000000000000000000000078
:101870000000000000000000000000000000000068
:101880000000000000000000000000000000000058
:101890000000000000000000000000000000000048
:1018A0000000000000000000000000000000000038
:1018B0000000000000000000000000000000000028
:1018C0000000000000000000000000000000000018
:1018D0000000000000000000000000000000000008
:1018E00000000000000000000000000000000000F8
:1018F00000000000000000000000000000000000E8
:1019000000000000000000000000000000000000D7
:1019100000000000000000000000000000000000C7
:1019200000000000000000000000000000000000B7
:1019300000000000000000000000000000000000A7
:101940000000000000000000000000000000000097
:101950000000000000000000000000000000000087
:101960000000000000000000000000000000000077
:101970000000000000000000000000000000000067
:101980000000000000000000000000000000000057
:101990000000000000000000000000000000000047
:1019A0000000000000000000000000000000000037
:1019B0000000000000000000000000000000000027
:1019C0000000000000000000000000000000000017
:1019D0000000000000000000000000000000000007
:1019E00000000000000000000000000000000000F7
:1019F00000000000000000000000000000000000E7
:101A000000000000000000000000000000000000D6
:101A100000000000000000000000000000000000C6
:101A200000000000000000000000000000000000B6
:101A300000000000000000000000000000000000A6
:101A40000000000000000000000000000000000096
:101A50000000000000000000000000000000000086
:101A60000000000000000000000000000000000076
:101A70000000000000000000000000000000000066
:101A80000000000000000000000000000000000056
:101A90000000000000000000000000000000000046
:101AA0000000000000000000000000000000000036
:101AB0000000000000000000000000000000000026
:101AC0000000000000000000000000000000000016
:101AD0000000000000000000000000000000000006
:101AE00000000000000000000000000000000000F6
:101AF00000000000000000000000000000000000E6
:101B000000000000000000000000000000000000D5
:101B100000000000000000000000000000000000C5
:101B200000000000000000000000000000000000B5
:101B300000000000000000000000000000000000A5
:101B40000000000000000000000000000000000095
:101B50000000000000000000000000000000000085
:101B60000000000000000000000000000000000075
:101B70000000000000000000000000000000000065
:101B80000000000000000000000000000000000055
:101B90000000000000000000000000000000000045
:101BA0000000000000000000000000000000000035
:101BB0000000000000000000000000000000000025
:101BC0000000000000000000000000000000000015
:101BD0000000000000000000000000000000000005
:101BE00000000000000000000000000000000000F5
:101BF00000000000000000000000000000000000E5
:101C000000000000000000000000000000000000D4
:101C100000000000000000000000000000000000C4
:101C200000000000000000000000000000000000B4
:101C300000000000000000000000000000000000A4
:101C40000000000000000000000000000000000094
:101C50000000000000000000000000000000000084
:101C60000000000000000000000000000000000074
:101C70000000000000000000000000000000000064
:101C80000000000000000000000000000000000054
:101C90000000000000000000000000000000000044
:101CA0000000000000000000000000000000000034
:101CB0000000000000000000000000000000000024
:101CC0000000000000000000000000000000000014
:101CD0000000000000000000000000000000000004
:101CE00000000000000000000000000000000000F4
:101CF00000000000000000000000000000000000E4
:101D000000000000000000000000000000000000D3
:101D100000000000000000000000000000000000C3
:101D200000000000000000000000000000000000B3
:101D300000000000000000000000000000000000A3
:101D40000000000000000000000000000000000093
:101D50000000000000000000000000000000000083
:101D60000000000000000000000000000000000073
:101D70000000000000000000000000000000000063
:101D80000000000000000000000000000000000053
:101D90000000000000000000000000000000000043
:101DA0000000000000000000000000000000000033
:101DB0000000000000000000000000000000000023
:101DC0000000000000000000000000000000000013
:101DD0000000000000000000000000000000000003
:101DE00000000000000000000000000000000000F3
:101DF00000000000000000000000000000000000E3
:101E000000000000000000000000000000000000D2
:101E100000000000000000000000000000000000C2
:101E200000000000000000000000000000000000B2
:101E300000000000000000000000000000000000A2
:101E40000000000000000000000000000000000092
:101E50000000000000000000000000000000000082
:101E60000000000000000000000000000000000072
:101E70000000000000000000000000000000000062
:101E80000000000000000000000000000000000052
:101E90000000000000000000000000000000000042
:101EA0000000000000000000000000000000000032
:101EB0000000000000000000000000000000000022
:101EC0000000000000000000000000000000000012
:101ED0000000000000000000000000000000000002
:101EE0000000000000000000000000002DE9F843A1
:101EF00005468846FBF33EF200212846FBF382F3B9
:101F0000044628466E69AF69F3F3F0F30A2E814662
:101F100016D90F2E16D02846FAF31EF5142E0546B4
:101F200003D9A36823F00803A360A368142E43F029
:101F30000103A36014D9A36843F00803A3600FE072
:101F4000022E0FD92846FAF375F5D4F8A4300546C9
:101F500023F0FF0343F00203C4F8A430022303E09C
:101F6000012301E0104D3023A268D20707D407F007
:101F70001802082A0CBFB5FBF3F54FF4E11507F082
:101F8000030700260BE004F54073B8F1000F05D0FD
:101F90003002181849462A460023C0470136BE427F
:101FA000F1DBBDE8F88300BF00C63E052DE9F8432C
:101FB0001646984604460D46FAF374F50021074686
:101FC0002046FBF31FF3002281461346134988186D
:101FD0004068B0B90C225343CA18CE505560C2F8BD
:101FE00008802046FBF3C6F1D9F824300C4D1E437F
:101FF0002E602046FBF3BEF12B680125C9F8243082
:1020000004E001330C32052BE0D10025204639468F
:10201000FBF3F8F22846BDE8F88300BFBC5F01007F
:10202000E403000038B5124C002148222046F0F3AA
:1020300065F4104A012384E80C0000250E491F2294
:1020400004F10C00F0F332F584F82B50F5F31CF397
:102050004FF40023A3634FF40003E363074B2063B3
:102060002364074B6563DB696564A36038BD00BF0B
:102070001860010044454247403901001C2B09000B
:10208000706001004369142B01DDFAF317B5704746
:10209000436910B50A2B04460ADD064901220346AE
:1020A000FFF784FF20460121BDE8104007F096BAF3
:1020B00010BD00BF89160000C36910B5590704465A
:1020C0000CD5074B00221968FBF3B4F005492046F4
:1020D00010222346BDE81040FFF768BF10BD00BFC7
:1020E0002C040000FDB18000134B13B513601346A0
:1020F00001E0114C1C600433ADF17C04A342F8D321
:10210000C41C24F003040D4B091B0D481960002367
:1021100003600C48083903600B4884E80A00036038
:102120000A4802600A4802F500520260094A136038
:10213000EAF7C6FE44601CBD4B415453F403000053
:1021400014040000480400000460010068600100FD
:1021500010600100F003000008B500211420EAF728
:10216000BDFE054B002118601422F0F3C7F3BDE853
:102170000840F5F301B100BF300400002DE9F0473D
:102180004D1C2946824605F0A1FB134C206000B38C
:102190004FEA850948460021EAF7A0FE0F4F804626
:1021A00038600F4E68B14A460021F0F3A7F320686B
:1021B0000021F0F33FF73B6800221A603560BDE86C
:1021C000F0875046216805F0D5FBC6F80080C4F8BA
:1021D0000080BDE8F08700BFF8030000E8030000BE
:1021E00004040000F0B5184F85B00F21386805F0E1
:1021F000C3FA0F2803903E4624D184200021EAF739
:102200006DFE124C2060D0B100218422F0F376F3F1
:102210000025012304AA42F8043D00950195386881
:1022200021684FF4F06305F0D5FA0130206803D03F
:102230003221ECF751FA05E0EAF7D8FE2560306864
:1022400005F0B8FA05B0F0BD2C040000440400000D
:10225000B1F5E06F73B504460E46154606D1036925
:102260000091002101911E680A460CE00D4B0022EE
:102270001868FBF3B9F1014680B12369002200968A
:1022800001921E6820462B46B04738B1064BA0612C
:102290001A68656122621C60002001E04FF0FF3087
:1022A0007CBD00BF00040000F85F01002DE9F84389
:1022B00010200C46002191469846EAF70FFE05468D
:1022C00020B3144E3068FAF3EDF3099B074623B9A7
:1022D000306821464A46FBF387F13068FAF35CF533
:1022E00001238340089AEB60AA600B4AC5F804807A
:1022F00011681560094A2960116830680B43136042
:102300003946FBF37FF10020BDE8F8836FF01A0037
:10231000BDE8F883000400003C0400001004000045
:1023200013B500210446FBF36DF1174B1860174BF2
:1023300000F5706018606369222B12DDE3695806AE
:102340000FD540F6270100222046FAF311F5014689
:102350002046FBF357F10E4B002118602046FBF39B
:1023600051F100204FF4006102460A4B00900190A9
:10237000FFF79CFF28B1012002B0BDE81040F4F344
:1023800077B602B010BD00BF2404000094600100C5
:1023900034040000E9B1800073B5374B374C01932A
:1023A000374B0021202220461D682669F0F3A6F253
:1023B00001232360334B26611B68E36145F8044C1D
:1023C00000F048FCADF5FE513C390A462E48FFF7B7
:1023D0008BFEF4F33DF3F4F3A5F700F073F8FFF789
:1023E00021FE002006F0D4FD284D294C286007F07E
:1023F0000FFA2060FFF794FFFFF7AEFE206800F0B1
:1024000029FB206806F0E8FD224B20681A6802F5D7
:1024100080321A60204B1A6802F580321A601F4B16
:102420001A6802F580321A6000F0C0F800221C48D9
:102430001C49F5F3E7F002221B481C49F5F3E2F0D2
:1024400000221B481B49F5F3DDF000221A491B4806
:10245000F5F3D8F02068FFF715FE2068FFF718FEA7
:102460002068FFF729FE286840F28F11FFF786FEEB
:10247000FFF7B8FE20687CBDADDEADDE7060010008
:10248000945C0100906001008C6A03002C04000041
:1024900000040000F40300001404000004600100C4
:1024A0008DDA8900891900001385890041B4800004
:1024B000943B010091B680001DB28000973B010063
:1024C0007047000070B5174D2C682CBBB02021461A
:1024D000EAF704FD286010B32146B022F0F30EF2B3
:1024E0004FF4806021462E68EAF7F8FCB060286857
:1024F00086681EB9EAF77AFD2E600DE04FF480621F
:10250000C26021463046F0F3F9F12B68064A2046B6
:102510001360064A536170BD4FF0FF3070BD4FF03D
:10252000FF3070BDA8600100500400007060010021
:1025300070B5184C0546236833B9174E33680BB98C
:10254000FFF7C0FF33682360206808B300230360EF
:10255000C0F89C304360012380F8A4306B6C0E3BC4
:10256000012B03D928460D49FFF7C0FC0C4B9A6894
:1025700012B12268C2F89C3020680123C0F89C3058
:10258000F5F31EF0074808492268F5F33BF0206890
:1025900070BD00BF50040000A8600100716C010014
:1025A00098600100242B870011BE800010B5002325
:1025B000044610220A49FFF7F9FC00212046FAF3ED
:1025C00065F7002220464FF4A051EDF76DFF054B53
:1025D000002220469A60BDE81040FFF7A9BF00BF67
:1025E000E5BC80009860010038B504460D4651B145
:1025F0001020F5F39FF1044B186020B180E8300003
:102600004FF4F063836038BDAC600100134B0246A9
:102610001B68006810B500F47041DC1E090B042C27
:1026200008D800F47060000A0E30012313FA00F09D
:10263000484310BD072B0CD8002010BD43F4807414
:102640001461146C013304F07F0401346403001935
:1026500001E0002318468B42F0D110BD5014000059
:1026600003684068181823F00703083398428CBFAA
:102670000020012070470000044B054A1868904272
:102680001ABF00F108021A6000207047A05C010028
:10269000001000002DE9F34190E8480023F0070402
:1026A000083413F0070202D19D19AC424AD03546D6
:1026B0008068002203E0875C0DF802700132B242AC
:1026C000F9D19E18A64204D900293DD0361B951B8E
:1026D00000E0002623F00707C7EB030C002204E00C
:1026E00012F8078000F8028001326245F8D18218A2
:1026F000002003E01DF8007017540130A842F9D102
:102700005B195219E71A002004E013F800C002F820
:1027100000C00130B842F8D1002E18DD00AB5D19C1
:102720000023EA5CCA540133B342FAD1C918E41851
:102730000022C3F1080302E0A05C885401329A42EF
:10274000FAD104E0104603E04FF0FF3000E0002033
:10275000BDE8FC812DE9F0471C4B1D4C0026C4EB65
:1027600003081C4B4FEAA80803FB08F8474629E07A
:102770002368D4F808A023F0070900251AF80520DB
:1027800015F809309A4202D00120F4F371F40135B2
:10279000082DF3D12046FFF763FF88B90E4B05469D
:1027A00003EBC70A013705EB09031AF805201B7A6A
:1027B0009A4202D00120F4F35BF40135082DF2D1E6
:1027C00001360C344645D3DBBDE8F087901300009A
:1027D00000100000ABAAAAAA00080000144B2DE9C3
:1027E000F0471B68134D9B68134F03F00F097F1BC5
:1027F0000123124A03FA09F9BB1002FB03F8002671
:10280000444606E02846FFF72BFF00B901340136A5
:102810000C354645F6DB2246BB104FF0553404FB21
:10282000032307484946BDE8F047F0F38DB000BFE9
:102830004C1400000010000090130000ABAAAAAADC
:10284000A93B010041F4003138B5426304460163FD
:10285000652502E00A20F4F355F5236B002B01DB1C
:10286000013DF7D138BD836A43F00043836270476E
:10287000836A23F0004383627047F8B58668054693
:1028800001240F4606F00F06FFF7F2FF14FA06F6D2
:10289000AC62EF62002405E0A1B228460022FFF7F7
:1028A000D1FF0134B442F7DBF8BD00002DE9F0415F
:1028B000FFF7E2FE194E1A4BDFF87080194FF61A37
:1028C000194BC8EB0707002814BF05461D460446F0
:1028D0005D1BFFF783FF47B1002140463A46F0F306
:1028E0000DF040463946F4F383F146B100210C481F
:1028F0003246F0F303F00A483146F4F379F155B16A
:10290000002120462A46EFF3F9F720462946BDE884
:10291000F041F4F36DB1BDE8F08100BF9013000009
:10292000001000000008000000100000C5040000B6
:10293000424B2DE9F74F1D6841492846FFF79DFF9F
:10294000404A414BA968D31A404A9B105A4301920E
:1029500071D0012001F00F0110FA01F18A4201DD6E
:10296000F4F386F32846FFF751FE394BA0F1040B30
:102970001A6899460E2A01D8861000E001264FF009
:102980000008314C4CE06368013B072B01D8A36879
:1029900013B90120F4F36CF32046FFF761FE38B958
:1029A000FFF76AFE074620B90120F4F361F300E067
:1029B000002720463946FFF76DFE10B10120F4F3E1
:1029C00057F3DFF87CA0A1682268D9F80030CAEB81
:1029D000010122F00702C9100E2B96BF02EA0B027A
:1029E000324346EA920289B22846FFF72BFFA7B18D
:1029F0002268D9F8003022F00702CAEB070108323A
:102A0000C9100E2B98BF02EA0B0289B28CBF324369
:102A100046EA92022846FFF715FF08F101080C3438
:102A2000019B9845AFDB2846FFF71DFF03B0BDE8CB
:102A3000F04FFFF78FBE03B0BDE8F08F4C140000DD
:102A4000000800009013000000100000ABAAAAAA22
:102A5000501400002DE9F7430446FAF38BF42046A6
:102A600000F008FA6B48EAF71DF92046F2F334F655
:102A700000F578704FF47A730730674FB0FBF3F0CE
:102A800038602046F2F328F6644B654AC318616942
:102A9000B3FBF2F3634A22291360634E634D04DDF6
:102AA000E369580601D5336800E02B6803F5C2637B
:102AB0000433D3F800E030682B68222905DDE26991
:102AC000520602D500F5C26201E003F5C26204328B
:102AD00012689645F1D0222905DDE269520602D539
:102AE00000F5C26301E003F5C2630433D3F800804C
:102AF000EAF7B8F83168814660692A68102522280B
:102B000005DDE3695B0602D501F5C26301E002F56C
:102B1000C26304331B689845F1D0222805DDE369C0
:102B20005E0602D501F5C26301E002F5C26304331B
:102B3000013DD3F80080E2D1EAF794F83A68C9EB96
:102B40000006B2FA82F39A40191FB2FBF6F2384B34
:102B500001321A604FF47A73A2FB03233548CA404E
:102B60000160C1F1200113FA01F08018ECF742FB7B
:102B7000396804230FE0B5FA85F2B6FA86F0013A17
:102B80008242A8BF0246964095409B18B6FBF1F2E0
:102B900001FB1266551915F0404FECD0264A136020
:102BA000264B40F2FF321D60236A002B244BC8BF26
:102BB0006FF07F421A606369222B0CDDE3695806CF
:102BC00009D5002040F6270102461E4B00900190D7
:102BD000FFF76CFB05E020461A4920220023FFF78F
:102BE000E5F900201849F0F301F5184D286078B197
:102BF0000120F4F36DF220462D68F2F36DF5B5FB7C
:102C0000F0F04FF47A754543114BA5F5FA651D6058
:102C1000BDE8FE83E91E0000A45C01003F420F00F6
:102C200040420F00B40300003404000024040000FC
:102C3000A8030000AC030000A4030000A0030000F0
:102C4000B003000019B980008C85020084040000E4
:102C5000800400000D4B00211A6842F010021A6037
:102C60001A6822F400721A60094A136843F08073EC
:102C700043F480331360074B07221A6043F8041CA7
:102C800059685A60044B20221A60704714ED00E026
:102C9000FCED00E0241000E000E400E070B5044624
:102CA0000E46FAF367F32046F9F3FCF60546EAF719
:102CB0005BFD40F62A0102462046FAF395F482694C
:102CC000436926B142F0004243F0004303E022F0A2
:102CD000004223F000438261294643612046BDE85B
:102CE0007040FAF38FB42DE9F84304461E4690462F
:102CF0000D46FAF33FF32046F9F3D4F64146324647
:102D000007462046FAF370F42046FAF345F00646EB
:102D1000EAF72AFD40F62A0102462046FAF364F457
:102D20004FF00108814685B108FA06F5836933EA58
:102D3000050502D14046E9F787FF01360120B04082
:102D4000E9F774FFC9F818500EE0701C08FA06F68F
:102D500008FA00F0E9F778FF4046E9F767FFD9F88D
:102D600018301E43C9F8186020463946BDE8F843BC
:102D7000FAF348B4034630B1002000E01046421C8C
:102D80005B08FBD1704770470346032B10B5104614
:102D90000C461DD8FAB1022B0BD0032B14D0012BFB
:102DA00003D0FFF7E7FF0D4B06E0FFF7E3FF0C4B07
:102DB00002E0FFF7DFFF0B4B186043F8044C5A6842
:102DC00004225A60002010BDFFF7D4FF064BF3E742
:102DD0006FF0010010BD6FF0010010BD241000E085
:102DE000341000E0441000E0541000E050B1431EE5
:102DF000034207D0002300E013465A1C4008FBD1D1
:102E0000012098407047000070B5EAF7E3F90446E6
:102E1000EAF7DAF9164E241826F4FE4626F0FF06E5
:102E200006F50046A41B1ED00125B4F5004F0FD3B4
:102E3000284631464FF40042FFF7A6FFB0B90135EE
:102E4000EDB2042DA4F5004406F50046EDD170BDA9
:102E500020465CB1FFF7CAFF314602462846BDE86E
:102E60007040FFF791BF4FF0FF3070BD70BD00BFE5
:102E70008C6A03002DE9F8430446FAF37BF22046FE
:102E800040F60E010022FAF3AFF30546002838D0D1
:102E90002046FAF36BF2014618B920460A46F9F3C8
:102EA000F5F520462F68D5F80080F9F303F60428DD
:102EB000064605D825D108F4E028B8F5403F20D1D2
:102EC00000205049F0F392F3D8B907F0F0073F091A
:102ED0000FE0013F072E2F6108D90C2E06D02B6C76
:102EE00003F44063B3F5406F00D010B1464B0120AE
:102EF0006B61002FEDD1D5F8E83123F01003C5F850
:102F0000E831EAF731FC40F62A0102462046FAF39E
:102F10006BF33E4D06462860EAF726FC3146024632
:102F20003B48EFF311F52046F9F3C4F5394B18602F
:102F30002B681A6842F080721A601A6842F0020226
:102F40001A600022C3F8E0216269272A05DDD3F860
:102F5000E02142F04002C3F8E02140F2DD5602E0F9
:102F60000A20F4F3CFF12B68D3F8E0319B0301D4AE
:102F7000013EF5D100210B4620464FF40062FFF7D9
:102F8000B2FE00210B46204640F61202FFF7ABFED0
:102F900000210B46204640F62902FFF7A4FE2046FA
:102FA0000121FFF77BFE00201B49F0F31FF300B364
:102FB0002046F9F377F50646EAF7D6FB40F62A01F4
:102FC00002462046FAF310F3D0F814900746D0F8E2
:102FD00098802046F9F366F50123834043EA09030C
:102FE0007B6148F00103C7F8983020463146FAF378
:102FF00009F32B681A6A42F003021A62BDE8F8432B
:10300000FFF702BF97850200FF7F0121B06001003A
:10301000BB3C0100B8600100A28502000721C0F896
:10302000A4114021C0F8A8114FF4F061C0F8C811F4
:103030001821C0F8CC1108210122C0F8D0110621B6
:103040000A23C0F89C21C0F8B021C0F8DC11C822C6
:103050001C21C0F89831C0F8B42120231022C0F8F8
:10306000E0110C21C0F8A031C0F8BC31C0F8C0316B
:10307000C0F8C421C0F8D431C0F8E4110323C0F86B
:10308000E8210421C0F8F0210022C0F8D831C0F8AE
:10309000EC11C0F8F421C0F8FC21C0F800327047F0
:1030A00041F2E443984206D144F2F4300B1A5842FC
:1030B00040EB0300704700207047D0F81C1238B571
:1030C000044659B1806804F0D0FB0546D4F81C02D0
:1030D000F4F33CF40023C4F81C3200E00D4628460B
:1030E00038BD7FB50446062384200393F4F31CF413
:1030F000C4F81C02B8B100218422EFF3FFF30025CD
:103100001C23A068D4F81C1203AA0095019504F0B2
:1031100061FB0646013008D1D4F81C02F4F316F422
:10312000C4F81C5201E04FF0FF36304604B070BDC9
:103130002DE9F04104460D461646984640F2E9371F
:1031400002E00A20F4F3DEF063691A6D002A04DA63
:10315000013FF6D13846BDE8F081069A4644360272
:10316000B2F1807F46F0004603D12A7842F08072A7
:10317000B6181E6540F2E93602E00A20F4F3C2F008
:1031800063691B6D002B03DB2B700120BDE8F08110
:10319000013EF2D13046BDE8F08100002DE9F04358
:1031A0008BB01D46DDF848909F4B0846C3F8009051
:1031B00011461746FFF774FF002800F030814FF4E6
:1031C0000B70F4F3B1F30446002800F029810021CC
:1031D0004FF40B72EFF392F3A560C4F814902046FD
:1031E000FFF71CFF914B1E68C4F818621EB13678B9
:1031F000003618BF012604F128084046022141226A
:10320000F0F382F400230093019302933846294699
:103210004A46139B06F024FBE060002800F0FA8089
:10322000F9F338F42060E068F9F344F46769804A00
:103230007B68804903F0010383F00103D4F800C0E8
:10324000002B18BF114684F87A3140F629039C45BB
:103250006060D4F808E0E26807F5007303D110B1AC
:1032600007F5087701E007F504770097D4F8BC016B
:103270000190D4F8C0010290D4F8C80103904FF037
:10328000FF300490D4F8C401059008200690002077
:103290000790704604F04EFC6062002800F0BA808F
:1032A000D4F81812644FB9B10B78ABB1D7F8B0307D
:1032B000984762492246D4F81802F0F32DF3D4F867
:1032C00018025F49224604F0F1FA2EB12046FFF7BA
:1032D00008FF002840F09E8002210A46D7F8B83047
:1032E000606A984720460021E2682B4600F06EF99C
:1032F0002061002800F08E8000210B462046514AB4
:10330000F3F336F50023C4F8940184F87D314E4878
:10331000F5F304F010B3EFF347F5012383404B4876
:10332000C4F88431F4F3FAF710B1EFF33DF508B1C6
:10333000D4F88401C4F8880145490020F0F356F11F
:10334000030CA4F88C31A4F88E013BB10021204677
:10335000404A0B46F3F30CF5C4F8900100203E49B7
:10336000F0F344F1012808BF84F822022046F6F366
:1033700091F4002835D000200125C4F8A40184F878
:103380002A523649F0F332F120B184F8055234481C
:10339000EFF3DAF200203349F0F328F1C0B28DF8F0
:1033A000260068B100F00F004FF080730AA901F801
:1033B000020D4FF44072009320460F23FFF7B8FE32
:1033C0000AA9082301F8013D636900221D6F1A67ED
:1033D0004FF0807300932046F023FFF7A9FE636946
:1033E0001D67214922462148F4F30CF12048F3F3EC
:1033F000ABF7204B04F58472511C1A600332DA607B
:10340000D4F8F020596004F585719960C3F81080F4
:103410005A6105E02046F4F399F2002400E00446E6
:1034200020460BB0BDE8F08388040000440400008F
:10343000B9850200CB85020010A7880051E7800003
:10344000CDE7800091F08000E08502000A8602004E
:1034500002860200EDE68000D5850200C1850200EB
:10346000E9850200AD85020095E68000E03C0100A0
:10347000F9E28000BC60010038B50025044680F800
:103480007951006900F0DEF82046F6F3F5F5E068C2
:103490002946F9F3F9F2D4F8940128B1F3F3ECF3E7
:1034A000D4F89401F3F312F4D4F8900128B1F3F3B3
:1034B000E3F3D4F89001F3F309F4E06805F078FF42
:1034C000D4F81C3223B11B7813B12046FFF7F5FD69
:1034D0002046BDE83840F4F339B210B58469A068DD
:1034E000FFF7CAFFE06805F061FD002010BD000095
:1034F00010B584690021342204F11C00EFF3FEF1C1
:10350000034BA06863622462F6F32AF3002010BD27
:1035100091F680002DE9F347274D99462B68064622
:10352000072B0F46924640DC05F032FD80465020C6
:10353000F4F3FAF1044600283AD000215022EFF3C8
:10354000DDF12B68A4F8149084E848002761C4F8E2
:103550000C80204641F2E4414A4643468DE880040F
:10356000FFF71CFEA06010B300200A990B9A134BC2
:103570008DE84004FEF79AFE074618B1A068FFF7F1
:103580007BFF12E0A068F6F367F12B68A0610F21C2
:103590000B4A3046EFF318F2F7730A483146EFF35F
:1035A000D3F12B6801332B6002E0002400E00446D5
:1035B0002046BDE8FC8700BFD4600100C1F6800052
:1035C0003386020013860200F4F3C0B12DE9F04106
:1035D0001B4F98463B780546072B144626D85420A7
:1035E000F4F3A2F1064610B300215422EFF386F162
:1035F0003B78002286F8443001333B700123B460ED
:1036000086E82001A6F84C20A6F85020A6F84E2007
:10361000A6F85220B3640420F4F386F10446306423
:1036200040B100210422EFF369F100E000263046AA
:10363000BDE8F0813046F4F389F12646F7E700BF94
:10364000D8600100C26B1AB100235362826B5362CF
:10365000C068FFF7B9BF0000054A064BD17E19705C
:10366000117F5970517F9970927FDA70704700BF57
:103670008C6A0300906001002DE9F04F8FB0E9F7EC
:10368000A9FD474E474D3368049005932B68B3F569
:10369000805F00F28180444F44493868EFF3A6F719
:1036A00001287AD02B68DFF81C910393D9F80030F9
:1036B00000240693DFF810812368DFF810A1079338
:1036C000D8F80030DFF808B10893DAF80030384A4B
:1036D0000993DBF80030D7F800C00A93354B126825
:1036E00019680C920B913449301D0968039A0D91A9
:1036F0006146CDF808C00193EFF37CF021462A68BB
:103700003868EFF3FBF02D4A019BCAF800202849E6
:10371000294A04981C6014600C604FF0FF32311A83
:103720003C60C9F800402C60C8F80040CBF800406D
:10373000EFF38CF70599019BCA439042DDF808C06E
:1037400029D1039A06992A60C9F8001021681C4AF9
:10375000C7F800C01160079A08992260099AC8F852
:103760000010CAF800200A990B9ACBF800101A60D2
:103770000F490C9B039A0B600D9B0F4960460B6031
:10378000311DEFF337F02A68301D21460FB0BDE838
:10379000F04FEFF3B3B0FEE7FEE70FB0BDE8F08FF8
:1037A0008C6A03009C5C0100985C01008286020028
:1037B0004C1400004814000050140000DDBAADBBEA
:1037C00038140000945C010044140000341400001C
:1037D0004014000070470000774B2DE9F04F1B6844
:1037E00091B0043B012B03D8744B1868FFF7F2FF2C
:1037F000FEF7D2FD00210446F9F334F720460021FC
:10380000F9F300F7054658B12046F9F3B3F52B6AF2
:10381000002B05DA2046F9F3ADF54FF000432B629B
:10382000E9F7CBFF2046F9F3CBF00EA90822EFF31E
:10383000F1F202462046D4F840B00B92F9F38CF036
:1038400082462046F9F388F081462046F9F384F059
:1038500080462046F9F3EEF007462046F9F3EAF0F9
:1038600006462046F9F3E6F005462046F1F334F724
:10387000014620460C91F1F32FF784462046CDF8FF
:1038800034C0F1F329F70B9A0C99DDF834C0029299
:1038900008F542484A4A05F5424500F542400AF516
:1038A000424A09F5424908F5A87807F5424706F566
:1038B000424605F5A87501F542410CF5424C00F56C
:1038C000A870B8FBF2F8B5FBF2F50CF5A87CB0FBDC
:1038D000F2F00AF5A87A09F5A87907F5A87706F5B0
:1038E000A87601F5A871B1FBF2F1DFF8F8E0BAFBB8
:1038F000F2FA02FB1899B7FBF2F702FB156602FB1E
:1039000010C2CDF804E0DFF8E0E02E4BB2FBFEF28F
:10391000B9FBFEF9B6FBFEF6089109922A492B4A3B
:103920002B480093CDF80CB0CDF810A0CDF8149032
:1039300006970796EFF308F0264840F60D0144F28B
:10394000F432FEF785FC38B1224840F6290144F2F2
:10395000F432FEF77DFC20B91F4A204B1D4D1A6042
:1039600000E00025204605F01BFE44F218334FF618
:10397000FF72904214BF02461A4640F612011848E0
:10398000FEF766FC1649002818BF00214DB141B171
:10399000124B28461B685B6898472B6928465B6872
:1039A00098472046F9F3E6F42946FEF71DFE204627
:1039B00011B0BDE8F08F00BF501400004C1400009F
:1039C00040420F007D8602003F8602007E86020094
:1039D00044860200A85C0100D45C01008C04000055
:1039E000945D010040390100A0860100084670473F
:1039F0002DE9F04FD1F8FC3091B00B9303F56063E3
:103A00000446099371E10E22002320460BA9E8F336
:103A1000DBF50F280746204602D1E8F373F56CE189
:103A200000220BA91346E8F3CFF510F00E0F40F07B
:103A300061818B4E3A0D3E4040F23B43360A00F422
:103A4000F8789A4208924FEA181804D140F6FF73AA
:103A50009E4200F04A8100F478534FEA532B002B2A
:103A600000F0438100F4F82A00F47803DB0C4FEAFD
:103A70009A3A13EB0A02079325D140F267339E422C
:103A800014D10CAB01930DAB02930EAB03930FABB0
:103A9000049320460BA913460092E8F335F500285D
:103AA00000F023810C9BC4F858331EE140F2DC5334
:103AB0009E4208D040F20B539E4204D040F62703AA
:103AC0009E4240F01281D4F8D050314605F1B60341
:103AD00044F8237005F1C60344F823002046FFF79D
:103AE00085FF04EB8503C3F8D40000270BE0012217
:103AF00020460BA91346E8F367F500F00E000228F4
:103B000040F0F88001374745F1D10CAB01930DAB84
:103B100002930EAB002703930FAB049320460BA92F
:103B20003A463B460097E8F3EFF420B1B94627E068
:103B30004FF0010900E08146402300930CAB019354
:103B40000DAB02930EAB039300220FAB0493204600
:103B50000BA91346E8F3D8F40028E9D1B9F1010F15
:103B60000ED00D9B002B40F0C5800F9B002B40F02A
:103B7000C1800E9AB2F5805F40F0BC809946DBE7C9
:103B80000C9A04EB8503C3F814210E9A0127C3F89D
:103B9000D4210CAB01930DAB02930EAB03930FAB8F
:103BA0000022049320460BA93B460092E8F3ACF4B4
:103BB00060B1012F0AD10E9BB3F5805F06D10C993D
:103BC00004EB8502C2F89411C2F8143201370028C0
:103BD000DFD137464FF001082E4617E000250023BD
:103BE00000930CAB01930DAB02930EAB03930FABA1
:103BF000049320460BA942462B46E8F385F408B10E
:103C00000135ECE7002D75D008F10108D845E5D164
:103C100035463E4600271FE0C02300930CAB0193BE
:103C20000DAB02930EAB03930FAB049320460BA98D
:103C30003A460023E8F368F400285BD00F9B002B82
:103C400058D10E9BB3F5805F54D127B90C9A05F17A
:103C5000A60344F8232001375745DDD1002739E07A
:103C600000FF0F00802300930CAB01930DAB029378
:103C70000EAB03930FABBBF1010F0CBF3A467A1C9E
:103C80000493204600230BA9E8F33EF4089A40F27F
:103C90003B439A420DD140F235139E4209D1D4F8EC
:103CA00070330C9904EB83020133C2F87413C4F827
:103CB0007033F8B10F9BEBB90E9BB3F5805F19D150
:103CC000BAF1000F05D127B90C9A05F1A60344F803
:103CD00023200137079B9F42C4D1B9F1000F04D1C3
:103CE000D4F8D0300133C4F8D0300B9B099A9342FA
:103CF000FFF489AE0023C4F8D03011B0BDE8F08FD6
:103D000010B5D0F87023002306E0D0F870134FF4FC
:103D10004C74C1F80049013304309342F5D110BD11
:103D20002DE9F84300270446154699460E46B84645
:103D300009E0304600210422EEF3E0F50137C6F831
:103D40000080B04676194F45F3DBC4F80080BDE82B
:103D5000F88370B50D460446D8B1D1B10E68C6B12E
:103D6000B389CBB9738A03F00303012B03D1F06944
:103D700008B1F3F3EBF5738A201D23F0040373827B
:103D80003146EDF361F723890020013B2381286050
:103D900070BD6FF0010070BD6FF00F0070BD2DE9B8
:103DA000F74F0C9F019116469A46DDF834B0BDF8E6
:103DB00038900546002857D00F9B002B54D000297F
:103DC00052D0002A50D0BBF1000F4DD09BF80030EC
:103DD000002B49D000F104084046EDF341F70446BA
:103DE000002844D0B9F1010F0BD157B906FB0AF0F6
:103DF000F3F39AF5074638B940462146EDF324F728
:103E000035E04FF0000800E08046002124222046E3
:103E1000EEF374F5019B0822A360638A204623F029
:103E2000030349EA030343F0040363825946EEF3B4
:103E30003DF60023B9F1010FE3710CD1A4F814A0F1
:103E4000C4F81C80A66104F120003946324653466E
:103E5000FFF766FF01E0EB6863612B890020013307
:103E60002B810F9B1C6004E06FF0010001E06FF0FC
:103E70001A00BDE8FE8F2DE9F84307460E461546A9
:103E8000002A2DD000282BD0002929DD1020F3F3A3
:103E90004BF5044640B300211022EEF32FF5E76006
:103EA000242707FB06F966814846F3F33DF5804673
:103EB00030B92046F3F34AF56FF01A00BDE8F883F5
:103EC00000214A46EEF31AF5204640F8048B41469D
:103ED0003A463346FFF724FF2C600020BDE8F88304
:103EE0006FF00100BDE8F8836FF01A00BDE8F883B9
:103EF00070B5064660B1046854B125895DB9206883
:103F0000F3F324F52046F3F321F53560284670BD20
:103F10006FF0010070BD6FF00F0070BDFFF719BFAB
:103F20001FB50024019203930A462346009402948D
:103F3000FFF735FF04B010BDFFF70BBF51B10329E8
:103F400002D80423136003E0033121F00301116060
:103F5000002070476FF0010070472DE9F04186B0F6
:103F600005460C461E46DDF83080174612B31BB1DD
:103F7000B8F1000F03D11DE0B8F1000F1AD12846A7
:103F8000214605AAFFF7DAFFB0B92EB1059B7B43A6
:103F900098450FD3B3070DD10D9B284601930123FC
:103FA00002930E9B21460393059A3B460096FFF72A
:103FB000F6FE01E06FF0010006B0BDE8F08110B53B
:103FC000044690B1C36823B1406804F10C01FFF7C7
:103FD000A5FFA36823B1606804F10801FFF79EFF05
:103FE0002046BDE81040F3F3B1B410BD2DE9FF4108
:103FF000074610200D4616469846F3F395F40446FE
:10400000F8B100211022EEF379F4124A27606560BE
:10401000019204F108020023029228460C21324644
:104020000093FFF79AFF034658B90B4A009001929C
:1040300004F10C02029228460C214246FFF78DFF44
:1040400018B12046FFF7BBFF0024204604B0BDE8AE
:10405000F08100BF9086020088860200FFF7AFBFA4
:1040600080697047008A400070470000808ACB69F1
:10407000B2FBF0F300FB1322D2B242F000421B0667
:1040800042EA13438B61002300E001338869094A47
:10409000002802DA9342F8D106E0934204D0C3002C
:1040A00005D4C0F3407070474FF6FF7070474FF66D
:1040B000FF7070478096980010B58468002364698B
:1040C0004B61302CC4BFD1F8F43003F47E03C1F847
:1040D000F430BDE81040FFF7C9BF2DE9F0410024DE
:1040E00080460F461601254640463946AA19FFF775
:1040F000E3FF4FF6FF73984206D0A8400135044312
:10410000102DA4B2F0D100E004462046BDE8F081B5
:10411000BF230B80FF2313807047013906291DD868
:10412000DFE801F0040A1C1C101C17002023438246
:1041300040238382802310E04023438283824FF414
:1041400080730AE060234382402383824FF4C0736C
:1041500003E01023438240238382038200207047C0
:1041600001390A2919D8DFE801F006080A0C0E18EF
:1041700010181818130040230CE060230AE0802375
:1041800008E0A02306E0C02304E04FF4807301E0C0
:104190004FF4C073438220238382838A428A53432D
:1041A0001B110382002070476FF01600704770B536
:1041B0000446058A8068F8F375F400210646A06875
:1041C000F9F320F2A2685369222B05DDC36C9B052D
:1041D0009B0D0733DB08A38510463146F9F312F235
:1041E000A38D6D00E81A023870BD70B50446806872
:1041F0000D461646F9F394F030B120462946324672
:10420000BDE87040FFF769BF06F5806635F8160017
:1042100080B270BDF8B50446806816460F46F8F3C4
:1042200041F400210546A068F9F3ECF13A46014655
:104230002046FFF7DAFF29463080A068F9F3E2F163
:104240000020F8BD01392DE9F84F044691461E467D
:104250000E2971D8DFE801F00818702870707034EA
:104260007070707070703B0090F82E20838B0AB1D4
:10427000C58C00E0C58BED1AA369D9052ED533682E
:10428000AB4233D3A78B36E090F82E20038C0AB1D3
:10429000C58C00E0458CED1AA3699A051ED53368DC
:1042A000AB4223D3278C26E083694FF0020513F439
:1042B000806F13D03368012B18D9876A02371AE050
:1042C000878CC58C8369ED1B13F4006F05E0878B29
:1042D000C58C8369ED1B13F4407F04D135606FF00A
:1042E0001D00BDE8F88F3368AB4204D235606FF033
:1042F0000D00BDE8F88FA068F8F3D4F300218346E1
:10430000A068F9F37FF14FF00008824609E008EB5E
:10431000070220465146FFF768FF08F1010829F817
:10432000020BA845F3D1A0685946F9F36BF1C6F822
:1043300000800020BDE8F88F6FF00100BDE8F88F25
:1043400073B50023ADF80430ADF806308368044639
:104350005B690D46272B05DDCB691B051B0D1B116A
:10436000043B06E01B2B06D84FF492629A4002D51C
:104370000C2383620EE0242B01D0272B04D1238A47
:104380007F2B05D80C2304E0172B01D0182B01DD5F
:104390001423A362EB6903F4E023B3F5803F0ED04E
:1043A0004FF00443AB61002300E00133AA69002A07
:1043B0002E4A02DA9342F8D157E0934255D02B6946
:1043C000A26AA361033220462946FFF70EFF284B5D
:1043D000A269000903401343A36103F44073002260
:1043E000B3F5407F84F82E2002D1012384F82E30CB
:1043F000A36A0DF106020433A383238A2046E383D4
:10440000E38401A9FFF784FEBDF80620BDF804305F
:10441000D61AB6B216B1E3836384A284A369DB051E
:104420000AD520462946A26AFFF7DFFE000980B2BE
:1044300000B1E083E38B00E0A38B2384AEB9204678
:10444000FFF7B5FEA36900EBD070401060849805BB
:1044500009D5A26A204629460132FFF7C6FE0009A7
:104460006084A08401E0238CA3847CBD80969800A6
:1044700000FFFF00F8B543690546152B01D0162B48
:104480003CDD2846F8F340F70646002836D128469A
:10449000F8F33CF7002833D02846F8F303F331460D
:1044A00007462846F9F3AEF00646EAF7FDF86B69D1
:1044B0000446302B04DDF16901F47041090B03E07F
:1044C000A96901F46011C90C91B1F36903F4E02307
:1044D0001B0C012B03D12046FFF742FE03E013B96A
:1044E0002046FFF71AFE20463146FFF729FF00E07D
:1044F0000C4628463946F9F385F002E0002400E036
:1045000004462046F8BD08B54368DB68984708BDF7
:1045100008B543681B68984708BD73B50026044674
:104520000196EAF7C1F84C2231460546EEF3E6F172
:104530006369152B2B6001D0162B02D9EAF7B8F866
:1045400068606B68D3B1AC602046F8F313F7E8609D
:104550002046F8F3DBF6064620B92046012101AAE1
:10456000F8F30AF76B6820461B699847054636B989
:104570002046314601AAF8F3FFF600E01D46284622
:104580007CBD2DE9F7439946002304460F4690462B
:104590000193F8F3BBF6054620B92046012101AA94
:1045A000F8F3EAF62046F8F3B1F678B12046F8F3CE
:1045B000ABF658B92046FFF7B0FF50B14368394613
:1045C0005E6942464B46B047064604E06FF0180667
:1045D00001E04FF0FF3625B92046294601AAF8F33D
:1045E000CBF63046BDE8FE838260416001607047D3
:1045F0002DE9F041541A012C0F461E46069D0EDD92
:104600002046F3F391F1804670B139462246EEF32D
:10461000F1F0C6F8008000202C60BDE8F081002099
:1046200018602860BDE8F0816FF01A00BDE8F081E5
:104630000EB4F3B581680446012945D908AB40683A
:10464000079A0193EEF3A8F2431C064603D0A36831
:10465000023B984202DD0020A06036E060683D2108
:10466000EEF3CAF140B367682568C71B21E028460E
:104670003A46EEF3ABF0B0B9EB5D3D2B13D12846D3
:10468000EEF3E8F16268471C731CDB1B521BE9194F
:10469000D2182846EEF30EF16368DB1B6360A36853
:1046A000DF19A76008E02B4613F8012B1D46002AEE
:1046B000FAD161688D42DAD3A368701C1B1AA3601B
:1046C00063681B18636000E00020BDE8FC4003B095
:1046D000704700002DE9F04FBBB01A9019911B9262
:1046E0001893002B02F01C874FF48050F3F31CF159
:1046F0001290002802F0148737A812994FF48052C4
:10470000FFF772FF00214FF480521298EEF3F6F09B
:10471000189A1168D9B10B78CBB1449A1368022B5F
:1047200003D814E0013A026000E0449802688B1854
:1047300013F8014C1CB913F8023C002BF2D012986C
:10474000EEF358F04499389A0B68D3183893002345
:104750008DF89C304FF0FF32159313930123119283
:10476000169302F0A8BE1999012251F8046B002398
:10477000199117921493179949B1F25C5F1C10922A
:10478000013AD2B2FD2A0FD8F55D9F1C0DE0F15C15
:104790004A1ED2B2FD2A109103D880220D461092F3
:1047A00000E0179D5F1C00E000257B19B3F5607FDA
:1047B00082F27E86109B202B28D005D8152B0BD09B
:1047C0001B2B42F0708664E01099222935D030D33B
:1047D000802942F0688667E0F3195A78F35D120287
:1047E000D318072B12DDBC1C34192246E14937A827
:1047F000FFF71EFF2046EEF32DF1FA1C1218DE49DA
:1048000037A8B218FFF714FF02F04DBEF419627812
:10481000F35D1202D21837A8D849FFF709FFE378F1
:10482000A2781B0237A8D6499A18FFF701FF02F0B9
:104830003ABEF25D149202F036BE149B0C2B02F0CD
:104840002D869DF89C30002B42F02D86F35D042BC5
:1048500042F0298607F1020806EB08042046EEF331
:10486000B9F6002842F01F8616F80830DB0702F17F
:104870001A8627A92046EEF325F31199013142F05B
:104880001286F3199A79DB791202D318119302F088
:104890000ABEF319DA799B7937A8BA4943EA0222AA
:1048A000FFF7C6FE02F0FFBDF35DF4198F2B02F295
:1048B000FA8501A252F823F0399301006B930100AD
:1048C0005594010015990100F19A0100D598010055
:1048D00053980100719801007B940100199B01001D
:1048E0008D9B0100B59B0100C99B010057BC0100D5
:1048F0003B9A0100BB980100F7970100619C010001
:10490000A19C01004B930100E19C0100EF9C010080
:10491000119D01001F9D010017930100D992010014
:1049200057BC0100FD9401002D9D0100119501006F
:1049300057BC010057BC010057BC0100439D01005A
:10494000879D01009B9D0100BD9E010081A001008B
:1049500057BC010057BC010025A20100C99201000B
:10496000B9920100A99201009FA30100B3A3010025
:10497000C7A30100DBA3010057BC0100E99B0100B4
:10498000EF94010057BC010057BC0100ED930100FA
:10499000A7A60100EFA301006B9D0100799D010016
:1049A000B5A601001DB4010057BC010057BC0100B1
:1049B00057BC010057BC01001D95010047A4010030
:1049C00071A40100B3A40100F1A401002FA501000E
:1049D0006DA50100ABA50100E9A50100FDA5010041
:1049E00057BC0100C595010057BC010057BC010030
:1049F00057BC0100D79701003195010057BC010059
:104A000057BC010057BC010057BC010071B4010044
:104A100057BC01000B9801002BA70100FBA7010068
:104A200051A901003BAA010025AB01005FAB0100C9
:104A3000E7AB010035AC010043AD0100CDAE010094
:104A400079AF010025B001008FB401007B96010011
:104A50003B97010071B00100ADB10100B9B2010096
:104A6000C5B30100D5B40100AFB60100E7B4010041
:104A700005B5010023B5010041B5010053B50100A2
:104A800065B5010077B5010089B50100F3B50100F6
:104A9000FFB501000BB601002FBC010057BC01009F
:104AA00057BC010057BC010057BC010057BC0100B6
:104AB00057BC010057BC010057BC010057BC0100A6
:104AC00011A6010085A6010057BC010057BC0100DA
:104AD00001B7010069B70100EFB7010075B8010027
:104AE000A1B90100B3B90100BFB90100E9B90100E2
:104AF000E1BA0100D9BB01004FEA950A5FFA8AFAD0
:104B00004FF0000801F03CB84FEA55095FFA89F907
:104B10004FF0000801F005B84FEA55095FFA89F92E
:104B20004FF0000800F0EBBF07F1010806EB0804A6
:104B30002046EEF34FF5002842F0B58416F8083011
:104B4000D80702F1B084204627A9EEF3BBF1119BF0
:104B5000013342F0A884F3195A799B791202D318D1
:104B6000119302F0A0BCA37862781B029A181192EC
:104B700002F099BCDE93020005890200378F020023
:104B8000748A020043920200647837A8A54922463D
:104B90001694FFF74DFD02F086BCE37822791B04E2
:104BA00043EA0263627837A81343A2789E4943EA36
:104BB0000222FFF73DFD02F076BCA2786378120274
:104BC000D2189A4937A8FFF733FD2279E378120209
:104BD00037A89749D218FFF72BFD062D42F26384C0
:104BE000A2796379120237A89249D218FFF720FD03
:104BF000082D42F25884237AE2791B0237A88E49A5
:104C00009A18FFF715FD0A2D42F24D8407F10A08A4
:104C100007F1090416F80820335D1202D21837A8EC
:104C20008649FFF705FD16F80830325D1B0237A8EC
:104C300083499A18FFF7FCFC02F035BC814B062231
:104C4000B5FBF2F21A704FF00008994624E0434693
:104C500010217D4A1DA8EDF3B7F6434610217B4A8B
:104C60002FA8EDF3B1F66378A2781DA943EA0222DA
:104C700037A8FFF7DDFC6379A2791B0443EA0263DE
:104C8000E27837A8134322792FA943EA0222FFF7DB
:104C9000CFFC08F10108063499F800309845D6DBBE
:104CA00002F001BC022D06D137A869496278FFF7EE
:104CB000BFFC02F0F8BBA37862781B0237A86449F6
:104CC0009A18FFF7B5FC02F0EEBBA27863781202E7
:104CD000042D1A4405D92379E1781B0609045B18D1
:104CE0001A4337A85B49FFF7A3FC062D42F2DB838A
:104CF000F3199A7959791202082D0A4405D9197ABB
:104D0000DB7909061B04C9180A4337A85249FFF783
:104D10008FFC0A2D42F2C783F3199A7A597A12024C
:104D20000C2D0A4405D9197BDB7A09061B04C91826
:104D30000A4337A84949FFF77BFC02F0B4BB37A808
:104D400047496278FFF774FC02F0ADBBA378627844
:104D50001B0237A83A499A18FFF76AFC02F0A3BB76
:104D600001350021EDB2179102F09DBBA378627866
:104D700037A83C4942EA0322FFF75AFC02F093BBF2
:104D800094F803A023794FEA0A4A4AEA036A63784F
:104D9000B5F1050B4AEA030A48BFA5F1020BA37857
:104DA0004FEAAB0B4AEA032A5FFA8BFB4FF000088D
:104DB00024E043441021244A2FA8EDF305F699F886
:104DC000003010214344214A1DA8EDF3FDF5524661
:104DD0002FA937A8FFF72CFCE37822791B0443EABC
:104DE0000263627837A81343A2781DA943EA02221E
:104DF000FFF71EFC0AF1040A08F10108DFF84490ED
:104E00000434D84599F80030D3DB9B4489F800B0CE
:104E100002F049BB0B4BEA081A704FF000089946A4
:104E20004DE000BF2C94020034900200628D02001D
:104E30005A9402008E8A02008D8702008890020038
:104E4000FF8F020028610100003E01000B3E0100BF
:104E50001F930200D98D0200238A0200348A0200C7
:104E6000298B0200AF8D020043461021B14A1DA8D4
:104E7000EDF3AAF543461021AF4A2FA8EDF3A4F5B0
:104E8000E37822791B0443EA026362781DA9134385
:104E9000A27837A843EA0222FFF7CAFBE379227A15
:104EA0001B0443EA0263627937A81343A2792FA94E
:104EB00043EA0222FFF7BCFB08F10108083499F825
:104EC00000309845D0DB02F0EEBA94F803A02379C5
:104ED0004FEA0A4A4AEA036A6378B5F1050B4AEADF
:104EE000030A48BF05F1020BA3784FEAEB0B4AEA2D
:104EF000032A5FFA8BFB4FF000083BE0434410218C
:104F00008C4A2FA8EDF360F599F800301021434446
:104F10008A4A1DA8EDF358F599F800301021434452
:104F2000874A33A8EDF350F552462FA937A8FFF76B
:104F30007FFBE379227A1B0443EA0263627933A997
:104F40001343A27937A843EA0222FFF771FBE37A01
:104F5000227B1B0443EA0263627A37A81343A27AD6
:104F60001DA943EA0222FFF763FB0AF1080A08F1D0
:104F700001080834DFF8CC91D84599F80030BDDB42
:104F80009B4489F800B002F08EBA6E4B0C22B5FB40
:104F9000F2F21A704FF0000899463EE043461021A5
:104FA000644A33A8EDF310F543461021634A1DA867
:104FB000EDF30AF543461021614A2FA8EDF304F5FD
:104FC000E37822791B0443EA0263627833A913432E
:104FD000A27837A843EA0222FFF72AFBE379227A74
:104FE0001B0443EA026362792FA91343A27937A80D
:104FF00043EA0222FFF71CFBE37A227B1B0443EA0D
:105000000263627A37A81343A27A1DA943EA0222F7
:10501000FFF70EFB08F101080C3499F800309845B1
:10502000BCDB02F040BAE37822791B0443EA026356
:10503000627837A81343A278434943EA0222FFF774
:10504000F7FA02F030BAA378627837A83F4942EA0B
:105050000322FFF7EDFA02F026BA4FF00509B5FB7F
:10506000F9F95FFA89F94FF0000816E0637810212A
:10507000374A2FA8EDF3A8F4237962791B0443EA99
:105080000263A27837A81343E2782FA943EA0222E9
:10509000FFF7CEFA08F101080534C845E6DB02F057
:1050A00002BA37A82B496278FFF7C2FA022D42F202
:1050B000FA8137A82849A278FFF7BAFA02F0F3B9C3
:1050C000002237A825496378FFF7B2FA022D42F291
:1050D0002D82012237A82149A378FFF7A9FA032DD1
:1050E00002F02482022237A81C49E378FFF7A0FAD5
:1050F000042D02F0D681032237A818492379FFF73F
:1051000097FA0122139202F0CEB9627837A81249B9
:10511000FFF78EFA37A811490122A378FFF788FA22
:1051200002F0C1B937A80E496278FFF781FA02F0A0
:10513000BAB900BF003E01000B3E0100163E01005F
:10514000223E0100286101004587020029900200EB
:105150002E3E01006A8A0200319102009C87020003
:105160005A8B0200AB1E0E2B02F29D8101A151F859
:1051700023F000BF6199010057BC010057BC01003A
:1051800057BC010057BC0100D9990100A799010043
:10519000879901006F99010057BC010057BC0100BD
:1051A000D9990100A7990100879901006F99010021
:1051B00037A8A9496278FFF73BFA02F074B937A81B
:1051C000A649627AFFF734FA0C2D8CBF4FF009081C
:1051D0004FF0000801E04FF00008F31937A89E498E
:1051E0001A7AFFF725FA0C2D07D9B8F1000F08BF7E
:1051F0004FF0080801E04FF0000807F1070998494F
:1052000016F8092037A8FFF713FA002237A89549A6
:1052100016F80930FFF70CFA0C2D07D9B8F1000F7A
:1052200008BF4FF0070801E04FF000084FF00009F9
:10523000A27863788C491202494437A8D21809F140
:105240000909FFF7F5F90234B9F11B0FF0D10C2D64
:1052500042F22981B8F1000F08BF4FF00608834CD5
:10526000B844B04404F1240998F8022098F80130B9
:105270001202214637A8D2180C34FFF7D9F94C4551
:1052800008F10208F0D102F00EB9142D19D0172D33
:1052900003D0132D42F0078119E006EB070874498B
:1052A00098F8162037A8FFF7C3F9724998F8152027
:1052B00037A8FFF7BDF937A86F4998F81420FFF712
:1052C000B7F9F31937A86D49DA7CFFF7B1F9A946A8
:1052D000A2464FF000082546AA786B78684912026A
:1052E000414437A8D21808F10908FFF7A1F902359F
:1052F000B8F11B0FF0D14D464FF00008227AE37948
:1053000060491202414437A8D21808F10B08FFF790
:105310008FF90234B8F1210FF0D100249AF80E2051
:105320009AF80D3058491202091937A8D2180B34CF
:10533000FFF77EF9212C0AF1020AEFD102F0B3B88F
:10534000E1786278A3780091217937A80191617999
:105350000291A1790391E1790491217A05914B4958
:10536000FFF766F902F09FB8A9464FF000082546FE
:1053700015F8013FFF2B04D037A845494246FFF7F7
:1053800057F908F10108B8F1040FF1D1B9F10C0F88
:105390004D4642F2888004EB08035B78FF2B04D073
:1053A00037A83B494246FFF743F908F10108B8F135
:1053B0000C0FF0D1102D42F2768004EB08035B78DD
:1053C000FF2B04D037A832494246FFF731F908F1E4
:1053D0000108B8F1100FF0D102F065B8627837A873
:1053E0000AB1A3781BB92B49FFF722F902E02A4939
:1053F000FFF71EF9F31937A82849DA78FFF718F9EB
:1054000002F051B8A378627837A8254942EA03220E
:10541000FFF70EF902F047B8E37822791B0443EA5C
:105420000263627837A81343A2781E4943EA022236
:10543000FFF7FEF802F037B837A81B496278FFF78C
:10544000F7F8022D42F22F8037A81849A278FFF70B
:10545000EFF802F028B800BF368E0200D38E0200AB
:105460009B9302004A890200D38B0200B38F020093
:10547000BD8D0200E6900200E7860200C68B0200A6
:10548000E98D020096900200B7860200A68702000E
:10549000458A02003992020084950200A78C02001E
:1054A0003C8D0200CB870200A7940200E894020022
:1054B0007C1C325D37A8764902F00F02FFF7B8F87E
:1054C000325D37A81209BC1C7249FFF7B1F8325D92
:1054D00037A8714902F00702FFF7AAF8325D37A832
:1054E000D2086E4902F00302FFF7A2F801F0DBBF19
:1054F0007C1C325D37A86A4902F00F02FFF798F86A
:10550000325D37A81209BC1C6649FFF791F8325D7D
:1055100037A8654902F00702FFF78AF8325D37A81D
:10552000D208624902F00302FFF782F801F0BBBF24
:1055300037A85F496278FFF77BF801F0B4BF627863
:1055400037A85C49FFF774F8A27837A85A49FFF7E3
:105550006FF837A85949E278FFF76AF801F0A3BF5E
:1055600037A857496278FFF763F801F09CBF37A866
:1055700054496278FFF75CF801F095BFA278637830
:10558000120637A8504942EA0322FFF751F801F00A
:105590008ABF627837A84D49FFF74AF8A27837A842
:1055A0004B49FFF745F82379E2781B0237A84949B0
:1055B0009A18FFF73DF801F076BF37A846496278A0
:1055C000FFF736F801F06FBF37A844496278FFF75C
:1055D0002FF801F068BFA37862781B0237A8404912
:1055E0009A18FFF725F801F05EBF94F802806378FF
:1055F0004FEA082898441FFA88F83A494FEAD82217
:1056000037A8FFF715F808F4E062120A364937A800
:10561000FFF70EF808F0F802D208344937A8FFF770
:1056200007F808F006025208314937A8FFF700F8DA
:1056300037A8304908F00102FEF7FAFF042D41F2C5
:1056400032872379E4781B021C19A4B2E20A37A836
:105650002949FEF7EDFF04F4E062120A37A8274952
:10566000FEF7E6FF04F0F802D20837A82449FEF757
:10567000DFFF04F00602520837A82249FEF7D8FFE0
:1056800037A8214904F00102FEF7D2FF01F00BBF59
:10569000F487020042880200C68E020039880200A8
:1056A000BF94020038870200558C0200438E02002E
:1056B00093920200E6930200478D0200D493020009
:1056C000B7930200E78E0200AC8E0200048E020047
:1056D000CC8D02000E900200438F0200F294020073
:1056E0009B8C0200F5880200CC9402006D870200BA
:1056F000E4880200D994020076920200888B0200AE
:10570000E3890200F18E0200A89302000022637870
:10571000674937A8FEF78CFF4FF000086549A2786B
:1057200037A8FEF785FFCDF800802279E3781202D2
:10573000D318019302226049434637A8FEF778FF49
:10574000CDF80080A27963791202D3180193022266
:105750000123594937A8FEF76BFFCDF80080227A64
:10576000E3791202D3180222019337A85249134653
:10577000FEF75EFF1E2D41F29686627A37A84F49EA
:10578000FEF756FFA27A37A84D49FEF751FFE27A9D
:1057900037A84C49FEF74CFF227B37A84A49FEF751
:1057A00047FFCDF80080A27B637B1202D3180193E0
:1057B0000522434637A84049FEF73AFFCDF800805E
:1057C000227CE37B1202D31801930522012337A820
:1057D0003949FEF72DFFCDF80080A27C637C1202D0
:1057E000D31801930522022337A83349FEF720FF7F
:1057F000CDF80080CDF80480227DE37C1202D3181E
:10580000029305226C234FF0010937A82F49FEF7B8
:105810000FFFCDF80090CDF80480A27D637D1202C9
:10582000D318029305226C234FF0020A37A82749A8
:10583000FEF7FEFECDF800A0CDF80480227EE37DC9
:105840001202D318029305226C2337A81F49FEF7D2
:10585000EFFECDF80080CDF80480A27E637E1202B8
:10586000D31802930522682337A81849FEF7E0FEF3
:10587000CDF80090CDF80480227FE37E1202D31889
:105880000293052237A868231049FEF7D1FECDF810
:1058900000A0CDF80480A37F627F1B029B180293B7
:1058A00037A80A4905226823FEF7C2FE01F0FBBDB6
:1058B0004A8902002C880200A6860200E4910200B8
:1058C000C2920200409002007B94020026920200E5
:1058D000012263789C4937A8FEF7AAFE4FF0010821
:1058E0009A49A27837A8FEF7A3FECDF80080227966
:1058F000E3781202D318019302220023944937A8B7
:10590000FEF796FECDF80080A27963791202D318D3
:10591000019302228E49434637A8FEF789FECDF84F
:105920000080227AE3791202D3180222019337A869
:1059300087491346FEF77CFE1E2D41F2B485627A3C
:1059400037A88449FEF774FEA27A37A88249FEF789
:105950006FFEE27A37A88149FEF76AFE227B37A8FC
:105960007F49FEF765FECDF80080A27B637B1202C3
:10597000D31801930522002337A87549FEF758FE76
:10598000CDF80080227CE37B1202D318019305221C
:10599000434637A86E49FEF74BFECDF80080A27C47
:1059A000637C1202D3180193052202234FF00009F1
:1059B00037A86749FEF73CFECDF80090CDF804808B
:1059C000227DE37C1202D318029305226C2337A8B0
:1059D0006449FEF72DFECDF80080CDF80480A27D4D
:1059E000637D1202D318029305226C234FF0020A42
:1059F00037A85C49FEF71CFECDF800A0CDF8048066
:105A0000227EE37D1202D318029305226C2337A86D
:105A10005449FEF70DFECDF80090CDF80480A27E2B
:105A2000637E1202D31802930522682337A84D49DA
:105A3000FEF7FEFDCDF80080CDF80480227FE37EE6
:105A40001202D3180293052237A868234549FEF7AE
:105A5000EFFDCDF800A0CDF80480A37F627F1B028C
:105A60009B18029337A83F4905226823FEF7E0FD03
:105A700001F019BDA27863781202D2183A4937A80A
:105A8000FEF7D6FDA279637912061B04D21823799A
:105A900037A81B02D218E3783449D218FEF7C8FDA4
:105AA000122D41F20085A27A637A12061B04D218E5
:105AB000237A37A81B02D218E3792D49D218FEF7B2
:105AC000B7FDA27B637B12061B04D218237B37A889
:105AD0001B02D218E37A2749D218FEF7A9FDA27C4F
:105AE000637C12061B04D318227C37A812029B1871
:105AF000E27B21499A18FEF79BFD01F0D4BCA27805
:105B000063781202D31800930222434637A81B4938
:105B100008F10108FEF78CFD0234C845EFDD01F005
:105B2000C2BCA27863781202D318009305224346C0
:105B300037A8124908F10108FEF77AFD0234C8457A
:105B4000EFDD01F0B0BC00BF4A890200DA8E02002E
:105B5000A6860200F2910200CF9202004B9402004E
:105B60008A94020026920200869202009886020021
:105B7000169102008C930200028F0200138A020029
:105B8000CDF80080A27863781202D3180193052221
:105B90006C2337A8BB4908F10108FEF749FD023420
:105BA000D045EDDD4FEA55095FFA89F909F1010B9E
:105BB00009F10209B944BB4406EB09044FF000089F
:105BC000CDF800802278C9EB040313F80B301202E1
:105BD000D31801930522682337A8AA4908F10108C0
:105BE000FEF726FD0234D045EADD01F05CBCA37867
:105BF00062781B0237A8A4499A18FEF719FD01F034
:105C000052BCA37862781B0237A8A0499A18FEF705
:105C10000FFD01F048BCA37862781B0237A89C49AD
:105C20009A18FEF705FD01F03EBCA37862781B02CE
:105C300037A898499A18FEF7FBFC01F034BC22798A
:105C4000E37812061B04D218A37837A81B02D218D7
:105C500063789149D218FEF7EBFC227AE3791206B9
:105C60001B04D218A37937A81B02D21863798B4979
:105C7000D218FEF7DDFC227BE37A12061B04D31850
:105C8000A27A37A812029B18627A85499A18FEF701
:105C9000CFFC01F008BCA2786378120237A88149D2
:105CA000D218FEF7C5FC042D41F2FD832379E2787A
:105CB0001B0237A87C499A18FEF7BAFC01F0F3BB27
:105CC0002279E37812061B04D218A37837A81B02A6
:105CD000D21863787549D218FEF7AAFC062D41F256
:105CE000E283227AE37912061B04D318A27937A83B
:105CF00012029B1862796E499A18FEF799FC01F01E
:105D0000D2BBDFF8BC914FF00108A84581F2CB83EC
:105D10002279E37812061B04D218A37849461B02A5
:105D2000D218637837A8D21808F10408FEF780FC6F
:105D30000434B8F1190F09F11809E6D101F0B3BB29
:105D4000DFF880914FF00108A84581F2AC832279F9
:105D5000E37812061B04D218A37849461B02D21816
:105D6000637837A8D21808F10408FEF761FC043400
:105D7000B8F10D0F09F11309E6D101F094BBDFF87A
:105D800048914FF00108A84581F28D832279E3788C
:105D900012061B04D218A37849461B02D218637856
:105DA00037A8D21808F10408FEF742FC0434B8F111
:105DB0000D0F09F11409E6D101F075BBDFF80C9164
:105DC0004FF00108A84581F26E832279E37812062C
:105DD0001B04D218A37849461B02D218637837A84F
:105DE000D21808F10408FEF723FC0434B8F10D0FB3
:105DF00009F11409E6D101F056BBDFF8D4904FF059
:105E00000108A84581F24F832279E37812061B042A
:105E1000D218A37849461B02D218637837A8D21843
:105E200008F10408FEF704FC0434B8F10D0F09F181
:105E30001409E6D101F037BBA37862781B0237A8BA
:105E40001C499A18FEF7F4FB01F02DBBA378627889
:105E50001B0237A818499A18FEF7EAFB01F023BB8A
:105E60002279E37812061B04D318A2786478120210
:105E70009B1837A8114901221B19FEF7D9FB01F025
:105E800012BB00BF00920200F48F0200B790020024
:105E90008089020059890200169102008C93020049
:105EA000028F02009C920200AF920200A9910200B0
:105EB000C0910200B98E0200379402003B910200AB
:105EC000998A0200628C02009788020048950200BD
:105ED000F09302002279E37812061B04D318A2780B
:105EE000647812029B1837A8974902221B19FEF703
:105EF0009FFB01F0D8BA37A894496278FEF798FB67
:105F000001F0D1BA9249627807F1020837A8FEF78A
:105F10008FFB16F808208F49120937A8FEF788FB77
:105F200016F8082037A88C4902F00F02FEF780FB14
:105F3000032D41F2B882E27837A88849FEF778FB52
:105F400007F10508227937A88549FEF771FB16F895
:105F5000082037A892088349FEF76AFB16F8082044
:105F600037A8814902F00302FEF762FB37A87F4998
:105F7000A279FEF75DFB01F096BA94F8028063788F
:105F80004FEA082898441FFA88F84FEAD82237A821
:105F90007749FEF74DFB08F4806302229B0A37A87D
:105FA0007449FEF745FB08F4007302225B0A37A828
:105FB0007149FEF73DFB08F4F87302221B0937A86C
:105FC0006E49FEF735FB08F00E0302225B0837A886
:105FD0006B49FEF72DFB022208F0010337A869493F
:105FE000FEF726FB2379E4781B021C19A4B2E20A0F
:105FF00037A86549FEF71CFB04F4806305229B0A61
:1060000037A85C49FEF714FB04F4007305225B0A11
:1060100037A85949FEF70CFB04F4F87305221B0955
:1060200037A85649FEF704FB04F00E0305225B086F
:1060300037A85349FEF7FCFA37A85249052204F065
:106040000103FEF7F5FA01F02EBAA2786378120286
:10605000D21837A84D49FEF7EBFA94F804E0E3783C
:106060004FEA0E2E0022734437A84949FEF7E0FAA2
:10607000217AE27909028A1894F806E0637900929D
:10608000A17A627A09024FEA0E2E8A1873440192AD
:1060900037A800223F49FEF7CBFA227BE37A009231
:1060A000627B37A80192A27B3B4902920022FEF755
:1060B000BFFAA17C627C09028A1894F810E0E37BA5
:1060C0000092217DE27C09028A180192A17D627D05
:1060D00009028A180292217EE27D09028A1803923F
:1060E000A17E627E09028A180492217FE27E090263
:1060F0008A180592A17F627F09028A18069294F895
:106100002010E27F09028A18079294F8221094F86E
:10611000212009028A18089294F8241094F8232068
:1061200009028A18099294F8262094F82510120280
:1061300052184FEA0E2E0A9237A8184900227344CB
:10614000FEF776FA01F0AFB93B910200508D0200E4
:10615000808A0200328B0200FF890200D78702008A
:10616000958B0200099102008791020012920200B1
:106170006E8D02009B910200118F0200D7910200E8
:1061800099940200C1930200D8860200458C020057
:106190004A89020021870200A88B0200EE8B0200D0
:1061A00094F802E063784FEA0E2E0122734437A878
:1061B000AA49FEF73DFAA179627909028A1894F892
:1061C00004E0E3780092217AE27909024FEA0E2E88
:1061D0008A187344019237A80122A149FEF728FAD0
:1061E000A27A637A0092E27A37A80192227B9D49D3
:1061F00002920122FEF71CFA217CE27B09028A1836
:1062000094F80EE0637B0092A17C627C09028A18FC
:106210000192217DE27C09028A180292A17D627DB1
:1062200009028A180392217EE27D09028A180492EB
:10623000A17E627E09028A180592217FE27E090210
:106240008A180692A17F627F09028A18079294F841
:106250002010E27F09028A18089294F8221094F81C
:10626000212009028A18099294F8242094F8231016
:10627000120252184FEA0E2E0A9237A87A490122CA
:106280007344FEF7D5F901F00EB994F802E0637893
:106290004FEA0E2E0222734437A87049FEF7C8F960
:1062A000A179627909028A1894F804E0E3780092EF
:1062B000217AE27909024FEA0E2E8A18734401927C
:1062C00037A802226649FEF7B3F9A27A637A0092F0
:1062D000E27A37A80192227B624902920222FEF7FB
:1062E000A7F9217CE27B09028A1894F80EE0637B0F
:1062F0000092A17C627C09028A180192217DE27CD5
:1063000009028A180292A17D627D09028A1803920D
:10631000217EE27D09028A180492A17E627E090232
:106320008A180592217FE27E09028A180692A17FCF
:10633000627F09028A18079294F82010E27F09020E
:106340008A18089294F8221094F8212009028A18D9
:10635000099294F8242094F82310120252184FEA5C
:106360000E2E0A9237A8404902227344FEF760F9C4
:1063700001F099B8627837A83C49FEF759F9012233
:10638000A37837A83A49FEF753F90222E37837A8F1
:106390003749FEF74DF96379227903F001031B02B7
:1063A00037A834499A18FEF743F901F07CB8A2786F
:1063B00063781202D31800932822002337A82E49AD
:1063C000FEF736F92279E3781202D31800932822D7
:1063D000012337A82849FEF72BF9A2796379120225
:1063E000D31800932822022337A82349FEF720F967
:1063F000227AE3791202D31800935022002337A89F
:106400001D49FEF715F9A27A637A1202D318009398
:106410005022012337A81849FEF70AF9237BE27AB4
:106420001B029B18009337A8134950220223FEF742
:10643000FFF801F038B8A27863781202D21837A8B2
:106440000E49FEF7F5F82379E2781B0237A80C49CC
:106450009A18FEF7EDF801F026B800BF4A8902004D
:1064600021870200A88B0200EE8B0200E587020064
:10647000F48602002D930200F590020011880200BC
:106480005292020094F804E0E3784FEA0E6E1B0487
:106490009E44A3786C221B029E44637837A8734401
:1064A0009749FEF7C5F894F808E0E3794FEA0E6ED5
:1064B0001B049E44A3796C221B029E44637937A877
:1064C00073449049FEF7B4F894F80CE0E37A4FEA8D
:1064D0000E6E1B049E44A37A6D221B029E44637AB7
:1064E00037A873448649FEF7A3F894F810E0E37BDD
:1064F0004FEA0E6E1B049E44A37B6D221B029E443A
:10650000637B37A873447F49FEF792F894F814E050
:10651000E37C4FEA0E6E1B049E44A37C68221B02A0
:106520009E44637C37A873447549FEF781F894F85C
:1065300018E0E37D4FEA0E6E1B049E44A37D6822A3
:106540001B029E44637D37A873446E49FEF770F8C2
:1065500094F81AE0637E4FEA0E2E6C22734437A83B
:106560006949FEF765F894F81CE0E37E4FEA0E2EC9
:106570006D22734437A86449FEF75AF8A37F647FFD
:106580001B0237A8604968221B19FEF751F800F07A
:106590008ABF94F802E063784FEA0E2E73446822B3
:1065A00037A85A49FEF744F82279E3781202D31843
:1065B000009368226C2337A85549FEF739F8A27971
:1065C00063791202D318009368226C2337A85149CB
:1065D000FEF72EF8227AE3791202D318009368228C
:1065E0006D2337A84A49FEF723F8A27A637A12028C
:1065F000D318009368226D2337A84649FEF718F890
:10660000227BE37A1202D3186822009337A813463C
:106610003F49FEF70DF8A27B637B1202D318682274
:10662000009337A813463B49FEF702F894F810E0B0
:10663000E37B4FEA0E2E73446C2237A83349FDF7F3
:10664000F7FFA27C637C1202D3186C22009337A858
:1066500013462F49FDF7ECFF227DE37C1202D3188D
:106660006C22009337A813462A49FDF7E1FFA27D6B
:10667000637D1202D31800936C2207F118086D2372
:1066800037A82349FDF7D4FF16F80820E37D12024E
:10669000D31800936C226D2307F11A0937A81D49FE
:1066A000FDF7C6FF16F80920637E1202D318009387
:1066B0006C22682337A81649FDF7BAFF227FE37ED4
:1066C0001202D31800936C22682337A81149FDF7F2
:1066D000AFFFA37F16F808E01B026822734437A8B7
:1066E0000D49FDF7A5FF94F8203016F809401B026C
:1066F00037A809496C221B19FDF79AFF00F0D3BE99
:10670000328C02008F950200DC920200248F02007E
:10671000D78F0200428B0200688B02006378002250
:1067200037A8AA4903F01F03FDF782FFA3780122CF
:1067300037A8A64903F01F03FDF77AFFE37802228A
:1067400037A8A24903F01F03FDF772FF627923798E
:1067500002F01F020092A27937A802F01F020192F4
:10676000E2799B4902F01F02029203F01F0300220C
:10677000FDF75EFF627A237A02F01F020092A27A8E
:1067800037A802F01F020192E27A914902F01F023B
:10679000029203F01F030122FDF74AFF627B237B75
:1067A00002F01F020092A27B37A802F01F020192A2
:1067B000E27B874902F01F02029203F01F030222CC
:1067C000FDF736FF00F06FBE6378002237A88149DD
:1067D00003F03F03FDF72CFFA378012237A87D4982
:1067E00003F01F03FDF724FFE378022237A879495D
:1067F00003F01F03FDF71CFF6279237902F03F02CB
:106800000092A27937A802F03F020192E279724920
:1068100002F03F02029203F03F030022FDF708FF5F
:10682000627A237A02F01F020092A27A37A802F05D
:106830001F020192E27A684902F01F02029203F0FD
:106840001F030122FDF7F4FE627B237B02F01F028F
:106850000092A27B37A802F01F020192E27B5E4900
:1068600002F01F02029203F01F030222FDF7E0FE76
:1068700000F019BE0022637837A85849FDF7D8FE0A
:106880000122A37837A85549FDF7D2FE0222E3780A
:1068900037A85249FDF7CCFE0022237937A850498A
:1068A000FDF7C6FE0122637937A84D49FDF7C0FE0A
:1068B00037A84B490222A379FDF7BAFE00F0F3BDD9
:1068C00094F8028063784FEA082898441FFA88F801
:1068D0004FEAD83300930522002337A84149FDF73A
:1068E000A7FE08F4F043DB1200930522002337A82B
:1068F0003D49FDF79DFE08F4E0631B12009305225D
:10690000002337A83949FDF793FE08F08003DB1117
:1069100000930222002337A83249FDF789FE08F0D0
:106920007803DB1000930222002337A82E49FDF7DD
:106930007FFE08F0070300930222002337A82B49AB
:10694000FDF776FE2379E4781B021C19A4B24FF000
:1069500000084FEAD4390522682337A8244904F4F3
:10696000F04A4FEAEA2A8DE8000304F4E064FDF7F8
:106970005FFE0522682337A81E4924128DE8000512
:10698000FDF756FE682337A81B490522CDF8008085
:106990000194FDF74DFE052237A86D2314498DE8BB
:1069A0000003FDF745FE05226D2337A811498DE848
:1069B0000005FDF73DFE37A80F4905226D23CDF8F0
:1069C00000800194FDF734FE00F06DBDB18C020033
:1069D0006689020032890200C39002004C8E0200D8
:1069E0007D8B020005930200659402004F90020027
:1069F00005870200528A0200118E020094F802807C
:106A000063784FEA082898441FFA88F84FEAD83389
:106A100000930522012337A8B549FDF709FE08F4C4
:106A2000F043DB1200930522012337A8B149FDF79B
:106A3000FFFD08F4E0631B1200930522012337A831
:106A4000AD49FDF7F5FD08F08003DB11009302224C
:106A5000012337A8A649FDF7EBFD08F07803DB100A
:106A600000930222012337A8A249FDF7E1FD08F0B7
:106A7000070300930222012337A89F49FDF7D8FDA1
:106A80002379E4781B021C19A4B24FF001084FEAE5
:106A9000D4390522682337A8984904F4F04A4FEA0C
:106AA000EA2A8DE8000304F4E064FDF7C1FD052245
:106AB000682337A8924924128DE80005FDF7B8FD38
:106AC000682337A88F490522CDF800800194FDF78F
:106AD000AFFD052237A86D2388498DE80003FDF737
:106AE000A7FD05226D2337A885498DE80005FDF730
:106AF0009FFD37A8834905226D23CDF800800194BE
:106B0000FDF796FD00F0CFBC94F8028063784FEA61
:106B1000082898441FFA88F84FEAD83300930522D2
:106B2000022337A87249FDF783FD08F4F043DB1216
:106B300000930522022337A86E49FDF779FD08F47A
:106B4000E0631B1200930522022337A86A49FDF770
:106B50006FFD08F080030222DB11009337A8134673
:106B60006349FDF765FD08F078030222DB1000930E
:106B700037A813465F49FDF75BFD022208F00703C3
:106B8000009337A813465C49FDF752FD2379E4785A
:106B90001B021C19A4B24FF002084FEAD439052297
:106BA000682337A8554904F4F04A4FEAEA2A8DE8E9
:106BB000000304F4E064FDF73BFD0522682337A8D9
:106BC0004F4924128DE80005FDF732FD05226823A8
:106BD00037A84C49CDF800800194FDF729FD6D23BD
:106BE00037A8464905228DE80003FDF721FD05225F
:106BF00037A86D2342498DE80005FDF719FD37A838
:106C0000404905226D23CDF800800194FDF710FD69
:106C100000F049BC94F802E063784FEA0E2E282277
:106C2000734437A83849FDF703FD94F804E0E3788E
:106C30004FEA0E2E2822734437A83449FDF7F8FC9A
:106C400094F806E063794FEA0E2E5022734437A879
:106C50002D49FDF7EDFC237AE4791B0237A82B4977
:106C600050221B19FDF7E4FC00F01DBCA2786378EC
:106C70000092E2782521019222791DA80292627980
:106C80000392A2790492E2790592227A0692627ABC
:106C90000792A27A0892E27A0992227B0A92627B98
:106CA0000B92A27B0C92E27B0D92227C0E92184AF0
:106CB000EBF38AF637A817491DAAFDF7B9FCF2E3F2
:106CC0007C1C325D37A8144902F07F02FDF7B0FC4E
:106CD000325D37A81149D209FDF7AAFCE3E3A37896
:106CE000627837A80E4942EA0322FDF7A1FCDAE3F5
:106CF00005930200659402004F9002000587020090
:106D0000528A0200118E02004C9102001489020086
:106D10003A3E010068910200B294020066920200BD
:106D200070910200A378627837A8944942EA03225E
:106D3000FDF77EFCB7E3E37822791B0443EA0263A4
:106D4000627837A81343A2788D4943EA0222FDF7FF
:106D50006FFCA8E3E37822791B0443EA02636278BC
:106D600037A81343A278874943EA0222FDF760FC63
:106D700099E3E37822791B0443EA0263627837A837
:106D80001343A278804943EA0222FDF751FC8AE3CB
:106D9000A378627837A87D4942EA0322FDF748FCD0
:106DA00081E3A378627837A8794942EA0322FDF7A4
:106DB0003FFC78E3A378627837A8764942EA032259
:106DC000FDF736FC6FE3A378627837A8724942EA90
:106DD0000322FDF72DFC66E394F801905FEA990920
:106DE00000F061834FF00008A179E279090294F87C
:106DF00003E041EA0241627923790A434FEA0E2E09
:106E00004EEA034EA3780092617AA27A090241EA1F
:106E10000241227A37A80A430192217B627B090250
:106E200041EA0241E27A4EEA03030A4302925B49D5
:106E3000424608F10108FDF7FBFB0C34C845D3DBE3
:106E400031E337A856496278FDF7F2FB2BE337A808
:106E500054496278FDF7ECFB25E3227AE179237946
:106E60001143A27994F803E0114362794EEA030ECC
:106E7000A3780A434EEA030E63780092227BE17AFC
:106E80004EEA03031143A27A37A81143627A0A43F8
:106E90000192227CE17B1143A27B1143627B0A4376
:106EA000029241490022FDF7C3FB227EE17D237D52
:106EB0001143A27D94F813E01143627D4EEA030E64
:106EC000A37C0A434EEA030E637C0092227FE17E9C
:106ED00037A81143A27E4EEA03031143627E0A43A0
:106EE000019294F82020E17F1143A27F0A43617F41
:106EF0000A4302922C490122FDF79AFBD3E2A378C0
:106F000064781B021C19A4B204F00F03009328221A
:106F1000002337A82549FDF78BFB04F0F0031B1174
:106F200000932822012337A82049FDF781FB04F4B0
:106F300070631B1200932822022337A81B49FDF718
:106F400077FB37A81A492822E30BFDF771FBAAE269
:106F50002179E27809028A1894F802E063780092B5
:106F6000A2796179120252184FEA0E2E019237A8C7
:106F7000104900227344FDF75BFB94E2D3880200C2
:106F80003F930200579302006F930200588E020055
:106F90006D8E0200828E0200978E020068900200C1
:106FA00024910200D4890200798D0200998D02009B
:106FB000ED920200538702002179E27809028A18D3
:106FC00094F802E063780092A179627909028A1844
:106FD0000192217AE27909028A180292A17A627AF0
:106FE00009028A180392217BE27A09028A18049224
:106FF000A17B627B09028A180592217CE27B09024F
:107000008A180692A17C627C09028A180792217D67
:10701000E27C09028A180892A17D627D09028A1821
:107020000992227EE17D120252184FEA0E2E0A9238
:1070300037A87B4900227344FDF7FAFA33E221793D
:10704000E27809028A1894F802E063780092A17944
:10705000627909028A180192217AE27909028A1872
:107060000292A17A627A09028A180392217BE27A5B
:1070700009028A180492A17B627B09028A18059290
:10708000217CE27B09028A180692A17C627C0902BB
:107090008A180792217DE27C09028A180892A17D54
:1070A000627D09028A180992227EE17D120252183D
:1070B0004FEA0E2E0A9237A85A4900227344FDF770
:1070C000B7FAF0E12179E27809028A1894F802E02F
:1070D00063780092A179627909028A180192217A73
:1070E000E27909028A180292A17A627A09028A1860
:1070F0000392217BE27A09028A180492A17B627BC7
:1071000009028A180592217CE27B09028A180692FC
:10711000A17C627C09028A180792217DE27C090227
:107120008A180892A17D627D09028A180992217E3F
:10713000E27D09024FEA0E2E8A180A927344002259
:1071400037A83949FDF774FA217FE27E09028A18CF
:1071500094F81AE0637E0092A17F627F09028A1888
:10716000019294F82010E27F09028A18029294F8A2
:10717000221094F8212009028A18039294F824100E
:1071800094F8232009028A18049294F8261094F89F
:10719000252009028A18059294F8281094F82720CF
:1071A00009028A18069294F82A1094F829200902F4
:1071B0008A18079294F82C1094F82B2009028A1848
:1071C000089294F82E1094F82D2009028A1809923A
:1071D00094F8302094F82F10120252184FEA0E2E15
:1071E0000A9237A8104901227344FDF721FA5AE1A7
:1071F000A37862781B0237A80C499A18FDF718FA91
:1072000051E137A80A496278FDF712FA4BE1A378F9
:10721000627837A8074942EA0322FDF709FA42E1FA
:107220004F8802008C890200FE940200458C020007
:10723000018802007E870200E2782379120442EA84
:1072400003626378217A1A43E379207B1B0443EAC3
:107250000163617994F802C00B43E17A94F806E087
:10726000090441EA0061607A42EA0C220143A07AF3
:1072700043EA0E2341EA00210091E17B207C0904CE
:1072800041EA0061607B0143A07B41EA002101915A
:10729000E17C207D090441EA0061607C0143A07C1F
:1072A00041EA00210291E17D207E090441EA00616A
:1072B000607D0143A07D41EA00210391E17E207FB2
:1072C000090441EA0061607E0143A07E41EA002199
:1072D0000491E17F94F82000090441EA0061607F95
:1072E0000143A07F41EA0021059194F8231094F80E
:1072F0002400090441EA006194F82100014394F854
:10730000220041EA0021069194F8270094F8281001
:10731000000440EA016094F82510014394F8260027
:1073200041EA0021079137A88249FDF781F9BAE0C7
:10733000E2782379120442EA03626378217A1A43DD
:10734000E379207B1B0443EA0163617994F802C06E
:107350000B43E17A94F806E0090441EA0061607A9F
:1073600042EA0C220143A07A43EA0E2341EA0021BB
:107370000091E17B207C090441EA0061607B0143CC
:10738000A07B41EA00210191E17C207D090441EAD2
:107390000061607C0143A07C41EA00210291E17D13
:1073A000207E090441EA0061607D0143A07D41EA3D
:1073B00000210391E17E207F090441EA0061607EA3
:1073C0000143A07E41EA00210491E17F94F820006E
:1073D000090441EA0061607F0143A07F41EA002186
:1073E000059194F8231094F82400090441EA0061FF
:1073F00094F82100014394F8220041EA002106910B
:1074000094F8270094F82810000440EA016094F8EA
:107410002510014394F8260041EA0021079137A87E
:107420004549FDF705F93EE00B2D3CD1A378627884
:107430001B02D21837A84149FDF7FAF82379E27800
:107440001B02D21837A83E49FDF7F2F8A3796279FA
:107450001B02D21837A83B49FDF7EAF8237AE279F4
:107460001B02D21837A83849FDF7E2F8A27A637AEE
:10747000120237A835499A18FDF7DAF813E0E378D5
:1074800022791B0443EA0263627837A81343A27887
:107490002F4943EA0222FDF7CBF804E000221492C0
:1074A00001E00123139310997B19FF297DF463A94F
:1074B000159A01321592159B1B998B427DF453A9A5
:1074C000119A511C03D037A82249FDF7B1F89DF855
:1074D0009C3023B137A8204927AAFDF7A9F8169BAD
:1074E0000A2B0CD800201D49ECF3A4F038B91399ED
:1074F00029B937A81A49139AFF23FDF799F8389A42
:10750000002302F8013B449B1A9800931299189BA0
:107510003892FDF76DF804461298F0F317F201E087
:107520006FF0010420463BB0BDE8F08F01211391BC
:10753000B9E700BFC28C0200FF8C02004F8F02002F
:10754000638F0200778F02008B8F02009F8F0200F3
:107550002C8E02001D900200F48902004689020070
:107560009C8702002DE9F04F8DB0059205468A46B2
:1075700006A80021142298460B91EBF3BFF1594B5A
:107580001C78002C40F0A3806B69232B0CDD1C229F
:107590002846214623460094F5F388F2002806DAAF
:1075A00001260227B14605E00427012601E00C2749
:1075B0000326A1462846F5F30BF20128834602D0A4
:1075C000022813D105E028465146EBF3CBF04000EA
:1075D0000BE02846FCF7A1FF044638B1FCF793FF07
:1075E000C20503D52046FCF793FF0B900B980028AB
:1075F0004ED0F0F399F1044600286ED0BBF1010F94
:1076000003D0BBF1020F1BD10BE00B9B00210193B8
:107610000290059A2846534600910391EBF3A0F09F
:107620000CE00B9A0CAB520843F8042D28460121BC
:107630002246FCF7A6FF0B9B5B000B93002840D172
:1076400022884FF6FD73013A92B29A4203D920463E
:10765000F0F37CF11CE0B9F1000F03D004EB470715
:10766000069719E0E31962880693A388A7F5805767
:1076700007EB12221B0602EB1343E3180793E38880
:10768000DB19E31808932389DF19E719099703E049
:10769000154B002406930126169A5046009206A91F
:1076A00032464346FDF716F850B9169B28461A682D
:1076B000D8F8001001F038FDD8F800200B4B1A6004
:1076C00014B12046F0F342F1064A01231370169BD1
:1076D0000020C8F80000186001E06FF01A000DB03B
:1076E000BDE8F08F29610100608B020088930200E1
:1076F00030B51946039B049C43B14CB100251D6075
:1077000025600394BDE83040FFF72CBF184630BD1C
:10771000204630BD014B00221A70704729610100DC
:10772000F8B50C4F06463C688CB101250BE02846A5
:1077300000212C46E6F7C6FF20B128463146E6F781
:10774000BBFF04E001353B689D42F0D90024204690
:10775000F8BD00BF2C61010010B5847801462046B9
:10776000E6F7B0FF28B120460021E6F7A5FF00208C
:1077700010BD4FF0FF3010BD70B50C4E0D46306897
:1077800080B90B49E6F798FF012404E02046002168
:10779000E6F792FF013433689C42F7D9034B284641
:1077A0001D6070BD4FF0FF3070BD00BF2C61010047
:1077B000ADDEADDE064B1A68194632B1012300E09A
:1077C00001339342FCD900230B600020704700BFB7
:1077D0002C6101002DE9F0470C46166882461546DB
:1077E00008468422002198469DF82470EBF386F029
:1077F0002046FFF795FFC0B2002832D00123237046
:107800009DF82030A070003318BF0123E3703C23A3
:107810003C2EB4BFB1464FF03C09A4F80E8067700F
:10782000A381002615E0504641463A46F0F390F019
:1078300030B96368002B0CBF6FF01A0000200BE01A
:10784000A3780136C37063684361238960600133A4
:1078500023814E45E7DB0020238963812B60BDE84F
:10786000F0874FF0FF30BDE8F087F8B506460C46CC
:1078700000250BE07B693046636000237B61FB7071
:107880003946E278F0F386F00135ADB26768002F33
:10789000F0D1238920465B1B238163895D1B6581B1
:1078A000FFF75AFFA77027703846F8BD10B5C37CA4
:1078B000032B08D09C1D00EBC40401336160A2605F
:1078C000C374002010BD4FF0FF3010BD2DE9F84308
:1078D00011F01F0618BF012606EB511707F1070923
:1078E0004FEA890948460D4601F01F08F0F31CF0E5
:1078F000044600283BD000214A46BFB2EAF3FEF717
:107900006780A580E580A46021462246002303E02D
:107910004FF0FF30906101330432BB42F8D356B1CF
:107920004FF0FF3202FA08F87B1D04EB83035A681C
:1079300082EA08025A6017F01F0318BF012307F0FC
:107940001F0003EB57172780002203E04FF0FF359D
:107950008D6001320431BA42F8D343B14FF0FF33A6
:107960008340013704EB87077A6853407B602046E9
:10797000BDE8F8830846EFF3E9B7436B23B14FF452
:107980007F629A60436B05E0836B4BB14FF47F627B
:107990009A60836B9868D0F1010038BF002070476F
:1079A000012070470346002001E00130C0B25B08AF
:1079B000FBD170470B6843F440330B6008680B68D9
:1079C00000F4403023F440330B60A0F540314842CE
:1079D00040EB0100704708B5416B09B9816B21B1DB
:1079E000806AFFF7E7FF012008BD084608BD2DE9C2
:1079F000F047DDF820801F88099D1046894614460F
:107A00001E46394642462B46EFF38EF48246E8B1D5
:107A1000012313FA07F72B68013BDB19B3FBF7F3DC
:107A20005F43631EDB195F4017EA090F0ED0204643
:107A3000FFF7B8FF30805046EFF380F431882046DE
:107A400042462B46BDE8F047EFF36EB45046BDE822
:107A5000F08770B5002301290CBFB0F84620B0F8BC
:107A60006C2086B00493B0F844301201012904461A
:107A7000ADF816300D46806A41F6FF7329D104AE89
:107A8000D4F8C410009604F15C060196994214BF24
:107A90004FF480314FF4005104F150060DF11603FC
:107AA0000296FFF7A4FF002840D0BDF81630E26D23
:107AB00015FA03F3511EC918B1FBF3F14B43A3654B
:107AC0009B1A9BB2C018A4F86030049BE063636605
:107AD0002BE004ADD4F8CC10009504F18405019599
:107AE000994214BF4FF480314FF4005104F17805EE
:107AF0000DF116030295FFF77AFFB8B1BDF8163005
:107B0000012515FA03F3D4F88420511EC918B1FBDE
:107B1000F3F14B43C4F880309B1A9BB2C018A4F811
:107B20008830049B2064C4F88C30284606B070BDB1
:107B3000FFF78FBF2DE9F74F8DE803000EAEE02071
:107B400014469A460D9F96E8400ADDF84C80EFF304
:107B5000EBF60546002800F079810021E022EAF3E7
:107B6000CDF69A4B0021B8F1000F08BF98460A469F
:107B7000C5F81C802046F4F38BF70C9BC0F3003053
:107B8000AB63934B03212B60002285F83000C5F8CE
:107B900034A02846EDF3F8F5082205F120000199FC
:107BA000EAF384F7002385F82730009BEC62AB6290
:107BB000BBF1FF3F14BF5B46CC23B9F1CC0F88BFAC
:107BC000C3EB0909C5F89830BDF84430A5F84670F4
:107BD000C5F89C309DF84830A5F86C60C5F8A03019
:107BE0000C9BA5F89490002B45D0AA6B1368D8077E
:107BF00004D523F001031360AA6B1360AB6B4FF045
:107C0000FF329A602046F4F345F740F63C03984271
:107C100012D1E86AF4F34EF7052809D0E86AF4F3C4
:107C200049F7082804D0E86AF4F344F70C2803D194
:107C3000AB6B4FF0FF329A60AB6B9A681205120D76
:107C40001AB15A6842F00F0201E041F6FF72C5F81E
:107C5000CC201A6802F4E012920C85F8B5201A685C
:107C600002F46002520D85F8BA201B6803F04073DD
:107C70001B0E85F8BB30BAF1000F4DD06A6B13684C
:107C8000D90704D523F0010313606A6B13606B6B93
:107C90004FF0FF329A60E86AF4F3FCF640F63C03DA
:107CA000984212D1E86AF4F305F7052809D0E86A8A
:107CB000F4F300F7082804D0E86AF4F3FBF60C2884
:107CC00003D16B6B4FF0FF329A606B6B9A681205B1
:107CD000120D1AB15A6842F00F0201E041F6FF722C
:107CE000C5F8C420C5F8C8201A6802F4E012920C46
:107CF00085F8B6201A6802F4E072920985F8B72078
:107D00001A6802F46002520D85F8B8201B6803F06F
:107D100040731B0E85F8B93062680023012AC5F84C
:107D2000A430C5F8AC3018D1A268B2F5026F03D008
:107D300040F63C018A4202D14FF0004303E04FF08D
:107D40008042C5F8A420C5F8A830D5F8A430C5F8FD
:107D5000AC30D5F8A830C5F8B0302046F4F39AF628
:107D600040F62903984208D12046F4F3A3F620B147
:107D70002046F4F39FF602280FD92046F4F38AF642
:107D800040F6340398420CD12046F4F393F620B128
:107D90002046F4F38FF6012803D1002385F8313013
:107DA00004E02846FFF717FE85F831002846FFF764
:107DB000E4FD85F8B40068B10D23FF2FA5F8443029
:107DC0000CD8FF2E09D80C2305E000BF90610100FC
:107DD0008C5001000423A5F844304FB1BC0020466C
:107DE000EFF3A2F5E86468B300212246EAF386F5D2
:107DF0004EB1B4002046EFF397F5686710B3002149
:107E00002246EAF37BF527B128460121FFF790FED1
:107E1000C0B126B128460221FFF78AFE90B1D5F8FD
:107E2000A4305BB195F8313043B9AB6DB3F1804FFD
:107E300008D8D5F88030B3F1804F03D8012385F8F6
:107E4000DD3003E02846EDF3F9F400252846BDE8CF
:107E5000FE8F00BF10B50446F5F38CF200212046DA
:107E60000A46F4F315F6C30407D5204601F0DBFA01
:107E700000280CBF2020402010BD202010BD2DE97F
:107E8000F0470446266A09A9042E666A9DF8200078
:107E9000CCBF06F4781606F4F01691E82202760CB0
:107EA0004FF000084BE031F828A01FFA83FCE245B0
:107EB00001EB880703D197F802C0844504D008F18C
:107EC00001085FFA88F83AE0002A35D006FB08F886
:107ED00000252EE063692046222B0ADDE3695A065D
:107EE00007D540F627010022F4F342F70146204669
:107EF00000E000214FF4CC62F4F3DAF50560636929
:107F00002046222B0ADDE3695B0607D540F62701F0
:107F10000022F4F32DF70146204600E0002140F254
:107F20006462F4F3C5F509EB880353F82530013595
:107F30000360EBB2B342CDD3F878BDE8F087A84533
:107F4000B1D30020BDE8F0872DE9F84304461E4672
:107F5000002B00F0B480436A02EB061503F4F859D5
:107F60004FEA192955F8043C013E0BB900279FE060
:107F700020469847002800F09E80F7E70122BA408B
:107F800055F8103C1A4200F0928063692046222B7B
:107F90000ADDE3695A0607D540F627010022F4F30B
:107FA000E7F60146204600E000214FF4C462F4F3F6
:107FB0007FF5076015F90C2C22B1012A19D0013286
:107FC00075D144E063692046222B09DDE3695B0635
:107FD00006D540F62701F4F3CBF60146204600E033
:107FE000002140F22462F4F363F555F8083C036085
:107FF0005DE063692046222B0ADDE369590607D557
:1080000040F627010022F4F3B3F60146204600E0D3
:10801000002140F22462F4F34BF563698046222B81
:1080200020460ADDE3695A0607D540F627010022FB
:10803000F4F39EF60146204600E0002140F224625F
:10804000F4F336F555F8083C026813432DE06369F4
:108050002046222B0ADDE3695B0607D540F627019F
:108060000022F4F385F60146204600E0002140F2AC
:108070002462F4F31DF563698046222B20460ADD55
:10808000E369590607D540F627010022F4F370F69C
:108090000146204600E0002140F22462F4F308F596
:1080A00055F8082C036823EA0203C8F800300137AA
:1080B0004F457FF463AF103D002E7FF453AFBDE812
:1080C000F883000070B59D4904460020EBF38EF262
:1080D000002800F0318100209849EBF387F297499E
:1080E00005460020EBF382F2944906460020EBF3AC
:1080F0007DF215F0006500F0AC804FF40012002115
:1081000013462046E6F741FD02220621134620468B
:10811000F4F344F663692046222B0ADDE3695A062C
:1081200007D540F627010022F4F322F60146204647
:1081300000E000214FF4C162F4F3BAF406680025B0
:1081400006F480761BE04FF47A70EFF3DBF063699E
:108150002046222B0ADDE3695B0607D540F627019E
:108160003246F4F305F60146204600E000214FF4C4
:10817000C162F4F39DF40668013506F480761EB9F9
:10818000B5F57A7FDFD170BDB5F57A7F00F0D48088
:108190004FF47A70EFF3B6F008220621134620461A
:1081A000F4F3FCF50023062104222046F4F3F6F54F
:1081B0004FF47A70EFF3A6F063692046222B0ADDB4
:1081C000E369590607D540F627010022F4F3D0F5FC
:1081D0000146204600E000214FF4C062F4F368F449
:1081E0000568002605F001051BE04FF47A70EFF3F7
:1081F00089F063692046222B0ADDE3695A0607D518
:1082000040F627010022F4F3B3F50146204600E0D2
:1082100000214FF4C062F4F34BF40568013605F019
:1082200001051DB1B6F57A7FDFD102E0B6F57A7FA0
:1082300003D120460621082279E029464FF4801216
:108240002B462046E6F7A1FC2046062101222B46BC
:108250006EE0730170D54FF4801213462946204614
:10826000E6F793FC0122062113462046F4F396F527
:108270004FF47A70EFF346F00422062113462046AD
:10828000F4F38CF5062108222B462046F4F386F5FC
:108290004FF47A70EFF336F063692046222B0ADD43
:1082A000E3695E0607D540F627012A46F4F360F538
:1082B0000146204600E000214FF4C062F4F3F8F3D9
:1082C0000668002506F001061BE04FF47A70EFF314
:1082D00019F063692046222B0ADDE369590607D5A8
:1082E00040F627013246F4F343F50146204600E00C
:1082F00000214FF4C062F4F3DBF30668013506F0A9
:1083000001061EB9B5F57A7FDFD102E0B5F57A7FB7
:1083100003D120460621042209E000214FF4001277
:108320000B462046E6F731FC2046062102220023B8
:10833000BDE87040F4F332B570BD00BF6853010072
:1083400046F29053994210B5044609D049F21823D9
:10835000994207D0B1F5964F0CBF1F23002302E0CE
:108360002A2300E03C230521FF222046E6F779FC82
:108370004FF40002062113462046E6F73CFC1E207F
:10838000EEF3C0F7204606214FF400020023BDE8BB
:108390001040E6F730BC0000F0B5036A466A042BD3
:1083A000CCBF06F4781606F4F01685B00446760CB9
:1083B00000253BE0102168461F4A2B46EAF304F3F0
:1083C00000206946EBF336F100282ED000210A4642
:1083D000EAF3CCF663690746222B20460ADDE369FF
:1083E000590607D540F627010022F4F3C1F40146EF
:1083F000204600E000214FF4CC62F4F359F305600D
:1084000063692046222B0ADDE3695A0607D540F648
:1084100027010022F4F3ACF40146204600E00021DD
:1084200040F26462F4F344F307600135EBB2B34207
:10843000C0D305B0F0BD00BFD5950200F0B5036A0A
:1084400085B0042B0446466A03DD06F0F866B60DD7
:1084500002E006F0F076760D00253BE0102168463C
:108460001F4A2B46EAF3B0F200206946EBF3E2F034
:1084700000282ED000210A46EAF378F66369074601
:10848000222B20460ADDE3695A0607D540F627016C
:108490000022F4F36DF40146204600E000214FF481
:1084A000CB62F4F305F3056063692046222B0ADDF5
:1084B000E3695B0607D540F627010022F4F358F480
:1084C0000146204600E0002140F25C62F4F3F0F245
:1084D00007600135EBB2B342C0D305B0F0BD00BFB9
:1084E0000C990200F0B5036A85B0042B0446466A75
:1084F00001DDF60E02E006F0F056760E00253BE0B8
:10850000102168461E4A2B46EAF35EF200206946B7
:10851000EBF390F000282ED000210A46EAF326F66D
:1085200063690746222B20460ADDE3695B0607D50F
:1085300040F627010022F4F31BF40146204600E038
:1085400000214FF4CA62F4F3B3F205606369204678
:10855000222B0ADDE369590607D540F627010022E0
:10856000F4F306F40146204600E0002140F2546294
:10857000F4F39EF207600135B542C1D105B0F0BDFC
:108580001B99020000487047C0AD3A022DE9F04344
:1085900004460F4685B00020904915461E46EBF371
:1085A00025F060B92046394615B1FFF7EBFF07E02B
:1085B000FFF7E8FF4FF47A75B0FBF5F500E00546EC
:1085C00000208749EBF312F000F00F00012808D0DB
:1085D000022809D0834B844A032814BF9146994648
:1085E00004E0DFF8149201E0DFF8109229462046FB
:1085F000FFF7A6FE2046F4F355F200218046204600
:10860000F5F300F0794B0246002E4BD10193032382
:1086100002933946204632462B460096CDF80C9000
:10862000FFF72DFC0746002837D063692046222B30
:108630000ADDE3695B0607D540F627013246F4F30D
:1086400097F30146204600E000214FF4C062F4F3A6
:108650002FF20268BF004FF68373134007F07C02CD
:1086600005F17F07FF09013F42EA07471F4363699E
:108670002046222B0ADDE369590607D540F627017B
:108680000022F4F375F30146204600E000214FF488
:10869000C062F4F30DF2076096E029465448EAF30D
:1086A00053F192E000218DE80A0003230293204653
:1086B00039462B46CDF80C90FFF7E1FB002D00F07A
:1086C00083802046E6F774F8064606E0AB4203D105
:1086D0006369222B07DC12E00C36002E74D033883D
:1086E000002BF3D170E0E3695A0608D540F6270164
:1086F00020460022F4F33CF30146204601E02046E8
:1087000000214FF4C062F4F3D3F10268B37802F0B1
:108710007C02B3EB920F57D03579F3782D061B0509
:1087200005F0706503F4700300214FF07F622B4366
:108730002046E6F796FA737902211B052D4A43F489
:1087400000332046E6F78DFAB3686FF07F420321CD
:1087500013402046E6F785FA63692046222B0ADD9E
:10876000E3695B0607D540F627010022F4F300F326
:108770000146204600E000214FF4C062F4F398F176
:1087800002684FF6837335881340B2787F35ED1158
:108790009200013D02F07C0242EA05451D436369F7
:1087A0002046222B0ADDE3695E0607D540F6270145
:1087B0000022F4F3DDF20146204600E000214FF4F0
:1087C000C062F4F375F10560012620464146F4F3DA
:1087D00019F7304605B0BDE8F08300BFEC95020004
:1087E000745301008C5101000C52010006970200E5
:1087F000A39502000000FE1F80530100F853010002
:108800002DE9F04399468BB0002307930893099311
:10881000036A476A042BCCBF07F4781707F4F017F4
:1088200004460D4690467F0C00260CE0102103A85C
:10883000334A3346EAF3C8F0002003A9EAF3FAF614
:1088400020B90136F6B2BE42F0D34EE008AB009339
:1088500009AB019320462946424607ABE6F7C0FB29
:10886000012329464A462046FFF790FE2046294626
:10887000FFF792FD236A012B2CDD63692046222B32
:108880000ADDE3695E0607D540F627010022F4F30E
:108890006FF20146204600E000214FF4C062F4F37D
:1088A00007F163690646222B20460ADDE369590673
:1088B00007D540F627010022F4F35AF2014620467C
:1088C00000E000214FF4C062F4F3F2F0036843F4D7
:1088D00080633360089B20460093099B29460193DF
:1088E0004246079BE6F7D4F807E0204629464A4669
:1088F0000023FFF74BFE0028A8D10BB0BDE8F083A2
:10890000D59502002DE9F04F002587B004460E46AC
:1089100004950595F4F3C6F0294683462046F4F302
:1089200071F6A14982462846EAF384F648B101234C
:1089300084F8603329462A46EAF318F4C4F85C0345
:1089400001E084F8600300209849EAF373F648B127
:108950000123002184F868330A46EAF307F4C4F8D7
:10896000640301E084F868032046F3F3F5F7904BC5
:10897000676A98428F4B94BF20252125A3F10808F0
:1089800098BF984607F4F8573F0A08EBC508636993
:108990002046222B0ADDE3695A0607D540F6270157
:1089A0000022F4F3E5F10146204600E000214FF4F7
:1089B000C462F4F37DF018F8083C013D036063697C
:1089C0002046222B0ADDE3695B0607D540F6270126
:1089D0000022F4F3CDF10146204600E000214FF4DF
:1089E000C562F4F365F058F8043CA8F10808036088
:1089F000002DCCD147E0082102A86F4A2B46E9F3AD
:108A0000E3F7002002A9EAF315F600283AD0002186
:108A10000A46EAF3ABF3236A80460C2B07DDB0F578
:108A2000803F04D2C3B24FEA102843EA0848636982
:108A30002046222B0ADDE369590607D540F62701B7
:108A40000022F4F395F10146204600E000214FF4A6
:108A5000C462F4F32DF0056063692046222B0ADD21
:108A6000E3695A0607D540F627010022F4F380F1A6
:108A70000146204600E000214FF4C562F4F318F0EF
:108A8000C0F800800135BD42B5D1204631464B4A81
:108A90001F23FFF759FA00253EE00821484A2B46DC
:108AA00002A8E9F391F7002002A9EAF3C3F5814691
:108AB000002830D063692046222B0ADDE3695B067B
:108AC00007D540F627010022F4F352F10146204673
:108AD00000E000214FF4C462F3F3EAF70560636934
:108AE0002046222B0ADDE369590607D540F6270107
:108AF0000022F4F33DF10146204600E0002140F25F
:108B00002462F3F3D5F7002180460A464846EAF38B
:108B10002DF3C8F800000135BD42BED1204604A99E
:108B200005AAE5F70FFF049F52463B463146002554
:108B300020460095E5F752FE384304902046F4F3B2
:108B400047F4059A049B002A3CD01A4363690592B6
:108B5000222B20460ADDE3695A0607D540F6270195
:108B60002A46F4F305F10146204600E0002140F2D8
:108B70001C62F3F39DF763690546222B20460ADD4C
:108B8000E3695B0607D540F627010022F4F3F0F015
:108B90000146204600E0002140F21C62F3F388F712
:108BA000059B02683AE000BFC595020000970200ED
:108BB000BFAD3A0200960200E79502001C97020042
:108BC000E2950200002B2BD063692046222B09DDA1
:108BD000E369590606D540F62701F4F3C9F00146CA
:108BE000204600E0002140F21C62F3F361F7636964
:108BF0000546222B20460ADDE3695A0607D540F6D2
:108C000027010022F4F3B4F00146204600E00021E1
:108C100040F21C62F3F34CF7049B026813432B6091
:108C2000049BABB163692046222B0ADDE3695B0636
:108C300007D540F627010022F4F39AF001462046BA
:108C400000E000214FF4C362F3F332F7049B0360AA
:108C5000059BABB163692046222B0ADDE369590607
:108C600007D540F627010022F4F382F001462046A2
:108C700000E0002140F21C62F3F31AF7059B036049
:108C8000314652462046E6F77EF94FF4FA60EEF39D
:108C900039F320465946F4F3B5F407B0BDE8F08F38
:108CA000F8B5044615460E46F3F3FCF600210746D8
:108CB0002046F4F3A7F4314602462B462046FFF740
:108CC0009FFD204631462A46E5F7D8FD2046394625
:108CD000BDE8F840F4F396B438B5036A0446012BB6
:108CE0002DD14369222B0ADDC3695A0607D540F608
:108CF00027010022F4F33CF00146204601E0204623
:108D000000214FF4C062F3F3D3F663690546222BCA
:108D100020460ADDE3695B0607D540F627010022FD
:108D2000F4F326F00146204600E000214FF4C06233
:108D3000F3F3BEF6036823F400732B6038BD2CDD1B
:108D40004369222B0ADDC369590607D540F627017E
:108D50000022F4F30DF00146204601E020460021F8
:108D60004FF4C062F3F3A4F663690546222B204654
:108D70000ADDE3695A0607D540F627010022F3F31E
:108D8000F7F70146204600E000214FF4C062F3F3FC
:108D90008FF6036843F400732B6038BD70470120E1
:108DA000704738B505460C46FFF79CFB2846214620
:108DB0000022FFF7F3FF28462146BDE83840FFF7C1
:108DC00081B9000038B504460D4600203149EAF368
:108DD00031F440B100210A46EAF3C8F12946C3B292
:108DE0000122204603E02046294601220523E5F71B
:108DF0008BFF00202849EAF31DF448B100210A4600
:108E0000EAF3B4F12946C3B209222046E5F77CFF14
:108E100000202249EAF30EF448B100210A46EAF3A1
:108E2000A5F12946C3B205222046E5F76DFF0020D3
:108E30001B49EAF3FFF348B100210A46EAF396F131
:108E40002946C3B206222046E5F75EFF00212046F0
:108E50004FF478624FF43863E5F7CDFE00212046E9
:108E60004FF460424FF42043E5F7C5FE4FF4C022B3
:108E7000002113462046E5F7BEFE012200212046D0
:108E80001346E5F7B8FE20462946BDE83840FFF70F
:108E9000D5BA00BF12970200DB95020012990200BA
:108EA000CA95020038B5036A0446092B69DD436997
:108EB000222B0ADDC3695B0607D540F62701002295
:108EC000F3F356F70146204601E0204600214FF417
:108ED000C062F3F3EDF5026812F0010253D1636949
:108EE0002046222B09DDE3695D0606D540F6270101
:108EF000F3F33EF70146204600E0002140F26C62A9
:108F0000F3F3D6F54FF0004303604FF47A70EEF3BD
:108F1000F9F163692046222B0ADDE369590607D57A
:108F200040F627010022F3F323F70146204600E034
:108F3000002140F26C62F3F3BBF505686369ED0450
:108F4000ED0C222B20460ADDE3695A0607D540F6D0
:108F500027010022F3F30CF70146204600E0002130
:108F600040F26C62F3F3A4F56D030023036005F592
:108F70004245064805F5A875B5FBF0F56420684341
:108F800038BD002038BD002038BD00BFA0860100DC
:108F900038B5002105461020E3F7A0FF0021044664
:108FA0001022E9F3ABF46560204638BD08B1E4F760
:108FB0001DB8704710B50446E4F706F96060E0603C
:108FC0002068E7F716FA6368A0F5006020611818BA
:108FD0000123A060237610BD38B50546F4F3CAF12D
:108FE0001C20EEF3A1F4084C00211C222060E9F3C0
:108FF00085F420680560FFF7DDFF044922682846F4
:10900000BDE83840E6F726BC90040000D93F0000D8
:109010002DE9F84F0C46F4F3ADF141F20100E5689B
:10902000EEF382F400287CD000F1010C064620E02B
:1090300001321970D2B2434639783D460137C1B189
:109040003D2903F10108F3D132702946464600223A
:1090500003E001323770D2B2664611F8017FC3EBEC
:109060000508B04406F1010C002FF2D11A7008F186
:109070000105E768A368FB189D4205D22B781BB158
:109080002F4663460022D7E725460123E268834640
:10909000BA1A2A823BE0594611F8012B9A4202D1B2
:1090A0004FF0000C0AE0102B2AD10F2AF8DC27E041
:1090B0001BF8018F07F80C800CF1010C6245F7D109
:1090C00001EB0208895C07EB020C4FF03D0907F841
:1090D000029008F1010B0CF1010701F101090022D6
:1090E00003E018F802A00CF802A001324A45F8D1BA
:1090F0007A184FF0000C07F801C08B44571C06E0AB
:1091000011F802B001EB020C0BF1010BE344B34583
:10911000C1D301330235112BB8D1BDE8F84FEEF3BE
:1091200015B4BDE8F88F0000F8B50E4617460446A2
:10913000F4F320F13020EEF3F7F3054668B1C66092
:10914000074E30234360336887600360294620461A
:10915000FFF75EFF35600020F8BD6FF01A00F8BD24
:109160009404000008B5064B1B683BB9054B196811
:1091700021B1054B1A680AB1FFF7D6FF002008BDE0
:1091800094040000985C01009C5C0100F8B5104B51
:1091900007461C681E46BCB1E3689BB10D4D2A68AA
:1091A0009A420FD1F4F3E6F0E068EEF3CFF3002338
:1091B0002B6007E038462568F4F3DCF02046EEF338
:1091C000C5F32C46002CF5D100233360F8BD00BF59
:1091D000940400008893020073B5856E04466DB157
:1091E000D0F8CC3000EB8303D3F8D420036E9A423E
:1091F00003D1406EA847054600E000252046F3F362
:1092000051F4002302A941F8083D0646694620466C
:1092100001AA0DF0C1FE9DE806004FF4FF20E9F31E
:10922000E9F220463146F4F3EDF1E36E5BB1D4F898
:10923000CC2004EB8202D2F8D410226E914202D1EB
:10924000606E294698477CBDF8B50446F0F3BAF045
:1092500000284FD0A56E6DB1D4F8CC3004EB830359
:10926000D3F8D420236E9A4203D1606EA8470546F6
:1092700000E000252046F3F315F4002107462046C0
:10928000F4F3C0F10121064600222046F0F3BAF0C3
:109290004FF480110A462046F0F396F040210A462A
:1092A0002046F0F3A5F04FF080710A462046F0F317
:1092B0008BF02046FFF790FF0F4B0121C6F80435D5
:1092C0004FF4FC73C6F808350A462046F0F39AF0CE
:1092D00020463946F4F396F1E36E5BB1D4F8CC2026
:1092E00004EB8202D2F8D410226E914202D1606E59
:1092F00029469847F8BD00BFF20039400120704769
:10930000C36B44F2583293420DD004D844F2563223
:10931000934218D112E04AF62E22934208D04AF620
:109320002F2293420FD1C0F884334AF6322303E050
:10933000C0F884334AF63123C3637047C0F88433DE
:1093400044F25433C363704738B541F2E4430446F2
:1093500003630D4629B108460F49EAF347F1A062BD
:1093600040B928460D49EAF341F1A06210B94FF621
:10937000FF73A3620A492846EAF338F10949E0621B
:109380002846EAF333F1084960632846EAF32EF1F0
:1093900084F8550038BD00BF2D99020023990200C2
:1093A00064990200439902004E9902007047000040
:1093B00030B585B00190002404A840F8044D01A9FF
:1093C0000422E9F317F2019DB5B12B46D3F88C20A6
:1093D00012B10022C3F88C2001340433102CF5D1D3
:1093E0000398FEF797F90398FFF7D0FE034B9D42D1
:1093F00002D02846EEF3AAF205B030BDE4610100C8
:109400000367D0F8CC3010B500EB8303029CD3F88F
:10941000D43044668166C266036610BD002383664D
:10942000C366036770478069C0F3C06070472DE969
:10943000F84304461E46089D099FFAF761FC002187
:109440002046F4F3DFF080462046F3F333F30A2896
:10945000C8BFD8F82C306061C8BFA3642228D8F8F0
:109460000430C8BFD8F8AC20A361C8BFE261DA00FD
:109470001CD5222814DDE3695B0611D500222046A5
:1094800040F62701F3F374F401462046F4F3BAF0F2
:10949000D0F80436002163622046F4F3B3F002E012
:1094A000D8F80436636294F8243023624FF4E06302
:1094B000A3604FF0FF33E36011232361A1464FF017
:1094C000000817E04146F4F39DF02046F3F3E2F282
:1094D0002046F3F3EFF21EB1D9F814319E4203D0C7
:1094E000D9F88C309F4201D1C5F8008008F10108FD
:1094F00009F10409D4F8D03020469845E2D3296810
:10950000F4F380F00120BDE8F883F7B5002213469C
:109510000D4601210446E5F738FB002128220746C5
:109520000B4620460091F3F3C1F20646280709D006
:10953000204601210622F3F367F620460221062287
:10954000F3F362F615F0F00F04D02046002102225A
:10955000F3F35AF615F4706F0ED020460021012265
:10956000F3F352F601210A462046F3F34DF6204666
:1095700002210122F3F348F601213B4620464FF039
:10958000FF32E5F702FB2046002128224FF0FF338F
:109590000096F3F38BF2FEBD0020EAF327B0000043
:1095A00010B50C490446FFF7F7FF80B288B9D4F82C
:1095B00080000849EAF31AF080B250B9D4F880006C
:1095C0000549EAF313F04FF6FF7380B2002808BF95
:1095D000184610BD6D9902007B990200436907B5DA
:1095E0000A2B09DD003118BF01210091242200213E
:1095F0000123F3F35BF201E04FF0FF300EBD07B53E
:109600000021F8220B460091F3F350F200F00F0016
:109610000EBD00002DE9FF47DDF830809246DDF8F1
:1096200034900F464FF46372002104461E460E9D8F
:10963000B8F1010F08BF4FF00008E9F35FF1112303
:109640002361C4F88860C4F85C90C4F858A0C4F8DA
:109650000480B8F1000F40F0C580204641463A46EC
:109660004B46FFF74BFE002800F0C0804FF0C05380
:109670001A68130F02F47021236093B202F470028F
:10968000120D626444F25832090C9342E363216480
:109690000AD004D844F25632934208D104E0A3F52C
:1096A0002A432E3B012B02D82046FFF729FE636C8C
:1096B00020460E3B012B8CBF0023012384F84C3045
:1096C0004FF0C0513A46FAF793F9D4F8D030002B56
:1096D00000F08A80002704AB43F8047D8DE8480041
:1096E00020464FF0C0513A463B46FFF7A0FE002807
:1096F0007CD02046FFF736FD0F9B00950193204656
:1097000039463246A36DFDF7F3FF002870D105B14D
:109710002D683A4E20462946FFF716FE3278002A79
:1097200042D16369132B19DD4FF400612046F3F336
:109730005BF7334907462846E9F37CF738B12846FA
:109740002F49E9F353F7B0F1FF3F08BF0020002392
:10975000BB650399F8652046F3F354F72046A16DE5
:10976000FFF7BAFA2046A16DFFF71BFB28462549F3
:10977000E9F33CF7024620B92046A16DFFF792FBC2
:109780000246C4F88823A16D2046FFF789FA2046D7
:10979000FFF75AFD2046A16DFFF7B4F82046A16DF2
:1097A000FFF710FB012333702046F3F3E1F5284661
:1097B0001549E9F33FF738B113492846E9F316F79D
:1097C00001462046FFF7A1FE28461049E9F332F78B
:1097D00078B128460D49E9F309F701462046FFF71D
:1097E000E5FD06E0002404E01C4602E0044600E03B
:1097F0003C46204604B0BDE8F08700BFE0610100B0
:109800003E9902005B9902007399020034990200AC
:109810001FB50F4C02462378BBB910B90346014669
:1098200001E00C4B191D0020009001900293039160
:10983000094844F210714FF0C053FFF7EBFE28B116
:10984000064B20221A6001232370034804B010BD88
:109850007065010064620100E4610100A004000081
:109860002DE9FF4707464FF46370884691469A46B4
:109870000D9E0E9DEEF358F00446C8B10C9B394680
:10988000019342464B46CDF800A002960395FFF7A0
:10989000C1FE074620B92046EEF358F03C4607E0EB
:1098A00006B13668C4F8806005B12D68C4F88450EC
:1098B000204604B0BDE8F08770B5064686B04FF488
:1098C000BC70EEF331F00446E8B100214FF4BC72F5
:1098D000E9F314F00D4B266000930D4B0025019326
:1098E00030680C490C4A234602950395049505956A
:1098F00000F0D8FE30B94FF49663C4F8603184F8B4
:10990000640100E02C46204606B070BDA5388100F9
:109910005D3D8100D8D288003CC5890010B5044661
:1099200050B1036805491868224600F060FE2046E1
:10993000BDE81040EEF30AB010BD00BF3CC5890081
:109940002DE9F041054686B08020EDF3EDF70446A1
:10995000002844D000218022E8F3D0F7042363607C
:10996000B4232560A381A046C5F8584727460026A2
:109970000EE01C2202FB06423C61A8681B49103223
:109980000023FAF36DF338621C3700282BD0013620
:1099900063689E42EDDB164B16490093002301934A
:1099A00002930393049305932868134A234600F017
:1099B00079FEC0B913E0D8F8201031B12368986857
:1099C000FAF336F30023C8F82030013508F11C08FB
:1099D00063689D42EFDB2046EDF3B8F70024204694
:1099E00006B0BDE8F0810025F2E700BF49488100DC
:1099F000A94681007CD388007F3F890070B504466A
:109A000000281ED003680F491868224600F0EFFDB9
:109A1000254600260DE0296A29B123689868FAF3E3
:109A200007F300232B62E86908B1EDF38FF70136E5
:109A30001C3563689E42EEDB2046BDE87040EDF3C6
:109A400085B770BD7F3F890010B50446C06F08B16F
:109A5000FFF764FFD4F8840008B107F0C1FED4F822
:109A6000800008B1FFF7CAFFD4F8B00008B100F0D9
:109A700013F9A06808B101F0E3F92046BDE81040F1
:109A8000EDF364B72DE9F04F07468DB0B8208A4654
:109A900090461D46179EEDF347F70446002800F058
:109AA000A0804FF0000B0021B822E8F327F72660D2
:109AB00084F88CB03846FFF76BFA0BABC4F8A8B04B
:109AC0002A4601900693814641F2E44120463346FE
:109AD000CDF800B0CDF808A0CDF80C800494CDF8F6
:109AE00014B001F05DFA0546002875D0A06010F0B2
:109AF0006FDA2B691021E3603C4B6060A3643C4A41
:109B00003346276164643846E8F35EF72B69D86F03
:109B1000F2F356F749F6981398422B69D86F06D896
:109B2000F2F34EF708210346324A09A805E0F2F3A2
:109B300047F7314A0346082109A8E8F345F73146BB
:109B400009AA2E4B2E48E8F3FFF63246002016995C
:109B50002C4B8DE88001F8F7A9FB064600283BD185
:109B60006368012783F8787008210A46286930F075
:109B7000D5DA36213A46D5F89802EFF730FD284677
:109B8000FFF7DEFEC4F8800030B3284607F0F6FD8C
:109B9000C4F8840000B32846FFF78EFEE067D8B112
:109BA0006368194983F8E070184B02968DE8480005
:109BB0000396049605962868154A234600F072FD20
:109BC00050B9284600F032F8C4F8B00020B111486E
:109BD0002146EDF3A9F120B120464946FFF734FFB5
:109BE000002420460DB0BDE8F08F00BFBD88810085
:109BF000DB550100E05501004D4989004039010065
:109C000081990200FD8D81002CD58800198A810080
:109C100058FB8900F589810001207047024B012221
:109C20001A70E3F763BA00BFFC03000070B5064684
:109C300086B02020EDF37EF60446F0B1002120220C
:109C4000E8F35CF64FF4E153E3804B2323810A23CE
:109C500063810E4B26600025009330680C490D4A45
:109C600023460195029503950495059500F01AFD8C
:109C700030B93368012283F86321204606B070BDF5
:109C80002046EDF363F62C46F7E700BF7D9A81008E
:109C90008CD58800C04B890010B5044678B1FBF321
:109CA00009F3236822461868054900F0A0FC204605
:109CB000EDF34CF6236800221B6883F8632110BD86
:109CC000C04B89000368D3F8D42041F26B03116BB9
:109CD00099420BD1936AEF2B28D001D8D62B04E000
:109CE000F52B23D040F20F118B421FD0936A40F224
:109CF000C65293421AD040F27452934216D0036A6D
:109D00007F2210E0482283F8FD2006E002F0C00226
:109D1000921102EB810183F8FD10036A93F9FD2093
:109D2000142A0BDC482283F8FD207047036A93F85D
:109D3000FD104AB2B2F1FF3FE8D1E3E77047D0F837
:109D4000E81110B5044629B18068FAF371F10023D7
:109D5000C4F8E831D4F8001229B1A068FAF368F128
:109D60000023C4F80032D4F88434D3F8301139B168
:109D7000A068FAF35DF1D4F884340022C3F83021EE
:109D8000D4F8501329B1A068FAF352F10023C4F8B3
:109D90005033D4F8541529B1A068FAF349F10023DF
:109DA000C4F85435D4F8F41529B1A068FAF340F199
:109DB0000023C4F8F435D4F8C41729B1A068FAF325
:109DC00037F10023C4F8C43710BD10B5044600684D
:109DD00007F0D8F8D4F8800620B106F021F8002367
:109DE000C4F88036D4F87C0620B106F049FA002386
:109DF000C4F87C36D4F89C0120B108F089FE002319
:109E0000C4F89C31D4F88C0120B101F025FE002368
:109E1000C4F88C31D4F8400120B102F069FF00236E
:109E2000C4F84031D4F8540120B1FEF3FFF300230D
:109E3000C4F85431D4F8300120B102F019FC0023E9
:109E4000C4F83031D4F8340120B102F0C1F9002354
:109E5000C4F83431D4F8380120B102F01BFB0023E0
:109E6000C4F83831204602F0D5FAD4F84C0120B1BC
:109E700006F0BAFA0023C4F84C31D4F8480120B1F6
:109E800008F078FD0023C4F84831D4F8440120B12B
:109E900006F032F90023C4F84431D4F85C0120B153
:109EA00008F016FA0023C4F85C31D4F82C3113B151
:109EB0000023C4F82C31D4F8600120B104F0B4F9C7
:109EC0000023C4F86031204608F0AAFA204605F0C5
:109ED0009FFFD4F8500120B105F0FAFF0023C4F829
:109EE0005031D4F8700120B101F09EFC0023C4F879
:109EF0007031D4F8780120B104F0A8FC0023C4F834
:109F00007831D4F87C0120B107F06CFE0023C4F84E
:109F10007C31D4F8740120B108F072FD0023C4F83C
:109F20007431D4F8840120B101F01CFC0023C4F882
:109F30008431D4F8880120B104F0E2FB0023C4F896
:109F40008831D4F8780420B107F0F4FC0023C4F879
:109F50007834D4F87C0420B107F02EFD0023C4F837
:109F60007C34D4F8800420B107F0C0FD0023C4F88D
:109F70008034D4F8940120B108F0A2FE0023C4F884
:109F80009431D4F8640820B108F0F6FE0023C4F838
:109F90006438D4F8F80620B108F040F90023C4F87A
:109FA000F836D4F89C0620B104F0E2FE0023C4F891
:109FB0009C36D4F8A00620B101F060FD0023C4F85F
:109FC000A036D4F8CC0620B104F0BAFE0023C4F8C1
:109FD000CC36D4F8D40620B104F0F4FC0023C4F845
:109FE000D436D4F8D00620B108F084FA0023C4F89F
:109FF000D036D4F8600820B107F0D6FE0023C4F8AC
:10A000006038D4F8DC0620B107F0FEFB0023C4F86A
:10A01000DC36D4F8BC0608B105F081FDD4F8C006E2
:10A0200008B105F07CFDD4F8A00120B103F0F8FEE2
:10A030000023C4F8A031D4F8F00620B106F0C2F92C
:10A040000023C4F8F036D4F8300720B1EDF37EF4E5
:10A050000023C4F83037D4F8A40620B105F03AFD47
:10A060000023C4F8A436D4F8940620B104F070FF9D
:10A070000023C4F89436D4F8240120B108F06CF819
:10A080000023C4F82431D4F8280120B103F0A6FD40
:10A090000023C4F82831D4F8880420B106F0A8FAC7
:10A0A0000023C4F88834D4F8E80520B104F0D2FDC8
:10A0B0000023C4F8E835D4F8380620B1F9F7CEFF0C
:10A0C0000023C4F838362046BDE8104004F0D4BB65
:10A0D00070B5D0F88434056801220446A3F89020B6
:10A0E000D5F8D8003C49E9F3A5F240B1D5F8D8003D
:10A0F0003949D4F88464E9F379F2A6F89000D4F8E9
:10A1000084346422A3F84A20D5F8D8003349E9F30F
:10A1100091F240B1D5F8D8003049D4F88464E9F31D
:10A1200065F2A6F84A00D4F884346422A3F84C20DF
:10A13000D5F8D8002A49E9F37DF240B1D5F8D80026
:10A140002749D4F88464E9F351F2A6F84C00D4F816
:10A1500084346422A3F89220D5F8D8002149E9F389
:10A1600069F240B1D5F8D8001E49D4F88464E9F307
:10A170003DF2A6F89200D4F884340122A3F8962088
:10A18000D5F8D8001849E9F355F240B1D5F8D80010
:10A190001549D4F88464E9F329F2A6F89600D4F8B6
:10A1A00084340422A3F89E20D5F8D8000F49E9F39F
:10A1B00041F240B1D5F8D8000C49D4F88464E9F3F1
:10A1C00015F2A6F89E00D4F884346422A3F89420F3
:10A1D0000122A3F8982070BD079A0200239A02007A
:10A1E000E3990200749B0200CD990200B599020028
:10A1F000F7B5036A044693F9FC00421C2CD023688F
:10A2000093F87C200A2A02D8FEF308F225E0D3F85E
:10A21000D85014492846E9F3E9F113498DF80400B0
:10A220002846E9F3E3F111498DF805002846E9F3E2
:10A23000DDF100258DF806002E4601AF7857FEF3BC
:10A24000EDF176B2E8550135B042A8BF0646032DC0
:10A25000F6B2F2D1304600E00820236A83F8FC0011
:10A26000FEBD00BFF5990200FB990200019A0200B1
:10A270000368D0F8842470B5D3F8D8500323D37181
:10A28000D0F8842404461372D0F88424444982F818
:10A29000AD30D0F88424284682F8AE30E9F3A6F138
:10A2A00040B220B928463F49E9F3A0F140B2431E2D
:10A2B0000E2B0CD80128D4F8842401D1002302E00D
:10A2C000022804D10123D371D4F884241372D4F862
:10A2D000843493F81C210AB10322DA7132492846EA
:10A2E000266AE9F383F186F8FC002046FFF780FF39
:10A2F0002E492846266AE9F379F186F8FD002046C2
:10A30000FFF7E0FC236A93F8FD2083F8FE20216824
:10A3100041F26B02D1F8D430186B904229D1226AF5
:10A3200092F9FC00082824DC9B6AD12B12D0E92B7F
:10A3300010D0902B0ED08B2B0CD08D2B01D10D2358
:10A3400015E0932B0AD1B1F87A301B051B0DB3F53C
:10A35000826F01DC18230AE01B2308E08E2B01D159
:10A36000102304E0D62B01D0E42B02D1172382F86E
:10A37000FC30236840F27452D3F8D4309B6A934285
:10A3800003D040F2C652934207D1236A93F9FC20CE
:10A39000082A02DC172283F8FC20012070BD00BFD0
:10A3A000579A02001F9A0200959B0200519A0200E0
:10A3B00010B504461C49806822460023F9F350F684
:10A3C000C4F8E80170B3A068184922460023F9F3E5
:10A3D00047F6C4F8000228B3A068154922460023B6
:10A3E000F9F33EF6C4F85003E0B1A06811492246E3
:10A3F0000023F9F335F6C4F8540598B1A0680E4966
:10A4000022460023F9F32CF6C4F8F40550B10023DA
:10A41000A0680A492246F9F323F6C4F8C4070030BD
:10A4200018BF012010BD00BF713D82005D01820098
:10A4300075EF81001DFD8100CD378200A5CF810021
:10A4400070B5FF220446012384F8732484F8DB22CC
:10A4500041F20101D4F8842400260376A4F85814AC
:10A460006420032184F8400584F8763484F872640B
:10A47000D171D4F8842440F62A151172A4F85A54E4
:10A48000A4F85C54A4F85E54A4F86054A4F8625490
:10A49000A4F86454A4F86654A4F86E1440F62B157E
:10A4A0000221A4F86854A4F8701407250421A4F824
:10A4B0006A54A4F86C14A4F82E06A4F8686384F80F
:10A4C0002062A4F82C6684F8346284F8236284F84D
:10A4D000216284F8F26484F8B06284F82765216808
:10A4E0004FF0FF3081F8533048632168204681F8EF
:10A4F0004130216881F84230216881F8D1602168BB
:10A5000081F84360216884F80E6284F80F62C4F811
:10A51000506681F89430216881F8F530216881F81F
:10A52000F430216881F89D30216881F83431216848
:10A5300081F86931216881F82861216881F86161B9
:10A54000216881F86A612268966684F8643384F829
:10A55000653392F84F10890718BF82F852300323F1
:10A560000125002284F8DC3184F8E4314FF448738B
:10A57000A4F8343584F85065A4F84E2584F8DC55E9
:10A5800005F096DD052384F82036236884F82061E1
:10A5900084F8585683F8115123684FF0FF31A4F81E
:10A5A0007017A4F8541884F8736784F8A15784F8D6
:10A5B000B05783F84251236883F84351236883F8E6
:10A5C0005C61236883F86451236883F866512368CB
:10A5D00083F86B51236883F86751236883F86851C7
:10A5E000236883F83B612368C3F83C6170BD2DE9A3
:10A5F000F0470F469246002834D00468002C35D02E
:10A600004FF00008C14628E0D4F8C402394640445F
:10A61000E8F300F2E8B9D4F8C8324FEA890653F8F3
:10A620002930534515D1D4F8C43243445D6B013D04
:10A630005D63EDB9184629463822E8F35FF1D4F896
:10A64000C802294680190422E8F358F12846BDE8DB
:10A65000F08709F1010908F13808236893F8B4304C
:10A660009945D1DB6FF01D00BDE8F0876FF01D004C
:10A67000BDE8F087F8B500250F4606682C4608E0CF
:10A68000D6F8C40239464019E8F3C4F1383538B178
:10A690000134336893F8B4309C42F1DB6FF01D0451
:10A6A0002046F8BD2DE9F0478A4611469846914666
:10A6B0000468FFF7DFFF031E05DA2368002693F81E
:10A6C000B42035463BE0D4F8C822382042F8238035
:10A6D000D4F8C42200FB0320436B01334363002002
:10A6E000BDE8F087D4F8C43206F138019F5D9819AF
:10A6F0001FBB49461F22E8F3D9F1D4F8C4320C99A4
:10A700009E19089BC6F820A0B362099B3846736265
:10A710000A9BF3620B9B3363D4F8183743F8351068
:10A7200003EBC5020D9B5360736B01337363D4F865
:10A73000C83243F82580BDE8F08701350E469542C2
:10A74000D0DB6FF01500BDE8F0872DE9F041076818
:10A750000C4615469846D7F8CC02002604E003685C
:10A760009C420BD0064600690028F8D111E0002376
:10A7700003610EB1306101E0C7F8CC02069B80E8AE
:10A780003001C3600020BDE8F0816FF01500BDE826
:10A79000F0811420EDF3C8F00028E8D1F5E70000BF
:10A7A00013B500230446009321460068194AFFF7B9
:10A7B000CCFF014658BBD4F888040322164B05F0A1
:10A7C0007FFF014618BBD4F888040222134B05F022
:10A7D00077FF0146D8B9D4F888040522104B05F05C
:10A7E0006FFF014698B9D4F8880406220D4B05F096
:10A7F00067FF014658B9D4F8880408220A4B05F0CF
:10A800005FFF002814BF4FF0FF30002001E04FF041
:10A81000FF301CBDC9A381002DCC8100B12C82006A
:10A82000F92E8200FD4E000029FD8100026810B55E
:10A83000D2F8CC0200230EE00468A14209D10169DC
:10A840000BB1196101E0C2F8CC12EDF37FF00020EA
:10A8500010BD034600690028EED16FF01D0010BD49
:10A8600041F2E443984208D10023064A9A5A8A42A8
:10A8700005D00233B3F58C7FF7D10020704701205B
:10A88000704700BF5C9A02002DE9F043D0F85453A2
:10A890000021C82287B004462846E8F32FF064233D
:10A8A000EB85032385F8603000220123D4F858019A
:10A8B0004FF4805139F042D8FF28074605D1236A6A
:10A8C000186919684DF094D90746236A6F860021EC
:10A8D000A4F85674204607F46057B3F808801E6841
:10A8E0000CF008DBB7F5205F05F1380908D0B7F5A3
:10A8F000C05F07D0B7F5805F14BF0A27142702E0B6
:10A90000A02700E028270021FF238DE80A00D4F8C3
:10A910008434029003971B79424604934846334699
:10A920005BF07ADA236893F84F309A0703D0EB880C
:10A9300043F02003EB8007B0BDE8F08382B010B590
:10A9400014246143D0F8D44203936350059B6018EC
:10A950004360069B02618360049BC360BDE81040B6
:10A9600002B0704730B503680446DB6985B09A6D64
:10A970004068D4F83C16DB6DF9F738FBC4F83806AC
:10A98000002800F0DE81204604F068F9C4F8E805EC
:10A99000002800F0D981204605F04AFEC4F888045A
:10A9A000002800F0D481204603F048F9C4F82801BB
:10A9B000002800F0CF81204607F098FBC4F824015E
:10A9C000002800F0CA81204604F0D6FCC4F89406A2
:10A9D000002800F0D181204605F08EF8C4F8A406C6
:10A9E000002800F0CC81204604F0F2FE002840F060
:10A9F000C981204604F04EFF002840F0C381204664
:10AA000004F076FF002840F0BD81204604F0D4FF1A
:10AA1000002840F0B781204605F00AF8002840F0F1
:10AA2000B181204605F020F80546002840F0AA81B3
:10AA30000321D4F8A4060A4605F054F9C4F8BC066C
:10AA4000002800F0A281D4F8A40602212A4605F0CD
:10AA500049F9C4F8C006002800F09A812946C04A86
:10AA6000C04B20460095019407F084FBBE4B1A1D95
:10AA700007CA1B688DE80700082122462046FFF719
:10AA80005DFF206806F062FA204606F065FFC4F814
:10AA90007804002800F07F81204606F0A7FFC4F864
:10AAA0007C04002800F07981204607F035F8C4F8CE
:10AAB0008004002800F07381204601F063FEC4F892
:10AAC0001805002800F06D81A84B2046C4F85431C9
:10AAD00001F0E8FDC4F83001002800F06481204650
:10AAE00001F0A0FBC4F83401002800F05E8120468C
:10AAF00001F000FDC4F83801002800F0588120461C
:10AB000001F092FC002840F05581204607F092FBAE
:10AB1000C4F85C01002800F05081204607F06CF971
:10AB2000C4F86008002800F04A8120682146A26825
:10AB30008F4B03F0CBFEC4F89802002800F041814F
:10AB4000204603F0BBFBC4F86001002800F03B8105
:10AB5000884B2046C4F82C3105F000FBC4F84401B2
:10AB6000002800F03281204607F01EFFC4F848019B
:10AB7000002800F02C81204605F074FCC4F84C013C
:10AB8000002800F02781204602F0D6F8C4F84001E2
:10AB9000002800F021812368012283F8A1202046AB
:10ABA00004F0EAF8C4F89C06002800F0178120465B
:10ABB00007F09EFB002840F01381204605F0E4F9E1
:10ABC000C4F85001002800F00D81204605F004F97A
:10ABD000002840F00981204600F03CFEC4F87001D6
:10ABE000002800F00381204603F09AFDC4F87801A4
:10ABF000002800F0FD80204607F010F8C4F87C0122
:10AC0000002800F0F880204607F010FFC4F8740117
:10AC1000002800F0F380204600F0BAFDC4F884015B
:10AC2000002800F0ED80204603F034FDC4F88801D0
:10AC3000002800F0E780204607F0BEFFC4F894012A
:10AC4000002800F0E180204600F06AFEC4F88C0184
:10AC5000002800F0DB80204607F070FFC4F89C015C
:10AC6000002800F0D580204669F094DE60B12046CF
:10AC700008F036F8C4F86408002800F0C98023689A
:10AC8000012283F8322102E0236883F83201204652
:10AC900007F08EFAC4F8F806002800F0BB802046C2
:10ACA00005F002FBC4F87C06002800F0B5802046C1
:10ACB00005F0C4F8C4F88006002800F0AF802046F4
:10ACC00007F03EFCC4F8D006002800F0A9802368F5
:10ACD000012283F8A320204600F0E2FEC4F8A0067B
:10ACE000002800F09F80204603F0D4FFC4F8CC0673
:10ACF000002800F09980204603F08AFEC4F8D406AC
:10AD0000002800F09380204606F08EFDC4F8DC0693
:10AD1000002800F08D80236893F869313BB120460C
:10AD200003F09CF8C4F8A001002800F083802046BE
:10AD300005F022FBC4F8F00600280CBF76200020A6
:10AD400079E04FF4967076E040F22D1073E04FF406
:10AD5000977070E040F22F106DE04FF498706AE049
:10AD600019348200E5338200389A0200EFBEADDE6E
:10AD700041FF8100EFBEAD0D40F231105BE04FF4BA
:10AD8000997058E040F2411055E040F2471052E00F
:10AD90004FF4A4704FE024204DE025204BE0262006
:10ADA00049E02A2047E0312045E0322043E040F2EC
:10ADB000F51040E04FF4FB703DE035203BE0BD2056
:10ADC00039E0392037E03C2035E03E2033E040F2E6
:10ADD0006D2030E03F202EE043202CE06A202AE066
:10ADE000472028E0492026E0482024E04A2022E0AD
:10ADF00040F2E5201FE040F2E6201CE04B201AE084
:10AE00005A2018E05B2016E05E2014E05F2012E07C
:10AE1000632010E065200EE008480CE067200AE09F
:10AE20006C2008E06E2006E06F2004E0702002E055
:10AE3000722000E0732005B030BD00BF50464D00C9
:10AE4000F8B50446002800F0A6800FF099D9D4F890
:10AE5000F415D0F1010638BF002621B1A068F9F33E
:10AE60007BF000B901362046D4F82C1305F00CDF36
:10AE70002046D4F8DC1405F007DF2046D4F834135C
:10AE800005F002DFD4F8400308B1ECF35FF5D4F825
:10AE9000980220B103F070FD0023C4F89832276AAD
:10AEA000B96911B1204661F09BD80025BD61D4F885
:10AEB0006432595911B1204632F098DA0435202D08
:10AEC000F5D1D4F8580103F0B3FA2046FEF737FF66
:10AED000D4F8180520B101F031FC0023C4F818356E
:10AEE0002046FEF772FF204602F042FA23688619D8
:10AEF000D3F8D41031B1606802F035FA236800222B
:10AF0000C3F8D4202368D3F8D80028B1ECF31EF599
:10AF100023680022C3F8D820D4F8D05204E0284691
:10AF2000EF68ECF313F53D46002DF8D12146C4F847
:10AF3000D0522068FFF77AFC206818492246FFF7B4
:10AF400056FBD4F8640118B107F09EF8C4F86451B8
:10AF5000D4F89C0220B1ECF3F9F40023C4F89C323D
:10AF6000D4F8F80448B1ECF3F1F40023C4F8F83451
:10AF700003E02046616815F037D8D4F89422002AFF
:10AF8000F7D104F5C6600C30F8F7B2FF20466168CF
:10AF900001F08AF800E006463046F8BDDD560100B3
:10AFA0002DE9F04F91B0002491461B9E9DF868203A
:10AFB0000790DDF878B02046099198460892DDF8B0
:10AFC00080A00C940D940E94E3F792FB4846314612
:10AFD0001C9A1D9BCDF800B00CF031F8054608B165
:10AFE000012376E3FEF71AFE0DAB01930EAB02933D
:10AFF000484631461C9A1D9BCDF800B002F0AEF9D0
:10B00000074618B901230C93044688E30D9848B10C
:10B01000AA49E8F30FF328B129462A46E8F3A6F037
:10B020001FFA80F91F9B3046009341460CAA4B46FD
:10B0300001F06CF80446002800F0898305680E9A38
:10B0400046600D9BC5F8DC20D0F88424FF21C5F8AC
:10B05000D470C5F8D83082F86010426A0023C2610B
:10B06000079A0D938260964AC5F80C80C5F8A42013
:10B070006E610E93012280F84226D0F8E022C0F8DB
:10B08000A4B163F31722C0F8E022089A414685F87C
:10B09000212080F8CF31032380F84135FFF7D0F924
:10B0A000236804F5C662DB696068196E0C32F8F734
:10B0B000E2FE0746002840F032832046394605F07C
:10B0C00007D8204607993246434606F045FFC4F8A4
:10B0D000640108B90F23FCE27A4B28468DE888000A
:10B0E000794B7A4904937A4B7A4A0593234602971F
:10B0F0000397FFF7D7FA08B11023EAE2089B1C9ADE
:10B100008DE848001D9B02920393204609994A4608
:10B110004346CDF810B002F01DFA0C90002840F024
:10B12000FE822369D86FFEF76AFAA4F84006B4F8E5
:10B13000AA010DF0CFD9003018BF01200A3054F811
:10B1400020300AA9236220692FF0FCDF00283DD1BE
:10B150000A9B0746C4F8B03139460FAA204604F0CE
:10B16000ADDC39462046BDF83C20013704F0AADCAE
:10B17000062FF1D14FF44073C5F8E8302A23C5F803
:10B18000B8303223C5F8BC3036234FF47D62C5F8A1
:10B19000C43040F2D453A5F8CA20A5F8C0304FF40B
:10B1A0005D72002385F8B670A5F8C82084F894373E
:10B1B000D5F8B830842B02D98423C5F8B8304FF4C1
:10B1C0000470ECF3B1F3C4F89C0208B9142380E2D4
:10B1D0004FF404720021E7F391F322460023D2F8E2
:10B1E000A002D4F89C12043241F82300D4F89C1237
:10B1F00051F823108B710133042BF0D1012385F812
:10B200009330236A1869EEF7A1FF00F0010085F87A
:10B210005400236A1869EEF799FFC0F3C00085F85F
:10B2200055002946204607F0EDF92B49D5F8D800FE
:10B23000E8F3DCF1D5F8D42040F26E51936A07466A
:10B240008B4208D0126B41F26B018A425AD1D12B4A
:10B2500001D0E92B12D1D4F88434192283F8492083
:10B26000D4F884344FF0FF325A64642283F87A2091
:10B27000D4F88434012283F8302059E0B3F5897F73
:10B2800011D8B3F5887F32D8F52B07D8F42B2ED2FE
:10B29000E42B2CD0EF2B2AD0D62B27E0A3F58773F5
:10B2A000012B45D823E0B3F59A7F17D2B3F5987FE9
:10B2B0001DD840F21712934218E000BF839B020092
:10B2C00000315F0701638200EC56010008D6880058
:10B2D000514F0000DD560100899B0200B3F59A7FB3
:10B2E00026D9B3F59B7F02D9B3F5A57F20D1D4F839
:10B2F0008434322283F87A20D4F88434642283F8A8
:10B30000492010E041F2E4418A4211D140F2DA5280
:10B3100093420DD1D4F88424642382F87A30D4F88F
:10B32000842482F84930D4F884344FF0FF325A64D0
:10B330002046FEF7CDFED4F884341922A3F8AA20C3
:10B34000204607F07FF8D4F88434226A197810690F
:10B35000DA784EF0D1D8D4F878364FF0010983F876
:10B360003490E1692069043103F0D7FD236AD4F8F1
:10B3700084B418694EF0D8D9CBF8400004F5E47BCA
:10B38000206959462EF064DF0622281D5946E7F34E
:10B3900031F2B4F8AA010DF09DD8003018BF012099
:10B3A0000A3054F8203020462362FEF761FF08B9C6
:10B3B00018238EE1216A0F2340F2FF32A1F80031F9
:10B3C000A1F8022101F1F80301F1F402204601F095
:10B3D0001BFC236AD3F8F420C3F8F020C3F8E8205C
:10B3E000D3F8F820C3F8EC201A68022A08BF83F8C3
:10B3F000159007F00103002B0CBF0323002385F8F1
:10B400004F30236A1869EEF7A1FE10F4006023683C
:10B4100006D093F84F2002B1012283F8512001E0B9
:10B4200083F85100216A20461C3106F06DDA0021B4
:10B430002046D4F820900BF05DDD00227F2309F137
:10B44000500100930190134609F11C005AF020DDD1
:10B45000204664F02FDF40F2CC63C4F82836204643
:10B46000FFF780FA0C90002840F05981D4F880044E
:10B4700002219DF92C2059F0F9DD20464146FEF7C6
:10B4800097FF10B94FF47A7323E1204602F0F4FFDE
:10B49000C4F8580110B940F2E9331AE12046FFF729
:10B4A000F3F92046314614F07FDD10B940F2EB335A
:10B4B0000FE1C4F8BC05C4F8C0053146204614F0BD
:10B4C00073DD10B94FF47B7303E10123C4F8C405A5
:10B4D00085F8A830204602F045FC10B140F2ED336B
:10B4E000F7E00623A5F86030A5F8623095F89C30A7
:10B4F000012B04D14022A5F86020A5F86220D5F8E0
:10B5000088300A221A804FF454725A80D5F88C3051
:10B510000126C4221E805A80D4F830011FF0C8DDF5
:10B5200008B184F80E62B4F8E13243F4C05343F03A
:10B530001E03A4F8E132236A1869EEF707FEC1067C
:10B5400007D5D4F8843401229A74D4F88434FF22C5
:10B55000DA74B4F8E1224FF2FF731340D4F8842474
:10B56000A4F8E132D278012A07D123F4006323F052
:10B570000C031B041B0CA4F8E132FF26022101225C
:10B5800084F8E06284F8DF6284F8DE62204603F02B
:10B59000BDDB01213246204603F0B8DB236A4FF0C1
:10B5A000FF38C4F814821869EEF7D0FD10F00406D5
:10B5B000204605D00321FEF3C3F684F81C8204E084
:10B5C0003146FEF3BDF684F81C62236A1869EEF773
:10B5D000BDFD3A0702D5002384F81C32FB0603D5D3
:10B5E00020460021FEF3ACF6BE070ED5A26A00236A
:10B5F00082F84D30E26A82F84D30B4F8E13223F03F
:10B6000080031B041B0CA4F8E132780703D5204605
:10B61000002164F0D5DF390607D5B4F8E13223F014
:10B6200010031B041B0CA4F8E13295F84130A3B1C0
:10B6300095F842308BB117F0600F0ED007F0200163
:10B64000D1F1010107F0400238BF0021D2F101021F
:10B65000204638BF002200F00FFFB4F8AA010CF01A
:10B6600039DF003018BF012000F10A0654F82670B7
:10B67000D4F868122046384A3B4660F06FDCB86167
:10B6800054F82610886910B940F24C4321E050313B
:10B6900028223C30E7F3AEF01420ECF34BF1C4F871
:10B6A000300710B940F24D4313E0AB6D204643F034
:10B6B0000403AB650EF078DD2046FFF771F810B19A
:10B6C0004FF4FA6305E0204603F0DEF818B140F2CB
:10B6D000D1730C9323E023682049D3F8D800E7F313
:10B6E000A9F770B10346184613F8012B1AB11C498B
:10B6F0008A5C5207F7D500210A22E7F337F5C4F830
:10B700008406A0680021F8F3A7F4012384F8A83781
:10B71000BAF1000F17D00023CAF8003013E00D98DB
:10B7200020B1ECF313F100230D930E9314B12046D6
:10B73000FFF786FBBAF1000F04D00C9B0024CAF877
:10B74000003000E05446204611B0BDE8F08F30468E
:10B75000394601F008FEE2E710570100489A02005E
:10B760000AA0880038B5044670B1056821462868EB
:10B77000FFF75CF8286805492246FEF738FF2046A7
:10B78000BDE83840ECF3E2B038BD00BF1657010009
:10B7900070B5066A8EB005463820ECF3CBF004464F
:10B7A00000282FD01B4B05600093002301930293C8
:10B7B00003930493059328681749184A2346FEF714
:10B7C00071FFF8B9164B214600932868154A0223E9
:10B7D000FEF7BBFF0546A8B929461C2204F10B0061
:10B7E000E7F38CF03069316807AA4CF025DA23467C
:10B7F00007AAD97AAA5C01350A43DA7201331C2DF3
:10B80000F6D103E02046FFF7ADFF002420460EB03E
:10B8100070BD00BFC54F830084E18800165701004A
:10B8200074E188007D4F830038B5044670B1056827
:10B8300021462868FEF7FAFF286805492246FEF7E8
:10B84000D6FE2046BDE83840ECF380B038BD00BFDE
:10B850001A57010030B5054687B00C20ECF36AF0AA
:10B86000044600283FD00023056001210093019089
:10B87000204A2846204B02F037FA0028606032DB6D
:10B880001E4BD5F894068DE81800052121221C4B8B
:10B8900003F0F2FB38BB1B4BD5F894068DE818007B
:10B8A00005212422184B03F0E7FBE0B9174B019068
:10B8B0000093029003900490059015492868154A5A
:10B8C0002346FEF7EFFE70B9134B2868009321461C
:10B8D000124A0323FEF739FF28B92A680123A3601F
:10B8E00082F8A93003E02046FFF79EFF002420469F
:10B8F00007B030BD7954830075548300C15583006F
:10B900007D548300915683009D5483004D558300E0
:10B91000C0E188001A570100A8E18800D1548300D3
:10B9200030B5054687B000286DD00820ECF302F052
:10B930000446002868D0002305601421009301907C
:10B94000354A2846354B02F0CFF9002860605EDBAF
:10B95000334B4FF498718DE818006B22D5F894069C
:10B96000304B03F089FB002851D12F4B05218DE886
:10B9700018006B22D5F894062C4B03F07DFB0028B1
:10B9800045D12B4B4FF490718DE818006C22D5F8FF
:10B990009406284B03F070FB002838D1264B4FF457
:10B9A00090718DE818006F22D5F89406234B03F0B0
:10B9B00063FB00282BD1224B0A218DE818006E2250
:10B9C000D5F894061F4B03F057FB00281FD10095B4
:10B9D000D5F894060A216E221B4B03F003FEB0B982
:10B9E0001A4B0190009302900390049005902868F0
:10B9F0001749184A2346FEF755FE40B92B68012225
:10BA000083F8AC2000E00446204607B030BD204655
:10BA1000EBF39CF70024F7E7215C8300015C8300D3
:10BA2000395E8300555C8300195E8300355C8300BA
:10BA3000595E8300815C8300C55E8300C15C830026
:10BA4000F15E8300ED5C8300E15B8300195D8300A0
:10BA5000D8E188001E57010010B5044650B10368B4
:10BA6000054918682246FEF7C2FD2046BDE8104091
:10BA7000EBF36CB710BD00BF1E57010010B50446B4
:10BA800050B10368054918682246FEF7B0FD20460C
:10BA9000BDE81040EBF35AB710BD00BF999B020000
:10BAA00070B5054686B00820EBF33EF70446002843
:10BAB00000F0B9805F4B05604FF4907100930190E6
:10BAC0003022D5F894065C4B03F0D6FA002840F0FB
:10BAD000AA805A4BD5F894068DE818004FF490715F
:10BAE000F422574B03F0C8FA002840F09C80554BD5
:10BAF000D5F894068DE818000A21F422504B03F083
:10BB0000BBFA002840F08F804F4BD5F894068DE8A3
:10BB100018004FF49071A0224C4B03F039FB002821
:10BB200040F081804A4BD5F894068DE81800052135
:10BB30003022484B03F0A0FA002874D1464BD5F8C8
:10BB400094068DE818000521F422444B03F094FA82
:10BB5000002868D1424BD5F894068DE818000521DD
:10BB6000A022404B03F014FB00285CD1D5F89406CA
:10BB7000052130223C4B009403F034FD002852D1C3
:10BB8000D5F894060521F422384B009403F02AFDE1
:10BB9000002848D1D5F894060521A022344B009402
:10BBA00003F0A6FD00283ED1D5F89406C02130222E
:10BBB000304B009403F016FD002834D1D5F89406DC
:10BBC000C021A0222C4B009403F092FD58BBD5F865
:10BBD0009406C021F422294B009403F003FD10BB0E
:10BBE000D5F894060A21F422254B009403F0FAFCC0
:10BBF0000646C0B98DE8110001212846214A224B92
:10BC000002F072F8002860600DDB204B28688DE898
:10BC100048001F491F4A234602960396049605963C
:10BC2000FEF740FD18B12046FFF728FF002420460C
:10BC300006B070BD59638300216383003BA10000FF
:10BC4000D59C0000E5A000006D6383003D63830088
:10BC5000996283002161830077A0000031A0000079
:10BC6000E962830071618300A96183000D9D00007A
:10BC70001D6283003D668300556683005D9C000065
:10BC80008F9C00008563830081638300B964830017
:10BC900038E28800999B02002023402180E80A00B6
:10BCA000C0F8B010C16218214FF4F06281630164E2
:10BCB00001651D212DE9F04182600B251022C1652F
:10BCC00005210A24C2604561856142620425C0F8ED
:10BCD000B820016680224FF4F0714FF48066046151
:10BCE000C4618562012409254FF0140C42631127B9
:10BCF000082281664FF027080321C0F8B43004629F
:10BD00004466C46443658567C0F830C0C263876514
:10BD1000C66606674167C0F87C80C0F8A440B024BE
:10BD2000C0F8C0404824C0F8C4406024C0F8845023
:10BD3000C0F88850C0F8C84002253024C0F8E03070
:10BD4000C0F8F030D3234FF01208C0F88C50C0F880
:10BD50009050C0F89C50C0F8A050C0F8CC404FF4B0
:10BD6000FA650624C0F8F4300023C0F88080C0F8DB
:10BD700094C0C0F89810C0F8A810C0F8AC20C0F863
:10BD80000021C0F80421C0F8D040C0F8D470C0F839
:10BD9000D850C0F8DC20C0F8E840C0F8E460C0F833
:10BDA000FC30C0F8F810BDE8F08101207047704702
:10BDB00038B50446D0F82C0320B1EBF3C7F50023C7
:10BDC000C4F82C33D4F8340320B1EBF3BFF50023CF
:10BDD000C4F83433D4F8180730B1236823B1EBF337
:10BDE000B5F50023C4F81837D4F8C40218B1236895
:10BDF0000BB1EBF3ABF5D4F8C8020025C4F8C4527C
:10BE000028B123681BB1EBF3A1F5C4F8C852D4F8EC
:10BE1000640208B1EBF39AF5D4F854030025C4F892
:10BE2000645218B1EBF392F5C4F85453D4F81403E8
:10BE300020B1EBF38BF50023C4F81433D4F8D4020B
:10BE400008B1EBF383F500256319D3F8A032D3F8DA
:10BE5000E00008B1EBF37AF50435102DF4D1D4F8F5
:10BE6000A00208B1EBF372F5D4F8840420B1EBF32F
:10BE70006DF50023C4F88434D4F8DC0420B1EBF36E
:10BE800065F50023C4F8DC34D4F8280520B1EBF3C1
:10BE90005DF50023C4F8283538BD10B50C46D1B186
:10BEA000C86918B1EBF352F50023E361D4F88800B8
:10BEB00020B1EBF34BF50023C4F88830D4F88C00A4
:10BEC00020B1EBF343F50023C4F88C302046BDE8E5
:10BED0001040EBF33BB510BD70B504464FF4B8709D
:10BEE0001646EBF327F50546A8B14FF48470EBF343
:10BEF00021F5E86178B13146FFF7CEFE4FF454707A
:10BF0000EBF318F5C5F8880028B1C420EBF312F55F
:10BF1000C5F88C0020B929462046FFF7BEFF002552
:10BF2000284670BD2DE9F0411D4600260368C0F883
:10BF3000C46293F8B430044638205843EBF3FAF463
:10BF4000C4F8C402002855D0236893F8B4008000D8
:10BF5000EBF3F0F4C4F8C80210B940F2F53394E002
:10BF60004FF40070EBF3E6F4C4F81807002800F073
:10BF70009580C4F864622020EBF3DCF4C4F864021A
:10BF800010B94FF47E7380E0C820EBF3D3F4C4F80B
:10BF9000540310B940F2F23377E04FF4B870EBF38A
:10BFA000C9F4C4F8840410B940F2F9336DE080207C
:10BFB000666AEBF3BFF4B06210B940F2034364E089
:10BFC0004FF48470EBF3B6F4C4F82C0310B940F2CC
:10BFD000EF335AE04FF48470EBF3ACF4C4F834035D
:10BFE00010B94FF47C7350E01220EBF3A3F4C4F8C3
:10BFF000140310B94FF47D7347E0B420EBF39AF4C7
:10C00000C4F8D40210B940F2F6333EE04FF4647045
:10C01000EBF390F4C4F8A002F0B100F1E403C4F82B
:10C02000A43200F5E47300F52B70C4F8A832C4F80C
:10C03000AC02264604F110072368D6F8A082DB691B
:10C04000D3F8D4004001EBF375F4C8F8E000D6F85B
:10C05000A032D3F8E00010B940F2F73315E004360F
:10C06000BE42E9D14FF48470EBF364F4C4F8DC040D
:10C0700010B940F2FB3308E04FF48670EBF35AF44A
:10C08000C4F8280520B940F2FF332B60BDE8F081E9
:10C090003820EBF34FF4C4F8780610B94FF48163FD
:10C0A000F3E70120BDE8F08138B50D4604460028CD
:10C0B0002BD0FFF77CFE20462946FFF779FEA06AC9
:10C0C00008B1EBF343F4636A5BB1986A20B1EBF318
:10C0D0003DF4636A00229A62606AEBF337F400234E
:10C0E0006362D4F8780620B1EBF330F40023C4F88F
:10C0F0007836216821B12846FFF7CFFE0023236060
:10C100002046BDE83840EBF321B438BD2DE9F341BA
:10C11000064640F67400884615461F46EBF30AF4BF
:10C12000044610B940F2EA3310E02623C0F8E035A7
:10C13000C0F8E435089B4146C0F81C373A46304603
:10C14000FFF7CAFE206018B940F2EB332B602DE0F8
:10C1500040231A4A80F8B430236812680460C3F898
:10C1600098204FF40870EBF3E5F3A06240B100F5BE
:10C170008870E0622C20EBF3DDF3606230B902E0FE
:10C1800040F2F233E2E740F2F333DFE72046314694
:10C1900042462B460097FFF7C5FE38B12046314690
:10C1A00042462B460097FFF700FE20B92046314655
:10C1B000FFF77AFF00242046BDE8FC81440400001C
:10C1C00003680B22DB69C3F8BC205A619A6170478F
:10C1D00010B50446F8B1D0F8500208B1EBF3B6F34D
:10C1E000D4F8E80220B1EBF3B1F30023C4F8E8324D
:10C1F000D4F8FC0320B1EBF3A9F30023C4F8FC331B
:10C200002368054918682246FEF7F1F92046BDE883
:10C210001040EBF39BB310BD6E7D890080F8C01316
:10C2200070470000F0B587B00546FFF7C9FF4FF42F
:10C230008160EBF379F30446002800F0D4800021FC
:10C240004FF481624026E6F359F3256084F8E163F8
:10C25000BC20EBF369F3C4F85002002800F0BA8068
:10C260000021BC22E6F34AF30123A3726373A37394
:10C27000E373A37494F8E13300223F2BE67498BF74
:10C28000E374FF2384F828300B2322746274227332
:10C29000E2720521022284F8DE33002384F827109D
:10C2A00084F82D2041F2285084F82C3060852868CD
:10C2B00090F89C00217501280CBF0120104684F8DD
:10C2C0002E00012084F8C0034FF40060A275606363
:10C2D000224621460520D0750220D07723B94FF49D
:10C2E0008070A4F8E40302E02020A1F8E403013305
:10C2F00001320231082BEDD100260127204641F200
:10C30000285184F82F6084F8307018F0D1DA0221B7
:10C31000204685F8DA721AF011DE84F8D863042119
:10C320002846324A324B0096019401F0DDFCB042BF
:10C33000C4F800044EDB042128462E4A2E4B0096FA
:10C34000019405F017FFB042606043DB4FF43E708C
:10C35000EBF3EAF2C4F8E80200283BD031464FF490
:10C360003E72E6F3CBF21020EBF3E4F2C4F8FC03E8
:10C3700000282FD0214B28680093214B214901939D
:10C38000214B224A03932346029604960596FEF714
:10C3900089F9F8B91E4B84F854721A1D07CA8DE842
:10C3A000070022461B6828460721FEF7C7FAFF232D
:10C3B00084F8DD332B68204693F841101BF03CDDF8
:10C3C000C823C4F8EC3220461BF04AD8202384F856
:10C3D000E23308E0D4F8500208B1EBF3B7F220469C
:10C3E000EBF3B4F20024204607B0F0BD01918300C6
:10C3F000E5908300A191830081918300619983007E
:10C4000099B783005CE2880015AA83006E7D8900DD
:10C41000A09B0200024618B100680249FEF7E7B887
:10C42000704700BF5D89890010B5044686B00E498B
:10C430000E4A234600680AF0F1D90D4B206800939C
:10C440000023019302930393049305930949064A39
:10C450002346FEF727F920B12046FFF7DBFF4FF018
:10C46000FF3006B010BD00BF5D89890021CF830079
:10C4700015CE83004CE3880038B50446D0F834016B
:10C480001546FFF7CBFED4F838012946BDE8384001
:10C4900000F02CB810B50446002824D0416969B1D9
:10C4A00090F829301BB103689868F7F355F52368B5
:10C4B00061699868F7F3BCF500236361A06908B16E
:10C4C000EBF344F2E06918B1EBF340F20023E361CF
:10C4D0002368054918682246FEF789F82046BDE81A
:10C4E0001040EBF333B210BD7686890080F8281037
:10C4F0007047000070B5054686B03420EBF314F2A7
:10C500000446002800F0928000213422E6F3F6F180
:10C510004023256084F82A305020EBF305F2A06117
:10C5200000287BD000215022E6F3E8F1012384F8B3
:10C53000203084F8213084F8223084F8233084F8C5
:10C54000243084F8253084F8263084F8273023728C
:10C550001023637294F82A300F2B98BF63722B6AF2
:10C5600000261869EDF7F2FD4FF47A73E381C823D2
:10C57000238200F01000012300280CBF05200720B3
:10C5800084F8283003232073E3722046A6721DF03E
:10C59000FDDC04212846274A274B0096019401F030
:10C5A000A3FBB042206339DB04212846234A244BF5
:10C5B0000096019405F0DEFDB04260602EDBA868B5
:10C5C000204922463346F7F34BF5606130B34FF410
:10C5D000BA70EBF3A9F1E06100B331464FF4BA72DF
:10C5E000E6F38CF1184B28680093184B1849019317
:10C5F000184B194A0393194B02960493184B059351
:10C600002346FEF74FF8064640B92B68204693F8BC
:10C6100042101DF06DDC84F8296007E0A06908B1C4
:10C62000EBF394F12046EBF391F10024204606B0A1
:10C6300070BD00BF05DF8300EDDE830061DF830096
:10C6400041DF830071E28300DDDF830045E5830085
:10C6500088E3880029E18300768689004457010039
:10C6600025A300000023037440F6FB63C3817047D9
:10C6700010B5044690B11EF025D9606808492246DD
:10C68000FDF7B5FFE06E08B1EBF360F1206EEBF360
:10C690005DF12046BDE81040EBF358B110BD00BF7E
:10C6A0006E88890030B5054687B07020EBF33CF109
:10C6B0000446002834D000217022E6F31FF12B68D5
:10C6C000256063601820EBF32FF1206620B3002172
:10C6D0001822E6F313F16420EBF326F1E066D8B1FB
:10C6E00000216422E6F30AF10F4A104B0292104A2D
:10C6F00000930023019303920493059360680D490E
:10C700000D4A2346FDF7CEFF30B901236382A38291
:10C710002046FFF7A7FF03E02046FFF7A9FF00240C
:10C72000204607B030BD00BFDDF1830095EE8300E9
:10C7300075F08300DCE388006E88890070B50446DC
:10C74000E8B18569C669284600F016F9616C41B107
:10C75000A868F7F301F4A868616CF7F369F40023A3
:10C760006364224630460649FDF741FF28682146AA
:10C77000FEF75CF82046BDE87040EBF3E7B070BD13
:10C78000826A89002DE9F0433C234FF005090A270E
:10C79000D0F80080C0F80435C0F80895C0F81075CE
:10C7A00087B00446A020EBF3BFF00546002800F058
:10C7B000B1800021A0220026E6F3A0F02E70AC612B
:10C7C000C5F81C80284620F0AFDF0421A862554A36
:10C7D000204633460096019501F086FAB042A866DD
:10C7E000C0F29880204600F0E1F80646002840F0AC
:10C7F0009180A0684C492A463346F7F331F46864C7
:10C80000002800F08780494B40460093484B494937
:10C810000193494B494A02932B4603960496059689
:10C82000FDF740FF0346002874D100902946206898
:10C83000434AFDF78AFF014600286BD1D4F88804EB
:10C840000122404B03F03CFF002863D13E4BD4F85B
:10C8500094068DE81800394601223C4B02F00CFC8E
:10C86000002857D13A4B32228DE81800D4F89406AC
:10C870003946384B02F000FC024600284AD1D4F871
:10C8800094064946344B009402F0ACFE002841D196
:10C89000D4F8940649460122304B009402F0A2FEDF
:10C8A000002837D1D4F89406494632222C4B009404
:10C8B00002F098FE70BBD4F894064946A422294B96
:10C8C000009402F015FF28BBD4F8940649463022A4
:10C8D000254B009402F086FEE0B9D4F89406C021FE
:10C8E0002D22224B009402F07DFE98B9D4F89406D4
:10C8F00090212D221E4B009402F0D6FC50B9D8F89E
:10C90000D8001C49E6F372F64FF47A7390FBF3F308
:10C910006B8103E02846FFF711FF0025284607B08A
:10C92000BDE8F08301FD8300DD16840009FD83006E
:10C93000AD0F8400A8E4880089118400826A890010
:10C9400065068400F9078400F5138400A5118400AE
:10C95000D91384009511840091128400C9128400B7
:10C9600055128400791384000D138400A9148400E7
:10C97000A51484006885890038B5D0F8145504469C
:10C9800075B10849024660F0B5D9074922462068CA
:10C99000FDF72DFE2846EAF3D9F70023C4F8143535
:10C9A00038BD00BF1139840066570100F0B5044658
:10C9B00087B04FF40A60EAF3B7F7054620B9C4F828
:10C9C00014054FF0FF3005E100214FF40A62E5F352
:10C9D00095F7226805F120032B60002608236B6180
:10C9E0002E61F821D36520467B4A7C4B009601944A
:10C9F00005F0C0FBB042A86105DA2046FFF7BCFF96
:10CA00006FF00100E6E0764B002243F8042BF207BA
:10CA10001FD5744901270A780D2A07FA02FE03DCA4
:10CA2000D21917FA02F001E04FF40040CA78012150
:10CA300011FA02F70D2A47EA0E0747EA000003DC65
:10CA4000521811FA02F201E04FF40042024343F897
:10CA5000042CB00723D5634901274A7853F804EC26
:10CA60000D2A07FA02FC03DCD21917FA02F001E0E2
:10CA70004FF400408A78012111FA02F70D2A47EAA3
:10CA80000C0747EA000003DC521811FA02F201E039
:10CA90004FF40042024342EA0E0243F8042C7107AD
:10CAA00023D5504901270A7953F804EC0D2A07FAD7
:10CAB00002FC03DCD21917FA02F001E04FF4004047
:10CAC0004A79012111FA02F70D2A47EA0C0747EAD1
:10CAD000000003DC521811FA02F201E04FF40042A8
:10CAE000024342EA0E0243F8042C320723D53D49A3
:10CAF00001278A7953F804EC0D2A07FA02FC03DCBB
:10CB0000D21917FA02F001E04FF40040CA7901216E
:10CB100011FA02F70D2A47EA0C0747EA000003DC86
:10CB2000521811FA02F201E04FF40042024342EAC5
:10CB30000E0243F8042C0136102E7FF465AF2A4B09
:10CB4000002103932068294A234600910191029114
:10CB500004910591FDF7A6FD70BB0121D4F888046E
:10CB60000A46234B03F0ACFD48BBD4F888040121EE
:10CB70000222204B03F0A4FD20BB1F4BD4F89406E7
:10CB80008DE81800802105221C4B02F0F3F9E0B972
:10CB90001B4B1A1D07CA8DE80700204603212246B9
:10CBA0001B68FDF7CBFE20461649224660F09CD854
:10CBB00070B9C4F814550DE06FF003000AE06FF08F
:10CBC000040007E06FF0050004E06FF0060001E0EC
:10CBD0006FF0080007B0F0BDC53884004538840008
:10CBE0007465010060E188000D3284006657010021
:10CBF000CD2F840009368400F9398400FD3184008A
:10CC0000B09B02001139840070B51E468B89154611
:10CC100042F2560293420C4608D842F25502934221
:10CC20002DD242F25002934229D108E042F2600232
:10CC300093421AD04EF2F542934220D11AE0CB89AA
:10CC4000012B04D16FF03B032B600F2303E06FF047
:10CC500045032B60142333600368D3F88030D90474
:10CC600012D52B68023B2B600EE06FF04A032B605D
:10CC70000F2308E06FF095032B60962303E06FF01D
:10CC80004A032B6014233360D4F8080130B3002129
:10CC90004022E5F333F6D4F8082180231370D4F84A
:10CCA000082129685170D4F808219370D4F808310C
:10CCB0003268DA70D4F80831BF221A71D4F808311A
:10CCC00000225A71D4F808310322DA8046221A81F0
:10CCD0000A225A8101229A810A22DA81D4F80C01AF
:10CCE00028B100211022BDE87040E5F307B670BD01
:10CCF00010B50446E0B103680E4918682246FDF7F6
:10CD000076FCE36833B1214651F80C3BD3F83C067E
:10CD1000F7F712F9A36833B1214651F8083BD3F86D
:10CD20003C06F7F709F92046BDE81040EAF30EB6D5
:10CD300010BD00BF969F890070B5054686B01020D3
:10CD4000EAF3F2F50446002837D000211022E5F37B
:10CD5000D5F5D5F83C06E421194A04F10803F7F7A4
:10CD6000DFF830BBD5F83C06E821164A04F10C0385
:10CD7000F7F7D6F80646E0B98DE8110004212846F9
:10CD8000114A124B05F0F6F90028606011DB104BD8
:10CD9000286800930F4B10490193104B104A0393DE
:10CDA0002346029604960596FDF77CFC08B925609B
:10CDB00003E02046FFF79CFF0024204606B070BD2C
:10CDC0006B57010071570100DDBD84009DBD8400DB
:10CDD00075B6840051BE840050E6880079B68400A0
:10CDE000969F890001207047012970B50E461446B0
:10CDF00007D1174B03211046D3F8B8300A4698479D
:10CE000070BD19BB124BD3F8C050FFF7EBFF314692
:10CE100002462046A847204601213246A847204620
:10CE200002213246A847204603210122A847204676
:10CE30004FF481710122A84720464FF48071324699
:10CE4000A847204640F201113246A84770BD00BFF6
:10CE500010A78800806C20381F2805D8802333FA5B
:10CE600000F000F00100704700207047C16FB0F87B
:10CE70004E3010B58A6AB3B1FF2B16D9180B0138A2
:10CE8000012814D803F47060000A09280FD878B17B
:10CE900003F0F00090280AD803F00F0009288CBF97
:10CEA0000020012004E0184602E0012000E00020FC
:10CEB0000C6B41F2E4418C4215D1A2F58261073935
:10CEC000012903D83F2B98BF002010BD40F20C4130
:10CED0008A4207D040F221418A4204D1502B98BFA8
:10CEE000002010BD002010BD90F8763010B504462B
:10CEF0003BB9044B04491A682CF03CDA012384F84E
:10CF0000763010BD78B802007CB8020070B50C46CF
:10CF10000546164608460A220021E5F3EFF4638829
:10CF20001E432B6D6680980603D5238843F48063E7
:10CF30002380D5F8943042F25002198C914205D1E9
:10CF40005B8C052B9CBF46F00406668070BD00001C
:10CF5000D0F880000149E6F36DB300BF119C0200D8
:10CF600010B504460C20EAF3DFF4C4F80C0138B124
:10CF70000C220021E5F3C2F4D4F80C3110229A728D
:10CF800010BD10B50446D0F80C0120B1EAF3DEF470
:10CF90000023C4F80C3110BD70B5064605460024C8
:10CFA000686938B1064B1B68984730462146002215
:10CFB0003BF03ADE01340435062CF1D170BD00BFE0
:10CFC00010A788002DE9F043046985B00546EC20E0
:10CFD000A66FEAF3A9F43062002875D01020A66F7E
:10CFE000EAF3A2F4706200286ED0002637460F21C3
:10CFF0006846384A3346E5F3E7F4D4F880006946DA
:10D00000E6F318F308B10137BFB2013640F2F1334D
:10D010009E42ECD137B9D4F880002F49E6F30AF3E9
:10D02000002843D0B8000630EAF37EF4C5F85C0669
:10D03000002849D00023838000260F216846254A16
:10D040003346E5F3C1F4D4F880006946E6F3F2F222
:10D0500098B1D5F85C866946D4F88000B8F8049099
:10D06000E6F3C4F208EB89031881D5F85C369A8898
:10D0700003EB82010132CE809A80013640F2F13317
:10D080009E42DAD1D4F880001349E6F3D3F2D5F802
:10D090005C6650B1D4F880000F49E6F3A7F2D5F8EA
:10D0A0005C36012270801A7000E03070A36F586AFD
:10D0B00060B1012303808380C38003810223438105
:10D0C00004238381002001E06FF01A0005B0BDE861
:10D0D000F08300BF629C02006F9C02002DE9F04FBC
:10D0E0000568C6682B688FB0DF690023044600938B
:10D0F00088460BA80921944A3346E5F365F4D4F831
:10D100001490B9F1000F40F01081D4F888103A68FB
:10D1100001F50071E06FD4F808A00992D7F804B0C7
:10D12000FAF798FE0146A868FCF776FD002800F0A3
:10D1300005810921844A0BA83346CDF80090E5F318
:10D1400043F4E26FD4F88810B8F1000F02D001F573
:10D15000007300E04346099801F50871B8F1000F2B
:10D1600008BF002001900091CDF808B0B9684FF0D9
:10D17000FF390391CDF81090F968DFF8DC81059153
:10D18000D5F8E015504606910BA9CDF81C80FAF7AA
:10D19000D1FC0546002800F0D1802A466B4B204682
:10D1A0000021FFF721FE2A46204600213BF03CDD0E
:10D1B00000250921644A33464FF0010B0BA8CDF836
:10D1C00000B0E5F301F400953A68D4F88830019294
:10D1D00050460BA9E26F03F5107302950395CDF845
:10D1E000109005950695CDF81C80FAF7A3FC07462C
:10D1F000002800F0A4803A46544B20462946FFF709
:10D20000F3FD59463A4620463BF00EDD4FF0020B47
:10D2100009214D4A33460BA8CDF800B0E5F3D4F30D
:10D22000099AD4F88830019250460BA9E26F03F5B1
:10D230002073009502950395CDF8109005950695FD
:10D24000CDF81C80FAF776FC0746002877D03A46DE
:10D250003E4B20462946FFF7C7FD59463A46204631
:10D260003BF0E2DC4FF0030B0921374A33460BA8B1
:10D27000CDF800B0E5F3A8F3099AD4F8883001920C
:10D2800050460BA9E26F03F53073009502950395A4
:10D29000CDF8109005950695CDF81C80FAF74AFC5C
:10D2A000074600284BD03A46284B20462946FFF730
:10D2B0009BFD3A46204659463BF0B6DC04273346F0
:10D2C0000921214A0BA80097E5F37EF3099AD4F8C7
:10D2D0008830019250460BA9E26F03F54073009528
:10D2E00002950395CDF8109005950695CDF81C8014
:10D2F000FAF720FC064608B3324620462946134B6F
:10D30000FFF772FD3246204639463BF08DDC26465B
:10D31000706930B10E4B0F49D3F88C309847C6F87E
:10D32000C00001350436062DF2D1D4F89410204601
:10D3300008310022FFF7EAFD012700E007463846E2
:10D340000FB0BDE8F08F00BFE29B0200F05D01006E
:10D3500010A78800D4318900C403000010B5BDE8CF
:10D360001040FCF77DBA11B10846FCF721B87047B0
:10D37000F8B504690546002C42D0E06F08B1FCF70F
:10D380004DF82046FFF708FED4F89460B4F8460044
:10D390000BF0A0D8706A28B103F04BFC00230746BD
:10D3A000736200E00746D4F8900003F021FC0026E9
:10D3B0003F18D4F88C0004F0D9F92046C4F88060F6
:10D3C000E667FFF7DEFDD5F85C0618B1EAF3BEF2BA
:10D3D000C5F85C66A36F186A20B1EAF3B7F2A36FD1
:10D3E00000221A62A36F586A20B1EAF3AFF2A36F6A
:10D3F00000225A62204601F03BFD00232B6100E031
:10D4000027463846F8BD0000F0B587B04FF48035A8
:10D410000021042303AA0446D0F8887000952CF05C
:10D420005BDC234B06AE46F8083D00210423204672
:10D43000324600952CF09CDC0423002105AA2046EE
:10D4400000952CF049DC049B059A9A422AD1194B8D
:10D450000021049320460423324600952CF088DCFA
:10D460000423002105AA204600952CF035DC049BFE
:10D47000059A9A4216D104230021204603AA00955A
:10D480002CF076DC0023C7F88C31D7F82031B3F1CB
:10D49000042F09D00848C0EB030CDCF1000040EB7E
:10D4A0000C0002E0002000E0012007B0F0BD00BF4A
:10D4B000AA5555AA55AAAA5500040084224B70B556
:10D4C0004FF00061002603660A464666044605687A
:10D4D0002DF0C6DD4FF08073C4F820310323A4F88B
:10D4E000A8300223A4F8AA300723A4F8A430042308
:10D4F000A4F8A63041F2010384F8A260A4F8BC307D
:10D500004FF41673A5F810362B6893F89C20012A67
:10D510000CBF0C220622A5F80E2693F864211AB13E
:10D52000226E42F08072226693F89C20074812F126
:10D53000FF3218BF01220649E5F306F2FF2384F803
:10D5400034310123637470BD60A8E7B878570100D7
:10D55000787502002DE9F04F97B09B464FF0000917
:10D5600016AB8A46174643F8049D21995A4605464C
:10D5700001F097FC0446002800F01D839DF88030E0
:10D58000286103742B6840F61201D3F8D400D3F855
:10D59000D860D3F8DC304A46C4F88430E067C4F879
:10D5A0008060F0F321F0C4F888008046E860E06F06
:10D5B000EFF380F2A0642046FFF780FF30469749E2
:10D5C000E6F338F028B149464A46E5F3CFF51FFAAD
:10D5D00080FA30469249E6F32DF048B100210A4620
:10D5E000E5F3C4F54FF6FF7380B2984218BF0746C3
:10D5F00050463946FDF734F908B90C23DAE2894977
:10D60000A4F844A0A4F846703046E5F3EFF7864945
:10D61000C4F860013046E5F3E9F7C4F86401B4F8F2
:10D6200046000AF057DF003018BF0120263054F8BA
:10D630002030B4F84600C4F894300AF04BDF0030D4
:10D6400018BF01200A3055F8203020462B62FFF722
:10D6500001FC08B90D23ADE2E06FEFF3E5F1E06FF7
:10D66000EFF39CF6204600212BF0B0DB20464FF074
:10D67000FF312CF021DC2046FFF7C6FE08B90E234F
:10D6800098E230466949E5F3B1F7FF2808BF012069
:10D69000A4F84E002046FFF7E9FB08B90F2389E202
:10D6A00063493046E5F3A2F7624984F84C003046FE
:10D6B000E5F39CF7604920653046E5F397F794F869
:10D6C0004C3060650B2B05D930465C49E5F38EF78D
:10D6D000C4F850015A493046E5F388F7594984F8AF
:10D6E00035013046E5F382F784F836012B6893F86C
:10D6F0006A312BB130465449E5F378F7C4F8540148
:10D7000052493046E5F372F7514984F858013046E2
:10D71000E5F36CF7E36F41F26B02196BA4F8680153
:10D72000914220D19B6A4E2B08D1B4F84E30402B49
:10D7300019D9236D43F00203236514E0E42B04D1CF
:10D74000B4F84E30B3F5A85F06E0EF2B0BD1B4F878
:10D750004E2041F201239A4205D8236D43F4800301
:10D760002365002363653B493046D4F85C71E5F3DB
:10D770003DF7394938603046D4F85C71E5F336F747
:10D78000364978603046D4F85C71E5F32FF73449B8
:10D79000B8603046A76FE5F329F73876A36F1A7E95
:10D7A000012A01D003221A76236D990604D501219E
:10D7B00020460A462DF0F6D8D4F880002949E5F332
:10D7C00039F720B1D4F880002649E5F30FF78146F8
:10D7D0002549D4F88000E5F32DF720B1D4F8800076
:10D7E0002149E5F303F707462049D4F88000E5F323
:10D7F00021F720B1D4F880001C49E5F3F7F62B6837
:10D8000093F82821BAB3226D920504D5B9F1000F1F
:10D8100001D007B160BB00222BE000BF259C0200B5
:10D82000B49C02004C9C0200579C0200AB9C02007E
:10D83000BA9C0200069C0200869C02009F9C02008B
:10D84000CC9B0200D79B0200799C0200369C020010
:10D85000C29C0200419C02002C9C0200C09B020062
:10D86000ED9B0200199C0200F29B0200929C0200B8
:10D87000012283F828212B6893F8692132B1226DA7
:10D8800012F0010218BF012283F86921B4F8462082
:10D890000123C4F8B830B4F844002B68A5F8AA21D5
:10D8A000E26FA5F8A801C3F8D420A26C1A6194F81D
:10D8B0004C2083F87C202B68226DB4F84E00C3F80E
:10D8C0008020626DA3F87A00C3F8842094F84C207D
:10D8D00020460B2A84BFD4F85021C3F84821D4F83D
:10D8E000B820012783F83D705A62A9682A4603F0E0
:10D8F0002BFFC4F88C0008B919235BE1219AE36F70
:10D900000292A26C04900692B4F84620B4F8440047
:10D91000ADF82A20DA6B03930B921A6CADF828004D
:10D920000C925A6C02A80D9294F84C20CDF814B0C9
:10D930000E929A6A09960F92B4F84E2010921A6BC2
:10D940001192226D1292626D13925A68DB680792EF
:10D95000089303F0AFFAC4F8900008B9102329E146
:10D960002623C5F8E035C5F8E4354FF4FF73C4F855
:10D970003831B4F846000AF0ADDD10F1000918BFE7
:10D980004FF00109494620462EF0FCD8B9F1000FAE
:10D99000D4F894300CBF02220122C3F804901A601C
:10D9A0002B6A14BF01220222C3F804901A60E06FB0
:10D9B000D5F81C90EFF376F0D8F85C31C9F8000088
:10D9C00023F000437E4AE3662367A36C0C2101FB2E
:10D9D0000323303BC4F8D830204639462BF0ACDD69
:10D9E000D4F89490D4F890004146D9F800203346FA
:10D9F00003F066F9C9F8240008B91123DAE04FF002
:10DA0000FF3120462DF04EDAD4F89430E16E586A9A
:10DA100003F00CF9D4F8943003F12202009203F1E0
:10DA20001C0103F11E02586A203303F0ECF8D4F80D
:10DA30009480D8F8240003F0F4F888F82800D4F88B
:10DA40009430D5F82080586A03F0EBF888F8140079
:10DA5000D4F89480D8F8240003F0E6F8D4F8943091
:10DA6000C8F81800DA8B37FA02F1C90701D412237B
:10DA7000A0E0296A586A0861988B4A8108811A8C4B
:10DA8000588C8A81C8810F2240F2FF30D8829A8256
:10DA900020463946FFF722FB08B913238AE02B689A
:10DAA00093F86931002B32D0002120462BF0F6DFAD
:10DAB00030464449A76FE5F399F5236DC0B2DA0704
:10DAC000386020D5636D1B061DD4E36F9A69900002
:10DAD00002D5DA69D10704D5DB69DA0701D4580722
:10DAE00011D5E36E99000ED530463649E5F3A2F51F
:10DAF00030B134493046E5F379F5C1B2204604E04F
:10DB00002046082101E0204600212BF073DDE06F64
:10DB1000EBF358F420462DF017DF0094E06F2A490C
:10DB20002A4A0023FBF76CFC204600212DF0EEDE94
:10DB30002046FFF70DFA08B915233BE004F1FC0677
:10DB40003146E5F3A9F13046E5F338F518B930462A
:10DB5000E5F340F508B116232CE02046FFF700FA64
:10DB60002846A16C01F0E2F92B68DA69526AC5F81F
:10DB70004425013A85F84225D3F89800A8B10378E6
:10DB80009BB113492246E5F3C7F62B681149D3F838
:10DB900098002246F9F78AFE606930B12B68D3F805
:10DBA00098100D4BD3F8B03098472846FFF70AFA83
:10DBB00010B11B231593159817B0BDE8F08F00BF67
:10DBC000005E0100FD9B020001DC840015DC840086
:10DBD0005DD98400BDD9840010A7880010B5044623
:10DBE000002828D00368144918682246FCF7FFFC77
:10DBF000236A1BB104F12000E4F396F0E3691BB142
:10DC000004F11C00E4F390F0A3691BB104F11800C7
:10DC1000E4F38AF063691BB104F11400E4F384F0C7
:10DC200023691BB104F11000E4F37EF02046BDE847
:10DC30001040E9F38BB610BD8A570100036830B578
:10DC4000DB690546586D87B000012430E9F372F6B0
:10DC50000446002838D0034643F8245BC36004F12F
:10DC60001001D5F83806E4F349F068BBD5F838065A
:10DC700004F11401E4F342F030BBD5F8380604F1A6
:10DC80001801E4F33BF0F8B9D5F8380604F11C01AB
:10DC9000E4F334F0C0B9D5F8380604F12001E4F318
:10DCA0002DF088B94FF4856363600B4B01900093AE
:10DCB0000A4B039002930490059009492868094A89
:10DCC0002346FCF7EFFC18B12046FFF787FF00243E
:10DCD000204607B030BD00BFC10B8500751385001D
:10DCE00080E688008A570100F0B5D0F82841006826
:10DCF000A568C069406D854211D2E7682E01B81948
:10DD00004360059B01358360069BBA51C360606820
:10DD1000A560C31C591821F003016160F0BD6FF0CC
:10DD20001500F0BDD0F828311869E3F3C3B7D0F877
:10DD3000280110B10069E4F31FB07047D0F8283112
:10DD4000D869E3F3B7B7D0F82831D869E4F314B051
:10DD5000D0F82831186AE3F3ADB7D0F82831186A43
:10DD6000E4F30AB073B505462EF058DC0446B8B1AA
:10DD70002B684FF00052C5F86802009293F82F20EC
:10DD8000284601922146002204332EF0D3D90646BC
:10DD900050B9284621462FF0B1DB064620B901E0F4
:10DDA0006FF01A0630467CBD284621462FF01EDB58
:10DDB000F8E7F8B51F4603680D461E691146D6F808
:10DDC00080001446E5F32AF440B3B84224D121463A
:10DDD0000022D6F88000E5F315F4287021460122D0
:10DDE000D6F88000E5F30EF4687021460222D6F8DA
:10DDF0008000E5F307F4A87021460322D6F88000DE
:10DE0000E5F300F4E870D6F8800021460422E5F33B
:10DE1000F9F328710120F8BD4FF0FF30F8BD000084
:10DE200038B50446B8B103680B4918682246FCF7B8
:10DE3000DEFB606B08B1E9F389F5D4F880000025BA
:10DE4000656318B1E9F382F5C4F880502046BDE857
:10DE50003840E9F37BB538BD915701002DE9F04119
:10DE600005698CB007468420E9F364F50446002870
:10DE700000F0D28107603C20E9F35CF58046002881
:10DE800000F0CA813B69012680F8386080F839606B
:10DE900043603B6A046031461869ECF77EFAD8F8B3
:10DEA0000430B649D3F88000E5F3A0F3D8F8043085
:10DEB000C8F81400B249D3F88000E5F397F3D8F816
:10DEC0000430C8F81800AF49D3F88000E5F38EF3AA
:10DED000D8F80430C8F81C00AB49D3F88000E5F34B
:10DEE00085F3D8F80430C8F80800A849D3F88000B2
:10DEF000E5F37CF3D8F80430C8F81000A449D3F84F
:10DF00008000E5F373F3A34BC8F80C00C4F88080DD
:10DF10000093A14BA1490193A14BA24A0293A24BAA
:10DF20000393A24B0493A24B059338682346FCF756
:10DF3000B9FB8046002840F06F8184F82C003B69D3
:10DF40009C49D3F88000E5F351F384F86F00322048
:10DF5000E9F3F0F407466063002800F05D81414674
:10DF60000A2206A8E4F3CAF40C238DF81930992389
:10DF70008DF81A30A6238DF81B3008238DF81E303B
:10DF8000B7238DF81F30E2238DF820308A4AC4234E
:10DF90008DF821308DF818608DF81D60106851687B
:10DFA00009AB03C3128985491A80854B3E70A36370
:10DFB000844B84F85A80E363636B9E71D5F88000CC
:10DFC000E5F338F3002800F093807C49D5F8800011
:10DFD000666BE5F30BF370707B49D5F88000666BD8
:10DFE000E5F304F3B0707949D5F88000666BE5F38A
:10DFF000FDF2F0707649D5F88000666BE5F3F6F235
:10E0000030717449D5F88000666BE5F3EFF27071FA
:10E010007149D5F88000666BE5F3E8F2F0716F495D
:10E02000D5F88000666BE5F3E1F2B0716C49D5F884
:10E030008000E5F3DBF284F844006A49D5F88000FB
:10E04000666BE5F3D3F230726749D5F88000666BF2
:10E05000E5F3CCF27072616B05230A31634A204606
:10E06000FFF7A7FE616B05230F3186B2604A204699
:10E07000FFF79FFE616B0523143136185D4A204679
:10E08000FFF797FE616BB6B21931052336185A4A6D
:10E090002046FFF78EFE616BB6B236180B7AB6B229
:10E0A000B34225D11E310523544A2046FFF781FE95
:10E0B000616B0523233186B2514A2046FFF779FE72
:10E0C000616B0523283136184E4A2046FFF771FE52
:10E0D000616BB6B2052336182D3120464A4AFFF748
:10E0E00068FE636BB6B236185B7AB6B2B34225D01F
:10E0F000626B00235370626B0C219370626BD37060
:10E10000626B1171616B02224A71A86F616B0068CA
:10E11000C871616B0A72616B4A72606B812284F80C
:10E12000402006A90A2284F841300A30E4F362F361
:10E13000606B09A91E300A22E4F35CF3626BAB6FDB
:10E14000D27900211A6004F14D000822E4F3D6F3DD
:10E15000002384F8583084F85930A4F85630D5F8A4
:10E1600080002A49E5F366F2002851D0D5F88000F6
:10E170002649E5F33BF284F85F0051E0E49D02009C
:10E18000D19C0200FA9C02000A9E0200629D0200DD
:10E19000D09D02005128850085DA0000A4E68800A1
:10E1A000E12B850091570100D52B8500A457010074
:10E1B0006DD30000989E02003B380100479E02008C
:10E1C0001127850089278500919D0200319E02005C
:10E1D0001B9E0200F39D0200E29C0200A89D02002B
:10E1E0004E9D0200819D02003D9D02000D9D02009A
:10E1F0001D9D02002D9D0200719D0200549E020093
:10E20000659E0200769E0200879E0200BD9D020070
:10E21000BA2384F85F3003E02046FFF701FE0024B4
:10E2200020460CB0BDE8F08130B5044685B000282A
:10E2300040D0D0F8201131B103689868F5F3F8F6B2
:10E240000023C4F8203123681A6892F82F2022B3E3
:10E25000D3F8240101A900225EF0A2DA0FE043689E
:10E260005A060CD5D4F83051451904E00368C5F8B6
:10E270001031E9F36BF3D5F810010028F6D12368CB
:10E2800001A9D3F824015EF0A1DA0028E7D104E067
:10E290000368C4F84431E9F359F3D4F84401002881
:10E2A000F6D12368044918682246FCF7A0F92046F5
:10E2B000E9F34CF305B030BD5DB3890030B50546D8
:10E2C00087B04FF4A670E9F32FF30446002875D009
:10E2D00000214FF4A672E4F311F33C4B2560009348
:10E2E0003B4B3C4A01930023029303920493059312
:10E2F00028683949394A2346FCF7D4F900285DD10A
:10E300002B6A1A68022A05D15B7D002B0CBF1623ED
:10E31000302300E0302322184430B0F5887F137496
:10E32000EED1A8682E492A460023F5F399F6C4F8E1
:10E330002001002842D04FF47A7345F27352C4F89A
:10E340001C31A4F83C2100234622C4F84431A4F82F
:10E350003E2128468DE828004FF48A71214A224B3D
:10E3600003F008FF0028C4F8300127DB1F4BD5F865
:10E3700094068DE818000521B0221D4B00F008FF1F
:10E38000E0B91C4BD5F894068DE818000521B2229F
:10E39000194B00F0FDFE88B9D5F894060A21B02289
:10E3A000164B009401F0A4F940B9D5F8C006B0218D
:10E3B000134A144B009401F005FC18B12046FFF7F6
:10E3C00033FF0024204607B030BD00BF91508500C8
:10E3D00011658500654E850018E888005DB38900E9
:10E3E0005549850011568500ED558500955D8500E0
:10E3F000E94A8500D15C8500514A85009553850026
:10E40000854E8500994E850010B5044630B133F035
:10E4100091DE2046BDE81040E9F398B210BD10B57A
:10E4200004462420E9F386F200B1046010BD000028
:10E4300010B50446E0B143680E4918682246FCF75F
:10E44000D6F8D4F83C01FFF7DFFFD4F83401FFF72A
:10E45000DBFFD4F89C0008B1E9F378F2D4F894001B
:10E4600008B1E9F373F22046BDE81040E9F36EB25B
:10E4700010BD00BFBC5701002DE9F041754B0027CE
:10E480001F60754B056888B006461F604FF4A0708A
:10E49000E9F34AF20446002800F0D78039464FF4E9
:10E4A000A072E4F32BF284E860003046C6F85841CD
:10E4B000FFF7B5FF8046C4F8340130B13046FFF7AE
:10E4C000AEFF8046C4F83C0120B92046E9F33EF295
:10E4D0004446BAE07F21042204F14400E4F30EF242
:10E4E0007F21042204F17000E4F308F2042207A85B
:10E4F0003946E4F303F2336893F87C20D3F8D8006C
:10E50000012A13D95549E5F395F0014658B107A8FA
:10E510000322E4F3CBF207A8042137F0B7D990B176
:10E5200007A84F490CE007A84E4909E04E49E5F31A
:10E530005DF00928034606D84C4907A801EB830182
:10E540000322E4F3B3F2032207A904F10800E4F381
:10E55000ADF233684649D3F8D800E5F347F0D5F873
:10E56000D43041F26B02196BE06091420ED19B6A8C
:10E570008B2B01D0902B09D1022807D107A83D4948
:10E580000422E4F36FF208B90323E360D5F8D43032
:10E5900041F26B02196B91420DD19B6A932B0AD108
:10E5A00007A835490422E4F35DF220B9E368042B9F
:10E5B00001D10623E360D5F8D43041F26B02196B28
:10E5C000914218D19A6A40F235139A4213D107A8A2
:10E5D0002A490422E4F346F258B107A82849042244
:10E5E000E4F340F228B107A826490422E4F33AF202
:10E5F00008B91323E3600025EAF786FF35F058DFFA
:10E6000007A90422C4F89450C4F89850C4F89C5048
:10E61000C4F8A050C4F8A45084F8F450204633F055
:10E62000C3DE194B30688DE828001849184A234684
:10E630000295039504950595FCF734F828B120461A
:10E64000C6F85851FFF7F4FE2C46204608B0BDE846
:10E65000F08100BFB4650100B8650100A89E02000A
:10E66000BF57010041B58900AE9E020094E98800C1
:10E67000B19E0200C257010068EB880078E988006B
:10E6800080E9880084E98800F16D85003CE9880014
:10E69000BC57010030B5054687B00C20E9F34AF1BC
:10E6A0000446D0B1114B05604FF490710093019076
:10E6B0000722D5F894060E4B00F0DEFC80B90D4B16
:10E6C0000190009302900390049005900A492868F5
:10E6D0000A4A2346FBF7E6FF10B9204607B030BDD3
:10E6E0002046E9F333F10024F7E700BFC19D850020
:10E6F000299B8500659B8500ECED8800345901005D
:10E70000036810B50446054918682246FBF76FFFF9
:10E710002046BDE81040E9F319B100BF34590100AB
:10E7200070B5054686B00C20E9F304F104460028D4
:10E7300063D005600026019004212846334A344BFB
:10E740000096FFF7D1FAB042606059DB04212846F9
:10E75000304A314B0096019403F00CFDB042A060AA
:10E760004EDB28462D492246FFF7DCFA002847D128
:10E770002B4BD5F894068DE818004FF490712522A4
:10E78000284B00F079FC00283AD1274BD5F89406A5
:10E790008DE818004FF490713C22244B00F06CFC83
:10E7A00000282DD1D5F8940605219C22204B0095F8
:10E7B00000F036FF002823D1D5F8940680212522C9
:10E7C0001C4B009400F070FDD0B9D5F89406802160
:10E7D0003C22194B009400F067FD88B9174B01905B
:10E7E0000093174B039002930490059015492868F5
:10E7F000154A2346FBF756FF10B9204606B070BDF8
:10E800002046E9F3A3F00024F7E700BF51A38500F9
:10E8100011A3850059A7850045A78500CDA38500D4
:10E82000E5A98500F1A3850015AA850019A4850036
:10E8300031A28500D1A28500F1A2850009A585003D
:10E84000E1A9850028EE880050B9890038B505682F
:10E850000446224628680649FBF7C9FE28460549B2
:10E860002246FFF764FA2046BDE83840E9F36EB06F
:10E8700050B98900CDA38500024602490068FBF724
:10E88000B6BE00BF3A59010030B50D4B87B00093BA
:10E8900000230446019302930393049305930949CB
:10E8A000094A23460068FBF7FDFE002814BF4FF01D
:10E8B000FF350025204638F071D8284607B030BD16
:10E8C000A1B08500445901003A5901002DE9F043F7
:10E8D000064687B038200F4691469846E9F324F063
:10E8E0000446002838D000213822E4F307F0D7F896
:10E8F0003C0640211A4A04F12003F5F711FB0546B6
:10E9000020B12046E9F322F0002425E0154BC4F89D
:10E910001C80A760C4F80C902661134900930190F5
:10E920000290039004900590234630460F4AFBF76F
:10E93000B9FE034660B9E0680D492246F5F390F34D
:10E940000546A06140B920690A492246FBF74FFEFF
:10E950002046E8F3FBF72C46204607B0BDE8F083DD
:10E9600014C68900EDB4850058EE8800B89E0200F8
:10E970004DB585005C59010010B5044638F042DA07
:10E980000F4920692246FBF732FEA16961B1237D60
:10E9900023B1E068F5F3E0F200232375E068A16994
:10E9A000F5F346F30023A361A36804F12001D3F833
:10E9B0003C06F5F7C1FA2046E8F3C8F7002010BD81
:10E9C000B89E020010B50446C0B122460C4940680A
:10E9D000FFF7C3F9224660680A4903F00EFE22469B
:10E9E00060680949FFF7A3F9A06808492246FBF7C8
:10E9F000FEFD2046BDE81040E8F3A8B710BD00BFFB
:10EA000021BF850081C5850029BB850063590100B0
:10EA100070B5054686B01820E8F386F7044600284E
:10EA200000F0E98000211822E3F368F72B68002248
:10EA3000A360AB686560E3606B6804212361042315
:10EA4000A38228466D4B8DE81400FFF74DF900288E
:10EA50002060C0F2CC80284669492246FFF778F949
:10EA6000002840F0C480284666492246FFF75AF93C
:10EA7000002840F0BC8028466349224603F0B8FDD8
:10EA8000002840F0B480614B019000930290039005
:10EA9000049005905E4928685E4A2346FBF702FE13
:10EAA000002840F0A4805C490322D5F8BC063CF065
:10EAB00039DA5A4E5A490222D5F8C0063CF032DA09
:10EAC000D5F89406B0213022564B0096019400F000
:10EAD00051FA002840F08B80534BD5F894068DE80E
:10EAE000180040F605013622504B00F0C5FA002808
:10EAF0007DD14F4BD5F894068DE8180040F60401FF
:10EB000037224C4B00F0B8FA002870D1D5F8BC067B
:10EB10003021444A3346009401F009F8002866D1B8
:10EB2000D5F8BC063621414A3F4B009400F0FFFF68
:10EB300000285CD1D5F8BC0637213E4A3C4B0094F6
:10EB400000F0F5FF002852D1D5F8C00639213A4A25
:10EB50003A4B009400F0EBFF002848D1D5F894061A
:10EB6000C0213622364B009400F03CFD00283ED1F7
:10EB70003021D5F894060A46324B009400F094FBFD
:10EB8000002834D1D5F8940640F60A0136222E4BDF
:10EB9000009400F027FD50BBD5F8940640F60A011A
:10EBA00037222A4B009400F01DFD00BBD5F89406D7
:10EBB00030213922264B009400F014FDB8B9D5F865
:10EBC000BC0630211F4A234601F044F878B9D5F835
:10EBD000BC0636211C4A234601F03CF838B9D5F86A
:10EBE000BC063721194A234601F034F818B12046F3
:10EBF000FFF7E8FE0024204606B070BDA1BA8500EC
:10EC000021BF850029BB850081C5850035BC8500F5
:10EC100080EE8800635901007CEE880019BA8500F7
:10EC2000A4EE880071B8850085C68500A5BB850067
:10EC3000C1C5850035BB850021BC8500DDC68500CA
:10EC4000C9C4850005C28500C9C0850011C0850002
:10EC500035C1850008B1E8F379B6704737B5054688
:10EC60003820E8F367F6044650B14FF0FF330560F3
:10EC700005490193054A064B009539F0ABDD01E0EB
:10EC8000FFF7E8FF20463EBDE9CD8500F1CD8500C8
:10EC9000E1CD850070B5054686B01020E8F344F656
:10ECA0000446002838D000211022E3F327F600267E
:10ECB00025600121C5F8CC462846194A194B009613
:10ECC0000194FFF711F8B042E06021DB164B286891
:10ECD0008DE848001549164A234602960396049685
:10ECE0000596FBF7DFFC98B9124BD5F894068DE832
:10ECF00028000521BE22104B00F04AFA40B9D5F891
:10ED00009406C021BE220D4B009500F0F1FC18B115
:10ED10002046E8F31BF60024204606B070BD00BF75
:10ED20008DD0850089D08500E1CF8500A8EE8800D0
:10ED3000BF9E02005DD085003DD0850091D085004A
:10ED400010B5044688B1037923B18068E8F3FEF575
:10ED5000002323712368054918682246FBF747FC06
:10ED60002046BDE81040E8F3F1B510BDBF9E02009B
:10ED700008B1E8F3EBB5704737B505460420E8F372
:10ED8000D3F50446002855D02D4B056040F23F11C5
:10ED9000009301902D22D5F894062A4B00F06CF9CF
:10EDA000002847D1284BD5F894068DE818004FF479
:10EDB00095713D22254B00F05FF900283AD1244B94
:10EDC000D5F894068DE818004FF495714A22214B2E
:10EDD00000F052F970BB204BD5F894068DE818006E
:10EDE000152150221D4B00F0D3F918BBD5F894061D
:10EDF00005212D221A4B009400F0F4FBD0B9D5F870
:10EE00009406C0212D22174B009400F0EBFB88B92B
:10EE1000D5F89406C0213D22134B009400F0E2FB8C
:10EE200040B9D5F89406C0215022104B009400F050
:10EE30005FFC18B12046FFF79BFF002420463EBD33
:10EE4000C5D28500CDD0850011D38500E1D08500E5
:10EE50000DD38500DDD0850071D28500B5D0850049
:10EE600041D1850001D2850021D285007DD1850068
:10EE700010B50446A0B10368806F00225A6108B142
:10EE8000E8F364F5D4F8980008B1E8F35FF560683A
:10EE900008B1E8F35BF52046BDE81040E8F356B54D
:10EEA00010BD2DE9F04104464FF4B6700D461646EC
:10EEB0009846E8F33FF5074610B940F2F2331EE0FA
:10EEC00004608560C6602820E8F334F5B86710B99F
:10EED00040F2F33313E05820E8F32CF5C7F898001C
:10EEE00040B12C30C7F89C003020E8F323F578605F
:10EEF00060B902E04FF47D7301E040F2F53338462B
:10EF0000C8F80030FFF7B4FF002703E00023C8F87B
:10EF1000003060613846BDE8F0810023C218D2F8A5
:10EF2000C020CA500433182BF8D170474FF4C8637F
:10EF3000C0F864366823C0F868364FF48073C0F8B0
:10EF40006C360223C0F87036C0F874367047000083
:10EF500010B5044650B10368054918682246FBF70E
:10EF600046FB2046BDE81040E8F3F0B410BD00BFFA
:10EF70000D5A010001F0F0012DE9F04F0E1101686A
:10EF8000B0F81080096889B0C9699446D1F8C010FA
:10EF9000079388450446B0F812A0838AC78AB2B2A4
:10EFA0005CDA817900295CD1324D05EBC2008088A2
:10EFB00006E055F8329019F80190E14502D0013190
:10EFC0008142F6D381424FD0E71937F812B00132AF
:10EFD00037F81250A244454523441AD2C5EB08081D
:10EFE00005F101090AEB050142460AEB0900CDF8DB
:10EFF00014C00693E3F35EF4069B0C2202FB093077
:10F0000002FB053102FB08F2E3F354F4DDF814C00F
:10F01000069B3146002207E007EB460030F802E08D
:10F020000EF1010E20F802E0013102320D29F3D970
:10F030001299CBEB0502009113990AEB0B00019199
:10F040000C2101FB0B3192B2079BCDF808C000F0F8
:10F05000A1FB238A00200133238207E06FF0150013
:10F0600004E06FF0160001E06FF01D0009B0BDE88C
:10F07000F08F00BF685901002DE9F347DDF82890B3
:10F08000DDF82CA007460E4615469846002456FA91
:10F0900004F3DB070AD52101384601F0F0012A46C6
:10F0A00043468DE80006FFF765FF18B901340D2CC3
:10F0B000EDD10020BDE8FC872DE9F04F89B0079223
:10F0C0000268B0F8188012689C46D2690446D2F8EB
:10F0D000C420B0F81AA09045838BC78B50DA827990
:10F0E000002A50D101F0F0063611C719B2B237F834
:10F0F00012B0013237F812508244454503441AD207
:10F10000C5EB080805F101090AEB050142460AEBC7
:10F110000900CDF814C00693E3F3CCF3069B0C2250
:10F1200002FB093002FB053102FB08F2E3F3C2F3F4
:10F13000DDF814C0069B3146002207E007EB4600CD
:10F1400030F802E00EF1010E20F802E00131023247
:10F150000D29F3D91299CBEB0502009113990AEB13
:10F160000B000191079992B202910C2101FB0B3126
:10F17000634600F00FFB238B00200133238304E060
:10F180006FF0150001E06FF0160009B0BDE8F08FD8
:10F190002DE9F347DDF82890DDF82CA007460E4650
:10F1A00015469846002456FA04F3DA070AD52101D9
:10F1B000384601F0F0012A4643468DE80006FFF785
:10F1C0007BFF18B901340D2CEDD10020BDE8FC8780
:10F1D0002DE9F04F89B007920268B0F830801268CC
:10F1E0009C46D2690446D2F80021B0F832A090457E
:10F1F000838EC78E50DA8279002A50D101F0F00652
:10F200003611C719B2B237F812B0013237F81250BE
:10F210008244454503441AD2C5EB080805F10109AB
:10F220000AEB050142460AEB0900CDF814C006932B
:10F23000E3F340F3069B0C2202FB093002FB05318D
:10F2400002FB08F2E3F336F3DDF814C0069B314607
:10F25000002207E007EB460030F802E00EF1010E55
:10F2600020F802E0013102320D29F3D91299CBEBDB
:10F270000502009113990AEB0B000191079992B2D4
:10F2800002910C2101FB0B31634600F083FA238EBF
:10F2900000200133238604E06FF0150001E06FF0D9
:10F2A000160009B0BDE8F08F2DE9F04F87B0059248
:10F2B0000268B0F8208012689C46D2690446D2F8F1
:10F2C000C820B0F822A09045838CC78C4CDA827994
:10F2D000002A4CD101F0F0063611C719B2B237F846
:10F2E00012B0013237F8125082444545034419D216
:10F2F000C5EB080805F101090AEB050142460AEBD6
:10F300000900CDF80CC00493E3F3D4F2049B4FEA58
:10F31000C80203EBC90003EBC501E3F3CBF2DDF850
:10F320000CC0049B3146002207E007EB460030F892
:10F3300002E00EF1010E20F802E0013102320D2947
:10F34000F3D91099CBEB0502009105990AEB0B005C
:10F35000019192B203EBCB01634600F02BFA238CB0
:10F3600000200133238404E06FF0150001E06FF00A
:10F37000160007B0BDE8F08F0368F0B5DB690C2517
:10F38000B3F8C020064605FB02F4433222F0030224
:10F390000134A418B3F8C4204FF6FE7102F11F0027
:10F3A0006A4321404118501C4FF6FC720A408218F3
:10F3B000B3F800014FF6FE7100F11F0468431140DD
:10F3C00061184FF6FC7201300A408218B3F8C80089
:10F3D0004FF6FE7100F11F0411406118C0004FF696
:10F3E000FC7201300A408218B3F8CC004FF6FE716F
:10F3F00000F11F0411406118C0004FF6FC720A4072
:10F40000B3F80431013080184FF6FE7203F11F018A
:10F410000240DB008A18591C4FF6FC731340CB18CE
:10F420004FF6FE771F401C37BFB287B03846E8F36F
:10F430007BF20446002800F0BC8000213A46E3F34A
:10F440005DF24023638233684FF6FC72DB6926600D
:10F45000B3F8C010A78001F14300024005FB012171
:10F46000A28201314FF6FE720A40B3F8C410E28264
:10F470001C3292B2C81C101862834FF6FC72024014
:10F4800005FB0121A28301314FF6FE720A40B3F859
:10F490000011E2831C3292B2C81C101862864FF62B
:10F4A000FC72024005FB0121A28601314FF6FE727B
:10F4B0000A40B3F8C810E2861C3292B2C81C101879
:10F4C00062844FF6FC72024002EBC1010131A2845A
:10F4D0004FF6FE720A40B3F8CC10E2841C3292B2AE
:10F4E000C81C101862854FF6FC72024002EBC10185
:10F4F0000131A2854FF6FE720A40B3F80411E2858D
:10F500001C3292B2CB1C6287D2184FF6FC731340A8
:10F51000A38703EBC10301334FF6FE721A40E28763
:10F520000025274F57F8353063B1264B29018DE868
:10F530001800DD22204601F0F001234BFFF71AFDF1
:10F54000002836DB01350D2DEBD1002557F835307D
:10F5500053B12901DD22204601F0F0011B4B00943C
:10F56000FFF7A2FE002824DB01350D2DEED1184B4C
:10F57000B0218DE81800FF222046164BFFF7FAFC59
:10F58000002816DBB021FF222046134B0094FFF722
:10F590008BFE00280DDB114B002102933068104ACE
:10F5A000234600910191039104910591FBF77AF8AC
:10F5B00018B12046FFF7CCFC0024204607B0F0BD70
:10F5C000685901000DD5850061D58500ADD5850050
:10F5D000F1E0000043E1000091E0000099D48500D3
:10F5E0000D5A01002DE9F743DDF8289007460E4635
:10F5F00015469846002456FA04F3D8070AD5210187
:10F60000384601F0F0012A464346CDF80090FFF756
:10F610004BFE18B901340D2CEDD10020BDE8FE835E
:10F620002DE9F04F87B005920268B0F82880126883
:10F630009C46D2690446D2F8CC20B0F82AA0904566
:10F64000838DC78D4CDA8279002A4CD101F0F00607
:10F650003611C719B2B237F812B0013237F812506A
:10F6600082444545034419D2C5EB080805F1010958
:10F670000AEB050142460AEB0900CDF80CC00493E1
:10F68000E3F318F1049B4FEAC80203EBC90003EB54
:10F69000C501E3F30FF1DDF80CC0049B31460022F5
:10F6A00007E007EB460030F802E00EF1010E20F80B
:10F6B00002E0013102320D29F3D91099CBEB05029A
:10F6C000009105990AEB0B00019192B203EBCB017B
:10F6D000634600F06FF8238D00200133238504E09A
:10F6E0006FF0150001E06FF0160007B0BDE8F08F75
:10F6F0002DE9F743DDF8289007460E461546984653
:10F70000002456FA04F3DB070AD52101384601F03C
:10F71000F0012A464346CDF80090FFF781FF18B963
:10F7200001340D2CEDD10020BDE8FE832DE9F0471A
:10F73000089F9A4604469DF82460034600250CE085
:10F7400013F8010B86420AD01DB113F802ECB6453E
:10F7500001D2864203D90135ADB29542F0D1AA4219
:10F7600007FB05180ED9C5EB0209414607FB09F254
:10F7700008EB0700E3F39EF0681C201861194A4665
:10F78000E3F398F0404651463A46E3F333F06655CA
:10F79000BDE8F0877FB50393089B0493099B05930D
:10F7A0000C2300939DF82830019303ABFFF7BEFFB5
:10F7B00007B000BD1FB50293069B03930823009377
:10F7C0009DF81C30019302ABFFF7B0FF05B000BD00
:10F7D00037B5254BD0F8945604460093019040F27B
:10F7E0003F1128467F22214BFFF746FC00283AD1E3
:10F7F0001F4B28468DE8180041F63F5140221D4B13
:10F80000FFF7C6FC78BB1C4B28468DE8180040F675
:10F810003F119822194BFFF7BBFC20BB184B284621
:10F820008DE8180040F22F11A822164BFFF7B0FC0C
:10F83000C8B9284640F20F117F22134B0094FFF7FE
:10F84000D1FE80B9284640F20F1198220F4B009448
:10F85000FFF74EFF38B9284640F20F11A8220C4B93
:10F860000094FFF745FF3EBD55F0850081EC850013
:10F87000A1F08500A1EC850009F0850007E20000F9
:10F8800019F1850015ED8500C5ED850085ED850034
:10F8900001EE850037B5104BD0F89456044600931E
:10F8A00001900521284600220C4BFFF7E5FB90B99B
:10F8B0000B4B28468DE8180005210122094BFFF764
:10F8C000DBFB40B9084B28468DE8180005213222A1
:10F8D000064BFFF7D1FB3EBD49E7850011E78500E8
:10F8E00065E785001DE785002DE7850001E78500B8
:10F8F00037B5254BD0F894560446009301904FF449
:10F90000907128460022214BFFF7B6FB00283AD120
:10F910001F4B28468DE818004FF4907101221D4BB3
:10F92000FFF7AAFB78BB1C4B28468DE818004FF464
:10F9300090713222194BFFF79FFB20BB184B2846D2
:10F940008DE818004FF490710322164BFFF794FBDB
:10F95000C8B9154B28468DE818004FF4907106225F
:10F96000124BFFF789FB70B9284680210522104B06
:10F970000094FFF799FC30B92846802105220D4BF1
:10F980000094FFF791FC3EBD01EC850089E98500FC
:10F990003DEC850091E98500A5EB850045E98500F2
:10F9A00079EB850031E98500CDEB850061E98500C3
:10F9B0009DE9850019EB850037B5154BD0F89456B5
:10F9C000044600930190402128460022114BFFF786
:10F9D000D1FAE0B9104B28468DE8180040210122E9
:10F9E0000E4BFFF7C7FA90B90D4B28468DE818006B
:10F9F000402132220B4BFFF7BDFA40B90A4B284693
:10FA00008DE8180040210322084BFFF7B3FA3EBDF2
:10FA10008DF2850031F28500A5F285003DF285006A
:10FA200071F2850021F2850049F2850011F285000E
:10FA300037B50A4BD0F89456044600930190B02194
:10FA400028461022064BFFF795FA30B92846B02118
:10FA50001022044B0094FFF727FC3EBD65E88500AB
:10FA600081E78500ADE7850037B5D0F894560446A8
:10FA70000090C02128460022114BFFF7B3FDF0B9DA
:10FA80002846C02101220F4B0094FFF7ABFDB0B90F
:10FA90002846C02106220C4B0094FFF7A3FD70B945
:10FAA0002846C021A822094B0094FFF721FE30B957
:10FAB0002846C0219822064B0094FFF719FE3EBD50
:10FAC000F9F2850021F38500D9F285003DF3850028
:10FAD000C1F2850010B5044650B1036805491868A5
:10FAE0002246FAF784FD2046BDE81040E7F32EB722
:10FAF00010BD00BFAA5A010038B505460C20E7F337
:10FB000013F7044638B100210C22E2F3F7F60C2378
:10FB10002560A38001E0FFF7DDFF204638BD28B156
:10FB20008368DA88013ADA80E7F310B770472DE985
:10FB3000F04F9B46038B87B0C518C65AB5F80480B2
:10FB4000438AC6EB0808984505919446878AB0F821
:10FB500016A032DA6C88C7194445824416DAC4EB21
:10FB6000080804F101093919424607EB0900CDF8EC
:10FB700010C0E2F39FF60C2202FB09A002FB04A1D5
:10FB800002FB08F2E2F396F6DDF810C06B88A21BC8
:10FB900001336B80AB880C210133AB80109BB8190B
:10FBA0000193059B01FB06A1029392B26346CDF837
:10FBB00000B0FFF7EFFD002001E06FF0150007B087
:10FBC000BDE8F08F2DE9F04F9B46038B9446C51896
:10FBD000AC8830F80380428AC8EB040387B09342B4
:10FBE0000591878AB0F816A02FDA9C420744824418
:10FBF0006E8816DAC8F1000804F101093919424685
:10FC000007EB0900CDF810C0E2F354F60C2202FB1A
:10FC100009A002FB04A102FB08F2E2F34BF6DDF8B7
:10FC200010C0AB88A21B0133AB80109B0C21019349
:10FC3000059BB819029301FB06A192B26346CDF869
:10FC400000B0FFF7A7FD002001E06FF0150007B03E
:10FC5000BDE8F08F2DE9F04F9B46038C85B0C518A9
:10FC6000C65AB5F80480438BC6EB08089845039143
:10FC70009446878BB0F81EA02EDA6C88C7194445CD
:10FC8000824415DAC4EB080804F101093919424627
:10FC900007EB0900CDF808C0E2F30CF60AEBC90047
:10FCA0000AEBC4014FEAC802E2F304F6DDF808C02B
:10FCB0006B88A21B01336B80AB88B8190133AB8012
:10FCC000039B0AEBC601019392B26346CDF800B0E4
:10FCD000FFF770FD002001E06FF0150005B0BDE8F2
:10FCE000F08F00002DE9F04F036885B003931B6887
:10FCF0001546DB69C288D3F8D03007469A420E46D3
:10FD00005BDA09B14E1CB6B20DB10135ADB206F1E8
:10FD100027034FF6FC7A03EA0A0A0C2303FB06A327
:10FD20004FF6FE78013303EA080808F10903EB18DF
:10FD30004FF6FC7B03EA0B0B0BEBC50201324FF6CF
:10FD4000FE73134003F106091FFA89F9484602932E
:10FD5000E7F3EAF50446002830D000214A46E2F3F2
:10FD6000CDF5029B03992384FB88A4F818802422F4
:10FD700008F1060801332160A760A4F81090A28260
:10FD8000A4F816A0A4F81C80A4F81EB066826583AF
:10FD9000FB8046B1DD2120460C4A0D4B0094FFF755
:10FDA000C6FE00280ADB6DB1DD212046094A234644
:10FDB000FFF750FF002805DA00E000242046FFF797
:10FDC000AEFE0024204605B0BDE8F08F85F5850025
:10FDD00041F58500BDF585007FB50A4A03460092CE
:10FDE0000022019202920392049205920649074A68
:10FDF0000068FAF757FC002814BF4FF0FF300020CE
:10FE000007B000BD991E860078F08800AE5A010048
:10FE1000024602490068FAF7EABB00BFAE5A010089
:10FE200010B5044648B1036821461868FAF7FEFC8D
:10FE30002046BDE81040E7F389B510BD37B505464B
:10FE40000820E7F377F50446A0B105600022019091
:10FE50000C2128460A4B0092FDF746FF00286060FF
:10FE600008DB084B286800932146074A0423FAF769
:10FE70006CFC18B12046FFF7D3FF002420463EBD9E
:10FE80001D2686002CF188003126860010B5044618
:10FE9000C06818B1E7F35AF50023E36010BD10B550
:10FEA0000446A020E7F340F570B1E060A06000F1E7
:10FEB000900203461033934243F8103CFAD10023DA
:10FEC000C0F89030184610BD6FF01A0010BD000049
:10FED00038B50446002852D0002105683FF04EDABC
:10FEE00020463FF02BD8636933B12046002141F012
:10FEF00015DA606938F044DCA36933B1204601218A
:10FF000041F00CDAA06938F03BDC236933B12046BC
:10FF1000022141F003DA206938F032DCE36F33B1BB
:10FF20002046032141F0FAD9E06F38F029DC204661
:10FF300041F09AD9D4F89800E7F308F501E03EF0D3
:10FF400027DEE16920460029F9D1FFF79FFFD5F8A8
:10FF5000440118B10A492A4600F08FF92868094976
:10FF60002246FAF744FBD4F8A8301BB104F1A800EC
:10FF7000E1F3DAF62046BDE83840E7F3E7B438BDF0
:10FF800011428600F4C8890030B5054687B0B0201C
:10FF9000E7F3CAF40446002800F099800021B0225B
:10FFA000E2F3ACF40A2384F84330012384F84830A8
:10FFB000FF2384F8203084F8213084F8223084F83C
:10FFC00023302560C420E7F3AFF4C4F8980000287C
:10FFD0007DD020463FF0C4D920463FF047DD2B6856
:10FFE00041F26B02D3F8D43020F07F00196BA08768
:10FFF0009142204608D19B6A932B05D13FF036DD14
:020000041003E7
:10000000C0F58440683001E03FF034DDE087E38FE5
:10001000204623F07F03E3873FF02CDD41F2883256
:1000200022652E4A002320F07F00A4F84000E364FC
:1000300000922B4A049301922A4A059302922A4A7B
:100040002868039229492A4A2346FAF72BFB0028FD
:100050003DD1D5F8E80538F069DB6061002836D07D
:10006000D5F8E80538F062DBA06180B3D5F8E80583
:1000700038F05CDB206150B32046FFF710FF30BB47
:10008000D5F8E80538F052DBE06700B3012384F8C7
:100090007830D5F8440141F27073A4F87A3020B179
:1000A00014492A4600F0E6F888B9204601213FF0BD
:1000B00065D94FF44843A3650023E36532232366E3
:1000C000D5F8380604F1A801E1F318F618B1204676
:1000D000FFF7FEFE0024204607B030BD59348600ED
:1000E000B152860039528600ED3686004CF1880008
:1000F000F4C889001142860038B50446002827D08C
:100100000568144928682246FAF771FA236A1BB178
:1001100004F12000E1F308F6E3691BB104F11C00CF
:10012000E1F302F6A3691BB104F11800E1F3FCF559
:1001300063691BB104F11400E1F3F6F528460649A2
:100140002246FDF7F4FD2046BDE83840E7F3FEB354
:1001500038BD00BFB0CB89002D62860070B5054662
:1001600086B03020E7F3E6F30446002859D04FF07C
:10017000FF3303610422FF2105600A30E2F3BEF37E
:100180000B2104F10E00E3F391F700238DE8180032
:1001900004212846264A274BFDF7A6FD002860606B
:1001A0003FDB284624492246FDF7BCFD002838D114
:1001B000D5F8386604F114013046E1F39FF50028C4
:1001C0002FD1304604F11801E1F398F548BB3046D1
:1001D00004F11C01E1F392F518BB304604F1200153
:1001E000E1F38CF5E8B9154B01900093144B0490A2
:1001F0000293144B0590039328681349134A23462E
:10020000FAF750FA68B9204641F09ADF20B120464B
:10021000012141F0C9DF20B93223A36226236362A2
:1002200003E02046FFF768FF0024204606B070BDBB
:1002300045638600FD6286002D628600A962860005
:1002400051658600F96286003CF28800B0CB8900D7
:100250004069E1F32FB54069E1F38EB58069E1F3C0
:1002600029B58069E1F388B5C069E1F323B5C069B8
:10027000E1F382B5006AE1F31DB5006AE1F37CB5F4
:1002800038B5044660B10568224606492868FAF781
:10029000AEF92046E7F35AF32B68002283F84E208C
:1002A00038BD00BF54CC890070B50368002686B005
:1002B000054683F84E600C20E7F33CF30446002823
:1002C00043D0234B056023498DE848002868224A23
:1002D00023460296039604960596FAF7E3F9064636
:1002E00000282ED18DE811001C2128461B4A1C4BEA
:1002F000FDF7FAFC0028606023DB0C212846194A30
:10030000194B0096019401F035FF0028A06018DB1E
:10031000164BD5F894068DE818000A213822144BA4
:10032000FEF7AAFE68B9D5F894060A213822114BC7
:100330000095FFF757F920B92B68012283F84E206A
:1003400003E02046FFF79CFF0024204606B070BD66
:10035000D971860054F2880054CC8900A9718600B6
:100360007D718600917686005D7686007D778600B9
:10037000197786004977860070B5064686B0082052
:10038000E7F3D2F20446A0B10B4B002506604560AE
:100390000A498DE828003068094A234602950395EA
:1003A00004950595FAF77EF918B12046E7F3CEF2E9
:1003B0002C46204606B070BD4D7E860098F288001F
:1003C000B0C6890010B5044650B1036805491868E5
:1003D0002246FAF70CF92046BDE81040E7F3B6B222
:1003E00010BD00BFB0C6890070B5044600282AD0F1
:1003F0000668224630681449D6F84451FAF7F7F8EF
:10040000224630461149FDF792FC224630461049FB
:10041000FDF799FC224628460E49FFF71CFF2246AD
:1004200028460D49FFF71DFF224628460B49FFF7D6
:100430001EFF28460A492246FFF71FFF2046BDE857
:100440007040E7F383B270BD35D289005D878600C6
:100450006D978600FD848600E9868600CDAA860019
:10046000A5928600F0B5D0F8446187B005465820C3
:10047000E7F35AF20446002800F093800021582246
:10048000E2F33CF220462021494A40F8205BE2F3A7
:100490009BF201274FF0FF33E06184F84070A4F82D
:1004A0004C30304643492246FFF7D2FE002878D12F
:1004B000304641492246FFF7D1FE002871D130462F
:1004C0003E492246FFF7D0FE00286AD130463C491B
:1004D0002246FFF7CFFE002863D12846394922463D
:1004E000FDF72CFC064600285BD18DE811000421A5
:1004F0002846354A354BFDF7F7FB0028206150DBD5
:10050000284639463246334600960194FDF7ECFB07
:100510000028606145DB042128462D4A2D4B0096BA
:10052000019401F027FE0028A0613ADB28462A4901
:100530002246FDF7F7FB002833D1284B03EBC60218
:1005400053F8363063B1526852B131018DE814006E
:10055000D5F8940601F0F001C022FEF7ADFD00BB16
:1005600001360D2EE9D11E4B1E4A00930023019344
:10057000029203930493059328681B491B4A234660
:10058000FAF790F868B9204646F0F6D820B1204630
:10059000012144F0C3D820B9636C43F004036364C1
:1005A00003E02046FFF720FF0024204607B0F0BDFF
:1005B000B15A0100FD848600E9868600CDAA860036
:1005C000A59286006D97860001928600899186002B
:1005D000059E8600F19D86005D878600C49E020010
:1005E000198A860055AB8600ECF2880035D2890066
:1005F00038B50446D0B1806808B1E7F3A7F12369A4
:1006000043B90EE0236953F8350008B1E7F39EF1D2
:10061000013500E00025E3689D42F3DB2069E7F344
:1006200095F12046BDE83840E7F390B138BD0000B1
:100630002DE9F04105461820E7F37CF10446002837
:1006400033D02B680560DB690C20DB69013358432C
:10065000E7F370F1A06040B32B681820DB69DA691A
:100660005B6F6260E360E7F35FF12061E8B112491C
:1006700018220026E2F3BEF037460EE00E4BD4F807
:1006800010809B1918798000E7F354F1236948F82A
:1006900006009B59083643B10137E3689F42EDDB02
:1006A0006B68064ADC609A6003E02046FFF7A0FF13
:1006B00000242046BDE8F0812C9F0200B9BC8600D2
:1006C00010B5C468A1420BDA006900EBC1042479BB
:1006D000A24208DA50F83110002041F8223010BD53
:1006E0006FF0150010BD6FF0150010BD47F06C9B4A
:1006F00010B50446FFF7FAFFE084000C84F82800E8
:10070000002010BDD0F8F03310B5044683B1D3F803
:10071000280830B1E7F31AF1D4F8F0330022C3F817
:100720002828D4F8F003E7F311F10023C4F8F033DC
:1007300010BDC36B10B5044683B1836B5B6B0B2B91
:1007400007D1D0F8E00320B1E7F300F10023C4F8AB
:10075000E033E06BE7F3FAF00023E36310BD10B57C
:1007600004460120E7F3E0F00346E063A8B100216E
:100770000122E2F3C3F0A36B5B6B0B2B0CD14FF4A4
:100780009470E7F3D1F00346C4F8E00328B10021E8
:100790004FF49472E2F3B2F00123184610BD70B525
:1007A000044640F678100D46E7F3BEF0C4F8F003B7
:1007B000002831D0002140F67812E2F39FF0B4F81F
:1007C0005220D4F8F03300261A70D4F8F0332046C3
:1007D00083F8B660C3F8B060D4F8F03383F8B4603F
:1007E000A36B83F88460A36B1E679E673C23C4F8E9
:1007F000BC301023C4F8C030C4F8C46000F09AFFC5
:10080000A36B022D0CBF1A6F9A6F0020DA6684F872
:10081000C36284F8C26270BD6FF01A0070BD000040
:10082000B0F8C632F7B504460E46FBB10846E2F30F
:1008300011F107461348E2F30DF13F181037BFB22C
:100840003846E7F371F00546B8B1B4F8C632394618
:1008500000930D4A3346E2F3B7F0E06C2946E2F329
:10086000E9F607462846E7F371F03FB9E06C3146F8
:1008700003B0BDE8F040E2F3DDB60746384603B00A
:10088000F0BD00BF8F9F02007A9F0200044B1B78CF
:10089000012B02D1002000707047FFF7C1BF00BFDD
:1008A000FC0300002DE9F3471C46B0F8C6320746AA
:1008B00088469146C66C002B32D00846E2F3CAF057
:1008C00082462248E2F3C6F082440AF1100A1FFA77
:1008D0008AFA5046E7F328F0054600282FD0B7F8EB
:1008E000C632514600931A4A4346E2F36DF0384649
:1008F0002946FFF7CBFF074668B130462946E2F3A9
:100900008DF640B1484506DD304629464A46E2F3B9
:1009100079F6824600E0A2462846E7F317F08FB941
:1009200030464146E2F37AF658B1484509DD304693
:1009300041464A4602B0BDE8F047E2F363B682465C
:1009400000E0A246504602B0BDE8F0878F9F02004B
:100950007A9F020010B51446FFF798FF28B10021D6
:100960000A46BDE81040E2F301B4204610BD000085
:1009700038B500220D4608490446FFF7EBFFC0B228
:100980002823A84284F8660384F8D531CCBF84F8C4
:10099000663384F8D50138BDD69F0200012238B5F0
:1009A00080F860200A23826B002580F89E310323A3
:1009B00080F89F3180F86F5380F8715380F873533B
:1009C00080F8755380F8775380F8BA5182F88A30EE
:1009D0004FF6CE73A0F8783214491422C0F874523E
:1009E0000446FFF7B7FF124984F866032A462046FB
:1009F000FFF7B0FF7F2384F87B304FF0FF33A4F87C
:100A0000983004F5F673C4F88C31642384F85830B8
:100A10000423C4F8280384F86C50C4F8E453C4F8E1
:100A2000745284F8D43184F8D63138BDD69F020090
:100A30005E9F02000022FFF78DBF000010B517492E
:100A40000446FFF7F7FFC0B284F8E8030138C0B2EC
:100A5000FD2802D9732384F8E83394F8E83320465C
:100A600084F8E9330E49FFF7E5FFC0B284F8EA03E2
:100A700008B10F2802D1052384F8EA3394F8E8235B
:100A800094F8EA33D31A84F8EB33002384F8EC3378
:100A900084F8EE33112384F8ED3310BD849F0200F7
:100AA000E79F02002DE9F04105460C4617461E4619
:100AB000FFF7ECFE38B1284621463A463346BDE8FA
:100AC000F041FFF7EFBE3046BDE8F0810023FFF7AD
:100AD000E9BF000070B501220D463C490446FFF70E
:100AE00039FF3B4984F8680300222046FFF732FFB4
:100AF000384984F82C0307222046FFF72BFF36499C
:100B000084F82D032046FFF7C1FE88B13249204604
:100B1000A66BFFF78FFF304930672046A66BFFF7C3
:100B200089FFA36BB067022D0CBF1A6F9A6FDA664C
:100B30002A4900226FF095032046FFF7B3FF2749AB
:100B400084F83403012220466FF09503FFF7AAFFD3
:100B5000022584F8350300232A4620461F49FFF763
:100B6000A1FF63190135052D83F83403F3D1002566
:100B70002A4620461A49FFF7A9FF631901350E2DB1
:100B800083F85703F4D1012384F867330622204603
:100B90001449FFF7DFFE002284F86503124920465E
:100BA000A56BFFF7D7FE114985F82C0100222046DE
:100BB000FFF7D0FE002384F83E034021204684F84E
:100BC0002433BDE87040FFF7D3BE00BF6E9F020024
:100BD000449F0200C89F0200A09F0200F89F0200ED
:100BE000C19F0200959F0200AD9F0200699F020015
:100BF00010B5044628B10468003418BF0124E6F398
:100C0000A5F6204610BD10B5848B0C80018C118098
:100C100040F2DA321A8090F83520029B01201A80C7
:100C200010BD90F834007047C06A7047836B9961BB
:100C3000704738B5044600283ED0C56D013DC565F6
:100C4000002D39D1FFF75EFD2046FFF772FDD4F885
:100C5000801229B1A36B186900F08CFDC4F8805292
:100C6000002584F89551204646F0E4DEA26B136817
:100C7000A34202D1A36C136003E09A6CA2421DD17F
:100C80009D64D4F8943A0BB120469847A36B186939
:100C900051F094D8D4F8E41320B141B1204647F084
:100CA0008FD804E019B1A36B986852F0CDDC2046D0
:100CB000E6F34CF6002038BD012038BD012038BDD8
:100CC0002DE9F0478A46002104461546C0680A46C9
:100CD00076469946EBF3DCF6804600070CD527688C
:100CE00057B1BB6BC7F84C901869F96A51F02CD812
:100CF000FB6D0133FB65CEE04FF42F60E6F314F695
:100D0000074628B96FF01A00314648F0A3DDC5E068
:100D100000214FF42F62E1F3F1F5FB6DC7F844A019
:100D20000133FB652368BC63BB640123C7F84C90A7
:100D3000276087F85930E26C41F26B039A4205D183
:100D4000636C932B0CBF0123182300E01823022DA2
:100D5000A7F88A3005D118F0010F1CBF4FF40053DB
:100D6000FB62BB6BF96A186950F0EEDF7B6CB3F87D
:100D7000E0831FFA88F808F470631B0AFB615FFACE
:100D800088F33B62BB6BD868F8F739FCFB69A7F8BE
:100D9000C602092B04D10423FB613B6A10333B627A
:100DA000012387F824304FEA18333B633846FFF7B6
:100DB0009FFC002875D14FF48053A7F856304DF2B0
:100DC000240241F20103022D18BF1346A7F8523046
:100DD00038463749FFF75AFD38B138463449D7F815
:100DE0003880FFF727FEC8F868003846FFF7B7FCE1
:100DF000002856D038462946FFF76CFE3846FFF7E4
:100E0000CDFD384600F0D2FB00284AD029463846AE
:100E1000FFF7C5FC0546002843D13846FFF70EFE14
:100E2000384647F001DD3846012146F0AFDD38464F
:100E3000294648F083DB4FF0FF33C7F8D432C7F8B8
:100E4000D832C7F8DC32C7F8E032C7F8E432C7F866
:100E5000E832C7F8EC32C7F8F032384607F11C0127
:100E60001C22E1F3C7F4206950F0A8DF60B1BB6B2E
:100E7000986852F035DEC7F8F80328B96FF01A0009
:100E8000314648F0E7DC0CE03846002148F04CDA07
:100E9000002387F8FC3907F14C03FB643846BDE8B2
:100EA000F0873846FFF7C5FE0020BDE8F08700BF99
:100EB000519F020070B505464FF498707646E6F3F0
:100EC00033F5044628B96FF01A00314648F0C2DC09
:100ED00039E000214FF49872E1F310F52B68A3601C
:100EE0006B68E360AB682361EB6863602B696361E7
:100EF0002B8CA3846B8CE3846B6AA362AB6AE36282
:100F0000EB6A23632B6B63636B6B6364AB6BA364F0
:100F1000EB6BE3642B6C23656B6C6365AB6CC4F8A3
:100F20001C316B69A365AB69E3650F2323663D2321
:100F300063667923A3660123C4F818310323E366AB
:100F4000002384F88B30204670BD00007FB50A4B2B
:100F50000A4900930023019302930393049305939A
:100F6000074A0368F9F79EFB002814BF4FF0FF30D3
:100F7000002007B000BD00BF05E3860068F48800CC
:100F8000B95A010001490268F9F731BBB95A0100A9
:100F90000023F0B51C4607E0CE183568C718C550C9
:100FA000756801347D6008339442F5D1F0BD0000CE
:100FB00038B5046C0023C4F8243690F86D53094BFF
:100FC000094A4FF48060002D0CBF15461D46E6F31C
:100FD000ABF4C4F8240620B129468022FFF7D8FFDD
:100FE000012038BD66AD020066B1020070B5174938
:100FF0004FF0FF32046C0546FFF7ACFC1449C4F80F
:10100000500517222846FFF7A5FC0026C4F8540512
:1010100010496FF0250284F858652846FFF79AFCBE
:101020000D49A4F8480532462846FFF793FC0B49C2
:10103000A4F8040C6FF003022846FFF78BFCB4F809
:101040004835C318A4F8063C70BD00BF1DA00200BF
:1010500046A802002FA802009CAC020007AD0200C7
:1010600038B527490446FFF7E5FCC0B228288CBFF5
:101070000023012384F8690384F8CA0384F86D33DC
:1010800020462049FFF7D6FC082820461CD81E49D8
:101090000022FFF71BFD80B20022C4F8FC001B49B0
:1010A0002046FFF713FD1A49C4F800012046FFF758
:1010B000C1FC184905462046FFF7BCFC80B240EA57
:1010C0000545C4F8045113E013490022FFF7FEFC64
:1010D00080B2C4F8FC00114900222046FFF7F6FC5C
:1010E0000F49C4F800012046FFF7A4FCC4F804012E
:1010F00020460C49FFF79EFC84F8080138BD00BF6C
:101100001EA40200EFAC020014A802003DA80200D9
:101110004CA0020038A0020090AC020035AD0200E5
:10112000A1A80200C4A70200F8B5A4490022056CDA
:101130000446FFF7CBFCA14985F8BC0401222046F8
:10114000FFF7C4FC9E4985F8BD0400220723204612
:10115000FFF7A8FC922385F8BE0499490122204696
:10116000FFF7A0FC974985F8BF0400222046FFF74F
:10117000F1FB9549C5F8C40400222046FFF7EAFBBD
:101180000026A5F85804914985F833642046324674
:10119000FFF7E0FB8E49A5F80A042046FFF74AFC5A
:1011A000B8B1012385F833342F4642233246204616
:1011B0008749FFF777FCAB19C0B283F82604B5F86E
:1011C0000A340136C018A7F80C0402370D2EECD1F2
:1011D0000DE0804942222046FFF7BCFBC2B285F8F1
:1011E000082420467C49FFF7B5FBA5F806047B4997
:1011F00000222046FFF7AEFB794985F838044FF00E
:10120000FF322046FFF7A6FB7649A5F868054FF0A8
:10121000FF322046FFF79EFB7349A5F86A054FF0A1
:10122000FF322046FFF796FB7049A5F86E054FF098
:10123000FF322046FFF78EFB6D4985F870050022CE
:101240002046FFF787FB002684F8740032462046CC
:101250006849FFF73BFCAB1901360E2E83F80606F2
:10126000F4D1A12264492046FFF774FB6349C5F815
:10127000C00546F20F622046FFF76CFB0822C5F856
:10128000C4055F492046FFF765FB5E49C5F8C80500
:101290006FF008022046FFF75DFB5B49C5F8CC05FF
:1012A00040F6BB722046FFF755FB0A22C5F8D00571
:1012B00056492046FFF74EFB5549C5F8D4056FF057
:1012C00044022046FFF746FB5249A5F802066FF09C
:1012D0004A022046FFF73EFB0122A5F804064E49CC
:1012E0002046FFF737FB80B2031C18BF012300F034
:1012F000020085F84A353F2285F84B0547492046CC
:10130000FFF728FB642285F84C0545492046FFF786
:1013100021FB4449C5F85C054FF0FF322046FFF73A
:1013200019FBC5F86005013018BF012085F8640578
:101330003D4900222046FFF70DFBC0B200F00F032D
:10134000000900F0010085F8143685F817063749C2
:10135000002226232046FFF7A5FB3449A5F81806EE
:10136000012242232046FFF79DFB5023A5F81A06D1
:101370002E4902222046FFF795FB0622A5F81C06FF
:101380002B492046FFF7E6FA85F81E062046FFF7B0
:1013900067FE94F86D232046002A4DD12549FFF7BA
:1013A00095FB2449A4F8820301222046FFF78EFB17
:1013B0002049A4F87E0320464DE000BFC8AC0200DF
:1013C00073A8020087AC020054AC02007FA80200A0
:1013D00074AC0200B1AC0200E3AC020008A0020051
:1013E00055A00200F7AC020061A802001CA8020090
:1013F000BAAC02004CAD020025A802008DA8020084
:10140000D2AC0200D9AC020014A002005FAD020011
:101410002AAD020067AC0200DFA70200ADA80200FF
:10142000FAA70200E8A7020041A0020080AC020077
:10143000D1A7020045AD020025490022FFF746FB77
:101440002349A4F8820301222046FFF73FFB2049ED
:10145000A4F87E0320460222FFF738FB0023A4F8FD
:1014600080031C4985F8333620460222FFF71AFB19
:1014700010B1012385F8333695F833362BB315496F
:1014800000222046FFF722FB1249A4F82C0A012271
:101490002046FFF71BFB0F49A4F8280A022220462A
:1014A000FFF714FB0C49A4F82A0A00222046FFF794
:1014B00051FA0A4985F8310628222046FFF74AFAF0
:1014C000002385F8320684F867330120F8BD00BF99
:1014D0000AA80200A5AC0200DAA702005AAD020079
:1014E00038B50E49046C0546FFF7A4FA0C4984F898
:1014F00029062846FFF79EFAFF2284F82A060949A2
:101500002846FFF727FA084984F830062846FFF7EF
:1015100091FAC4F82C06012038BD00BF5EAC020071
:1015200096A802002BA0020051A8020038B504467C
:10153000056C4FF46770E6F3F7F1C5F82006236CED
:10154000D3F82006B0B1D4F8DC300B4A934207D070
:101550000A4A934206D00A4A93420AD1094902E054
:10156000094900E009494FF46772E1F343F10120B2
:1015700038BD002038BD00BFC0AD3A0280BA8C0132
:1015800000F82401B8A8020082A0020028A40200EA
:1015900010B504464EF00AD8236CD3F82006E6F3C3
:1015A000D5F1206CBDE81040E6F3D0B170B504462B
:1015B00040F60840E6F3B8F105462064002800F044
:1015C0008380002140F60842E1F398F10125A36BE6
:1015D00084F8825084F8F050D868EBF3BDF13B4BAF
:1015E000C4F8DC00C4F8483A394B2046C4F84C3AF9
:1015F000384BC4F8503A384BC4F8543A374BC4F817
:10160000A03A374BC4F85C3A364BC4F8643A364BD0
:10161000C4F86C3A354BC4F8703A354BC4F87C3A90
:10162000344BC4F8B43A344BC4F8B03A334BC4F832
:10163000C03A334BC4F8BC3A324BC4F8C43A324BCC
:10164000C4F8C83A314BC4F8CC3A314BC4F8943A98
:10165000304BC4F8D03A304BC4F8D43A2F4BC4F8CE
:10166000D83A2F4BC4F8DC3A2E4BC4F8E03AFFF7D7
:101670005BFD40B32046FFF759FF20B32046FFF73C
:1016800097FC00B32046FFF7B1FC236C204683F89B
:10169000C054FFF725FF244900222046266CFFF79F
:1016A00059F9224986F8340600222046FFF752F9FC
:1016B0001F4984F890022A462046266CFFF74AF913
:1016C00086F8350600E00546284670BD554B870074
:1016D000114A8700154A8700B95E87008D3587005B
:1016E000214B8700915E8700CDEC8600296487003E
:1016F0001D4B8700895F870015F98600D5F88600A5
:101700004938870061498700CD218700C5F900006D
:10171000415D0200F50A8700F90A8700F10A870097
:10172000FD0A87000D0B870072A0020064A0020072
:1017300014AD0200836B93F82C210AB1042200E05F
:1017400003221A67DA667047F8B507460C200D4683
:101750001646E6F3E9F0044630B100210C22E1F32D
:10176000CDF027606660A5602046F8BD08B1E6F3BD
:10177000EDB070478068F2F35BB4000070B50646C8
:1017800086B06C20E6F3D0F00446D0B100216C2284
:10179000E1F3B4F00823A3610E4B2660002500930B
:1017A00030680D490D4A234601950295039504952D
:1017B0000595F8F777FF38B93268012382F892303F
:1017C0002371204606B070BD2046E6F3BFF02C46DC
:1017D000F7E700BF0D698700B00A8900665B01006A
:1017E00010B5044668B10368064918682246F8F740
:1017F000FEFE204651F048D82046BDE81040E6F3F2
:10180000A5B010BD665B010010B5044648B105499E
:1018100022464068F8F7EBFE2046BDE81040E6F3AC
:1018200095B010BD5CF4890070B5064686B01020F6
:10183000E6F37AF0044630B300211022E1F35EF0C3
:1018400033682660636073680025A3600421304616
:101850000E4A0F4B00950194FCF746FAA842E0604F
:101860000DDB0C4B30688DE828000B490B4A2346F2
:101870000295039504950595F8F714FF18B12046D5
:10188000FFF7C2FF0024204606B070BD2974870010
:10189000117487007D7487007C0B89005CF48900DB
:1018A00030B5054687B01420E6F33EF0044638B361
:1018B00000211422E1F322F06B682868A360124B28
:1018C00025606060002500931049114A2346019568
:1018D0000295039504950595F8F7E4FE60B90A238F
:1018E00023730F2363736423A3730223E373062319
:1018F00023740123637403E02046E6F327F02C46AB
:10190000204607B030BD00BF217B8700940B8900C3
:101910000CE3890010B5044648B1054922464068E9
:10192000F8F765FE2046BDE81040E6F30FB010BDA5
:101930000CE3890010B5044658B1064B21461B88BC
:10194000C3581868F8F772FF2046BDE81040E5F369
:10195000FDB710BDD403000073B505460C20E5F3B8
:10196000E9F70446C8B1104B04221A8002214560F1
:10197000002301900D4A28460093FCF7B5F9002892
:1019800020600ADB01232381094B2868009321464C
:10199000084A0223F8F7D9FE18B12046FFF7CAFF1C
:1019A000002420467CBD00BFD40300007D85870055
:1019B000FC0B8900A985870038B5044680B1094B26
:1019C00021461B88C5582868F8F730FF2868064963
:1019D0002246F8F70CFE2046BDE83840E5F3B6B7DE
:1019E00038BD00BFD6030000845B0100F0B505469A
:1019F00087B01420E5F39EF70446002856D02F4BFD
:101A000004221A80456000260190042128462C4AB1
:101A10002C4B0096FCF768F9B042206046DB0123AE
:101A2000A3810C232382284B0722E2810093274BBA
:101A3000286801932649274A23460296039604966E
:101A40000596F8F72FFE002830D1234B2868009325
:101A50002146224A0523F8F778FE38BB204BD5F8FB
:101A600094068DE818004FF490712A221D4BFDF763
:101A700003FBD8B9D5F8940680212A221A4B00948A
:101A8000FDF712FC90B9B5F8AA0106F023DD801B22
:101A900018BF01200A3055F820301B68022B09D1ED
:101AA000012120460A4652F0ABDD03E02046FFF755
:101AB00083FF0024204607B0F0BD00BFD60300001E
:101AC0005D89870049898700DD8B8700F58B87005A
:101AD000340C8900845B01000C0C8900098B8700A1
:101AE000F98C8700E9898700F9888700084B10B5D1
:101AF0001B88044650B1C358064918682246F8F7B7
:101B000076FD2046BDE81040E5F320B710BD00BFCC
:101B1000D80300008B5B010070B5054686B0142029
:101B2000E5F308F70446002844D0264B08221A8023
:101B300000238560042100930190234A2846234B0B
:101B4000FCF7D2F80028206034DB0223A3810522B1
:101B50000C23E2812382D5F8940680213D221C4B80
:101B60000094FDF7A1FB28BB1A4B029000931A4B7F
:101B7000039001930490059018492868184A234659
:101B8000F8F790FDB0B9B5F8AA0106F0A3DC2B6810
:101B900093F84F201AB1032A14BF032201222046D2
:101BA000012153F063DA204602214FF0FF3253F057
:101BB0005DDA03E02046FFF799FF0024204606B0D7
:101BC00070BD00BFD8030000319287001D928700CE
:101BD000E99187009993870001958700400C89005F
:101BE0008B5B010038B5044698B10568224628464B
:101BF0000849FCF79CF821462868F8F717FE286882
:101C000005492246F8F7F3FC2046BDE83840E5F3E5
:101C10009DB638BD1D9E8700C9E3890030B50546D5
:101C200087B00820E5F386F6044600283ED000235E
:101C30000560042100930190204A2846204BFCF7C0
:101C400053F80028606031DB28461E492246FCF725
:101C500069F858BB1C4B01900093029003900490CC
:101C600005901A4928681A4A2346F8F71BFDE8B977
:101C7000184B286800932146174A0123F8F765FDA1
:101C8000A0B9164BD5F894068DE818004FF4907162
:101C90002822134BFDF7F0F940B9D5F894068021BE
:101CA0002822104B0094FDF7FFFA18B12046FFF7E9
:101CB00099FF0024204607B030BD00BFA19D8700DA
:101CC000619D87001D9E8700A59E87009C0C890052
:101CD000C9E38900940C8900799E87009D9F870045
:101CE000459E8700459D870070B5064686B09C20BE
:101CF000E5F320F60446002834D006601B4B30681C
:101D0000002560601A4900931A4A234601950295FE
:101D1000039504950595F8F7C5FCF8B9D6F8843411
:101D20001E229B7822610422E27202222377227310
:101D300001230A22E376237263616273A3764FF66E
:101D4000AF72A37784F899301023A0736072A072E9
:101D5000228384F89A3084F8983003E02046E5F333
:101D6000F5F52C46204606B070BD00BF19AE8700C1
:101D7000001C890066B50200C0F88410C0F88820F5
:101D8000C0F88C307047000010B5044648B10549D2
:101D900022464068F8F72BFC2046BDE81040E5F3EA
:101DA000D5B510BD66B5020038B5044600B3436B27
:101DB00005680BB1E9F7C6FC04F11400DBF38AF403
:101DC00004F11800DBF386F404F11000DFF382F570
:101DD00004F12400DBF372F4224606492868F8F780
:101DE00006FC2046E5F3B2F52B68002283F8622159
:101DF00038BD00BF7AE689002DE9F041054686B07E
:101E00003820E5F397F5044600287FD005600026CA
:101E1000019004212846414A414B0096FBF764FF9C
:101E2000B042606072DB042128463E4A3E4B009679
:101E3000019400F09FF9B042A06067DB0127E760E2
:101E400038463A493A4A6B68DFF32EF120610028A0
:101E50005CD006213246D5F80480DFF36BF53449B7
:101E6000034642463148DBF317F4606200284DD048
:101E7000072132462069DFF35DF539460346E0610C
:101E80003246606ADBF3E8F239460246A061206917
:101E9000DFF350F5E36939463246606ADBF3DCF282
:101EA0000221024660612069DFF344F5214B4FF0C7
:101EB0000308C4F82C808DE848001F4B2868049361
:101EC0001E4B1F4905931F4A234602960396F8F7B7
:101ED000E9FBD8B91C4BD5F894068DE81800B02161
:101EE00042461A4BFDF746F880B9194BD5F89406CF
:101EF0008DE81800B0215D22164BFDF769F928B96D
:101F00001423A3622B6883F8627103E02046FFF775
:101F10004BFF0024204606B0BDE8F08115D28700B3
:101F2000B9060100890501004DE08700FDD087005A
:101F300005D1870099D38700945B01001905010042
:101F4000181C89007AE68900171501008F16010018
:101F500055140100C11401002DE9F043074687B074
:101F60004FF441700E4615469846E5F3DDF40446FD
:101F7000002878D000214FF44172E0F3BFF428200C
:101F8000E5F3D2F48146206020B92046E5F3DEF483
:101F9000484668E000212822E0F3B0F423684FF4BB
:101FA00041721C606261E5604FF0FF320025A26162
:101FB000A760C4F804809D711423A4F80832282374
:101FC000A4F806322D23A4F804326E23A4F80A32B2
:101FD000022384F80C326423A4F8383284F80D52BA
:101FE0003046224922462B46F2F33AF0C4F8F80173
:101FF00030B304F51473C4F81832C4F814321C4B0F
:102000000526C4F81C6200931A4B029501931A4BE3
:10201000049503930595234638681849184AF8F73C
:1020200041FB034660B9009038682168154AF8F70B
:102030008CFB28B984F8406284F84162206812E081
:10204000D4F8F81119B1A3689868F1F3F1F7206991
:1020500008B100F03FF8206808B1E5F377F42046B6
:10206000E5F374F4002007B0BDE8F08365F687005F
:10207000C5EF870049F6870039FF87006C1C89008F
:1020800000E889006500880038B50546F0B10468AD
:10209000E4B1D4F8F81131B1A3689868F1F3C8F746
:1020A0000023C4F8F831A368224618680849F8F7F5
:1020B0009EFAA36821681868F8F7B8FB2846E5F38C
:1020C00045F42046BDE83840E5F340B438BD00BFD4
:1020D00000E8890010B5044630B159F0B9DE204659
:1020E000BDE81040E5F332B410BD0000F7B5066856
:1020F0000546F3691F6D02373F013846E5F314F4D6
:10210000044610B300213A46E0F3F8F384E8600097
:102110001021002628460E4A0E4B00960194FBF72C
:10212000E3FDB042A0610CDB04F1200363614FF4D6
:102130004773E360D5F8380604F11C01DFF3DEF5E0
:1021400018B12046E5F302F434462046FEBD00BF38
:10215000B90888009D08880010B5044648B1C369D5
:1021600013B11C30DFF3E0F52046BDE81040E5F385
:10217000EDB310BDF0B5D0F8244100682569C06901
:10218000006D854211D267692E01B81901352561AC
:102190004360059BBA518360069BC360E068C31C23
:1021A000591821F00301E160F0BD4FF0FF30F0BDA0
:1021B00037B505461820E5F3B7F3044638B30021D8
:1021C0001822E0F39BF32B68256063606B68284658
:1021D000A360FFF765FBE06088B15BF0AFD8002338
:1021E00001468DE8180028460A4A0B4BFFF7C2FF4C
:1021F0000028206103DB51F04DD8606107E0E06802
:1022000008B1FFF787FB2046E5F3A0F30024204642
:102210003EBD00BF1D1B8800F91A880010B504469A
:1022200038B1C068FFF776FB2046BDE81040E5F303
:102230008DB310BD73B505461820E5F375F304465C
:10224000002838D000211822E0F358F30C20E5F3E1
:102250006BF3064600282DD000210C22E0F34EF34C
:102260002B686661256063602846FFF73DFDA0602E
:10227000B8B15BF09DD8002301468DE828002846C0
:102280000E4A0F4BFFF776FF0028E06009DB56F09F
:1022900013DA0C4920610C4AA0680C4BFFF76CFD67
:1022A00009E0A06808B1FFF76FFD2046E5F34EF3A3
:1022B000002400E0044620467CBD00BFCD1B880002
:1022C000A91B8800C1218800B5218800A91E8800AB
:1022D00010B5044650B18068FFF756FD6069E5F31C
:1022E00035F32046BDE81040E5F330B310BD0000E3
:1022F00070B5444B86B0009300230193029303937F
:10230000414B04460493414B414905930068414ABF
:102310002346F8F7C7F9054600286FD1D4F884346E
:102320001421A3F86410A36A012683F84C00E36A21
:10233000204683F84C60A16A5EF0E8D8E16A204646
:102340005EF0E4D8204629465DF0EADBA36A83F814
:102350004D50E36A83F84D50236A1869E7F7F6FE9B
:10236000830707D5D4F884344FF0FF325E73D4F876
:102370008434DA812368D4F884545E6951F0BCD97E
:102380000146304651F052D9E862002836D0D4F8E0
:1023900084341F2283F87820D4F88404052257302F
:1023A0004FF0FF31E0F3AAF22368D4F88424B3F8A5
:1023B000C810D3F8D80051850A2151631649E1F3BA
:1023C00015F1431E0D2BD4F88454236898BF68631D
:1023D0001249D3F8D800E1F309F185F88A00D4F85E
:1023E0008434012283F85120D4F8843400201A78F0
:1023F00083F84E20D4F88434586701E04FF0FF3062
:1024000006B070BDE9398800105C0100AD1E010006
:10241000341D89006EB5020081B5020072B502005C
:10242000D0F8843410B5D96A044611B1406851F02F
:102430000BD9206802492246BDE81040F8F7D7B80A
:102440006EB5020038B503680446D0F884542749B5
:10245000D3F8D800E1F3CAF0287023682449D3F8F0
:10246000D800D4F88454E1F3C1F0E870D4F884348F
:102470001A78013AD2B2FD2A01D901221A70D4F891
:1024800084341A785A700023D4F88424D11812782E
:102490000133052B81F85220F6D1D4F88454012160
:1024A0002846E0F38BF4A870D4F88434DA78013A43
:1024B000D2B2FD2A01D90122DA70D4F88434012184
:1024C000DA785A71D4F88454E81CE0F377F4287170
:1024D000D4F8843420461A799A715DF053DAB4F84E
:1024E00058142046BDE838405DF0A49A8EB502002D
:1024F00096B5020010B50446D8B140680D49224691
:10250000FBF72BFC236A1BB104F12000DFF30CF472
:10251000237F23B1606808492246FBF708FCA068C6
:1025200006492246F8F763F82046BDE81040E5F377
:102530000DB210BDD1568800515488007E5C010058
:1025400030B5054687B02420E5F3EEF104460028B7
:102550003ED000212422E0F3D1F12B680022A360B9
:10256000AB686560E3606B68042123610823A38284
:102570002846194B8DE81400FBF7B6FB00282060B5
:1025800022DB284615492246FBF7CCFBE0B90123A4
:102590002377284612492246FBF7DAFBA0B9D5F883
:1025A000380604F12001DFF3A9F368B90D4B01905F
:1025B000009302900390049005900B4928680B4A01
:1025C0002346F8F76FF818B12046FFF793FF002471
:1025D000204607B030BD00BFC95488005154880060
:1025E000D1568800555588001C1F89007E5C01006B
:1025F000D0F8D036186ADFF35DB3D0F8D036186A59
:10260000DFF3BAB3F8B5D0F8846404460D46D1F8C8
:10261000D800C149E0F3EAF786F81C01D5F8D800E4
:10262000BE49E1F307F0D4F8846438B1D5F8D80096
:10263000BA49E0F3DBF786F8E80002E0022386F807
:10264000E830D5F8D800B649E0F3F4F7D4F884645C
:1026500038B1D5F8D800B249E0F3C8F786F8580188
:1026600002E0FF2386F85831AE49D5F8D800D4F8F7
:102670008464E0F3BBF7AC49C6F82001D5F8D80074
:10268000D4F88464E0F3B2F7A849A6F82A01D5F893
:10269000D800D4F88464E0F3A9F7A549A6F82C0182
:1026A000D5F8D800D4F88464E0F3A0F7A149A6F8DF
:1026B0002E01D5F8D800D4F88464E0F397F786F8B3
:1026C000E900D4F8843493F8E92012B9022283F89F
:1026D000E920D5F8D8009849D4F88464E0F386F767
:1026E000A6F8C600D4F88464B6F9C63013B901233D
:1026F000A6F8C630D5F8D8009049E0F377F7C6F8C9
:10270000D800D4F88464D6F8D8301BB94CF25033D2
:10271000C6F8D83096F8E93001229A40D6F8D81099
:10272000D5F8D8008A4288BFC6F8D820022212FA0B
:1027300003F38349C6F8DC30E0F358F7C6F8E40049
:10274000D4F88464D6F8E4301BB94FF49673C6F815
:10275000E430D5F8D8007B49E0F348F7A6F8C40088
:10276000D4F88464B6F9C43013B91923A6F8C43078
:10277000D5F8D8007449E0F339F786F86C01D4F83D
:10278000843493F86C2112B9052283F86C216F49C7
:10279000D5F8D800D4F88464E0F328F7D4F884346A
:1027A000A6F8F00093F81C21694983F81D21D4F89C
:1027B000843493F81D2183F84821D4F88434DA79DD
:1027C00083F8AC20D4F884341A7A83F84521D4F8FD
:1027D00084644FF6A273A6F8EA30A6F8EC30A6F8A7
:1027E000EE30D5F8D800E0F301F7A6F8F200D4F8FF
:1027F0008464B6F9F2301BB94FF6A273A6F8F23032
:1028000096F8E930012212FA03F3D6F8D82051499C
:10281000934288BFC6F8D8300023A6F8B230A6F895
:10282000B430A6F8B630C6F8B830C6F8BC30C6F832
:10283000C030D5F8D8001F46E0F3D8F686F844013A
:102840004549D5F8D800D4F88464E0F3CFF686F88B
:102850004B01D5F8D8004149D4F88464E0F3C6F6BA
:10286000D4F88434C6F8240183F82971D4F8843468
:10287000D3F824211AB94FF49B72C3F8242193F89A
:102880001D2102B10322C3F84C21C3F850210022BC
:10289000C3F85421D5F8D8003149E0F3CBF640B164
:1028A000D5F8D8002E49D4F88464E0F39FF6C6F832
:1028B0005401D5F8D8002B49E0F3BCF640B1D5F867
:1028C000D8002849D4F88464E0F390F6C6F84C01A7
:1028D000D5F8D8002449E0F3ADF640B1D5F8D800DA
:1028E0002149D4F88464E0F381F6C6F850011F4909
:1028F00022460023A068D4F88454F1F3B1F31C49B4
:10290000C5F830012246A0680023D4F88454F1F3BE
:10291000A7F3C5F83401F8BD2CB60200A4B6020036
:1029200074B6020057B60200CBB50200EEB5020045
:1029300000B6020096B602009EB5020067B602001D
:102940001FB60200BEB50200CDB60200DDB5020022
:1029500081B6020012B60200AEB50200BFB6020098
:1029600045B6020035B60200AFB602003F330100A3
:10297000AD33010038B5044680B105682246D5F86C
:1029800044010749FDF779FC284606492246FBF732
:10299000CEF92046BDE83840E4F3D8B738BD00BFD3
:1029A0001D708800B16E880037B505460820E4F335
:1029B000C1F70446C0B105600022019004212846F9
:1029C0000C4B0092FBF790F9002860600CDB284666
:1029D00009492246FBF7A6F930B9D5F84401074961
:1029E0002246FDF747FC18B12046FFF7C3FF00243D
:1029F00020463EBD596F8800B16E88001D7088006A
:102A000038B5044670B1056821462868F7F70EFF0F
:102A1000286805492246F7F7EAFD2046BDE8384018
:102A2000E4F394B738BD00BF845C010030B50546BF
:102A300087B00C20E4F37EF70446002846D0274BED
:102A400005604FF49071009301902022D5F8940610
:102A5000234BFCF711FB002838D1224BD5F8940604
:102A60008DE818004FF4907123221F4BFCF704FBF4
:102A700000282BD11D4BD5F894068DE81800402175
:102A800088221B4BFCF718FB00BBD5F8940680216D
:102A90002022184B0094FCF707FCB8B9164B0290A3
:102AA0000093164B039001930490059014492868F5
:102AB000144A2346F7F7F6FD40B9134B28680093F4
:102AC0002146124A0123F7F740FE18B12046FFF7CE
:102AD00097FF0024204607B030BD00BF2176880054
:102AE000E9738800557688000D748800C1758800E8
:102AF000D5738800BD7388005D748800BD7588003B
:102B0000781F8900845C0100701F8900317488007F
:102B100010B5044660B1074B07491B882246C358CD
:102B20001868F7F764FD2046BDE81040E4F30EB7DF
:102B300010BD00BFDA030000885C0100F0B5074655
:102B400087B01420E4F3F6F6054620B3154B06468D
:102B50000024042206F8044B1A80012347603372D4
:102B6000F4607472042101900F4A38460F4B0094B0
:102B7000FFF700FBA04270600DDB0D4B009401934A
:102B8000029403940494059438682146094A2B461C
:102B9000F7F788FD18B12846FFF7BAFF0025284649
:102BA00007B0F0BDDA030000D9778800B977880054
:102BB00029788800885C010070B5054686B0182029
:102BC000E4F3B8F6044600285AD02B680026012208
:102BD00043600560082183F8AD2001903246284605
:102BE00033460096FFF7C6FAB04220614BDB102156
:102BF0002846274A274B00960194FBF775F8B04208
:102C0000C5F898013FDB0423E360234BA060052156
:102C10008DE81800D5F894064422204BFCF72CFAD6
:102C2000002830D11E4BD5F894068DE818004FF4DB
:102C3000907144221B4BFCF71FFA002823D1D5F8D2
:102C4000940605214422184B0094FCF7CBFCD0B924
:102C5000D5F89406C0214422144B0094FCF7C2FC22
:102C600088B9134B01900093124B03900293049088
:102C7000059011492868114A2346F7F713FD10B94A
:102C8000204606B070BD2046E4F360F60024F7E766
:102C9000798188005D818800DD808800358088002A
:102CA0003581880005818800558088003D85880031
:102CB000C5828800CD858800E01F89008C5C0100FA
:102CC00010B5044648B1054922464068F7F78FFC25
:102CD0002046BDE81040E4F339B610BD8C5C01001D
:102CE00070B5054686B03020E4F31EF60446002891
:102CF00031D000213022DFF301F61A4B256000931A
:102D000000230193029303930493059328681649C3
:102D1000164A2346F7F7C6FC0646E0B9FF23A3751B
:102D20000123E3752B681249D3F8D800E0F382F44D
:102D300020B131463246E0F319F2A0752B680D49F7
:102D4000D3F8D800E0F376F448B100210A46E0F366
:102D50000DF2E07503E0284661F094DD0024204682
:102D600006B070BDA98C88001C20890056FB890024
:102D7000E3B60200EDB6020038B50446002820D0C4
:102D800061F0D4DDA36A73B1204661F099DA0AE0FC
:102D90002B6868686360E4F3D9F52846E4F3D6F558
:102DA000237D013B23756568002DF1D1236805491A
:102DB00018682246F7F71BFC2068BDE8384061F030
:102DC000619D38BD56FB8900776C635F626D6163FE
:102DD0005F696E666F5F696E6974000000000000D5
:102DE00000000000000000000000000000000000E3
:102DF00000000000000000000000000000000000D3
:102E000000000000000000000000000000000000C2
:102E100000000000000000000000000000000000B2
:102E200000000000000000000000000000000000A2
:102E30000000000000000000000000000000000092
:102E40000000000000000000000000000000000082
:102E50000000000000000000000000000000000072
:102E60000000000000000000000000000000000062
:102E70000000000000000000000000000000000052
:102E80000000000000000000000000000000000042
:102E90000000000000000000000000000000000032
:102EA0000000000000000000000000000000000022
:102EB0000000000000000000000000000000000012
:102EC0000000000000000000000000000000000002
:102ED00000000000000000000000000000000000F2
:102EE00000000000000000000000000000000000E2
:102EF00000000000000000000000000000000000D2
:102F000000000000000000000000000000000000C1
:102F100000000000000000000000000000000000B1
:102F200000000000000000000000000000000000A1
:102F30000000000000000000000000000000000091
:102F40000000000000000000000000000000000081
:102F50000000000000000000000000000000000071
:102F60000000000000000000000000000000000061
:102F70000000000000000000000000000000000051
:102F80000000000000000000000000000000000041
:102F90000000000000000000000000000000000031
:102FA0000000000000000000000000000000000021
:102FB0000000000000000000000000000000000011
:102FC0000000000000000000000000000000000001
:102FD00000000000000000000000000000000000F1
:102FE00000000000000000000000000000000000E1
:102FF00000000000000000000000000000000000D1
:1030000000000000000000000000000000000000C0
:1030100000000000000000000000000000000000B0
:1030200000000000000000000000000000000000A0
:103030000000000000000000000000000000000090
:103040000000000000000000000000000000000080
:103050000000000000000000000000000000000070
:103060000000000000000000000000000000000060
:103070000000000000000000000000000000000050
:103080000000000000000000000000000000000040
:103090000000000000000000000000000000000030
:1030A0000000000000000000000000000000000020
:1030B0000000000000000000000000000000000010
:1030C0000000000000000000000000000000000000
:1030D00000000000000000000000000000000000F0
:1030E00000000000000000000000000000000000E0
:1030F00000000000000000000000000000000000D0
:1031000000000000000000000000000000000000BF
:1031100000000000000000000000000000000000AF
:10312000000000000000000000000000000000009F
:10313000000000000000000000000000000000008F
:10314000000000000000000000000000000000007F
:10315000000000000000000000000000000000006F
:10316000000000000000000000000000000000005F
:10317000000000000000000000000000000000004F
:10318000000000000000000000000000000000003F
:10319000000000000000000000000000000000002F
:1031A000000000000000000000000000000000001F
:1031B000000000000000000000000000000000000F
:1031C00000000000000000000000000000000000FF
:1031D00000000000000000000000000000000000EF
:1031E00000000000000000000000000000000000DF
:1031F00000000000000000000000000000000000CF
:1032000000000000000000000000000000000000BE
:1032100000000000000000000000000000000000AE
:10322000000000000000000000000000000000009E
:10323000000000000000000000000000000000008E
:10324000000000000000000000000000000000007E
:10325000000000000000000000000000000000006E
:10326000000000000000000000000000000000005E
:10327000000000000000000000000000000000004E
:10328000000000000000000000000000000000003E
:10329000000000000000000000000000000000002E
:1032A000000000000000000000000000000000001E
:1032B000000000000000000000000000000000000E
:1032C00000000000000000000000000000000000FE
:1032D00000000000000000000000000000000000EE
:1032E00000000000000000000000000000000000DE
:1032F00000000000000000000000000000000000CE
:1033000000000000000000000000000000000000BD
:1033100000000000000000000000000000000000AD
:10332000000000000000000000000000000000009D
:10333000000000000000000000000000000000008D
:10334000000000000000000000000000000000007D
:10335000000000000000000000000000000000006D
:10336000000000000000000000000000000000005D
:10337000000000000000000000000000000000004D
:10338000000000000000000000000000000000003D
:10339000000000000000000000000000000000002D
:1033A000000000000000000000000000000000001D
:1033B000000000000000000000000000000000000D
:1033C00000000000000000000000000000000000FD
:1033D00000000000000000000000000000000000ED
:1033E00000000000000000000000000000000000DD
:1033F00000000000000000000000000000000000CD
:1034000000000000000000000000000000000000BC
:1034100000000000000000000000000000000000AC
:10342000000000000000000000000000000000009C
:10343000000000000000000000000000000000008C
:10344000000000000000000000000000000000007C
:10345000000000000000000000000000000000006C
:10346000000000000000000000000000000000005C
:10347000000000000000000000000000000000004C
:10348000000000000000000000000000000000003C
:10349000000000000000000000000000000000002C
:1034A000000000000000000000000000000000001C
:1034B000000000000000000000000000000000000C
:1034C00000000000000000000000000000000000FC
:1034D00000000000000000000000000000000000EC
:1034E00000000000000000000000000000000000DC
:1034F00000000000000000000000000000000000CC
:1035000000000000000000000000000000000000BB
:1035100000000000000000000000000000000000AB
:10352000000000000000000000000000000000009B
:10353000000000000000000000000000000000008B
:10354000000000000000000000000000000000007B
:10355000000000000000000000000000000000006B
:10356000000000000000000000000000000000005B
:10357000000000000000000000000000000000004B
:10358000000000000000000000000000000000003B
:10359000000000000000000000000000000000002B
:1035A000000000000000000000000000000000001B
:1035B000000000000000000000000000000000000B
:1035C00000000000000000000000000000000000FB
:1035D00000000000000000000000000000000000EB
:1035E00000000000000000000000000000000000DB
:1035F00000000000000000000000000000000000CB
:1036000000000000000000000000000000000000BA
:1036100000000000000000000000000000000000AA
:10362000000000000000000000000000000000009A
:10363000000000000000000000000000000000008A
:10364000000000000000000000000000000000007A
:10365000000000000000000000000000000000006A
:10366000000000000000000000000000000000005A
:10367000000000000000000000000000000000004A
:10368000000000000000000000000000000000003A
:10369000000000000000000000000000000000002A
:1036A000000000000000000000000000000000001A
:1036B000000000000000000000000000000000000A
:1036C00000000000000000000000000000000000FA
:1036D00000000000000000000000000000000000EA
:1036E00000000000000000000000000000000000DA
:1036F00000000000000000000000000000000000CA
:1037000000000000000000000000000000000000B9
:1037100000000000000000000000000000000000A9
:103720000000000000000000000000000000000099
:103730000000000000000000000000000000000089
:103740000000000000000000000000000000000079
:103750000000000000000000000000000000000069
:103760000000000000000000000000000000000059
:103770000000000000000000000000000000000049
:103780000000000000000000000000000000000039
:103790000000000000000000000000000000000029
:1037A0000000000000000000000000000000000019
:1037B0000000000000000000000000000000000009
:1037C00000000000000000000000000000000000F9
:1037D00000000000000000000000000000000000E9
:1037E00000000000000000000000000000000000D9
:1037F00000000000000000000000000000000000C9
:1038000000000000000000000000000000000000B8
:1038100000000000000000000000000000000000A8
:103820000000000000000000000000000000000098
:103830000000000000000000000000000000000088
:103840000000000000000000000000000000000078
:103850000000000000000000000000000000000068
:103860000000000000000000000000000000000058
:103870000000000000000000000000000000000048
:103880000000000000000000000000000000000038
:103890000000000000000000000000000000000028
:1038A0000000000000000000000000000000000018
:1038B0000000000000000000000000000000000008
:1038C00000000000000000000000000000000000F8
:1038D00000000000000000000000000000000000E8
:1038E00000000000000000000000000000000000D8
:1038F00000000000000000000000000000000000C8
:1039000000000000000000000000000000000000B7
:1039100000000000000000000000000000000000A7
:103920000000000000000000000000000000000097
:103930000000000000000000000000000000000087
:103940000000000000000000000000000000000077
:103950000000000000000000000000000000000067
:103960000000000000000000000000000000000057
:103970000000000000000000000000000000000047
:103980000000000000000000000000000000000037
:103990000000000000000000000000000000000027
:1039A0000000000000000000000000000000000017
:1039B0000000000000000000000000000000000007
:1039C00000000000000000000000000000000000F7
:1039D00000000000000000000000000000000000E7
:1039E00000000000000000000000000000000000D7
:1039F00000000000000000000000000000000000C7
:103A000000000000000000000000000000000000B6
:103A100000000000000000000000000000000000A6
:103A20000000000000000000000000000000000096
:103A30000000000000000000000000000000000086
:103A40000000000000000000000000000000000076
:103A50000000000000000000000000000000000066
:103A60000000000000000000000000000000000056
:103A70000000000000000000000000000000000046
:103A80000000000000000000000000000000000036
:103A90000000000000000000000000000000000026
:103AA0000000000000000000000000000000000016
:103AB0000000000000000000000000000000000006
:103AC00000000000000000000000000000000000F6
:103AD00000000000000000000000000000000000E6
:103AE00000000000000000000000000000000000D6
:103AF00000000000000000000000000000000000C6
:103B000000000000000000000000000000000000B5
:103B100000000000000000000000000000000000A5
:103B20000000000000000000000000000000000095
:103B30000000000000000000000000000000000085
:103B40000000000000000000000000000000000075
:103B50000000000000000000000000000000000065
:103B60000000000000000000000000000000000055
:103B70000000000000000000000000000000000045
:103B80000000000000000000000000000000000035
:103B90000000000000000000000000000000000025
:103BA0000000000000000000000000000000000015
:103BB0000000000000000000000000000000000005
:103BC00000000000000000000000000000000000F5
:103BD00000000000000000000000000000000000E5
:103BE00000000000000000000000000000000000D5
:103BF00000000000000000000000000000000000C5
:103C000000000000000000000000000000000000B4
:103C100000000000000000000000000000000000A4
:103C20000000000000000000000000000000000094
:103C30000000000000000000000000000000000084
:103C40000000000000000000000000000000000074
:103C50000000000000000000000000000000000064
:103C60000000000000000000000000000000000054
:103C70000000000000000000000000000000000044
:103C80000000000000000000000000000000000034
:103C90000000000000000000000000000000000024
:103CA0000000000000000000000000000000000014
:103CB0000000000000000000000000000000000004
:103CC00000000000000000000000000000000000F4
:103CD00000000000000000000000000000000000E4
:103CE00000000000000000000000000000000000D4
:103CF00000000000000000000000000000000000C4
:103D000000000000000000000000000000000000B3
:103D100000000000000000000000000000000000A3
:103D20000000000000000000000000000000000093
:103D30000000000000000000000000000000000083
:103D40000000000000000000000000000000000073
:103D50000000000000000000000000000000000063
:103D60000000000000000000000000000000000053
:103D70000000000000000000000000000000000043
:103D80000000000000000000000000000000000033
:103D90000000000000000000000000000000000023
:103DA0000000000000000000000000000000000013
:103DB0000000000000000000000000000000000003
:103DC00000000000000000000000000000000000F3
:103DD0000000000000000000000000006465616455
:103DE0006D616E5F746F0072616D73746279646986
:103DF0007300646561646D616E5F746F00737069F8
:103E00005F70755F656E6162005344494F4445566B
:103E1000006773706964776F72640050434D434963
:103E2000414445560073645F6F6F626F6E6C79003A
:103E300073645F67706F757400475350492044770F
:103E40006F7264204D6F646520656E61626C65649D
:103E50000A0073645F677064630073645F67707601
:103E6000616C0025733A2042726F6164636F6D204C
:103E7000534450434D442043444320647269766563
:103E8000720A00736470636D646364632564005335
:103E900044494F000A525445202825732D25732587
:103EA00073257329202573206F6E2042434D25739F
:103EB0002072256420402025642E25642F25642E41
:103EC00025642F25642E25644D487A0A000043445A
:103ED00043006E6F637263006E6F7469665F6300A8
:103EE0006E6F7469665F73006F66646D3267706FC2
:103EF0003D307825780070612564677725646125F9
:103F0000643D3078257800706131686962303D2504
:103F10006400706131686962313D2564007061310F
:103F2000686962323D2564006761696E6374726C12
:103F30007370683D2564007061316D6178707772CF
:103F40003D2564006D656173706F77657225643D12
:103F5000307825780072786761696E73256467250B
:103F6000637472656C6E616279706125643D25646D
:103F700000706132676125643D307825782C307897
:103F800025782C307825780072737369736D6335EA
:103F9000673D256400757362666C6167733D3078B8
:103FA0002578007061326763636B6125643D30780A
:103FB00025782C307825782C307825780070646549
:103FC0007472616E676532673D307825780075736D
:103FD000623330753175323D307825780073756203
:103FE00076656E6469643D30782578006167256484
:103FF0003D30782578006F656D3D2530327825306D
:1040000032782530327825303278253032782530B4
:1040100032782530327825303278006F66646D70E2
:104020006F3D307825780074656D706F66667365D6
:10403000743D2564006D656173706F7765723D3006
:104040007825780072737369736D6632673D2564F5
:10405000007061706172616D62777665723D256492
:1040600000646F74313161676F66646D6872627786
:1040700032303267706F3D30782578006974743261
:104080006761303D307825780062786132673D2580
:10409000640072737369736D6332673D25640070E9
:1040A000613567627734306125643D307825782C3E
:1040B000307825782C307825782C307825782C307D
:1040C0007825782C307825782C307825782C307825
:1040D00025782C307825782C307825782C30782568
:1040E000782C30782578006D6373627732303567CD
:1040F0006C706F3D307825780000006D63736277D7
:104100003230756C35676C706F3D30782578006D96
:1041100063736277343035676C706F3D3078257823
:1041200000000075736275746D695F63746C3D3077
:104130007825780065787470616761696E32673DD3
:104140003078257800616E74737763746C32673DE4
:10415000307825780070726F647563746E616D6578
:104160003D25730074785F647574795F6379636C5F
:10417000655F7468726573685F25645F35673D25A8
:10418000640072786761696E657272326761256476
:104190003D3078257800616730006D617870326756
:1041A0006125643D30782578006277647570706FA2
:1041B0003D30782578006E6F6973656C766C356775
:1041C0006125643D25642C25642C25642C25640020
:1041D00062773430706F3D307825780070613567D4
:1041E000627738306125643D307825782C30782529
:1041F000782C307825782C307825782C30782578F4
:104200002C307825782C307825782C307825782C2F
:10421000307825782C307825782C307825782C301B
:10422000782578007573623330753175323D30789A
:104230002578007064657472616E676535673D301E
:10424000782578006D6163616464723D2573007444
:10425000656D70735F687973746572657369733DBA
:104260002564006D6373256467706F25643D307845
:10427000257800626F617264666C616773323D30ED
:1042800078257800626F617264666C616773333D94
:1042900030782578006C6564626825643D30782547
:1042A000780072786761696E73256467256374723C
:1042B00069736F6125643D256400616132673D303B
:1042C0007825780070726F6469643D3078257800D5
:1042D00074656D707468726573683D256400636809
:1042E00069707265763D2564006C65676F66646D04
:1042F0006277323035676C706F3D3078257800001A
:10430000006C65676F66646D62773230756C356717
:104310006C706F3D30782578006C65676F66646DF2
:104320006277323035676D706F3D307825780000E8
:10433000006C65676F66646D62773230756C3567E7
:104340006D706F3D30782578006C65676F66646DC1
:1043500062773230356768706F3D307825780000BD
:10436000006C65676F66646D62773230756C3567B7
:1043700068706F3D307825780075736266733D25EF
:10438000640074656D70735F706572696F643D255C
:10439000640073623430616E64383025637235674F
:1043A0002563706F3D307825780063633D25640098
:1043B0002004D002A6A9FFFF646F743131616764E5
:1043C0007570256372706F3D307825780061676184
:1043D00025643D3078257800747269736F35673DC8
:1043E000307825780074656D7073656E73655F73E2
:1043F0006C6F70653D2564006D617870356761256F
:10440000643D307825782C307825782C30782578E4
:104410002C30782578007061316974737369743D4C
:1044200025640070613062303D2564007061306247
:10443000313D25640070613062323D256400706159
:1044400035676125643D307825782C307825782CC7
:10445000307825782C307825782C307825782C30D9
:104460007825782C307825782C307825782C307881
:1044700025782C307825782C307825782C307825C4
:1044800078006D63736277383035672563706F3DF0
:10449000307825780073756262616E643567766581
:1044A000723D2564007273736973617635673D25CB
:1044B00064006D6373627732303267706F3D3078BD
:1044C00025780000006D637362773230756C326757
:1044D000706F3D30782578006D63736277343032C9
:1044E00067706F3D307825780000007265677265EF
:1044F000763D30782578006363746C3D307825789C
:10450000006E6F6973656C766C32676125643D255A
:104510006400757362333072656773303D3078259F
:10452000782C307825782C307825782C30782578C0
:104530002C307825782C307825782C307825782CFC
:10454000307825782C307825782C307825780075CF
:104550007362333072656773313D307825782C3063
:104560007825782C307825782C307825782C307880
:1045700025782C307825782C307825782C307825C3
:10458000782C307825782C307825780063636B7030
:104590006F3D307825780074726935673D25640079
:1045A00063636B64696766696C74747970653D25D3
:1045B000640076656E6469643D30782578006665D0
:1045C0006D6374726C3D256400757362333072657F
:1045D000677325643D307825782C307825782C3029
:1045E0007825782C307825780070646F666673655E
:1045F00074326725646D6125643D307825780075D7
:10460000736265706E756D3D30782578007061312C
:1046100068696D61787077723D25640072786368AF
:1046200061696E3D3078257800626F617264666CF6
:104630006167733D307825780070613162303D25C7
:10464000640070613162313D256400706131623215
:104650003D2564007478636861696E3D3078257823
:104660000072786761696E732564672563656C6E97
:10467000616761696E6125643D2564006770646EE1
:104680003D30782578007061306D61787077723DCB
:1046900025640062786135673D2564006167626763
:1046A00025643D307825780075736273737068797E
:1046B0005F736C656570303D307825780075736286
:1046C00073737068795F736C656570313D30782500
:1046D000780075736273737068795F736C65657069
:1046E000323D307825780075736273737068795F36
:1046F000736C656570333D30782578006C65646453
:10470000633D307825303478006D63733332706FD9
:104710003D30782578007273736973617632673D36
:104720002564006F706F3D256400697474326761A1
:10473000313D30782578007278706F35673D25649B
:104740000065787470616761696E35673D30782502
:1047500078006F66646D356768706F3D30782578D6
:104760000074776F72616E6765747373692564672F
:104770003D25640073623230696E34302563727097
:104780006F3D30782578006D616E6669643D3078E4
:10479000257800656C6E6132673D3078257800724F
:1047A0007063616C32673D3078257800000000004E
:1047B000000000727063616C356762303D307825AF
:1047C00078000000000000727063616C3567623130
:1047D0003D30782578000000000000727063616C45
:1047E000356762323D3078257800000000000072A5
:1047F0007063616C356762333D3078257800000066
:1048000000000070613062305F6C6F3D25640070A5
:10481000613062315F6C6F3D2564007061306232DF
:104820005F6C6F3D25640073623230696E383061B1
:104830006E6431363025637235672563706F3D30A5
:1048400078257800636464706F3D30782578006265
:104850006F617264747970653D3078257800616E9F
:10486000747377697463683D3078257800626F618E
:1048700072646E756D3D25640072646C69643D30D0
:10488000782578007874616C667265713D256400E6
:104890006D61787035676861303D307825780072D9
:1048A000786761696E73256467656C6E61676169BD
:1048B0006E6125643D25640075736273736D646970
:1048C0006F25643D307825782C307825782C307829
:1048D00025782C3078257800737562646576696474
:1048E0003D30782578007061316C6F62303D256411
:1048F000007061316C6F62313D2564007061316C14
:104900006F62323D25640073746263706F3D30786E
:1049100025780072786761696E6572723567612506
:10492000643D307825782C307825782C30782578BF
:104930002C30782578007061316C6F6D61787077FC
:10494000723D25640070646F666673657425646DDE
:104950006125643D307825780074656D70636F72F1
:1049600072783D2564006F66646D3567706F3D3009
:10497000782578007573626E6F73733D3078257893
:1049800000616135673D3078257800637573746F19
:104990006D76617225643D307825780074785F64A7
:1049A0007574795F6379636C655F6F66646D5F25AD
:1049B000645F35673D256400757569643D25730046
:1049C000757362646573635F636F6D706F73697431
:1049D000653D307825780074656D7073656E73651C
:1049E0005F6F7074696F6E3D256400706170646301
:1049F00061702564673D2564006C65676F66646D52
:104A0000627732303267706F3D3078257800000071
:104A10006C65676F66646D62773230756C32677093
:104A20006F3D307825780070646761696E25646732
:104A30003D2564006D617870356761303D307825C3
:104A400078006D617870356761313D307825780088
:104A50006D63732564672563706F25643D30782529
:104A6000780070687963616C5F74656D7064656C03
:104A700074613D2564007061256467256377256452
:104A80006125643D307825780063636F64653D304F
:104A900078300072656777696E646F77737A3D2549
:104AA00064006F66646D6C72627732303267706F6B
:104AB0003D3078257800776F776C5F6770696F702D
:104AC0006F6C3D256400616E74737763746C356739
:104AD0003D307825780063636B3267706F3D3078C6
:104AE00025780074726932673D25640063636B62E8
:104AF0007732303267706F3D307825780000006380
:104B0000636B62773230756C3267706F3D30782539
:104B10007800697474356761303D307825780069B4
:104B20007474356761313D30782578006D63736C3E
:104B30007235672563706F3D307825780070646F3B
:104B40006666736574326725646D76616C69643D71
:104B5000307825780072786761696E7325646774B0
:104B600072656C6E616279706125643D25640062D6
:104B70006F6172647265763D307825780072617776
:104B800074656D7073656E73653D3078257800755A
:104B9000736273737068795F75746D695F63746C49
:104BA000303D307825780075736273737068795F73
:104BB00075746D695F63746C313D3078257800756C
:104BC000736273737068795F75746D695F63746C19
:104BD000323D307825780000000000006F66646D7B
:104BE00035676C706F3D307825780070613069747E
:104BF000737369743D25640074737369706F7335E2
:104C0000673D30782578007278706F32673D256493
:104C10000074737369706F73736C6F70652564676C
:104C20003D2564007472693567683D2564006D61D7
:104C30006E663D25730074726935676C3D256400AE
:104C40006D637362773230356768706F3D307825F9
:104C5000780000006D637362773230756C35676879
:104C6000706F3D30782578006D637362773430352E
:104C70006768706F3D3078257800000073726F6D43
:104C80007265763D2564006C65676F66646D3430CF
:104C9000647570706F3D30782578006D617870357F
:104CA000676861313D307825780064657669643DD8
:104CB000307825780072786761696E73256467744F
:104CC0007269736F6125643D2564006D617870358C
:104CD000676C61303D30782578006D61787035679C
:104CE0006C61313D30782578006570616761696E6F
:104CF0002564673D2564007770736770696F3D2593
:104D00006400776F776C5F6770696F3D2564007230
:104D1000737369736D6635673D25640074726973DA
:104D20006F32673D307825780074737369706F73E4
:104D300032673D30782578007770736C65643D2567
:104D40006400656C6E6135673D3078257800706170
:104D500035676277343038306125643D30782578A6
:104D60002C307825782C307825782C307825782CC4
:104D7000307825782C307825782C307825782C30B0
:104D80007825782C307825782C307825782C307858
:104D900025782C30782578006D6373627732303552
:104DA000676D706F3D307825780000006D63736229
:104DB000773230756C35676D706F3D3078257800CF
:104DC0006D63736277343035676D706F3D30782571
:104DD0007800000063636F64653D25632563006DA3
:104DE0006373627731363035672563706F3D307895
:104DF000257800496E76616C69642F556E73757005
:104E0000706F72746564207874616C2076616C7563
:104E10006520256400726D696E00636C646F5F626B
:104E20007572737400706C6C2564006C6E6C646FCA
:104E30003100722564640072256474007874616CBA
:104E400066726571000000000C0000000200160090
:104E50000200000004000D000700000001000A002D
:104E60000800000004000D000A00000004000D000E
:104E70000D000000010007001700000004000400FE
:104E80001B000000040001001C00000001000700DE
:104E9000000000000200020001000000010001000B
:104EA00003000000020002000400000001000100F5
:104EB00005000000010001000600000001000100E3
:104EC00009000000010005000B00000001000100C6
:104ED0000C000000020030000E0000000100010084
:104EE0000F0000000100010010000000010001009F
:104EF0001100000001000100120000000300030087
:104F00001300000001000100140000000100010076
:104F10001500000001000100160000000100010062
:104F20001800000002001300190000000200130026
:104F30001A000000020013001D0000000100010023
:104F40001E000000010001000C0000000200300003
:104F5000726D61780000004B00079065000C18929C
:104F6000000F6C706C646F310000000001000000E5
:104F7000000000000000000000000000020000002F
:104F8000000000000100000000000000040000001C
:104F90000000000003000000000000000800000006
:104FA00000000000000000000000000010000000F1
:104FB00000000000070000000000000020000000CA
:104FC0000000000057110000000000004000000039
:104FD0000000000017010000000000008000000039
:104FE0000000000057010000000000000001000068
:104FF00000000000030000000000000000020000AC
:10500000000000000000000000000000000400009C
:105010000000000003000000000000000008000085
:105020000000000007040000000000000010000065
:1050300000000000570100000000000000200000F8
:1050400000000000D7150000000000000040000034
:1050500000000000F7BDC20E00000000008000004C
:1050600000000000F73DC20E00000000000001003B
:10507000000000000000000000000000000002002E
:1050800000000000F73DC00E00000000000004001A
:1050900000000000F73DC20E000000000000080004
:1050A00000000000F73DC20E0000000000001000EC
:1050B00000000000F73DC0060000000000002000D6
:1050C00000000000F73DDA0E000000000000400084
:1050D00000000000F73D0006000000000000800016
:1050E00000000000F73D4006000000000000000145
:1050F00000000000000000000000000000000002AE
:1051000000000000D70100000000000000000004C3
:1051100000000000D70D00000000000000000008A3
:1051200000000000F73DC006000000000000001075
:1051300000000000F73DCA0E000000000000002043
:1051400000000000F73DCA1E000000000000004003
:1051500000000000F73DFA3E000000007265672580
:105160006400636C646F5F70776D0063686970637F
:10517000256400626F617264747970650070726F8B
:1051800064696400737764656E61626C6500677062
:10519000646E00626F617264666C61677300627452
:1051A0006378776172666C616773007874616C66AE
:1051B00072657100626F6172647265760064657613
:1051C0006964006D7578656E616200776C30696442
:1051D00000776C25643A2042726F6164636F6D20C2
:1051E00042434D2573203830322E313120576972B9
:1051F000656C65737320436F6E74726F6C6C65724F
:105200002025730A0074656D705F74686F72745F37
:105210006D6F6E69746F725F74696D650074785F2D
:105220006D696E696D756D5F647574795F637963BF
:105230006C650074785F647574795F6379636C651D
:105240005F63636B0061676267300061676267314B
:105250000061676267320074656D706261736564D6
:105260005F647574795F6379636C655F656E006117
:1052700061300074785F647574795F6379636C651D
:105280005F6F66646D000000113382002534820078
:1052900000000000000000004E5652414D5265765D
:1052A00000736172326700616132670020432543F9
:1052B000034321432443184319431A43114313431F
:1052C00012431443154316431B431C431D432843F9
:1052D00029432A432B432C432D434143404350430E
:1052E00051435243534357439DA9760554435F436B
:1052F0003F434F432F4334433543364337433843CB
:10530000394316474847274743436043464347438B
:105310004843314332433343AA43584359435A43E2
:10532000A9435543564363438043814382436443C7
:105330006543664374436743A043A143A243AE431E
:10534000AF43B043AB43AC43AD43E343E443E54336
:10535000E243D043D143D243BA43BB43BC43B143FE
:10536000B243B343A343A443A543B743B843B943AC
:10537000C043C143C243D343D443D543D643D743A9
:10538000D843D943DA43DB43DF43E043E143EC4313
:10539000ED43EE43E943EA43EB432243D6A867A833
:1053A00068A89CA9D8A89DA91343144386A8314393
:1053B000A7A9DBA8D1A8DCA8A4A952AAC6A902AAB9
:1053C00031AA32AA74785F74656D705F7468726513
:1053D00073680064657669640031316E5F64697377
:1053E00061626C650061673000616B6D00000000F8
:1053F000299483005DB783000592830000000000BC
:1054000045338400DD398400000000000000000006
:105410007A6263786763696770696F00616E74733D
:105420007763746C326700616E74737763746C3584
:105430006700776C25643A646D61256400616132B0
:1054400067006C74656378666E73656C0062746384
:105450005F6D6F646500626F617264666C61677333
:10546000006D616361646472006C7465637870617F
:10547000646E756D0076656E646964007A62637847
:10548000666E73656C00627463786C657363616EDD
:10549000007A6263787061646E756D006375737411
:1054A0006F6D7661723100637573746F6D766172C2
:1054B00032006274635F706172616D7325640062B3
:1054C00074635F666C61677300627463787761729E
:1054D000666C61677300626F617264666C616773AA
:1054E00032006C746563786763696770696F006226
:1054F0006F617264666C6167733400626F617264BD
:105500007265760064657669640073726F6D7265AA
:10551000760062745F64656661756C745F616E7459
:10552000006D6F6E69746F725F74696D655F6F7522
:10553000740062746364796E5F64656661756C742F
:105540005F6274635F6D6F64650070726F74656332
:105550007465645F74696D655F6F75740062746310
:1055600064796E5F6D73775F726F7730006274631A
:1055700064796E5F6D73775F726F77310062746309
:1055800064796E5F6D73775F726F773200627463F8
:1055900064796E5F64736E735F726F7773006274A9
:1055A0006364796E5F636F65785F74776F5F616E58
:1055B00074007478635F6475725F74687265736891
:1055C0000062746364796E5F6D73775F726F7733B7
:1055D0000062746364796E5F6D73775F726F777367
:1055E0000062746364796E5F64666C745F64736E8A
:1055F000735F6C6576656C0062746364796E5F627C
:1056000074727373695F6879737465720070726F16
:10561000745F6274727373695F7468726573680033
:105620006374733273656C665F6475725F746872FD
:1056300065736800616C6572745F74696D655F6F36
:1056400075740062746364796E5F686967685F642B
:10565000736E735F6C6576656C007266615F636F15
:10566000756E745F746872657368006274636479E0
:105670006E5F6D69645F64736E735F6C6576656C95
:105680000062746364796E5F6C6F775F64736E73CE
:105690005F6C6576656C0062746364796E5F666CDE
:1056A0006167730062746364796E5F64736E735FC5
:1056B000726F77300062746364796E5F64736E73C7
:1056C0005F726F77310062746364796E5F64736ECA
:1056D000735F726F77320062746364796E5F6473B4
:1056E0006E735F726F77330073636F5F727373698A
:1056F0005F7468726573680063636F6465006363F9
:1057000000726567726576006576656E7471006813
:1057100073323000B1968600F1968600618486006F
:10572000B1848600B1968600F19686006184860079
:10573000B1848600B1968600F19686002D8586009C
:1057400099868600000000000000000000000000B4
:10575000000000002D85860099868600000000006C
:1057600000000000B1968600F1968600B196860092
:10577000F1968600B1968600F19686000000000042
:105780000D060F00000000000406300400000000B9
:105790000206400672737369636F72726E6F726D88
:1057A00000676C616369616C74696D657200636147
:1057B0006C5F706572696F64006C64706300747311
:1057C00073696C696D75636F640025732E66616221
:1057D0002E25640074656D70746872657368002EA0
:1057E0006661622E00747870777262636B6F660018
:1057F000696E746572666572656E636500676C6973
:105800007463685F62617365645F6372736D696E10
:105810000032675F6367610072737369636F7272EE
:10582000617474656E0070687963616C5F74656D36
:105830007064656C74610074656D70735F68797312
:10584000746572657369730072737369636F7272E2
:10585000706572726732670074737369666C6F6F1C
:1058600072326700766261745F61646400706170B7
:105870006476616C696474657374007377646976C7
:105880005F6770696F5F31006D63733267706F308F
:105890000073707572636F6E666967006D63733253
:1058A00067706F310063636B64696766696C7474F9
:1058B0007970650065755F656474687265736832D8
:1058C00067007265645F7278626C6F636B696E67A4
:1058D000000001006C094B00760113003230160005
:1058E0000300417E0006000AD903270025000000BE
:1058F000910900006C090000000005035BE7080047
:105900003F5812122F141F1F1F1F20512761000024
:1059100009603F70020071094B00760113003230BC
:1059200016000300417E0006000AD9032700250067
:1059300000009109000071090000000007030D82BA
:1059400008003F5812122F141F1F1F1F20512761DC
:10595000000009603F70030076094B0076011300D8
:10596000323016000300417E0006000AD9032700EA
:1059700025000000910900007609000000000903DD
:10598000BF1C08003F5812122F141F1F1F1F205149
:105990002761000009603F7004007B094B0076011D
:1059A0001300323016000300417E0006000AD903BE
:1059B000270025000000910900007B09000000007D
:1059C0000A0371B708003F5812122F141F1F1F1F20
:1059D00020512761000009603F70050080094B00DD
:1059E00076011300323016000300417E0006000AE3
:1059F000D90327002500000091090000800900005C
:105A000000000C03235208003F5812122F141F1FCE
:105A10001F1F21512761000009603F7006008509A2
:105A20004B0076011300323016000300417E000661
:105A3000000AD9032700250000009109000085090C
:105A4000000000000D03D5EC08003F5812122F147F
:105A50001F1F1F1F21512761000009603F700700B1
:105A60008A094B0076011300323016000300417E94
:105A70000006000AD9032700250000009109000054
:105A80008A09000000000F03878708003F581212A0
:105A90002F141F1F1F1F21512761000008603F7036
:105AA00008008F094B007601130032301600030006
:105AB000417E0006000AD903270025000000910955
:105AC00000008F09000000001103392208003F5830
:105AD00012122F141F1F1F1F215127610000086081
:105AE0003F70090094094B00760113003230160014
:105AF0000300417E0006000AD903270025000000AC
:105B0000910900009409000000001203EBBC08009A
:105B10003F5812122F141F1F1F1F21512761000011
:105B200008603F600A0099094B007601130032308B
:105B300016000300417E0006000AD9032700250055
:105B400000009109000099090000000014039D570E
:105B500008003F5812122F141F1F1F1F21512761C9
:105B6000000008603F600B009E094B0076011300A7
:105B7000323016000300417E0006000AD9032700D8
:105B800025000000910900009E0900000000150397
:105B90004FF208003F5812122F141F1F1F1F2151D0
:105BA0002761000007603F600C00A3094B007601ED
:105BB0001300323016000300417E0006000AD903AC
:105BC00027002500000091090000A3090000000043
:105BD0001703018D08003F5812122F141F1F1F1F9B
:105BE00021512761000007603F600D00A8094B00AC
:105BF00076011300323016000300417E0006000AD1
:105C0000D90327002500000091090000A809000021
:105C100000001903B32708003F5812122F141F1F4A
:105C20001F1F21512861000007603F600E00B4096A
:105C30004B0076011300323016000300417E00064F
:105C4000000AD90327002500000091090000B409CB
:105C5000000000001D035E0108003F5812122F14BF
:105C60001F1F1F1F21512861000007603F606D61E9
:105C7000787032676130000001006C093400040163
:105C80000D0023304F000300417E0006000AD903B7
:105C900027001A000000A20900006C0900000000A3
:105CA000B208277608003F5817173C191F1F1F1FFF
:105CB0003B511961000009603F7002007109340016
:105CC00004010D0023304F000300417E0006000A4E
:105CD000D90327001A000000A20900007109000082
:105CE0000000B708B11308003F5817173C191F1FD1
:105CF0001F1F3B511961000009603F7003007609C6
:105D0000340004010D0023304F000300417E0006E3
:105D1000000AD90327001A000000A2090000760932
:105D200000000000BB083BB108003F5817173C19A2
:105D30001F1F1F1F3C511961000009603F700400C4
:105D40007B09340004010D0023304F000300417E25
:105D50000006000AD90327001A000000A20900006B
:105D60007B0900000000C008C44E08003F58171708
:105D70003C191F1F1F1F3C511961000009603F7033
:105D800005008009340004010D0023304F0003009A
:105D9000417E0006000AD90327001A000000A2096C
:105DA0000000800900000000C4084EEC08003F58C5
:105DB00017173C191F1F1F1F3C5119610000096074
:105DC0003F7006008509340004010D0023304F00A8
:105DD0000300417E0006000AD90327001A000000D4
:105DE000A2090000850900000000C908D889080040
:105DF0003F5817173C191F1F1F1F3C511961000006
:105E000009603F7007008A09340004010D00233047
:105E10004F000300417E0006000AD90327001A0044
:105E20000000A20900008A0900000000CE086227D5
:105E300008003F5817173C191F1F1F1F3C511961BD
:105E4000000008603F7008008F09340004010D0055
:105E500023304F000300417E0006000AD9032700CB
:105E60001A000000A20900008F0900000000D208FB
:105E7000ECC408003F5817173C191F1F1F1F3C5147
:105E80001961000008603F700900940934000401A2
:105E90000D0023304F000300417E0006000AD903A5
:105EA00027001A000000A209000094090000000069
:105EB000D708766208003F5817173C191F1F1F1F8D
:105EC0003C511961000008603F600A0099093400E4
:105ED00004010D0023304F000300417E0006000A3C
:105EE000D90327001A000000A20900009909000048
:105EF0000000DC08000008003F5817173C191F1F5E
:105F00001F1F3C511961000008603F600B009E0993
:105F1000340004010D0023304F000300417E0006D1
:105F2000000AD90327001A000000A20900009E09F8
:105F300000000000E008899D08003F5817173C1931
:105F40001F1F1F1F3D511961000007603F600C00BB
:105F5000A309340004010D0023304F000300417EEB
:105F60000006000AD90327001A000000A209000059
:105F7000A30900000000E508133B08003F5817176D
:105F80003C191F1F1F1F3D511961000007603F6032
:105F90000D00A809340004010D0023304F00030058
:105FA000417E0006000AD90327001A000000A2095A
:105FB0000000A80900000000E9089DD808003F582B
:105FC00017173C191F1F1F1F3D5119610000076063
:105FD0003F600E00B409340004010D0023304F006F
:105FE0000300417E0006000AD90327001A000000C2
:105FF000A2090000B40900000000F4084EEC0800FB
:106000003F5817173C191F1F1F1F3D5119610000F2
:1060100007603F6070726F70627732303267706F06
:106020000072636F725F61636900706D696E00700A
:106030006170646D6F64650063616C696478657339
:106040007474617267657432670063616C69647847
:1060500065737462617365326700706132676130C5
:106060005F6C6F0063636B3267706F0063636B73A9
:1060700063616C650074656D705F6D756C74007044
:106080006170646570736F6666736574006F6664D3
:106090006D3267706F00706163616C69647832673C
:1060A0000073776469765F73776374726C5F656E93
:1060B000006F66646D64696766696C747479706595
:1060C0006265004176566D6964495163616C006395
:1060D000636B6964787063686F6666730074656D7E
:1060E000705F6164640073776469765F6770696F7D
:1060F000006D6373627732303267706F0070617069
:1061000064656E646964780001006C092600C00053
:106110000A001A3080000300417E0006000AD903FD
:10612000270013000000B00900006C090000000007
:10613000C70B000008003F5817173C191F1F1F1FEF
:1061400050511961000009603F700200710926007A
:10615000C0000A001A3080000300417E0006000AD9
:10616000D903270013000000B009000071090000E6
:106170000000CD0B004008003F5817173C191F1FA7
:106180001F1F51511961000009603F70030076091B
:106190002600C0000A001A3080000300417E00067D
:1061A000000AD903270013000000B0090000760997
:1061B00000000000D30B008008003F5817173C195F
:1061C0001F1F1F1F51511961000009603F7004001B
:1061D0007B092600C0000A001A3080000300417EBF
:1061E0000006000AD903270013000000B0090000D0
:1061F0007B0900000000D90B00C008003F581717AA
:106200003C191F1F1F1F51511961000009603F7089
:10621000050080092600C0000A001A308000030033
:10622000417E0006000AD903270013000000B009D0
:106230000000800900000000E00B000008003F584B
:1062400017173C191F1F1F1F5151196100000960CA
:106250003F70060085092600C0000A001A30800041
:106260000300417E0006000AD90327001300000046
:10627000B0090000850900000000E60B004008009E
:106280003F5817173C191F1F1F1F5151196100005C
:1062900009603F7007008A092600C0000A001A3012
:1062A00080000300417E0006000AD9032700130086
:1062B0000000B00900008A0900000000EC0B00801B
:1062C00008003F5817173C191F1F1F1F5151196114
:1062D000000008603F7008008F092600C0000A0017
:1062E0001A3080000300417E0006000AD90327000F
:1062F00013000000B00900008F0900000000F20B3D
:1063000000C008003F5817173C191F1F1F1F52518C
:106310001961000008603F70090094092600C00060
:106320000A001A3080000300417E0006000AD903EB
:10633000270013000000B0090000940900000000CD
:10634000F90B000008003F5817173C191F1F1F1FAB
:1063500052511961000008603F600A009909260047
:10636000C0000A001A3080000300417E0006000AC7
:10637000D903270013000000B009000099090000AC
:106380000000FF0B004008003F5817173C191F1F63
:106390001F1F52511961000008603F600B009E09E9
:1063A0002600C0000A001A3080000300417E00066B
:1063B000000AD903270013000000B00900009E095D
:1063C00000000000050C008008003F5817173C191A
:1063D0001F1F1F1F52511961000007603F600C0012
:1063E000A3092600C0000A001A3080000300417E85
:1063F0000006000AD903270013000000B0090000BE
:10640000A309000000000B0C00C008003F5817173C
:106410003C191F1F1F1F52511961000007603F6088
:106420000D00A8092600C0000A001A3080000300F1
:10643000417E0006000AD903270013000000B009BE
:106440000000A80900000000120C000008003F58DE
:1064500017173C191F1F1F1F5251196100000760B9
:106460003F600E00B4092600C0000A001A30800008
:106470000300417E0006000AD90327001300000034
:10648000B0090000B40900000000210C0000080061
:106490003F5817173C191F1F1F1F53511961000048
:1064A00007603F606974737369636F72720073771A
:1064B0006469765F656E0065646F666674686432F1
:1064C00030756C00696E697478696478706368000F
:1064D000647373667468007473736974696D6500BE
:1064E00063636B627732303267706F007061706423
:1064F00074656D70007061326761305F3270777201
:1065000000696E6974786964780063636B70777290
:106510006F666673657430004176566D69645F63BB
:10652000300074656D705F7100766261745F6D75C7
:106530006C740063636B696E697478696478007366
:10654000726F6D726576006F66646D646967666907
:106550006C7474797065007061706474656D7062DC
:10656000696173006C636E32305F6E6F697365636F
:10657000616C5F74626C5F656E0065646F6E7468F9
:106580006432306C006C65676F66646D62773230C0
:106590003267706F007061326761300074787077B5
:1065A000726F6666736574326700706D617800762D
:1065B0006261745F710006073F038A0000000607EE
:1065C0003F038400000006073F0380000000060729
:1065D0003F037B00000006073F037700000006072B
:1065E0003F037200000006073F036E00000006072D
:1065F0003F036A00000006073F036700000006072C
:106600003F036300000006073F0361000000060728
:106610003F035C00000006073F035A000000060726
:106620003F035700000006073F0354000000060721
:106630003F035100000006073F034F00000006071C
:106640003F034D00000006073F034B000000060714
:106650003F034800000006073F034600000006070E
:106660003F034400000006073F0342000000060706
:106670003F034000000006073F033F0000000607FD
:106680003F033D00000006073F033B0000000607F4
:106690003F033A00000006073F03380000000607EA
:1066A0003F033600000006073F03350000000607E1
:1066B0003F033400000006073F03320000000607D6
:1066C0003F033100000006073F03300000000607CB
:1066D0003E032F00000006073C032F0000000607C2
:1066E0003B032F00000006073B032D0000000607B8
:1066F0003A032D00000006073A032C0000000607AD
:106700003A032B00000006073A03290000000607A1
:106710003903290000000607380328000000060797
:10672000380327000000060738032600000006078C
:106730003803250000000607380324000000060780
:106740003703240000000607370323000000060774
:106750003703220000000607370321000000060768
:10676000350321000000060735032000000006075E
:10677000340320000000060734031F000000060752
:1067800032031F000000060733031E000000060747
:1067900033031D000000060731031D00000006073B
:1067A00032031C000000060730031C00000006072F
:1067B0002F031C00000006072D031C000000060725
:1067C0002B031C00000006072A031C00000006071C
:1067D00029031C000000060728031C000000060710
:1067E00028031B000000060727031B000000060704
:1067F00027031A000000060726031A0000000607F8
:1068000024031A000000060723031A0000000607ED
:1068100022031A000000060721031A0000000607E1
:1068200021031900000006072003190000000607D5
:106830001F031900000006071E03190000000607C9
:106840001E031900000006071E03190000000607BA
:106850001E031900000006071E03190000000607AA
:106860001E031900000006071E031900000006079A
:106870001E031900000006071E031900000006078A
:106880001E031900000006071E031900000006077A
:106890001E031900000006071E031900000006076A
:1068A0001E031900000006071E031900000006075A
:1068B0001E031900000006071E031900000006074A
:1068C0001E031900000006071E031900000006073A
:1068D0001E031900000006071E031900000006072A
:1068E0001E031900000006071E031900000006071A
:1068F0001E031900000006071E031900000006070A
:106900001E031900000006071E03190000000607F9
:106910001E031900000006071E03190000000607E9
:106920001E031900000006071E03190000000607D9
:106930001E031900000006071E03190000000607C9
:106940001E031900000006071E03190000000607B9
:106950001E031900000006071E03190000000607A9
:106960001E031900000006071E0319000000060799
:106970001E031900000006071E0319000000060789
:106980001E031900000006071E0319000000060779
:106990001E031900000006071E0319000000060769
:1069A0001E031900000006071E0319000000060759
:1069B0001E0319000000060F3FFF62000000060FD3
:1069C0003FFF5E000000060F3FFF59000000060F6A
:1069D0003FFF55000000060F3FFF51000000060F6B
:1069E0003FFF4D000000060F3FFF4A000000060F6A
:1069F0003FFF47000000060F3FFF44000000060F66
:106A00003FFF41000000060F3FFF3E000000060F61
:106A10003FFF3C000000060F3FFF3A000000060F5A
:106A20003FFF37000000060F3FFF35000000060F54
:106A30003FFF33000000060F3FFF32000000060F4B
:106A40003FFF30000000060F3FFF2E000000060F42
:106A50003DFF2E000000060F39FF2F000000060F3B
:106A60003AFF2D000000060F39FF2C000000060F32
:106A700037FF2C000000060F36FF2B000000060F2A
:106A800036FF2A000000060F35FF29000000060F20
:106A900035FF28000000060F33FF28000000060F16
:106AA00031FF28000000060F30FF27000000060F0E
:106AB0002FFF27000000060F2DFF27000000060F04
:106AC0002EFF25000000060F2CFF25000000060FFA
:106AD0002BFF25000000060F29FF25000000060FF0
:106AE00028FF24000000060F26FF25000000060FE7
:106AF00024FF26000000060F22FF26000000060FDC
:106B000021FF26000000060F21FF25000000060FD0
:106B100022FF23000000060F20FF23000000060FC5
:106B20001FFF23000000060F1FFF22000000060FBA
:106B30001FFF21000000060F1CFF22000000060FAF
:106B40001CFF21000000060F1CFF20000000060FA4
:106B50001CFF1F000000060F1CFF1E000000060F98
:106B60001AFF1F000000060F1AFF1E000000060F8C
:106B700019FF1E000000060F19FF1D000000060F80
:106B800018FF1D000000060F18FF1C000000060F74
:106B900016FF1D000000060F16FF1C000000060F68
:106BA00017FF1B000000060F17FF1A000000060F5A
:106BB00017FF19000000060F16FF19000000060F4E
:106BC00015FF19000000060F14FF19000000060F42
:106BD00016FF17000000060F15FF17000000060F34
:106BE00017FF15000000060F16FF15000000060F26
:106BF00015FF15000000060F14FF15000000060F1A
:106C000015FF14000000060F14FF14000000060F0B
:106C100014FF13000000060F15FF12000000060FFE
:106C200012FF13000000060F13FF12000000060FF2
:106C300012FF12000000060F11FF12000000060FE5
:106C400010FF12000000060F0DFF14000000060FD9
:106C50000FFF12000000060F0EFF12000000060FCB
:106C60000CFF13000000060F0DFF12000000060FBE
:106C70000CFF12000000060F0BFF13000000060FB0
:106C80000CFF11000000060F08FF14000000060FA3
:106C900009FF13000000060F08FF13000000060F95
:106CA0000AFF11000000060F08FF12000000060F87
:106CB00007FF13000000060F08FF11000000060F79
:106CC00007FF12000000060F07FF11000000060F6B
:106CD00005FF13000000060F08FF0F000000060F5D
:106CE00009FF0E000000060F08FF0E000000060F4F
:106CF00007FF0F000000060F04FF11000000060F41
:106D000005FF10000000060F03FF12000000060F31
:106D100004FF10000000060F01FF14000000060F22
:106D200002FF12000000060F01FF13000000060F13
:106D300002FF11000000060F01FF12000000060F05
:106D400002FF10000000060F01FF11000000060FF7
:106D500001FF10000000060F01FF10000000060FE9
:106D600001FF10000000060F01FF10000000060FD9
:106D700001FF10000000060F01FF10000000060FC9
:106D800001FF10000000060F01FF10000000060FB9
:106D900001FF10000000060F01FF10000000060FA9
:106DA00001FF10000000060F01FF10000000060F99
:106DB00001FF100000007261746573656C007374EC
:106DC000660063636B5F6F6E65636F72655F747897
:106DD0000074656D70735F706572696F64007478BC
:106DE000636861696E007278636861696E007377C9
:106DF0006469765F736E7274687265736800737726
:106E00006469765F74785F77656967687400737723
:106E10006469765F736E726C696D0073776469760E
:106E20005F73776374726C5F6D61736B007377640B
:106E300069765F63636B736E72636F7272007377F0
:106E40006469765F73776374726C5F616E7430002F
:106E500073776469765F73776374726C5F616E7465
:106E6000310073776469765F77656967687400736A
:106E7000776469765F736574746C650073776469B1
:106E8000765F656E0073776469765F72785F706FA6
:106E90006C6963790073776469765F63656C6C5FB6
:106EA000706F6C6963790073776469765F73776379
:106EB00074726C5F656E0073776469765F74687274
:106EC0006573680073776469765F6770696F5F31B7
:106ED0000073776469765F63636B6E6F6973656572
:106EE00073746C696D0073776469765F6C6F673279
:106EF0006176670073776469765F6770696F0073A6
:106F0000776469765F74785F706F6C69637900731A
:106F1000776469765F74696D656F757400616E740E
:106F20006469765F727373696469666674687265B2
:106F3000736800776F776C5F6770696F00776F7742
:106F40006C5F6770696F706F6C00000073B54369A8
:106F5000164600222F2B04460D46019208DD332BE6
:106F600006D013460121E2F3D9F183059B0D07E01A
:106F7000002120460A46E2F331F2064B03401B0C87
:106F80001B022046336001A92A4600F005F801984B
:106F90007CBD00BF0000FF03F8B504460E46154651
:106FA000E5F380F540F61201002207462046E6F39D
:106FB0001BF32046E5F37EF520463946E6F322F33F
:106FC000024B33604FF4C8632B60F8BD4C64030080
:106FD0000B46C06F11461A46FFF7B8BF10B5012126
:106FE0000446C06FE2F35CF2E06FE6F337F3002093
:106FF00010BD37B50024694601AA054600940194E6
:10700000FFF7E6FF9DE806000346284624F052DC21
:1070100020463EBD38B50446C06FE2F3D3F148B117
:107020002046FFF7E6FF054638B92046FFF7D6FFB2
:10703000284638BD4FF0FF3038BD002038BD2DE95F
:10704000FF4107464FF4B6700E4615469846E0F3EA
:107050006BF40446002832D000214FF4B672DBF303
:107060004DF40A9B3846009304F18003019304F128
:107070008403029331462A464346F2F7F1FBE06768
:10708000C0B10123637440F612010022E6F3ACF2B2
:107090000C210022C4F88800E06FE5F3F7F42046E5
:1070A000F5F722FF2046FFF7B5FFE06FF2F780F912
:1070B000002500E00B252046E0F348F400E01E2503
:1070C000284604B0BDE8F081CDAB000001BC6003F0
:1070D00000104E03BFDE02F00E5C0280C1270000EC
:1070E0000403BFDE02F0105903A85E02F000120391
:1070F000A65E02F0001202825E5300001202855E5C
:10710000AF000012020200BF00000F03A85E02F0F1
:1071100000120282DEBB0000120282DEB300001207
:1071200002845EB700001202845EB3000012028681
:1071300000C7000012028480C300001201BC63FF7C
:107140001FF04000008000000000035B5E02F000C2
:107150001401BC601300104300015E02F000000047
:10716000025E02F0182C020200BF0000B402045EAE
:10717000FF00001B006B446556801B01846002F712
:10718000F7BF01BC6003000AA600025E02F01237DE
:107190000202DEFF000020006B44655520200182C2
:1071A000E002F7F7BF03BFDE02F006C30201AC7BCB
:1071B00000002500E844656177A101BC607F0817E5
:1071C000A2006D5E86F4402500A82C7B010B1E00FA
:1071D000682B4F00002A0280DEFF0000B4006B44E1
:1071E000655A60B40184E006F577AB00025E02F0F8
:1071F000159B020480C700002C028180C700002E6E
:1072000001806002F7F7BF01BC6003000ADA00905A
:107210002BE300D7A200E02BDEF457A3006D446AF5
:10722000F4603200B02BD7000AF001876002F7F754
:10723000BF00682BBF00003A00E944655DF7A3007A
:10724000E8C4695E77A20068DE8B00003A006DDE5C
:107250008D5E003A0286ABD300003A01876006F7E4
:10726000F7BF0207DEFF00003F00E844655A37A27F
:10727000006D5E895A003F0187E002F7F7BF01BC4D
:107280006003000AD100682C6F00004501BC61F763
:107290000017A100E844656377A2006D5E8AF420C0
:1072A0004501BC6003000B1B00A82C7B002B1E00BB
:1072B000682AE700005100E844655737A1006DDEF9
:1072C0008556404C00682B2300005100E844655966
:1072D00017A1006DDE8556404E03BFDE02F000515F
:1072E00001BC6003000ABA01BC6003000AB901BC1A
:1072F0006003000AC801BC6003000AC000A82C7B20
:10730000004B1E0202DEB3000054020042030000E4
:107310005400025E02F00D2F0203C57300005702F5
:10732000845EB30000B40068AAEF0000B40284DEFB
:10733000B7000059020180C700007900B02AAB00F5
:1073400017A202802BD300006000B02B030017A10E
:10735000006DDE855BE0AB00685E87000060006862
:107360002BE700006000B02BE70017A200682AEBB3
:1073700000006600E844655757A101856006F5D70F
:10738000AE006DDE86F440AB00E05E8554F7A100F0
:107390006DDE86F440AB01856002F5D7AE0202DEF9
:1073A000BB00007900682A9B00007900E84465551D
:1073B000D7A100E02A9B0157A2006EDE86F440723E
:1073C0000182E002F5D7AE0181600163CB1E01BCF2
:1073D0006003000AEA01BC6003000AA601BC600366
:1073E000000AE503BFDE02F00079006EAA9AF420DD
:1073F0007800E82A9AF437A100902A9B0037A2006F
:107400006E2A9EF4407700B02A9F0017A20069DE22
:1074100086F4407903BFDE02F000AB0284DEB700E1
:10742000009E028881AB00009C02045EB70000B49D
:10743000020480C700008500682AF70020850068E4
:107440002AF700808500682ADF00008400682AF798
:1074500002E0820068AAF708608400E844655637B5
:10746000A1006D5E8556E0B402005EFF00009C0244
:107470008080BF00009C00682B2300008B02802BC3
:10748000D300008B00B02B2B0017BB006E2B02F734
:1074900060B403BFDE02F0009C0205DEB700008E80
:1074A00000682AF70860B403BFDE02F0009C028483
:1074B00000C7000090028600C700009200682AEB17
:1074C00000009C02812C2700009C00E84465563790
:1074D000A10206ABD300009600E845C95AF7A20303
:1074E000BFDE02F0009700E845895AF7A20286AB9A
:1074F000D300009A00E85E86F457A10069DE855744
:10750000009C006CC4655660B402855EB70000B490
:1075100000025E02F015BE03BFDE02F000B4028579
:10752000ABD30000A50206ABD30000A301BC63FFF0
:107530001FF7A1006845C6F4209C03BFDE02F000DF
:10754000A501BC63FF1FF7A100684586F4209C02DB
:1075500003C5730000AB02855EB70000AB020100FB
:10756000C70000B4006B44655680B40020E3FE14ED
:1075700060B40282DEBB0000B402022C270000AE21
:107580000282DEBB0000AE03BFDE02F0009C028878
:1075900081AB0000B40282DEB30000B4028080BF81
:1075A0000000B40284DEAF0000B402825EBB0000C3
:1075B000B400025E02F015EE018060020D906C03D3
:1075C000595E02F000B603D85E02F000B703D8DEC1
:1075D00002F000B801BC618300112900B0007B00FB
:1075E000112B01BC630300112303125E02F00CB0E7
:1075F00003975E02F00D4303D05E02F0039403D0C4
:10760000DE02F0063D03D5DE02F00C6203915E025D
:10761000F006980396DE02F00C5D0288C17300014B
:107620002303C45E02F0081003C75E02F0083403AF
:10763000DCDE02F0163503AA5E02F008A40386DE43
:1076400002F00CA10287C037000CA103835E02F098
:107650000A50020680C70000D00202B0E70000D046
:10766000006C30EE2320D00182E001872C3901BC70
:10767000607F1FF7A201E05E8A1070830391DE0233
:10768000F00720020680C7000107020601AB0000D8
:10769000E3020030E70000E30068DE4B0620E3026F
:1076A0000042030000E3028445230000E30280B0AF
:1076B000E70000E3006E45170020E301BC60030013
:1076C000108000A8412300F04803D0DE02F000DC67
:1076D00003D05E02F000DD03D5DE02F000DE00E044
:1076E00001DF0020770180E005872C3901BC6003B1
:1076F000000C3A00025E02F0180700025E02F01869
:107700001B020E01AB0000F0028445230000F002D2
:107710000130E70000F000E001E300207801816023
:1077200001872C390180E001872C39010C8143004D
:1077300017A60068DE9B0060ED01BC6003004C3AB8
:1077400003BFDE02F000EF0068DE9B0040EF01BCEB
:107750006003002C3A00025E02F01807020681ABBB
:10776000000107020230E70000FB02804203000034
:10777000FB028445230000FB03915E02F0069800A3
:10778000E001EB00207A0180E005872C390182605E
:1077900001872C3901BC6003000C3A00025E02F044
:1077A000180700025E02F0181B0201B0E70000FE9D
:1077B000006C30F22320FE0181E001872C390203A6
:1077C00030E7000107006C30F623210701836001D8
:1077D000872C390200420300010700685E4B044118
:1077E0000500685E4B00410503BFDE02F0010701A2
:1077F00082600609104801BC600300114503C2DE27
:1078000002F00D0A00025E02F0123603D4DE02F02E
:1078100007B903A3DE02F0000203C85E02F005FB15
:107820000204DEB3000110020145230001100184AF
:10783000E002F597AC00025E02F006370201C523B4
:107840000001120187E002F577AB00025E02F00E44
:10785000AF00025E02F0117702182E270001160019
:10786000025E02F0118A03A25E02F0012003565E5E
:1078700002F0011D01866006091048031F5E02F038
:10788000011D006A5E2300011C00B000270017885C
:1078900000E85E2300378803A65E02F0018E000236
:1078A0005E02F011F80028600E08E1B403C4DE02A5
:1078B000F00D7A0020C2030021BC03BFDE02F002FB
:1078C0000D03815E02F001250300DE02F000C3011A
:1078D00088E0020B905C03BFDE02F0039102874058
:1078E00063000127018EE00EF43018028740630028
:1078F00001290002DE02F000000287406300012B34
:1079000000B05E8B001019018EE00AF430180002FE
:10791000DE02F0000001BC606300107B01BC601B54
:1079200000107A01AC607EF47075028741D70001C7
:10793000320002DE02F0000001BC606300107B0137
:10794000BC601B00107A01AC60BEF4707502874108
:10795000D70001370002DE02F0000001BC606300C6
:10796000107B00B05E8B00107A01AC607EF4307545
:10797000028741D700013C0002DE02F0000001BC9A
:10798000606300107B00B05E8B00107A01AC60BEBB
:10799000F43075028741D70001410002DE02F00099
:1079A0000001BC60030280060280DE0700014D0179
:1079B000DA6002F0178002085E0700016101BC6016
:1079C000031E17A100E05E02F4306501BC60031CD9
:1079D00017A100E05E02F4306401BC6003002811CE
:1079E00003BFDE02F0016701105E030017A101036F
:1079F0005E030017A200E05E86F457A100885E8750
:107A00000037A200E05E86F457A100E0015AF4308E
:107A100063028600C300015800B0560B00106200DC
:107A2000B0540300106201BC600300281103BFDEE4
:107A300002F0016900B0418F0010620109DE03000D
:107A400017A10068DE8700415C00E05E870037A177
:107A500000885E870057A100E05E8504B7A100E0C2
:107A60005E8703C00601BC600300481103BFDE024D
:107A7000F0016901BC60070217A100E05E02F4306A
:107A80006501BC60070017A100E05E02F4306401EC
:107A9000BC600318000601BC600300081100B05A66
:107AA0000300106200B058030010630002DE02F011
:107AB000000001BC600306379201BC63FF1FF0C3E6
:107AC00001BC60031890E301BC60FB1C10E501BC25
:107AD000600300501000B0404300180000B0404761
:107AE0000010E70002DE02F0000000E840330097DB
:107AF000A100B0400B0017A3006D5E86F461770013
:107B0000905E8F0037A303BFDE02F0017800905E25
:107B1000870037A301BC601B0437A100E05E8EF430
:107B200037A301F041970017A1006DDE86F4618C48
:107B30000287C19700018001385A030017A1013C58
:107B40005A030017A203BFDE02F00182013C5A0370
:107B50000017A101385A070017A200685E86F48159
:107B60008700D85E8B0037A200E14196F450650093
:107B7000E1C19700306503BFDE02F0017A00D85EF4
:107B80008B0037A200E14196F457A100E1DE8700A7
:107B900037A101F05E870017A1006EDE86F4618DCB
:107BA00001BC63FF1FF7A40002DE02F00000020622
:107BB00081AB00019001826001872C390020E38EA7
:107BC000090002031EDE02F00196039F5E02F0012F
:107BD0009601BC60430117A100A84122F43048037C
:107BE000BFDE02F000020208411F00019301816024
:107BF00005610B0800025E02F00D2F00B000AB0023
:107C0000108600B0016300108A00025E02F010735B
:107C100001BC600304179200B0003B00111D0190ED
:107C2000600609104803A1DE02F001AE0181E00602
:107C300009104801BC600300904201BC60030011C0
:107C40002D039EDE02F001B101846002F2979400E0
:107C5000B0451700178F00B05E1700179002004460
:107C60001F0001AA01856002091048018160070018
:107C7000104701F0DE0F0037A1020400BF0001AD84
:107C800001F084C70037A100A044B6F43145039E3B
:107C9000DE02F001B101BC613712B08003BFDE0229
:107CA000F0000200A044B42A314501BC61271270E3
:107CB0008003BFDE02F000020020E0820900020122
:107CC0000CDE530017A101885E8700104701BC60DD
:107CD000030050420108411F0017A1018CDE86F20B
:107CE000979403BFDE02F000020002DE02F0000003
:107CF0000020E07E09000200025E02F01202028310
:107D0000C21F000002020280F30001C600B04467F7
:107D10000017A1017C5E862357A302835EFF00014A
:107D2000C500E000FAF4682901836006F7F7BF0098
:107D30006BDE8D0521CA0206D0030001CE00E9509A
:107D4000862337A100E8D08A2357A20069DE8B0082
:107D500001CE00025E02F00D2F0191601684F4271F
:107D600000E020A700882903BFDE02F0036E0002B6
:107D70005E02F00371020400BF0001D603945E02AC
:107D8000F000020020C28F06000200A0428F01F71F
:107D90008000685E002DC00200025E02F00D2F031D
:107DA000BFDE02F000120201C28F000002011400C7
:107DB000630017A100685E8700600200025E02F0A7
:107DC0000D2F0194600F00001800025E02F001DD2B
:107DD00003BFDE02F00012011400630017A100B01F
:107DE0005E870010A501BC60131B906000685E8771
:107DF0000001E400E0418306D06000E85E870037C0
:107E0000A103BFDE02F001E0028050C30001F201D5
:107E10008760040310A000B000630010B400B042FB
:107E2000D3001800008841830030B601BC60030B0A
:107E300010B500B0006300B0B40317DE02F001EB30
:107E40000397DE02F001EC018060068614300068C2
:107E5000D0D30001F20068D0D70001F200B044672F
:107E600000143400B0446B0014350002DE02F00050
:107E7000000020E01280420C018760040310A00083
:107E8000B000630010B401BC60030E10B500B00078
:107E90006300F0B401BC60570310B600B00063008B
:107EA00010B401BC600302D0B50207500B000209F8
:107EB00001BC600303D0B5018E6002F29794020406
:107EC000500B0002020204D00B0002020186600681
:107ED000F2979400E042D700D0B500A0500B1117E4
:107EE000A10068DE871102080186E006F29794007F
:107EF000E042D70050B50207D00B00020800E04274
:107F0000D70090B500B042D70011E100B000630087
:107F1000B0B40317DE02F0020A0397DE02F0020B90
:107F20000002DE02F00000006820C3000210006CB6
:107F3000C46506001201BC6003000830006820BB65
:107F400000021600B044670017A2006C446988A2C2
:107F500015006B446988A012006EDE8905E01201ED
:107F6000BC600300082E0020E0BE0900020206816A
:107F7000AB00021A0281B0E70000020280B0E70005
:107F8000000203905E02F0001203A25E02F0022CD7
:107F900000025E02F01163020200BF00022B0284A5
:107FA000DEAF00022302045EB700022B00025E0275
:107FB000F0156902045EB700022B03BFDE02F00079
:107FC0000202045EB7000226020480C700022B02F0
:107FD000805EFF00022B00025E02F0150D0206AB70
:107FE000D300022A02052C2300022A03BFDE02F07E
:107FF000022B03BFDE02F0000200025E02F012025A
:108000000200421F000243006842F300022F006D8D
:1080100042F3006243011400630017A100B05E87C1
:108020000017A203A25E02F0023703145E02F00200
:1080300045006EC45680624502814523000245001A
:108040006E5E8700624301BC60030077A200886017
:1080500006F457A300885E8B01001800E85E8B00D1
:1080600037A20020C28EF4623D006ADE86F44237F9
:1080700003BFDE02F00243020400BF00026F009063
:108080000063010165008085970217A100E064820A
:108090000DA16600025E02F011DF03BFDE02F002F6
:1080A0006F0182600209104803BFDE02F000020186
:1080B000BC600300111500B0017F0017A6031F5E0E
:1080C00002F00254020300C300024A0020C28F02E1
:1080D000024E03255E02F002540020C28F02024EBF
:1080E00000688153FFE01203BFDE02F002500194EA
:1080F000601300001803BFDE02F0026F039EDE0271
:10810000F002530068DE980BC2530201411F000FBA
:10811000250185600209104800685E980BC258006E
:10812000695E9F0062720298428F00025803BFDEB0
:1081300002F002720201411F000F25020400BF007D
:10814000025F0218428F000F2500025E02F011C18B
:1081500000025E02F011DF0194058700001803BFE2
:10816000DE02F0026F0200150B000268020016BB6F
:1081700000026B00B014970017A10068DE84B222E1
:108180006800B0149B0017A10068DE84B24268004A
:10819000B0149F0017A10068DE84B26268029E14CA
:1081A000E700026B0201C28F00026D0194600F00B4
:1081B000001803BFDE02F0026F0201C28F00026DE1
:1081C000018060060D906C0200C28F000F250194A3
:1081D000600700001800025E02F001DD020400BF2B
:1081E0000002A103BFDE02F002A101BC600318106F
:1081F000600129500B00179200B0017B0010650050
:108200006800EB00027A00885A130117A100E844C5
:1082100066F437A1006EDE8407427A03BFDE02F007
:1082200007B2019060120910480194601F00001805
:1082300001085A0F00178101885E0681540A013433
:108240005A0F00178000025E02F0014300B0017B6C
:1082500000106500B056230017A100E05E86A097CD
:10826000A100E85E8400F40300E85E8400F41600D8
:10827000B05A0300141300B05A0700141400B05A87
:108280000B0014150068DE0700429200E80097001A
:1082900057A101BC5E86F0141B017C5E8700F41CB4
:1082A00000B0204700178100025E02F0108400B089
:1082B000017B00106501085A0F00178100B05E872E
:1082C00000141E03BFDE02F0029500B05617001422
:1082D0001B00B0561B00141C00B0541300141E00E9
:1082E000B05013001086006D00A700829B01900122
:1082F0006300108A00B0418F00106200025E02F03D
:10830000160200B0422B00140601BC60031817A12E
:10831000006DC18C20029E01BC60030297A100E0A9
:108320005E840377A100E05E86B0111D03BFDE020C
:10833000F00337020300C70002B1020CD0030002B1
:10834000B1011400630017A1028500630002B100AF
:1083500080DE8701F7A201BC601B1857A200E05E17
:108360008A0DB06500B041970014320080DE8700AE
:10837000B7A201BC601B15D7A200E05E8A0DB064F5
:1083800000B041930014330068D8130002BF02000C
:108390005A1B0002B30180600684F42703BFDE028B
:1083A000F006C30201D0030002B300B0509B0014DA
:1083B0002F0281D0C700036B00025E02F00371013F
:1083C0000BD0030017A1013C502B0017A2018C5EBB
:1083D00086F457A1014801430017A2010C81430014
:1083E00017A300685E8F0022BC018CE0000A17A270
:1083F00000685E86F442BF0191601284F42703BFD7
:10840000DE02F0036E00025E02F001F300B05013D2
:1084100000108600B0501700108A03A25E02F0031D
:108420000B020CD0030002DE020300C70002DD00D5
:10843000B050CB00106500025E02F01698020350A7
:10844000C70002CB01BC60230097A100A85002F432
:10845000340003BFDE02F002E2020481AB0002CD71
:10846000006D4246C0801200B05A1300178000020F
:108470005E02F0014D00B0540F00141E00B05A0708
:108480000017A100B05A1300178001875A16F01781
:108490008000B0418F00106500025E02F0160B00F4
:1084A000E05E86A0740302875E030002DC0109DE41
:1084B000030017A300E05E8B0077A200E05E8AF461
:1084C00077A200885E8B0037A100E05E86F45089B9
:1084D00003BFDE02F002E2006D424A848012010610
:1084E00050070017A1028CD0030002E100685E87EC
:1084F0000002E20182DE8686343101826002863427
:10850000310020D0030402E800B0504F0011F20007
:10851000B050530011F300B050570011F401BC608B
:10852000030091F0020601AB0003040201500300B6
:108530000304020601AB00030403A25E02F003047D
:10854000028030E700030401806005872C3900E0D9
:1085500001E700207901BC60430890E600025E025A
:10856000F0016A01BC60031910E401BC6003000063
:108570000601BC600301D78201D2DE0877F0E0007B
:10858000B00F030010E100B0004700108600B00FEC
:108590001F00108A01BC600300378100025E02F0F8
:1085A000107000B0059B00106400E8581A28F145CF
:1085B00000B0058B001064006A4516C082FF0002FF
:1085C0005E02F01095006E451700430101BC600388
:1085D00000514501BC60030010BB01BC610303B046
:1085E0008003BFDE02F0001203945E02F0030B0270
:1085F0000650030003070287DEAF00030B02815021
:10860000030005DC0202D0C700030A0208502B0059
:10861000030B0285D0030005F3019060128634310C
:10862000011050070017A60068DE9B004317013AAF
:10863000500700178000885E0300778000E000AEDE
:10864000F0106400B05E0700081301BC602306D779
:108650008100E0418301706300E0418F00B065005C
:10866000025E02F010AB00B0204F00178103A25E43
:1086700002F0032300B0500F0011160202D0C70011
:10868000031B00B0505B0011160282D003000323CD
:10869000028147C300031C0280504F0003210020C9
:1086A00047C73F83230020C7DB00C36D03BFDE0243
:1086B000F0032303A55E02F003230280C7DF00035B
:1086C0006D028850C700033F0129500B001792022A
:1086D0000300C7000330020CD003000330028350B4
:1086E000C700033000B050CB00106501385A1300AA
:1086F000178001825A17005781010E5A130017A1E3
:10870000018E5E86F037810202D0C700033F00B0C1
:10871000501B00108A03BFDE02F0033F0282D0C765
:108720000003370138502700178001085013001745
:1087300081010250130017A101825E86F03781008B
:10874000B0507F00108903BFDE02F0033F013850B4
:108750006F0017800108502B0017810106D0070019
:1087600017A101825E86F0378100B0501B00108A8D
:1087700000B05083001089010E50730017A1018EC4
:108780005E86F0378100025E02F0014300025E0265
:10879000F010700102421B00178101825E05023752
:1087A0008100025E02F01084020680C700034B01C4
:1087B0000C81430017A60068DE9B00634900885EB9
:1087C000870057A103BFDE02F0034B0068DE9B0069
:1087D000434B00885E870037A100E05E840117A14B
:1087E00001D9DE8700108301BC613703B7910068AF
:1087F0005E4B02837F020400BF00035202875003D6
:1088000000035203945E02F0035303225E02F0035E
:1088100060020681AB00035E00685E4B04435700B4
:10882000685E4B00435703BFDE02F0035E00E001C9
:10883000EF00207B01BC6003029145018360058746
:108840002C3900E044670A0C3D018C600E1770BBA8
:1088500001BC610302308003BFDE02F0000201BCF4
:10886000610300308003BFDE02F0000201BC61330F
:1088700003B79102850063000366009000630097D0
:10888000A100E06482F43065006E5A130023660193
:1088900088E006F23791020601AB00036A0068DE49
:1088A0004B05A36A01BC610300308003BFDE02F008
:1088B000000203BFDE02F0037F0191600E84F42703
:1088C00003BFDE02F0036E0191600684F42701BC51
:1088D00060030010B40181E00686343103BFDE027C
:1088E000F006C3011C508F0017A10080DE8701979E
:1088F000A200E0015E0DB06502805A7F00037E0297
:10890000815A7F00037A0203DA7F00037E00685AEF
:108910008700037E00886006F437A100201CBAF4AB
:10892000237E00025E02F00D2F0191601E84F42769
:1089300000015E02F0000003BFDE02F0036E0002E1
:10894000DE02F0000003C4DE02F00D7A02065003DE
:108950000003870207DEAF00038701BC6103003715
:10896000910207500300038501BC620300F79100E8
:10897000E0010B00204203BFDE02F0038801BC606F
:108980000300204200B05E47001080020400BF00D8
:10899000039000B0058B001064006E4517000002C4
:1089A0000068DE4B02838F00A044B42A314503BF28
:1089B000DE02F0000200025E02F010950068C517AA
:1089C00000000203D05E02F0039400025E02F01089
:1089D0009503BFDE02F00002020601AB0003970020
:1089E00068DE4B05A39701806001872C39020E01D8
:1089F000AB00039A0200B0E700039A01816005878B
:108A00002C3900E10DB228E36C00E08DB700036D56
:108A100001836002F7F7BF01BC600300900400A867
:108A2000412330104801BC620F0011E00181600257
:108A3000F5D7AE020200BF0003B80068DE4B0203A8
:108A4000A400025E02F017BA0068DE4B0623B802EB
:108A5000045EB30003B80206ABD30003A90204C549
:108A6000AF0003B803BFDE02F003AA0200456F00A7
:108A700003B800E844655637A100E82A96F437A108
:108A800000695E870823B80206ABD30003B2006B0F
:108A9000AC422323B100E04467014B100183E002A4
:108AA0002B915C03BFDE02F003B80183E0022B913F
:108AB0005C01BC600318517800B045E30018000168
:108AC0008360022F317900A84138F9D7A100B05E48
:108AD00084FE704E0187E002F577AB0068810B00E1
:108AE00023BB00B044670000430182E00609104840
:108AF00000A841B310906C0182600628914401885F
:108B0000E0020B905C00025E02F012360185E0028A
:108B1000F7F7BF0288421B0003C30185E006F7F7A1
:108B2000BF035B5E02F003C501BC6013001043018C
:108B3000BC600300108501BC60030010B8008850C1
:108B4000770090B90208502B0003CC013850730015
:108B500017A1017C506EF437A100885E870090B9A0
:108B6000020047A30003D001BC60030011EA00909B
:108B700042E70091EB00B047A300D1E8020047B301
:108B80000003D201B0E08E3D91EC01D2E0021090E2
:108B90008403A95E02F004FD01BC600300108400A0
:108BA000E001C300207000B04467000C0D00B04429
:108BB0006B000C0E0320DE02F0044B00685E4B18C5
:108BC000A3E30068DE4B0783EC01BC63FF1F7084E6
:108BD00001BC600300F085013813630010B500E0AC
:108BE00042D700D0B501BC60030010A601BC6023D1
:108BF00014D0B400E013570024D503BFDE02F00404
:108C0000930184E006F597AC01BC60FF1FF084007F
:108C1000025E02F0042801BC60030010B401BC60D5
:108C2000030010A601BC600302D0B501BC602304A0
:108C3000D0B400E0135B0024D603BFDE02F004933F
:108C400001816006F5B7AD0068DE4B04A3FF0203A7
:108C5000DEBB0003F100E02E0B00106503BFDE0257
:108C6000F003F201BC602301106500A05E7FFE10DE
:108C7000EC00B05A030010ED00B05A070010EE00EF
:108C8000B05A0B0010EF00B05A0F0010F001BC6397
:108C9000FF1EF08401BC600300308501BC6003004E
:108CA00010B401BC600301D0A601BC60030450B540
:108CB00001BC602304D0B400E002AF0020AB03BFCE
:108CC000DE02F0049301BC61FF1FF08401BC60036D
:108CD0000010850068DE4B05240701BC600300100E
:108CE000B401BC600B0B50A601BC600302D0B501FF
:108CF000BC602304D0B403BFDE02F004130068DEBE
:108D00004B02441E00B030670010840285C38F0000
:108D1000040B00E05E2700378901DA5E270010EEC1
:108D200001BC63FF1FF0CE01BC60030010B40080E3
:108D3000E02183180000E069820DB0A601BC600349
:108D400003D0B501BC602304D0B400E001D30020FF
:108D500074018460070011E00282DEB30005BC02EA
:108D6000045EB30005BC0181E006F5D7AE0183E0E7
:108D70000609104800B0412300180001BC6003063A
:108D8000B78E0188204610D78100025E02F0108461
:108D900000885E8700708303BFDE02F005BC01BC63
:108DA00060031FF0840103DE530017A200680ECF9A
:108DB00000042300B00ECF0017A200901CBAF45795
:108DC000A202005EFF00042501BC60030037A20080
:108DD000682B4F00042701BC60030037A201865EA8
:108DE0008A1C70E3006AC39300043100E8439000DA
:108DF000D0E40202421B00042F0090001B0037A1A8
:108E00000020421B00442E00B020970017A100E074
:108E10004392F430E40069C39300043101BC600361
:108E20000010E400682B4F00043300E043915B30F6
:108E3000E401BC60030010B401BC60030010A60193
:108E4000BC60030210B501BC602304D0B400685EAE
:108E50004B06A44900E001CB002072020681AB0062
:108E600004930280B0E70004930203B0E700049388
:108E700001BC600704F7A60288421B00044101BC44
:108E8000600F0017A60282421B00044101BC60175C
:108E90000017A6010C81430017A50068DE97006447
:108EA0004400885E9B0037A600E04466F4CC3C0199
:108EB00081E005872C3901826005872C390183E028
:108EC00001872C3903BFDE02F0049300E001CF00DC
:108ED000207303BFDE02F0049303205E02F0049AC5
:108EE0000181E00209104800E001D7002075031E4F
:108EF000DE02F0047A01BC60030017A2006A5E2360
:108F00000004530102428F0017A201855E8A0910F6
:108F1000480180E0061030810284DE5300045A00CC
:108F2000B000770017A100E05E840437A100885EDE
:108F3000870057A100E05E870D57A103BFDE02F056
:108F4000045B01BC60030D57A10068002700047A90
:108F500000E05E8401F7A101BC60230090650088F9
:108F600041970030B601BC60030010B400905E87EA
:108F70000050A601BC60030110B501BC602300B025
:108F8000B40317DE02F004630397DE02F00464000A
:108F900020DE8700446D0020DE8700246A01B85E71
:108FA00022D0168001805E8AD0368103BFDE02F0B7
:108FB000047301BC5E22D0168001845E8AD03681A3
:108FC00003BFDE02F004730020DE8700247101B8C5
:108FD0005E22D0368101805E8AD0568203BFDE02D7
:108FE000F0047301BC5E22D0368101845E8AD056C3
:108FF0008201886002F430A800B05A030010B0006B
:10900000B05A070010B1028042A300047600E0428B
:10901000A30090A800B05A0B0010B000B05A0F0087
:1090200010B10187600610908400E05E2700378948
:1090300001DA5E270010EE01BC60030010B401BC31
:1090400060030350A600B000330010B50284DE5365
:1090500000048400E0606803B0A600E04298043099
:10906000A600B000370010B501BC602304D0B401E5
:10907000846006F2979401866002091048039EDE20
:1090800002F0048E0280441F00049100B05E3F0095
:10909000114501BC600300178F00B05E43001785C7
:1090A00000B05E0F00179003BFDE02F0049100B025
:1090B0005E0F0017850280441F00049100A044B693
:1090C000F0B14501BC600301104201836006F297D4
:1090D00094018460070011E003A05E02F005BA026B
:1090E000065EAF0005BC0186E006F577AB01BC600B
:1090F0000300108000025E02F00D3703BFDE02F0B5
:10910000072003A15E02F00527011400630017A1E8
:109110000068DE8700E49F0181600609104803BFF4
:10912000DE02F00527028500630004A10183E0064A
:109130000D906C01816006F5D7AE011C508F0003C5
:10914000BD0206508F0004A900B044670010F30070
:10915000B0446B0010F401BC63FF1FF0D301BC638B
:10916000FF1FF0D400B042170310850020600E8668
:1091700024D0018760040310A000B000630010B485
:1091800001BC60030B10B500B0006300F0B4020333
:1091900000C70004BB020CD0030004BB028050C710
:1091A0000004B300B054130017A100E05E86807481
:1091B0001A00B0506B0010E400B042130210840299
:1091C00009502B0004BB00B0421300308401D2E0F0
:1091D0003AA030E0028050C70004C101D2E052A0A2
:1091E00030E003BFDE02F004C10202D0C70004C1B8
:1091F00000B0505F0010E000B050630010E100B01C
:1092000050670010E200B0506B0010E400B0421351
:1092100002F084020050C70004CB018AE00E1090D7
:109220008401BC60FB1C10E501BC60030890E600F3
:10923000B000630010B401BC60030210B500B000C0
:109240006304D0B4018460070011E001BC60030036
:10925000178E03BFDE02F005C700E001C7002071D2
:1092600000B000630010B401BC600302D0B500B0D0
:10927000006304D0B403BFDE02F0055403225E0293
:10928000F004D200E002A70020A901035003001758
:10929000A100B85E870037A101875E8610108002AA
:1092A0000400BF0004E0032BDE02F004E002000033
:1092B000F30004DA00E8002300514201BC600A28F0
:1092C000514203945E02F004E000B0058B0010648C
:1092D00000E05823003608006858030004E000B09E
:1092E000446700111200B05803001115020CD0039E
:1092F000000526020300C70004F300B050CB0010A5
:109300006501BC600300168500E05A3300368C020C
:109310000350C70004E800E05A2700368903BFDE87
:1093200002F0052701BC60030017B200B05A0B0021
:109330000B8301385A130017A101BC5A06F430E020
:10934000013C5A130017A1017C5A06F430E1018157
:10935000E0061090840185E0070010E30185E00736
:109360000010C30282D0C70004F803BFDE02F0047D
:10937000FB0202D0C70004FD00B02A330017A10190
:10938000B8506EF430E000B050730017A101B82A55
:1093900036F430E1028242130004FB00B0507B003F
:1093A00010E400B042130210840185E0061C30E195
:1093B00000B04213007084018760040310A0020310
:1093C00000C700051300B050CB001065006D5ECAE9
:1093D000D1C5030185E0021870C300E05ECB003602
:1093E0008E01BC601B1FD06500E04196F650650001
:1093F000B050970016800068DECB00050B01BC6002
:10940000230150B800E001F300207C00682E0F001B
:10941000251103BFDE02F0051E00B05ECB0010B5C3
:1094200000B000630870B4028342D300050D01BC94
:1094300060030170B80068AE0F00251E01BC600318
:109440000170B802BC506700051D03BFDE02F005C5
:109450001C010CD0030017A103A95E02F00519013D
:10946000BC60230150B800E001F300207C00685E7E
:109470008700651C03BFDE02F0051E01BC6003010E
:1094800070B800685E8700451E01BC60030170B8BB
:109490000181E0021710B801BC600300F0A501BC17
:1094A00060030E10B500E001F700207D00B00063FE
:1094B0000010B400B0006300F0B400B042D3001854
:1094C00000018860080310B4018160060D906C03F0
:1094D000BFDE02F005540202D0C700052D00B050D7
:1094E0006F0010E000B050730010E100B050770042
:1094F00010E20282421300052C00B0507B0010E401
:1095000000B0421302F08400E05E9F0037A703A181
:109510005E02F0053601BC60030017A701876004F6
:109520000310A000B000630010B401BC60030E1073
:10953000B500B0006300F0B4018860080310B40304
:10954000BFDE02F0054900B0017B00106500B05A93
:10955000030010E500B05A070010E600B05A0B00F7
:1095600010E70068A04B00053C00E05E270037894B
:109570000068204B0005400185E0070010E30185ED
:10958000E0070010C300B0421301108401DA5E2727
:109590000010EE0187600610908400B042131C108A
:1095A0008401BC60030010B400E0606803B0A60052
:1095B000B000970010B501BC602304D0B4018460F2
:1095C000070011E003BFDE02F005A901085E4B00B1
:1095D00017A100685E87002554020250030005535E
:1095E000029E509F0005500201D00300055000E08C
:1095F0005E2700378901585E2700142D01DA50B725
:109600000010EE0187600610908403BFDE02F005B3
:109610005401BC600300142D0104C1070017A10010
:10962000680EF700055900B00EF70017A100901C56
:10963000BAF437A103BFDE02F0055B03225E02F03D
:10964000055B0103DE530017A100B05E870017A27F
:1096500002005EFF00055E01BC60030037A20068E7
:109660002B4F00056001BC60030037A202885E4BEF
:1096700000056300685E4B06856301BC600300174C
:10968000A200688EF70005650183DE86F2979401DB
:1096900083DE8684F4270281C21300056B01865E97
:1096A0008B0010E3018660070010C30181E0061003
:1096B000908403BFDE02F0056D01865E8A1C70E3B4
:1096C000018660061870C302B847A70005A502A06E
:1096D00047B70005A703A95E02F0057501085E4BB8
:1096E0000017A100685E870025A6021E509F000596
:1096F000750185E0061C70E30185E0061870C30162
:109700001400630017A10068DE8700857E00B001A9
:10971000530017A20068DE8BFFE57A00684247001D
:10972000257B0068DE8A84C57E01856002091048B9
:109730000186E0021C70E30186E0061870C3011088
:1097400050070017A600685E9B0005A601BC6003D9
:109750000011E4013A500700178000885E0300778B
:109760008000E000AEF010640068DE9B00458B02D4
:1097700007D00300058901BC602B11F7A200E05E51
:10978000000B37A300025E02F010D601BC60230676
:10979000906401BC60470017A200025E02F010FE58
:1097A00000685E9B0045A701A46046F471E0006874
:1097B000DE9B00C59901BC611300B7A1020600F34E
:1097C00000059201BC601300B7A10192C21AF437E0
:1097D000A203295E02F0059701BC60030011EE00B0
:1097E0009042E70091EF0192E00EF437A200B05EE4
:1097F0008B0011EC03BFDE02F005A700685E9B0042
:10980000659E00685E9B00A59E00B0502F0011E28F
:1098100000B050330011E203BFDE02F005A701875C
:1098200060023D11E80068DE9B00A5A1018760068B
:109830003D11E801BC60030011EA009042E700918D
:10984000EB0192C21B00B7A201B85E8A3D11E8038A
:10985000BFDE02F005A7018460070011E001BC60D3
:109860000300112D00B0448300142C03A3DE02F08A
:1098700005BD01BC600300178E00685E4B05A5ADF9
:10988000020050030005B70183E00609104800B04C
:10989000412300180001BC600306378E00685E4B50
:1098A00005A5BC00E002A30020A801BC600304B72A
:1098B0008E03A95E02F005BC00685E4B0425BC0166
:1098C000BC600306B78E03BFDE02F005BC018160F9
:1098D00006F577AB00B05E0F00178500025E02F060
:1098E000109501BC600300178C01BC600300178D4C
:1098F0000323DE02F005C7020680C70005C6010C7F
:1099000081430017A10068DE870065C60108421B7D
:109910000017A10068DE870005C601BC607F1FF745
:10992000A101E05E861070830182E005872C39007A
:10993000E04467258C3B0187E006107083006D00D2
:10994000A70085D903295E02F005D9020300C700EC
:1099500005D600B050CB0010650282D0C70005CEFE
:1099600000E05A2300368803BFDE02F005CF00E096
:109970005A2700368900682E0F0025D600E05ECBFE
:109980000037B2010A5ECB0017A100E050CAF430E4
:109990006500D06006F657A200205A1AF445D60397
:1099A000BFDE02F005D000025E02F012360350DE88
:1099B00002F005D603BFDE02F0063D02055EAF00F1
:1099C00005DB0187E00626713303BFDE02F00002EB
:1099D0000190600A8634310282D0C70005E5013C5F
:1099E00050270017800109502B00178101075007ED
:1099F0000017A101825E86F0378100B0501F001071
:109A00008A00B0500F00111603BFDE02F005EB0113
:109A100038505F001780010A502B0017810107D0D2
:109A2000070017A101825E86F0378100B050230045
:109A3000108A00B0505B001116020300C70005F049
:109A4000020CD0030005F002085E070005F00138A3
:109A500054070017800190422AA1308A028050C723
:109A60000005F901BC600305B79203BFDE02F003F5
:109A70001B01906006863431020300C70005DD0239
:109A80000CD0030005DD00B0001F0017A100E05E50
:109A90008680741A03BFDE02F005DD01BC60030698
:109AA000379203BFDE02F0031B00E0135F0024D7F0
:109AB0000204DEB300000200B0130B0010650119B0
:109AC00098870017A101095A130017A201895E8621
:109AD000D0968400B013070017A3006DDE8498268B
:109AE0000400B05E870017A301885E8ED0968400C4
:109AF00068DE8AF4210E01BC63FF1FF0D000B05A6B
:109B0000130010F001BC60030017A501825E961ED1
:109B100010F001BC63FF1FF0CF01BC601B00F0EF31
:109B200001BC63FF1FF0D100B044670010F101BC1D
:109B300063FF1FF0D200B0446B0010F201BC600361
:109B40000404D801BC63FF1FF0C301BC60031C10F8
:109B5000E301BC63FF1FF0C400B052130010E40126
:109B6000BC63FF1FF0C500B0522F0010E501BC63BD
:109B7000FF1FF0C600B052330010E601BC63FF1FA8
:109B8000F0C700B052370010E701BC63FF1FF0C8F8
:109B900000B052170010E801BC63FF1FF0C900B00D
:109BA000521B0010E901BC63FF1FF0CA00B0521F36
:109BB0000010EA01BC63FF1FF0CB00B01347001098
:109BC000EB01BC63FF1FF0CC00B0134B0010EC01A5
:109BD000BC63FF1FF0CD00B0134F0010ED00B013B9
:109BE0006700106201BC600300281100025E02F0F1
:109BF000107400025E02F00D2F01BC602B1877A1DB
:109C000000025E02F00127016040670011C000E021
:109C100040649B17A100E05E870097A101BC63FF31
:109C20001FF0C001BC600301550101D2DE86A030E7
:109C3000E000905E870177A101BC60030797920165
:109C400090600A09104803BFDE02F0035301BC60B4
:109C5000070011C101BC602B1817A101BC600300F3
:109C600017A200025E02F0012B01BC60030011C1CB
:109C70000002DE02F000000201C2E30006650203FA
:109C800000C700064200682E0F002652006E4246B2
:109C9000F6465203BFDE02F00644006E424700263D
:109CA00052020300C700064F0355DE02F0064401CE
:109CB000806002861430013850830017A100B05034
:109CC000CB001065006DDA32F42C6200A841231439
:109CD00010480114006300106500E041970ED06544
:109CE00000E05A0300368001BC621F0011E003BF90
:109CF000DE02F000120181E0068634310191600E2F
:109D000084F42703BFDE02F00665013C50670017AC
:109D1000A101AC5E861750BA01BC60030190B80285
:109D20000300C700065F0068AE0F00265A0181E0FD
:109D3000021710B80350DE02F0065803BFDE02F02F
:109D4000066500E82E0F002B8300B05ECB0010B537
:109D500000B000630870B4028342D300065D03BF05
:109D6000DE02F006600186E0040310A000025E023D
:109D7000F001E603D5DE02F00C6203D6DE02F00C41
:109D80007A0350DE02F0066103BFDE02F003C30176
:109D9000BC600300F0A50182E00209104801BC622A
:109DA0001F0011E001BC60030011EC01BC600F005A
:109DB00011E80285500B00066C0182600209104810
:109DC00003A0DE02F0067003D5DE02F00C6203D6BB
:109DD000DE02F00C7A03205E02F006760188600253
:109DE00009104801BC600300083100685E4B18A0F0
:109DF000020068DE4B07867500025E02F00637033C
:109E0000BFDE02F0001201BC60030037A100025E59
:109E100002F00E9603A3DE02F00012020050C7000B
:109E2000068201BC600300108001826006091048B0
:109E30000180600286343100688EF70006800104DC
:109E4000C1070017A10183DE86F2979400E001CBE1
:109E500000207203BFDE02F0020D00B0010B0017FC
:109E6000A1006DDE840806C300E844640877A10001
:109E70006E5E840826C30187E006F577AB02020018
:109E8000BF000697028881AB000697028400C700D6
:109E900006970129500B0017A10068DE870206977C
:109EA0000282DEBB0006970203C57300069602839A
:109EB000DEB30006960286ABD30006920282DEBBBA
:109EC00000069200682AE7000697006DDE2F01E683
:109ED000970182E006F7F7BF01BC613B0417A100C0
:109EE000E04466F42AA903BFDE02F0001203BFDEDD
:109EF00002F006C301BC600300114902825EAF009C
:109F000006B201826006F577AB00B0446700081C1A
:109F1000020400BF0006A30068451F0006A30185D8
:109F2000E002F577AB032BDE02F006A10185E00627
:109F3000F577AB00B0058B00106400025E02F011F3
:109F40009700B0014B0017A20208421B0006A600B2
:109F5000B0016B0017A200685E8B0006AE00904552
:109F60002B0097A10080DE86F457A1006E20BA0D69
:109F7000A6AE00B041B700082E00E120BA23282F7A
:109F800000E0DE86234C4500B041B6F4282E0205E1
:109F90005EAF0006B001BC610300113300E10D8229
:109FA00029436000E08D8700036100E84465039762
:109FB000A5006D5E970100C1020200BF0006C0004F
:109FC00068DE4B06A6B70184E002F7F7BF0068DE43
:109FD0004B0406BA0282DEB30006BA01BC6003007D
:109FE0000B0A02045EB30006BD0068DE4B0626BD08
:109FF00000025E02F0158F00025E02F0123703A32A
:10A00000DE02F006C00183E002F597AC00025E02BA
:10A01000F017C001826002F577AB03D15E02F00059
:10A0200002020050C30007190325DE02F006C70133
:10A0300083600684F42703BFDE02F006F9020CD029
:10A04000030006F7020300C70006E60114006300E0
:10A0500017A1006DDE870086F701BC600300178042
:10A0600000B050CB00106500B050CF0010640181EB
:10A0700060060D906C0182600686343100B05A2370
:10A080000017A101BC600300168801BC5A2AF437EE
:10A09000A101BC600300168A00B05E8700148F0027
:10A0A000B05A270017A101BC600300168901BC5AF1
:10A0B0002EF437A101BC600300168B00B05E870050
:10A0C000149000B05A1B00148D00B05A1F00148E5B
:10A0D00001BC60030016040068DE030006E302030F
:10A0E00050C70006E20100509F00178001805E0209
:10A0F00091B48D01BC5E0292149001BC60030037E4
:10A100008000025E02F016E400B05E0300148C03CF
:10A11000BFDE02F006F20068C2470006EB0181E0F4
:10A12000068634310191600E84F42701BC6003007F
:10A13000143003BFDE02F0000200B0509F0017A1F0
:10A1400000025E02F001E500B05E87001427018680
:10A15000E0040310A000B04283001800010CD003FB
:10A160000017A10068DE870066E6010250C70017ED
:10A17000A101805E8684F427018AE00E84F4270022
:10A18000B050BF00142603BFDE02F006F90186E0DE
:10A19000040310A00200509F0006F90286C10700C8
:10A1A000071403295E02F006FE00B0523300142D9E
:10A1B00000B052370017A1019E5E8684F42700B0DC
:10A1C000509F0017A10180DE86F437A1020580C3ED
:10A1D00000070500B0303B00108F00B03037001092
:10A1E0008E00B050D700108D00B050D300308C00DE
:10A1F000B050BB00108F00B050B700108E00B050B0
:10A200009B00108D01806006F4308C020250C70064
:10A21000071100B0524300108F00B0523F00108E63
:10A2200000B0523B00108D011A52370017A101985F
:10A23000DE870437A101B85E8691B08C018260028E
:10A24000863431018160020D906C01BC6003001402
:10A250003401BC60030014350325DE02F00717014A
:10A260009C600284F42703BFDE02F0071B028550C6
:10A270000B00071900A850C70D143101BC60030082
:10A28000143001816002F5D7AE0183600284F427A7
:10A290000185E00209104801BC600300142E03A2EE
:10A2A0005E02F0020D03BFDE02F000120323DE02A5
:10A2B000F0079103A35E02F0079103A2DE02F0070C
:10A2C0009101816006F577AB03AA5E02F007910168
:10A2D00083E0020910480351DE02F0072C020680D9
:10A2E000C70007290182E001872C3900E0026B00DA
:10A2F000209A0180E006F577AB03BFDE02F007315C
:10A300000301DE02F0072F00685E4F06272F01BC15
:10A3100060030017A803A45E02F0073103C1DE0248
:10A32000F0079402045EB300073A01846002F597D7
:10A33000AC0183E00209104800B02B3F0017A100D8
:10A340006D2AEEF4200200E0027B00209E01BC603A
:10A3500003000ABB00025E02F0159203BFDE02F0AA
:10A3600000020203DEB300074A0183E002F597AC66
:10A3700000E020CF00283302015EBB00074A00B096
:10A380002A830017A1006D20CEF4274501BC60038D
:10A3900000083300E0027F00209F03A95E02F0075F
:10A3A000480191601A84F42703BFDE02F0036E01B6
:10A3B000BC63FF1FF7A100025E02F00E9603295E48
:10A3C00002F0074A0191601A84F42703BFDE02F00D
:10A3D000074A0184600209104800E10DC229437058
:10A3E00000E08DC7000371020400BF00075101BCEB
:10A3F0006003001115011400630017A100E066025C
:10A40000F4306500025E02F0109A018260020910C9
:10A410004800685E3B18A7550068DE3B07075603F7
:10A42000BFDE02F0000203295E02F007590201506C
:10A430000300075900685E3B04A76001F0DE1700C7
:10A44000378500A05E16F0978500685E3B062760A2
:10A450000201500300075F028780BF00075F01858C
:10A46000E0060910480280D00300077000B05E1BB0
:10A470000017A300B0008B0017A4020400BF000760
:10A4800066006E419730676601185A030017A301F2
:10A490001A5A030017A40068C18318076900E00274
:10A4A000930020A403BFDE02F0076B006D5E2EF464
:10A4B000876B0182E00686343100E05E3300378C22
:10A4C0000068DE32F4676E00B05E0F001785006D25
:10A4D000DE2EF4677C03BFDE02F0078C00B05E1F47
:10A4E0000017A300B0008F0017A4020400BF0007EC
:10A4F00076006E4197306776011C5A030017A3015E
:10A500001E5A030017A4006D5E2EF487780182E0C6
:10A510000686343100E05E3700378D0068DE36F4A1
:10A52000677B00B05E0F001785006D5E2EF4678CB0
:10A530000185E00209104803D1DE02F0077E0329FD
:10A540005E02F00780020300C700078100B05E0FC3
:10A5500000178500025E02F010950068418318071D
:10A56000B2020300C7000788020CD003000788026C
:10A570008350C70007880068DE4B05A78803BFDE4D
:10A5800002F016640181E0068634310068DE3B0685
:10A59000278B00E0029F0020A703BFDE02F006C366
:10A5A00000025E02F0109501816002091048032943
:10A5B0005E02F00791028300C700166403BFDE024B
:10A5C000F006C303D1DE02F0079203A5DE02F00617
:10A5D000C303BFDE02F0001200E10DBA29436E0092
:10A5E000E08DBF00036F0206500300079C00B0011E
:10A5F000030017A1006D810AF4279C00E844640859
:10A6000077A1006E5E8408279C0187E006F577AB92
:10A6100001085E4B0017A100685E4B05279F00688C
:10A620005E870027A000B05E0F00178500025E0263
:10A63000F0109500685E3B0627A601BC600300177A
:10A640008C0200D0030007AB01BC600300178D0330
:10A65000BFDE02F007AB01BC600300178C020300F1
:10A66000C700020D020CD00300020D019C600284A1
:10A67000F42703BFDE02F0020D006841831807B122
:10A680000180600684F42703295E02F006C301827C
:10A690006006863431028300C700166403BFDE0201
:10A6A000F006C300E002970020A5018160020910B6
:10A6B0004801BC600300081200E0017B00A05E01BD
:10A6C000BC60131417A1006D017AF4201201BC6064
:10A6D000130C805E03BFDE02F0001200025E02F087
:10A6E0000D2F0338DE02F00012039EDE02F000128E
:10A6F00000E8444C00F7A100E85E840117A1006A5D
:10A70000DE840107C200E85E8401118701BC60039A
:10A7100000118801A5E02230118001BC6003001106
:10A720001301BC600300111400B044670017A100BE
:10A73000B0446B0017A200B05E8700110400B05E49
:10A740008B00110503B8DE02F007C403BFDE02F080
:10A75000001201BC600304B79201BC60030417A19E
:10A7600001BC63FF1FF0CE00B052170010E800B02C
:10A77000521B0010E900B0521F0010EA01BC600338
:10A780000010E4028600C30007E200B0540F001777
:10A79000A20069DE8A9087D500E85212F450E400E6
:10A7A00068A0470007E201BC60030010E400B05459
:10A7B000270010E000B0542F0010E103BFDE02F0CC
:10A7C00007EB01BC60030297A101BC60031890E88D
:10A7D00001BC60030010E901BC60030010EA03BF84
:10A7E000DE02F007E203A4DE02F00A5003A9DE0253
:10A7F000F00A5001BC600301D7A1020600C30007A4
:10A80000E40280DE5F0007E900B054070010E000BA
:10A810006820470007E701D2DE86A030E000B05490
:10A820000B0010E103BFDE02F007EB01BC5E869077
:10A8300010E001BC601F0010E101BC60030010E2E9
:10A8400000B052230010E500B052270010E600B01F
:10A85000522B0010E700025E02F0107403A9DE0222
:10A86000F00AB100685E4F04280701BC63FF1FF0C7
:10A87000C300685E4F16A7F900685E4F05A7FC018C
:10A88000BC60031A90E301BC600306B79200685EE7
:10A890004F05280703BFDE02F0080101BC60031862
:10A8A000B79201BC60030E90E303BFDE02F007FE27
:10A8B00001BC600306379201BC60031890E3028E6E
:10A8C00001AB00080102984407000BB5028046075F
:10A8D000000BB500B0204700178100025E02F010A7
:10A8E0008400E85E8400D7A1006A5E869088070035
:10A8F000E85212F430E403BFDE02F0080A01BC6043
:10A90000030010E40338DE02F0080A0187E0061CA9
:10A9100090E40190600A09104801BC61030437917A
:10A9200000685E4F16AC4000685E4F05ABB5038310
:10A930005E02F00A5003BFDE02F00002020441632F
:10A9400000081D01876002F577AB01BC60030011B0
:10A950004901BC6003010B8900E10DB228E36C00E2
:10A96000E08DB700036D018460020B105802055E94
:10A97000AF0008190187E006267133020400BF000A
:10A98000081C0185E002F577AB00025E02F011972A
:10A9900003BFDE02F0000203A35E02F0081F000204
:10A9A0005E02F017C00285C5230000020184600624
:10A9B0000B10580200DEFF0008250180E002F7F7C7
:10A9C000BF00682B4F00082500E044655A4AD302B7
:10A9D000055EAF00082701BC61030011330205804A
:10A9E000BF00082D01BC60131157A100025E02F0E8
:10A9F00001270196600E03301900B040670017A2CE
:10AA000000025E02F0012B0203C03700082F03BFD3
:10AA1000DE02F0001202875EAF00083100E0021F84
:10AA20000020870182600628914401BC6003010B6D
:10AA30008903BFDE02F00012020601AB00083601F6
:10AA4000806001872C39020681AB0008380183E061
:10AA500001872C390183E0020F1078028140130036
:10AA600000020200420300083D01846002F597AC39
:10AA700001BC6003000ABB01BC600300108003A39B
:10AA8000DE02F008400190600209104800B04467FF
:10AA900000179E00B0446B00179D00B0446F001774
:10AAA0009C00B0447300179B0068DE7A23284000A6
:10AAB000E002230020880115403B001797006D80BD
:10AAC000A700884B00A05E5F003797006880A70052
:10AAD000084B01BC600300379700B001430017A189
:10AAE000010C81430017A300685E8F00284F018C82
:10AAF000E0000A17A101C9DE840527FF01BC60033D
:10AB00001077950191E0020D906C028640370008A5
:10AB10005500E002BB0020AE03BFDE02F00CA40132
:10AB2000BC600300148001BC600300148101B860A4
:10AB30000A04902401BC600304082401BC600300E3
:10AB4000482301BC600300D02A01B3600700100451
:10AB500001BC600300080801BC600300080901BCD7
:10AB6000600300080A01BC600300080B0183E002D7
:10AB7000F5D7AE00E044671F4C1F0287C037000CBA
:10AB80009E00025E02F0123602864037000867031C
:10AB9000C35E02F0087903BFDE02F00C9F0068C0BC
:10ABA00033004877006B446583E87700B0412700A5
:10ABB00017A100B0412701D04900B05E870017A15E
:10ABC00000B05E870017A100B05E870017A100B03B
:10ABD0005E870017A100B05E870017A100B05E87F6
:10ABE0000017A100B05E870017A100B05E870017B4
:10ABF000A100B05E870017A100B05E870017A1001A
:10AC0000B05E8700104903BFDE02F00D1303435E00
:10AC100002F008620286403700088500685E5F0027
:10AC20000C9F00685E5F004C9F0152D2030017A189
:10AC30000185D206F437A203BFDE02F00880013C92
:10AC400052030017A101BC5206F437A20323DE020F
:10AC5000F008830068DE8B01CC9F03BFDE02F008A2
:10AC60008500685E8B0288850068DE8B038C9F0000
:10AC70006D403300CCA400685E5F00489800685EB9
:10AC80005F002895006800A700C88A006880A700B8
:10AC9000A88B00E0446690283001BC62C30017A175
:10ACA0000280520300088E019652030017A1008013
:10ACB000DE8690379A0203520300089300E05E6A32
:10ACC00090379A0207D20300089300E85E6B0037C2
:10ACD0009A029E5E6B000CA403BFDE02F0089C018A
:10ACE00052D2030017A10185D206F4379A03BFDEC2
:10ACF00002F0089C013C52030017A101BC5206F46B
:10AD0000379A006E5E680BACA400685E6B000D1392
:10AD10000204C03B0008AE0181E0060D906C020702
:10AD2000C0AF0008A4020740370008A200E0027389
:10AD300000209C03BFDE02F00CA400025E02F012B1
:10AD40003603BFDE02F0089E00B02023000C110085
:10AD5000B02027000C1200B0202B000C1300B020F4
:10AD60002F000C1400B05E7F000C150287C0AF00EE
:10AD70000C9E0282403B000C9E015840AF00179A87
:10AD800001BC603F1E17A1006DDE6AF42C9E035BC0
:10AD90005E02F008B001BC601300104301BC60FF0C
:10ADA0001E17A1006E5E6AF42C9E00B0412328108D
:10ADB0004801806002F297940184E0020910480182
:10ADC0005840AF00102A006840AB002C9E01BB5ECB
:10ADD0005600900402035E570008C1020047A3001A
:10ADE00008BE01BC621E3C11E001BC60030011EA18
:10ADF00000B05E6B0011EB0198601E3D11E802008F
:10AE000047B30008C100B05E6B0011EF01B0E0CEA7
:10AE10003D91EC03835E02F008C400025E02F01272
:10AE200036006D403304C8C103AADE02F008E00119
:10AE3000BC63FF1FE3B301BC601F10D06401BC60A2
:10AE40000300B7A101BC63FF1FE79300E04186F454
:10AE5000306501BC63FF1FF60000E05E870077A14C
:10AE600000025E02F00F1F0200C0770008D6012921
:10AE700040770017A2006D5E8B04C8D400E85E8B9B
:10AE800004D60001BC601F05F06300E0418EC010D5
:10AE900063010C56030003B30068DE870168D60027
:10AEA000B05E8B000793006DDE8701C8D900E041DA
:10AEB0009300306403BFDE02F008C903B05E02F005
:10AEC00008DF018360020D906C00681E1BFFE8E044
:10AED00001BC601F05F06500E04194F0D065020000
:10AEE0005A030008E0018360060D906C0020402F9B
:10AEF00008A8E201BC60030003B301BC60030007C3
:10AF0000FC0188E00F0007FD006D4033020A4A0192
:10AF100029520F0017930109520F0017AA0068DE8B
:10AF20004F03A8EA0129522300179301A95E4F009D
:10AF3000379301966002F2979400E0418701F06533
:10AF400001BC600F0017A10028DE869068F1018621
:10AF50006006F2979400E0419700706500E020934E
:10AF600000C82401065E530017A200A05E4F0477BC
:10AF7000A10068DE870448FF0186E006F29794008E
:10AF8000B85E8B0037A200B05A030017A0020ADA9D
:10AF9000030008F901876006F297940284C03B0021
:10AFA00008FF0203DA030008FF03AB5E02F008FDAE
:10AFB000020441070008FF01806004FFA7FD0106AD
:10AFC0005E530017A20182DE8A00900403AADE020B
:10AFD000F0094503AB5E02F00917018460020D9091
:10AFE0006C01BC63FF1FF79900B01E230017A2007D
:10AFF00068DEAB00290900A05E4FFF77A10068DE84
:10B000008707291503BFDE02F0090B0284520F00E7
:10B0100009150204D20F00090E03B15E02F00914F3
:10B0200000B01E1F0017A203BFDE02F0090F03B31A
:10B030005E02F009140200521700091500685E8BC9
:10B04000FFE91500E0015EF4506502015A4700096E
:10B050001500B01E4F001799018460060D906C0218
:10B0600000521700094303315E02F0094302020057
:10B07000BF0009430180E001610B08020052170084
:10B08000091E0068DE4F04091D00B02AD70017A270
:10B09000006DDE895509310202AB2F00093E0283A3
:10B0A0002B2F00092000685E5F00092B01BC6003A4
:10B0B0000017A3013852030017A30283AB2F000926
:10B0C000270068DE5F00292701085E8F0017A300B4
:10B0D000695E8F00693E03BFDE02F0092B006DDE62
:10B0E0005F00492903BFDE02F0093E02842B2F00D6
:10B0F000093E0068DE8F00093E00682A9B00093E79
:10B1000000B02B930017A2006DAA9AF4493E006884
:10B110005EAB00493100685E4F06893103BFDE0235
:10B12000F0093A00B02B9B0017A200B02A9B001731
:10B13000A10283AC2700093600682C87000937007C
:10B140006D5E8564293700B02C7F0017A2006D5E0C
:10B15000895CA93900B02C4B000B110184E006F783
:10B16000F7BF0068DE4F02893E00025E02F017BAA8
:10B170000206DEFF00093E00E02BC7002AF100684E
:10B18000DE5F0009410068DEAB0049410180E00557
:10B19000610B0800682B4F0009430180E006F7F7B8
:10B1A000BF01BC63FF1FF7A5032B5E02F009460039
:10B1B000B01E4F0017A50207520F0009C2028047B8
:10B1C000A30009BF028047B30009BF00E02093003D
:10B1D000882400E8208F00882301BC60030011E46C
:10B1E00001BC600303D1E102065E5300094F01BCBC
:10B1F00060030491E10206DE5300095300E0478733
:10B200000051E10207D20F00095300E04787009187
:10B21000E1006D403302CA4A00685E4F058956005E
:10B2200068DEAB0049C203AB5E02F009590200526E
:10B23000170009C2020580F300095E00685E97FFEF
:10B24000E95B00E05E970097A50068DE97FFE95E86
:10B25000028052170009C2020700BF0009C201BCE8
:10B26000601B0437A20090478700306500E04196DC
:10B27000F4506500E0478701081A03835E02F00975
:10B280006500025E02F01236006D40310349620033
:10B290006D4031034A4A01BC600B1D57A10068DEB6
:10B2A00097FFE975010F5A070017A5031EDE02F08C
:10B2B000097502005217000975032C5E02F009C2DD
:10B2C00000685E67FFE97500E05E6700979900E03F
:10B2D0005E66F43064012A58030017990100DE9776
:10B2E0000017A500E05E66F4B79900E05E670037DE
:10B2F00099011558030017A603BFDE02F009850067
:10B30000E05E96F43064012A580300179902058024
:10B31000F30009840182E002F3379902005217001A
:10B3200009840116D8030017A6010F5A070017A4B5
:10B33000010CD8030017A10068DE92F4298000E018
:10B340005E6702179903BFDE02F00989010DD80379
:10B350000017A10068DE92F429C200E05E670417BE
:10B360009903BFDE02F00989011058030017A600F7
:10B3700068DE9B00C9890181DA030017A100B85E6D
:10B3800086C017A10281DE870009C200885E6700BF
:10B39000778000E000AEF0106401AADE64FF87FC55
:10B3A0000068DE9B0049A302078187000996006DB3
:10B3B000DE030C09960285520F0009960298523B53
:10B3C0000009960181E004FFA7FD00E05E000B3755
:10B3D000A300E05E8F0097A300E041870077A20002
:10B3E000025E02F010D600E8208F01082301BC6045
:10B3F0002306D78100885E970077A100E85E86F477
:10B40000B06301BC60070E17A100E0418EF4306309
:10B4100000B056170017A100B0561B0017A2006815
:10B42000DE86D049C20068DE8AD069C200025E02B0
:10B43000F010AB01BC602306906401BC624F0017A2
:10B44000A200025E02F010FE00E047870217A1038F
:10B45000835E02F009A7006EC032F429A5006EC019
:10B4600032F42C9E00685E9B0049BF01BC621EF452
:10B4700071E00068DE9B00C9B201BC611300B7A196
:10B48000020600F30009AE01BC601300B7A101BCC5
:10B4900060030011EE00B05E6B0011EF0192E00E50
:10B4A000F431EC03BFDE02F009BF00685E9B006967
:10B4B000B40068DE9B00A9BF019860063D11E8005A
:10B4C000E0209300882400E8208F00882301BC60DE
:10B4D000030011EA0068DE5F0049BA00B05E6B004D
:10B4E00011EB0192DE5E3D11E8018760023D11E83B
:10B4F0000068DE9B00A9BE018760063D11E8019847
:10B5000060163D11E80181E004FF87FC01AADE64BA
:10B51000FF87FC03BFDE02F009C701BC620F001108
:10B52000E001BC60030011E40181E000FFA7FD0120
:10B53000BC600F0011E801BC60030011EC02001FA9
:10B54000F70009CE00E0208EF3482300B0209300DE
:10B55000102500E8208E04A823006AA08F01C9CE20
:10B5600001B860060490240182E006F297940188F5
:10B57000600A00900401BC600318779503A0DE0206
:10B58000F009DB00685E4F06A9E00138520300179E
:10B590008000B05E5F0017810204DEB70009DA00A8
:10B5A000685E070009D901BC600301778001BC60B7
:10B5B0000300378103BFDE02F009DA01BC6003013A
:10B5C000578000025E02F001430068DEAB0049E0F4
:10B5D00000A05E4F0477A100685E87004C2D0068D4
:10B5E0005E87044C2D03BFDE02F00E350180600142
:10B5F00086EC37006EB083002A1C0068DE4F040A18
:10B600001C03335E02F00A1C0180600184AC25003B
:10B61000E030B3002C2C0392DE02F00A1C00E03074
:10B6200093002C2400B030830017A1006D3092F4F9
:10B6300029EB03BFDE02F00A1A0180600584AC2505
:10B6400001BC60270897A100025E02F00127018774
:10B65000E006032C2A00B00143000C2B03835E029A
:10B66000F00A18006DC03305C9FB00E860BA019705
:10B67000A60080DE9B0117A500685E5F0009F6004A
:10B6800080DE9B0057A500B041B7000C360080B0AB
:10B69000DB0C8C3600B041B7000C3600B030DB005C
:10B6A00010400000800000000001BC601B06D06557
:10B6B00001BC600300B7A400025E02F001720068E2
:10B6C0005E9300AA0303835E02F00A18006DC03186
:10B6D000842A1801BC6003064C3603BFDE02F00961
:10B6E000F70207C197000A0601385A070017BB0383
:10B6F000BFDE02F00A07013C5A030017BB01BC6021
:10B700001B0437A600E84196F4D7A300885E8F009B
:10B7100037A300E05E8EF777A500E05E970057A59F
:10B7200003835E02F00A18006DC031842A18006D90
:10B73000C032F4AA1800E85E960197A60080DE9B4E
:10B740000117A400685E5F000A130080DE9B0057AB
:10B75000A400B041B70017A40080DE930C97A400AA
:10B76000B041B70010400000800000000003BFDEC1
:10B7700002F00A0C0386DE02F00CA103BFDE02F029
:10B780000D8B0180600184AC2501BC6003000C249A
:10B790000386DE02F00CA10287C037000C9E000277
:10B7A0005E02F0123603035E02F00A1C03A9DE02F9
:10B7B000F00A2600025E02F0123602074037000A45
:10B7C000210386DE02F00CA10287C037000C9E0028
:10B7D000025E02F00EA3006E4030020A500301DE4A
:10B7E00002F00A500068DEAB000A37032B5E02F05D
:10B7F0000A2C00E0022B00208A03BFDE02F00A3090
:10B8000002805217000A2F00E0024300209003BF7D
:10B81000DE02F00A3000E0025700209500685E4F1B
:10B82000040D8500685E4F028D8500685E4F020B37
:10B83000C100685E4F050E2500685E4F060E2500AC
:10B84000685E4F068E2F03BFDE02F00E350068DE05
:10B85000AB002A49032B5E02F00A3B00E0022F00F6
:10B86000208B03BFDE02F00A3F02805217000A3E1F
:10B8700000E0024700209103BFDE02F00A3F00E033
:10B88000025B00209600685E4F06AB8E00685E4F3C
:10B89000042E4D00685E4F04AE4D00685E4F05AC4F
:10B8A0003200685E4F062B8E00685E4F052E230027
:10B8B000A05E4FFF77A100685E87072E4000685E9C
:10B8C0004F16AC3D03BFDE02F00BB503BFDE02F046
:10B8D0000BB900E0020F00208301BC60030011ECF3
:10B8E00001BC600F0011E80284C03B0009C2018462
:10B8F000E00609104803BFDE02F009C20200C0934F
:10B9000000000203A35E02F00A5403C35E02F00AC1
:10B910005303BFDE02F00D1100025E02F012360288
:10B9200007C0AF000A5702074037000A540107C09A
:10B93000AF0017A100B85E870037A101825E860DB7
:10B94000906C00B0447F0007FE018360020910483C
:10B950000287C037000C9E0386DE02F00CA10002B5
:10B960005E02F0123603435E02F00A5C0287C037C3
:10B97000000C9E0301DE02F00A7B03305E02F00A37
:10B980007B01BC601F15506500E04194F5306501F6
:10B9900038402B001680012D406B0017A200885EF6
:10B9A0008B0137A202884027000A6A01846006D012
:10B9B000168000B05A02F456800205C027000A6DB6
:10B9C0000187E006D0168001BC601B0DD7A10002E4
:10B9D0005E02F0012700B0406700168101BC601BC9
:10B9E0000DF7A100025E02F0012700B040670016CB
:10B9F0008200B05A0B0017A100E85A06F437A200E3
:10BA0000E15E8AF457A100E0DE86F457A100985E5B
:10BA10008700B7A100E01EA70067A900691EA70163
:10BA20008A7B01BC60030007A902801FF7000A7D22
:10BA3000006E4030020B890381DE02F00A8A00E0CA
:10BA400002170020850329DE02F00A8102902E27CA
:10BA5000000A8201BC6003002B8903A9DE02F00A00
:10BA6000860184E0060910480180E00209104801BF
:10BA700084E002F7F7BF0386DE02F00CA1018060CC
:10BA800004FF87FC01806006F2979403BFDE02F09A
:10BA90000B370068DE4F040A8D03335E02F00A8D17
:10BAA00001BC6003000C2401836002F7F7BF032987
:10BAB000DE02F00A910288AE27000AA301BC6003EF
:10BAC000000B8903AB5E02F00A9E00685EAB002AA1
:10BAD000A200685EAB000A9C010C520F0017A10087
:10BAE000685E87002A9800685E87004A9A03BFDE76
:10BAF00002F00AA203B0DE02F00A9E03BFDE02F0EB
:10BB00000AA003B15E02F00A9E03BFDE02F00AA0A3
:10BB100003B35E02F00A9E03BFDE02F00AA001BC7E
:10BB20006003004B8903BFDE02F00AA301BC60037F
:10BB3000008B8903BFDE02F00AA301BC6003002B67
:10BB4000890386DE02F00CA103AB5E02F00AA801B5
:10BB5000F0521300118601A5E00A30118003BFDE08
:10BB600002F00ACA03A9DE02F00AAE0068DEAB00EA
:10BB70004ACA00B0523B00179F00B0523B0017BEAC
:10BB800001BC600300280803BFDE02F00ACA028776
:10BB90005E53000AD703A0DE02F00AB903BFDE023B
:10BBA000F007CA0190600A09104800B0523B001724
:10BBB0009F00B0523B0017BE019E5E8300B0EB01B8
:10BBC00006520F0017A100B85E870037A10182DE80
:10BBD00086F577AB01BC610300308000E8523AF390
:10BBE000F7A2006BD23AF3EABC00E85E7E91D7A2DE
:10BBF00000905E8B0097A101BC6023011064006B74
:10BC0000523AF3EAC701185E870017A2010A5E875D
:10BC10000017A300886006F457A200E04192F47078
:10BC20006400B05802F45600006BDEFA91CACA00F4
:10BC3000B0523B0017BE03BFDE02F00ACA00025E2C
:10BC400002F0164F00B0202300280800B0523B003D
:10BC5000179F0320DE02F00AD702075E53000ACEC8
:10BC60000180E00209104803BFDE02F00AD7006835
:10BC7000DE5F000AD4021A5407000AD20103C0276B
:10BC80000017A101825E8610D0860102C02700172E
:10BC9000A100E0422AF4308A0180E004FF87FC031F
:10BCA000A9DE02F00AD700B05E4700108001085EEE
:10BCB0004F0017A100685E87002B0503AB5E02F002
:10BCC0000B0902005217000AEF0068DEAB004ADDE4
:10BCD00000E0025300209402865E53000B3702847A
:10BCE000520F000D130284D20F000AE203AC5E0271
:10BCF000F00AED03BFDE02F00AF8032C5E02F00A40
:10BD0000F800685E4F040AED0106D20F0017A1008B
:10BD1000808ECF0197A200E0015E0DB0640181DE4C
:10BD200086C3F61F0187DE8624912400683077FFE2
:10BD3000EAED00B04467000C1E02005E87000AEDC9
:10BD400000E0446583AC1E00685E4F020B3703BF02
:10BD5000DE02F00B24031EDE02F00AF503315E0260
:10BD6000F00AF50068DEAB004AF500808ECF01973F
:10BD7000A200E0015E0DB0640181E002C3F61F0085
:10BD800068DEAB004AFA00E0023F00208F03BFDE0E
:10BD900002F00AFD00685EAB004AFD0280522F00EF
:10BDA0000B3702024107000AFD00685E4F040B37A3
:10BDB00000685E4F028B370206DE53000B0200283C
:10BDC000E01EF40B0200A044B703E14500B00513E8
:10BDD0000017A100E05E8428A14602844107000B01
:10BDE0003701806006F2979403BFDE02F00B370341
:10BDF0002B5E02F00B3700685E4F05AB2400685ED7
:10BE00004F052B2403BFDE02F00B370068DEAB00CA
:10BE10004B12006D8ECF002B1201BC6003000AB5DF
:10BE200001826002F5D7AE02805EFF000B10006851
:10BE30002B4F000B1200E044655A4AD300682B6B6D
:10BE4000FFCB1200E02B6B002ADA02065E53000BD8
:10BE50001500E0026300209803BFDE02F00B3703F9
:10BE600023DE02F00B1F0129500B0017A30068DE30
:10BE70008F052B1F020680C7000B1A0182E0018785
:10BE80002C390187E0021070830184600209104898
:10BE900000B05E870017A1006EE003002B1E03D1E7
:10BEA000DE02F00B1F0068DEAB004B2100E0022732
:10BEB00000208900685E4F000B3700685E4F010B61
:10BEC0003700685E4F058B3700808ECF0197A20048
:10BED000E0015E0DB0650020DA7F140B3702804769
:10BEE000C7000B870329DE02F00B2D0102DEAF0035
:10BEF00017A10106520F0017A200385E86F44B37D7
:10BF00000182DE8AF577AB00B052230011F200B057
:10BF100052270011F300B0522B0011F40106520F0A
:10BF20000017A100E05E870031F500B0005B001152
:10BF3000F000B047C30018000134C7C70017A100C4
:10BF40006EDE8402AB3701BC60030810420283C17D
:10BF500007000B3B0301DE02F00B3A03B55E02F073
:10BF60000B3B02805E53000D1300B040330017A15D
:10BF700001089FF70017A200685E8B006B4300E882
:10BF800040310497A102811FF7000B4300B02093BA
:10BF90000017A102809FF7000B4300B05E630017FB
:10BFA000A1006E5E84020B8900B05E870007F40179
:10BFB000816000FF87FC0202C013000B4900E05EB5
:10BFC000840347F401816004FF87FC02011FF7002E
:10BFD0000B8201035E530017A10187DE84FF87FCFB
:10BFE0000386DE02F00CA100025E02F01236038529
:10BFF0005E02F00B4C018E60023D11E80107C78321
:10C000000017A101825E84FF87FC02019FF7000BED
:10C01000550103C7970017A101825E84FFA7FD00A9
:10C02000B020330017A1018E5E84FFA7FD032A5EB6
:10C0300002F00B5D00025E02F00E870329DE02F0C3
:10C040000B5C0301DE02F00B5C0182E0060D906CDC
:10C0500003BFDE02F008A401BC60030011EC01BCC8
:10C06000600F0011E801846004FFA7FD01075EAFC7
:10C070000017A10185DE84FF87FC00B04027000780
:10C08000F600B0406B0007F800B0406F0007F90001
:10C09000B0402B0007F701BC601B0DD7A100025E6A
:10C0A00002F0012700B040670017A201BC601B0D21
:10C0B000F7A100025E02F0012700B040670017A15F
:10C0C00000E85E8AF437A200E15E8AF457A100E03E
:10C0D000DE86F457A100985E8700B7A101BC5E869A
:10C0E0000147F700681F33000B7C018F60060127B2
:10C0F000F600681F33002B7900B01FC70017A1009E
:10C10000025E02F0012700A04064F9D7A200B85EE9
:10C1100088FE17A103BFDE02F00B7A00A04138FEB3
:10C1200017A10068DE87000B7C018F60020127F6F3
:10C1300001846004FFA7FD01075EAF0017A1018520
:10C14000DE84FF87FC00025E02F00EA301BC63FFE9
:10C150001FD7A800025E02F0109A00025E02F00EE5
:10C160008701A8600A00900402011FF700163B0037
:10C17000A8401300500403BFDE02F0072000E002D5
:10C18000870020A103BFDE02F00B8A00E0020B0053
:10C19000208203A9DE02F00D130184600609104815
:10C1A0000184E00609104803BFDE02F00D13032BE3
:10C1B0005E02F00BB10068DE4F06AB9200E0023B7E
:10C1C00000208E03BFDE02F00B9300E00237002058
:10C1D0008D0323DE02F00BB50068DE4EF1CBB50215
:10C1E0000680C7000B970182E001872C390187E0A8
:10C1F000021070830184600209104800B05E87005D
:10C2000017A1006EE003002B9B03D1DE02F00B9C14
:10C2100000685E4F062BAF01BC60030008330329A2
:10C220005E02F00BA10203DEB3000BA20191601AC3
:10C2300084F4270183E002F597AC020200BF000BF3
:10C24000AE0206ABD3000BA7020345AF000BA9015A
:10C2500085E0062D716B03BFDE02F00BA9020345DA
:10C260006F000BA90185E0062B715B02045EB30031
:10C270000BAE0187E0021070830183E002091048D1
:10C2800000025E02F0159303BFDE02F00BB502055B
:10C29000500B000BB50182600609104803BFDE0297
:10C2A000F00BB500025E02F00BBC0068DE4F062BFF
:10C2B000B500E0024F00209303BFDE02F00BB50390
:10C2C000AB5E02F00BB702044107000BBA028341D8
:10C2D00007000A5003BFDE02F00BBA0284410700D8
:10C2E0000A5001806006F2979403BFDE02F00A5004
:10C2F000028700C3000BC00068D213000BC001BC52
:10C30000600300118301BC60030011820002DE02A1
:10C31000F00000039F5E02F00BC4039EDE02F00EED
:10C320003502035E53000E35010C81430017A10056
:10C3300068DE87002BC9010001630017A10102C05C
:10C34000270017A20038DE86F44BB903AB5E02F07B
:10C350000BCB02005217000BB90280522F000BCDFD
:10C3600003335E02F00E3502181DF3000BF101BC21
:10C37000601B06106501BC60031BB7A400025E02CF
:10C38000F0017200B05E8F0017A60068DE931BAB51
:10C39000ED0207C197000BDA01385A070017A10117
:10C3A0003C5A070017A201BC5A0AF457A2013C5A92
:10C3B0000B0017A301BC5A0EF477A303BFDE02F0F3
:10C3C0000BDD013C5A030017A100B05A070017A269
:10C3D00000B05A0B0017A3006D5E87008BE701BC0D
:10C3E00061BF0A17A50068DE8AF4ABE201BC6027D2
:10C3F0001357A500685E8EF4ABE601BC605F0017C2
:10C40000A50068DE8AF4ABE701BC60171E57A500E3
:10C4100068DE8EF4ABE703BFDE02F00C2900D85EC5
:10C42000870037A100E14196F4306500E1C1970033
:10C43000306501F041970017A200E05E8B0077A203
:10C44000006D5E8AF4CBD000E840330097A5006E03
:10C450005E96004C2900B01DEF0017A10068DE8435
:10C460000A0E35023C523F000C02013C523F0017BD
:10C47000A10068DE84048C2701BC600316106401EF
:10C48000BC601B06306500685E87002BFE00B05A5A
:10C49000030017A20068DE8AC00C2700E041970065
:10C4A000306500E0419300306400E85E870057A1EA
:10C4B000006A5E87002BF700685E87000C03013876
:10C4C0005A030017A1013858030017A20068DE863E
:10C4D000F44C2703BFDE02F00C030285C107000EF7
:10C4E0003501BC601B06106501BC600305B7A400E4
:10C4F000025E02F00172028000C3000C2701BC60E2
:10C50000131417A600E0017F00B7A5006D5E96F436
:10C51000CC0B01BC60130C97A500685E940BCC2B70
:10C5200000B0017B00106500B052270017A200B0D8
:10C53000522B0017A3006841940BEC160068DE8EA6
:10C54000D04C1200685E8AD02C2700E0419700B0E2
:10C5500065006D4196F4CC0F01BC60130C9065032F
:10C56000BFDE02F00C0F00E0028B0020A200B00141
:10C570007F00106500B0522300168000B0522700E3
:10C58000168100B0522B00168200808ECF0197A238
:10C5900000E0015E0DB0640203587F000C2001BC76
:10C5A000602F0037A103BFDE02F00C2101BC520254
:10C5B000F2F7A101A95E02F43683009044670116E8
:10C5C00084020281AB000C250068DE9305AC2601D5
:10C5D000846006D0968400B05E9700005F020781F9
:10C5E000AB000C2901806006F2979403AB5E02F069
:10C5F00007DF03BFDE02F00A5000E0028F0020A335
:10C6000003BFDE02F00BB903835E02F00C2F006D56
:10C610004033038C2D006D4033038BB9032B5E0236
:10C62000F00E3903BFDE02F007DF032B5E02F00CD1
:10C630003700E0023300208C020681AB000C36018B
:10C6400083E005872C3903BFDE02F007E100E0023A
:10C650004B002092008800230037A200E05E880093
:10C66000F7A200E0001AF451890186E0063011803B
:10C6700003BFDE02F00BB5032B5E02F00C3800E0C6
:10C6800013530024D403BFDE02F007DA020452473A
:10C69000000BB501BC601F10F06401BC60030177A2
:10C6A000A101BC63FF1FE79300E04186F430650100
:10C6B000BC63FF1FF60000E05E870077A100025E0A
:10C6C00002F00F1F0200C077000BB5012940770070
:10C6D00017A2006D5E8B04CBB500E85E8B04D6001C
:10C6E00001BC601F05F06300E0418EC010630200D2
:10C6F000D603000BB502065603000BB50184E00615
:10C70000F597AC0116D6030017A200885E8B007760
:10C71000A200E0019EF4506500B041970004C20100
:10C72000BC602B1817A100B05A0F0017A200025EC0
:10C7300002F0012B01BC602B1837A100B05A130086
:10C7400017A200025E02F0012B00B0418B0004D959
:10C7500003BFDE02F00BB503A2DE02F000C203A3AA
:10C76000DE02F00C7A00E001FF00207F01BC6003D4
:10C770000017A303BFDE02F00C7C018760040310E6
:10C78000A001BC60030051E400B047930018000111
:10C79000BC600302900401BC620F0011E001BC60A8
:10C7A0000F0131E800B047A300180001BC600F0082
:10C7B00011E801BC60030131EC00B047B300180080
:10C7C00001BC60030011EC018460060910480020E0
:10C7D000601E090C7100E001FB00207E03BFDE0239
:10C7E000F00C8501BC60030ED7A101140063001793
:10C7F000A200E05E86F4506500E05A030036800235
:10C800000300C7000C7703A95E02F00C7C02915074
:10C810009F000C7B0191601A84F42703BFDE02F0B5
:10C820000C7B00E001FF00207F01BC60030037A308
:10C830000323DE02F00C850183E002091048018425
:10C840006002F597AC01BC6003000ABB01BC600349
:10C8500000178E020680C7000C830182E001872C3E
:10C86000390187E0021070830182600209104803D9
:10C87000D0DE02F00C8603D05E02F00C870182E06D
:10C880000209104803D5DE02F00C8901BC600300E8
:10C8900010B401BC600300F7A1006800A7000C8D74
:10C8A0000185421AF437A100025E02F0012700B0B0
:10C8B00040670017A501BC63FF1FF7A200025E02DC
:10C8C000F0012B008860070157A400B85E86F4973A
:10C8D000A100025E02F0012B0283C21F000C940033
:10C8E000025E02F0114C02844523000C9603D0DE58
:10C8F00002F00C9800685E8F0000020020E01E0924
:10C900000C9C00B05E9700142E03BFDE02F0036E95
:10C9100000A8412300F04803BFDE02F000020183BB
:10C92000600209104800E0021300208403BFDE0209
:10C93000F00CA401BC6007001042006E4030020CF5
:10C94000A400E0027700209D00025E02F0170A03B7
:10C95000A35E02F00A5003C6DE02F00CA7032ADE33
:10C9600002F00CAE00B0304700080800B0304B00B9
:10C97000080900B0304F00080A00B0305300080B1F
:10C9800000B0305700179F03BFDE02F00D13018483
:10C99000E00609104803BFDE02F00D13020681AB6A
:10C9A000000CB30281B0E70000BD028330E7000055
:10C9B000BD028445230000BD0320DE02F00CBB0055
:10C9C00068A0C7000CB801BC609F0217A100E0443A
:10C9D00066F42831006B4465062CBC0020E1020996
:10C9E00000BD00025E02F00D2F01BC6003000831A3
:10C9F0000020E38A0900BD028445230000BD00B089
:10CA00005E870017A103915E02F000BD0396DE026F
:10CA1000F000BD03965E02F000BD00025E02F00D64
:10CA20002F00E10DB228E36C00E08DB700036D012B
:10CA3000BC600300114701BC600300602000680176
:10CA400073000CD701BC60130890E600025E02F090
:10CA5000016A00B001730010E401BC60030000062D
:10CA600001BC600300005C01BC600301D78201D2FD
:10CA7000DE0877F0E000B00F030010E100B00047DF
:10CA800000108600B00F1F00108A01BC6003003741
:10CA90008100025E02F010700190600A09104801E6
:10CAA000BC610300308003BFDE02F0000201BC6005
:10CAB000030030420187E00224712300025E02F08D
:10CAC00014DB03975E02F00D4303125E02F00CDAF2
:10CAD00001BC600300402001BC6003000B8901BC65
:10CAE000600300114901BC618300112500B0007B87
:10CAF00000112701BC60130C805E01BC60130C8028
:10CB00005F0180E006F5D7AE0107C1070017A1015C
:10CB1000805E86F577AB01BC600F0011E801BC6256
:10CB20000F0011E000025E02F00CF701BC61CF0CB7
:10CB3000105C01BC600300105D01BC61CF01F05EC0
:10CB400001BC603B0AF05F01866005610B080002D2
:10CB50005E02F0145C01866001610B0801BC600399
:10CB600000082E020300C700001201BC600300068B
:10CB7000B201BC60030006B701BC60030006BC0143
:10CB8000BC60030006C103BFDE02F0001201BC60FE
:10CB9000430017BB00A04122F7704801BC63FF1F90
:10CBA000F05401BC63FF1FF05501BC63BF1FF0567A
:10CBB00001BC63FF0FF05700025E02F0170A018705
:10CBC000E00624712301BC600300105401BC600323
:10CBD00000105501BC600300105601BC600300103A
:10CBE0005701BC600F0020170106C1070017A10103
:10CBF000825E8402E017010741070017A100B85EBA
:10CC0000870037A10180DE870000160002DE02F0F7
:10CC100000000285C03700000200025E02F01236FA
:10CC200002864037000D0A00E0021B00208601BC8E
:10CC30006003010B890386DE02F00CA10287C03776
:10CC4000000CA100025E02F017D003BFDE02F0006C
:10CC50001201B8600A04902403AA5E02F00D1601C6
:10CC600058600300102A01BC600302900400B04029
:10CC7000130018000183600209104801806000FF62
:10CC8000A7FD00025E02F0123603855E02F00D1A67
:10CC900001BC620F0011E001BC600F0131E800B07F
:10CCA00047A300180001BC600F0011E801BC60033D
:10CCB0000157A100E85E870037A10068DE87000DFC
:10CCC0002101BC600302900400B040130018000171
:10CCD000BC60030131EC00B047B300180001BC6038
:10CCE000030011EC0324DE02F0072001866006F544
:10CCF00077AB00025E02F00D2F01806006103081DC
:10CD000000B05E870017A10180600210308103BF70
:10CD1000DE02F00720020601AB000D310180600148
:10CD2000872C3901BC610300108000B04203001859
:10CD300000006EE003002D3403505E02F00D37005A
:10CD4000015E02F0000003BFDE02F0039401846084
:10CD500002F597AC01BC6003000ABB00A8412304A4
:10CD6000F048018260020910480206DEAF000D3E65
:10CD700003D5DE02F00D3E0350DE02F00D3C01BC97
:10CD800060030010B40284C783000D4101BC600B36
:10CD90000011E0018E6002F577AB0002DE02F000C8
:10CDA0000003A2DE02F000BD02BC4287000D4A0172
:10CDB000BC60030037A401BC60031FF7A30114008B
:10CDC000630017A200886006F457A203BFDE02F0DA
:10CDD0000D4F008860070117A401BC63FF0017A373
:10CDE000011400630017A200E05E8B0117A2008807
:10CDF0006006F457A201BC60131B906501BC601B68
:10CE000018506401BC60030017A50020C286F48D91
:10CE10005900E0419706D06500E0419301F06400BD
:10CE2000E05E970037A500885E930037A400205E7F
:10CE300092F46D7803BFDE02F00D520068DE92F4CA
:10CE40004D5E00680083006D5E03A0DE02F00D5EA3
:10CE50000020C123160D5300025E02F00D2F006D5D
:10CE6000DE93200D74020300C7000D68006DDE978D
:10CE7000008D6801BC600300160801BC6003001649
:10CE80000901BC600300160A01BC600300160B0117
:10CE9000BC600300160C01BC600300160D01BC60F1
:10CEA0000300160E02005AC3000D73023C5A9F0085
:10CEB0000D7300680083006D730385DE02F000BD12
:10CEC00003855E02F000BD03A2DE02F000BD03A3F5
:10CED000DE02F000BD0397DE02F000BD00B0419716
:10CEE0000010600191600A84F42703BFDE02F003A2
:10CEF0006E01806002D616B000B05E930010A101F2
:10CF0000836002F7F7BF01BC600300304303BFDE5C
:10CF100002F00D53006880830060BD03BFDE02F0A5
:10CF20000CDB0283C21F00000200B05E870017A165
:10CF300003D0DE02F0063D01BC6003041042039EF4
:10CF4000DE02F0001200B05E3F00114501BC60033C
:10CF500000178F00B05E4300178500B05E0F00170A
:10CF60009000025E02F00D2F03BFDE02F0001200FF
:10CF70006D4033058BBA03AC5E02F00D8A00685E2B
:10CF80004F028DEB00E0026700209903BFDE02F044
:10CF90000DEB00685E4F028DEB028030DF000D8EDE
:10CFA00000E0025F0020970180600586EC370002F8
:10CFB0005E02F00EAF01866002F5B7AD018260023D
:10CFC000F5D7AE01BC6003000AB5039EDE02F00D8A
:10CFD000A00321DE02F00DA000E0026F00209B0004
:10CFE000025E02F00D2F0186600209104800A84180
:10CFF0002301304801BC60030210420280441F003C
:10D000000D9F00B05E3F00114501BC600300178F0B
:10D0100000B05E4300178500B05E0F00179003BF9D
:10D02000DE02F00DA000A044B6F07145028200C3FC
:10D03000000DEB00B000730017A100E05E86B01792
:10D04000A100E15E7AF4379E00E1DE7700179D00D3
:10D05000E1DE7300179C00E0DE6F00179B039EDE8D
:10D0600002F00DAF006E5E6E924E21006D5E6E920C
:10D070004DAF006E5E72922E21006D5E72922DAFEA
:10D08000006E5E76920E21006D5E76920DAF006DA1
:10D09000DE7A91EE2102003097000DB400B05E7B85
:10D0A000000C3200B05E77000C3300B05E73000CF1
:10D0B0003400B05E6F000C35028201AB000DC5007C
:10D0C000B0446700082D00B0446B00082C00B04449
:10D0D0006F00082B00B0447300082A0068A0B62334
:10D0E0002DAF00E920B6F3D79E00E9A0B2F3B79DBB
:10D0F00000E9A0AEF3979C00E8A0AAF3779B00E1BB
:10D100005E7A91F7A100B05E8700111900E1DE762A
:10D1100092111A00E1DE7292311B00E0DE6E925134
:10D120001C0068DE86232DBE03BFDE02F00DEB007F
:10D13000E9523EF3D7A100E9D242F3B7A200E9D207
:10D1400046F397A300E8D24AF377A400880ECF00F5
:10D1500057A500E0015EF4B06400E95E86C9A781CE
:10D1600000E9DE8AC9C78200E9DE8EC9E78300E8EC
:10D17000DE92CA078400808ECF0197A501BC601F94
:10D1800007778000E05E020DB06500885A0F00F757
:10D19000A500B05E970817A50134DA0F0017A600A6
:10D1A000E95E94F037A500E8DE98F057A6017BDE33
:10D1B00096F4D7A500685E96D06DEB00E85E96D039
:10D1C00077A600B05E9700168300685A13000DDD45
:10D1D00000E05A16F4D68500685A1B000DDF00E007
:10D1E0005A1EF4D68700885E9B00F7A10134DE9BAF
:10D1F0000017A201BC60030017A301BC6003001765
:10D20000A40069DE9B000DE701BC63FF1FF7A301CB
:10D21000BC63FF1FF7A401C3DE8EF457A200E959D7
:10D2200036F4364D00E9D93AF4564E00E9D93EF4C9
:10D23000764F00E8D942F49650031EDE02F00E212C
:10D24000039F5E02F00E2100685E4F028E21032CC8
:10D250005E02F00E2101BC601B06D06501BC6003BC
:10D2600000B7A400025E02F0017202003097000DC8
:10D27000F600685E9300ADF600E030C7002C310385
:10D28000BFDE02F018840068DE9300AE210207C101
:10D2900097000DFC013C5A070017BB013C5A0B00DC
:10D2A00017A101385A07000C2603BFDE02F00DFF5C
:10D2B00001385A070017BB01385A0B0017A1013C6F
:10D2C0005A03000C2600B05E87000C2700808ECF2A
:10D2D0000197A200E0015E0DB06400B05EEF0016A1
:10D2E000280181DE86C3F61F00683073FFEE080256
:10D2F000005E87000E0800883073007126009030B1
:10D300007301B12800683077FFEE0C00B04467006D
:10D310000C1E02005E87000E0C00E0446583AC1E0C
:10D320000187DE86249124020680F3000E1001811D
:10D33000E002C3F61F0187E0022491240200309727
:10D34000000E2100E030B7002C2D028680F3000E85
:10D35000140281D87F000E1F00B0309F0017A1007B
:10D36000025E02F00F0802805E8B000E1F00E85E76
:10D370006984D7A100685E85846E1B00E030BF0021
:10D380002C2F03BFDE02F00E1F00E030BB002C2E5E
:10D3900001BC6003000C2501BC600700104303BF03
:10D3A000DE02F00D1300E85E6984CC2303BFDE02C9
:10D3B000F0188403AB5E02F007DF03BFDE02F00A61
:10D3C00050032B5E02F00BB903BFDE02F007DF0350
:10D3D000AB5E02F00E28032C5E02F00BB903BFDE39
:10D3E00002F00E3900B052230011F200B0522700B3
:10D3F00011F300B0522B0011F401BC60030091F551
:10D4000001BC600308104200B0005B0011F003BFD4
:10D41000DE02F007DF0138523F0017A102065E531B
:10D42000000E320138524B0017A10068DE87008ED3
:10D430003503AB5E02F007DF03BFDE02F00A5000E7
:10D4400068DE4F020E38020781AB000E38018060A3
:10D4500006F2979403AB5E02F007DF020000F300D0
:10D460000E3E0206DE53000E3E01185E830017A139
:10D470000068DE8700AE3E01BC600B025142020034
:10D480005217000BB903BFDE02F00A5001BC600363
:10D4900000118301BC6003001182032C5E02F00EB8
:10D4A000450199E00620110003BFDE02F00E49019C
:10D4B00019402F0017A100685E87000BB50199DEA7
:10D4C0008620110003315E02F00BB500A05E3B0028
:10D4D00097A200205E4EF44BB5018460020910480B
:10D4E00003BFDE02F00BB503AB5E02F00E5000028C
:10D4F0005E02F00BBC03BFDE02F00BB50068DE4F2E
:10D50000042E5400B0523300179F00B0522F001069
:10D51000EB0281522F0007CA00E002AB0020AA02F2
:10D5200081522F000B9303295E02F00E5A0203DE94
:10D53000B3000E5A0191601A84F4270183E002F5CA
:10D5400097AC0208522F0007DF03BFDE02F00A503B
:10D5500001BC600300106701BC600300104601803D
:10D56000E0060930490282C11F000E6401BC603F21
:10D570001FF06501BC600300168000E84197003091
:10D58000650069C197000E6101BC600B0017940132
:10D59000BC60030017AB01BC60030017AC01BC60AA
:10D5A000030017AD01BC60030017AE01BC600300AF
:10D5B00017BF01BC63FF1FF7B501BC60030020204B
:10D5C00001BC60030017A100025E02F001270138D0
:10D5D0004067000028011C406700002901BC60036F
:10D5E00000504901BC60030017A701BC600300178D
:10D5F000A801BC60030017A901BC60030017AC01BF
:10D60000BC60030017AD0182E0060F10780206C16E
:10D61000E3000E77006880A7000E7A03BFDE02F0F9
:10D620000E7B006880A7008E7B01BC601302600047
:10D6300001BC60230E400101BC63F318600201BC11
:10D64000614B15600301BC600300000401BC604332
:10D6500005200501BC601B04306101BC601702504D
:10D660006001BC600300082200B05E0F0017850057
:10D67000A044B6F0714503BFDE02F00CC30183E0A5
:10D68000060F107801885E5CFEC7F601BC601F1EA5
:10D69000900701BC600301900801886006009004B7
:10D6A0000386DE02F00CA10305DE02F00E8C038679
:10D6B000DE02F00CA10385DE02F00E8E00B05E8764
:10D6C0000017A1006EE003002E920386DE02F00C2C
:10D6D000A1006EC0146FEE9501BC600700104200FF
:10D6E00002DE02F0000003215E02F00E9A00E0204C
:10D6F0004AF4281200B0204B00178B03BFDE02F063
:10D700000EA2028150C7000E9F011C509F00178B74
:10D7100000E05E2EF4378B019C5E2E84F42703BF5D
:10D72000DE02F00EA2011E509F00178B00E05E2E5D
:10D73000F4378B019E5E2E84F4270002DE02F00097
:10D7400000006800A7008EA80102C0270008210081
:10D750006880A700AEAE00E020870028210002DE2E
:10D7600002F0000001BC600300282101BC402B0036
:10D7700017A100985E870117A10098402B0117A2FE
:10D78000006ADE8AF42EAE01BC600300882100022C
:10D79000DE02F00000028280BF000F0700B0418F60
:10D7A00000081300B0418B00081400B04467001754
:10D7B000A2017BDE8A2357A101BC601F07706501AF
:10D7C000BC60030017A201BC601F03D06401BC60F1
:10D7D0001F11506300685A03000EFE01BC601F0F4A
:10D7E000B06200E0418AF450620090540300F7A652
:10D7F000006B5E86D06ED400B05A030017A300E021
:10D800005A0EF4D58000E05A0EF4768300E85A2FC1
:10D8100000368B0069DA2F000EC300E85A07003685
:10D820008B006CDA0EF42EBE00E85A0EF437A4001A
:10D83000905A030077A5006EDE92F4AECA01BC6078
:10D840000300360001BC600B00104301BC60030004
:10D85000278900205A0B080ECD01BC6003002792D7
:10D8600003BFDE02F00ED400205A0B140ED40020A9
:10D870002C27080ED000205A0B040ED40186600617
:10D88000F5B7AD0088009B00D1260090009B0151A8
:10D890002801BC6303001124006B5E86B00EDC001F
:10D8A000685A13000ED901886006D0568200B0561F
:10D8B000030017A400E05E92D0968500E05A0EF4B3
:10D8C000D58000205A0B080EDC01BC6003000792D3
:10D8D00000685A13000EE4006B5E86D0AEE4018847
:10D8E000600AD0568200B056030017A400E05E9292
:10D8F000D0968501BC600300360101BC600B0010AE
:10D900004301BC600300278900685A1B000EFE001B
:10D910006B5E86D0EEFE02015A0B000EF300E85A51
:10D920001B00368600B05A270017A300E05A1EF4E9
:10D93000768701BC601F11D06200E0418AF450621A
:10D9400000B05A2B0017A300E05402F47500020344
:10D95000D403000EF100E05A1F0036870130540353
:10D9600000150001816002D0568203BFDE02F00E76
:10D97000F600B05A230017A300E05A1EF476870180
:10D98000816006D0568200685A1B000EF8006CDADF
:10D990001EF42EE602015A0B000EFB01BC600300D0
:10D9A000360203BFDE02F00EFC01BC60030036034A
:10D9B00001BC600B00104301BC600300278900E03C
:10D9C000419701906500E05E8B0037A200E0419333
:10D9D00000906400E0418F003063006D5E8B008E2C
:10D9E000B802981DF3000F0501BC60030007920008
:10D9F000B0204F00106300B020530010620002DE20
:10DA000002F0000001BC60030017A20068018B0057
:10DA10000F1E0090018B0077A201806002F437A1F5
:10DA2000006E5E86F44F1E0207C197000F1001388A
:10DA30005A070017A303BFDE02F00F11013C5A037F
:10DA40000017A300E85E8F0097A300E85E8AF43712
:10DA5000A2006A5E8AF46F1E00D041970030640015
:10DA6000E05E8B00B7A300E04192F4706400D841FF
:10DA7000930030640207C193000F1B013C58030060
:10DA800017A103BFDE02F00F1C013858030017A1D5
:10DA900000A0018B00F7A200905E86F457A200025E
:10DAA000DE02F0000000B05A0300101F00B05A0759
:10DAB00000102000B05A0B001021018060070010F8
:10DAC0001D02804077000F230002DE02F0000001FB
:10DAD00087E002F577AB03915E02F000020020E3DD
:10DAE000FE0900020200421F0000020068C2F300AB
:10DAF0000002028445230000020068C017000002F3
:10DB00000068AB9700000200025E02F00EAF0068F2
:10DB10003073FFEF310207C493000F3C0068307789
:10DB2000FFE00200683077FFEF350068307B000FC0
:10DB30003B006BC46583CF3C03BFDE02F0000201F3
:10DB4000BC601F07706400E041930617A20068D80C
:10DB50002F000F390281D80B00000200E041930131
:10DB60009064006D4192F44F370287C49300000225
:10DB700000689E4B00000202815E53000F4A028340
:10DB8000411F000F400281DE53000F5B01BC6003A8
:10DB900000115101BC600300115201BC620300116D
:10DBA0005301BC600300515001896006F297940153
:10DBB000BC60E700107701BC600300107601BC6018
:10DBC000031117A300025E02F0013403BFDE02F06E
:10DBD00000020280C54300000201F0C54700115653
:10DBE0000107C5470017A101F0C54AF4315500B03F
:10DBF000455700107700B0455B00107601BC60030C
:10DC00000E97A300025E02F0013400B04557000CED
:10DC10001000B0455B000C0F01BC60030011550102
:10DC2000BC60030011560090303F00CC0F00B030B4
:10DC3000430017A101AD5E8581EC0F0189600AF2F6
:10DC4000979401BC60030810470392DE02F00FAF07
:10DC5000020480BF000F6001BC63FF1FE7F301BC3B
:10DC600061FF1FE80E03BFDE02F00FB10186600204
:10DC7000F597AC01BC601F07706501BC601F0FB059
:10DC80006401BC60030037A101BC60030017A3005E
:10DC9000685A03000F9D01BC60030017A502035AD8
:10DCA0000B000F6E02805A0B000FAF00E9440AC050
:10DCB00017BB00E8C40F0017A4017BDEEEF497A4A5
:10DCC00000685A13000F7C03BFDE02F00F79006872
:10DCD000DE87002F700203DE53000FAF0203DA0B62
:10DCE000000F8400B05A0F0017A400685A07002FD5
:10DCF0007500685A2F002F7501BC60030037A5001E
:10DD0000685A13000F79006CDE92D0AF7900B05AD8
:10DD1000170017A401BC60030037A500201CBAF44B
:10DD20002F7C00685A1B000F9703BFDE02F00F7FA5
:10DD300000885E870097BB00201CBAF76FAF020116
:10DD40005A0B000FAF006CDE92D0EF9700B05A1F55
:10DD50000017A400201CBAF42F8301BC6003003715
:10DD6000A503BFDE02F00F970202DA0B000F9D023F
:10DD700004C107000FAF00B05A0F0017A400E85A03
:10DD80002F0037BB0069DEEF000F8A00E85A07005A
:10DD900037BB013C016F0017800068DE03000F9065
:10DDA0000138016F00178000685E03000F9300E8E0
:10DDB0005E030037BB03BFDE02F00F9300E85E0393
:10DDC0000037800080DE02D0378000E05EEE0DB7C5
:10DDD000BB00685EEF000F9700E05E92D017A400D2
:10DDE000E85EEF0037BB03BFDE02F00F9300685E12
:10DDF0008F000F9A006B5E92F44F9B03BFDE02F020
:10DE00000F9D01BC60030037A300B05E930017A212
:10DE100000B05E970017A600885E870037A100E07B
:10DE2000419701906500E04193003064006D5E878A
:10DE3000020F6500685E8F000FAF00B044670017E7
:10DE4000A5017BDE962357A500E85E8AF4B7A400FF
:10DE5000885E9300E4DB00905E9301271D00B00113
:10DE60002B0017A300689C77000FAA006E936EF436
:10DE70006FAF03A65E02F00FAF00B05E9B00078598
:10DE800000E9136EF467F300E89C7700080E03BF07
:10DE9000DE02F00FB100681E1700000203BFDE02B1
:10DEA000F0105901BC61030011230069203B000FF1
:10DEB000B50180E006F2979403BFDE02F00FB701D0
:10DEC00080E002F2979403BFDE02F0000200684196
:10DED00027000FC602844523000FB8006800A70082
:10DEE000AFBC006800A700CFBC006880A7010FBFCF
:10DEF00000B044670017A100E84466F437A2006D43
:10DF00005E8B004FBD0280C127000FC10392DE026D
:10DF1000F010590392DE02F00CE700025E02F014EA
:10DF2000E700025E02F0113D00025E02F0113800CF
:10DF3000025E02F0114801BC600F0011E8031EDE12
:10DF400002F00FCD01BC600300105C01BC60030057
:10DF5000905D01BC605304105E01BC600300105F63
:10DF600003BFDE02F00FD101BC600B00105C01BCEE
:10DF7000600300905D01BC604304105E01BC60035F
:10DF800000105F01BC6003000C1E01BC6003008038
:10DF900020028500BF00106000B01FCF00115100AB
:10DFA000B0203B001152006E1FCE2A8FDA0068A00D
:10DFB0003B000FDA00E01FCE23280F03BFDE02F084
:10DFC0000FFB00B0446700080F00E91FCE2A9151F3
:10DFD00000E8A03B00115201BC61FF1F707701BC3B
:10DFE00063FF1FF07601BC60031197A300025E027D
:10DFF000F0013400B0454B00107700B045470010E9
:10E000007601BC60030F17A300025E02F001340129
:10E01000BC602F1AB06500B0455700169100B0459E
:10E020005B00169200B0440B00169300B0440F0042
:10E03000169401BC63FF1FF15201BC63FF1FF15135
:10E0400001BC600300115501BC600300115601AC16
:10E05000607F029075028741D7000FEF00B041DB6F
:10E060000003B100B041DF0003B200B04467000814
:10E070002D00B0446B00082C00B0446F00082B004A
:10E08000B0447300082A00E14464FE6C1A00E0C446
:10E090006901CC1B01BC600302315000B045430054
:10E0A000180000686003000FFB01BC600300104013
:10E0B00000008000000000020480BF000FFF031278
:10E0C000DE02F00FFB0068C55700100701BC602F8F
:10E0D0001AB06500B05A4700115500B05A4B0011F4
:10E0E0005600B05A4F00110200B05A5300110301FC
:10E0F000BC60030017A701BC60030017A801BC6047
:10E100000300006601AC607F0F1075028741D700E5
:10E11000100900B041DB00115100B041DF00115285
:10E120000068454700101000E91FCE2A87F300E879
:10E13000A03B00080E01866006F597AC01BC6003A9
:10E1400000107701BC600300107601BC60030F175C
:10E15000A300025E02F0013401BC60030011500212
:10E160008445430010150207C1E300101600B044B7
:10E17000670017A100685E862330180182E0060F51
:10E1800010780206C1E300101A01BC6003004020B1
:10E1900001BC60030000660186600620110001BC1E
:10E1A000606300107B01BC601B00107A01AC607FD3
:10E1B000029075028741D700102100E941D87637D7
:10E1C0009C00E8C1DC76579B00B0303F0017A100EF
:10E1D00080DE72F4379D00B041B700179E0080DEEC
:10E1E0006EF4379C00E15E760DB79D00E0DE7300B3
:10E1F000179C017D5E7AF3B7A1017D5E76F397A24D
:10E2000000905E730157A300E120B6F4311900E1DC
:10E21000A0B2F4511A00E1A0AEF4711B00E0A0AB73
:10E2200000111C00E10DAAF4236A00E08DAEF44356
:10E230006B00B0441F001800008844230157A3005E
:10E2400090442300D7A400B0440B0017A100B044B1
:10E250000F0017A200E95E862337A100E8DE8A23BB
:10E2600057A20069DE8B00104100E1440AF47102FC
:10E2700000E0C40EF4910300E85E230037880069D3
:10E28000DE2300103600E8002700378803BFDE02D7
:10E29000F010360186600220110001BC60030040CE
:10E2A0002000E9306A2337A100E8B06E2357A200AE
:10E2B00068DE8B00105001BC604F1117A3006DDEAB
:10E2C00086F4705001BC600300104001BC60030084
:10E2D000105D018260060BF05F00D05E8700713434
:10E2E00001E1DE8A26913501BC6303001133000091
:10E2F0008000000000018260020BF05F02865EB3C6
:10E3000000105900681E1700105901BC6043001727
:10E31000A100E04466F4378001BC60030007890077
:10E32000025E02F00EAF006C4466F0105900681EE9
:10E330002700105503BFDE02F00F5B0200DE530022
:10E3400010630180E002F2979400025E02F0113B3C
:10E3500001BC600300104003BFDE02F0105E00E06D
:10E3600044640957A103BFDE02F0106301BC6003DF
:10E3700000104000B0012F0017A100E0012AF43185
:10E380000900B0012F00110901BC61CF0C105C0124
:10E39000BC600300105D01BC61CF01F05E01BC6098
:10E3A0003B0AF05F00025E02F0114400025E02F0E0
:10E3B000114B00025E02F0114101BC6003000785B1
:10E3C000006D80A7008CE700E044670477A1006837
:10E3D000DE8623306E03BFDE02F00CE701885E06A6
:10E3E00010D08601025E070017A101825E8610D060
:10E3F000860002DE02F0000000B000470010860137
:10E40000082047001781013852030017800102C01D
:10E41000270017A600025E02F015F80068204700EA
:10E42000507B00B0540700178000025E02F01070AD
:10E43000006820470030830068A04700107F021A60
:10E4400054070010830103C0270017A103BFDE0299
:10E45000F010820106C03B0017A101825E8610D039
:10E46000860002DE02F0000000B054130017A10085
:10E4700068DE4F16B08700B054130017A10200DE0B
:10E480000700108F00B0418B00106501BC600301D4
:10E49000D7A10068DE4F16B08C01BC60030297A1C3
:10E4A00000025E02F0160B00E05E8400F7A103BFDD
:10E4B000DE02F01094020480F300109402025E0762
:10E4C00000109402805E070010940090001B00373B
:10E4D000A200E85412F457A10002DE02F00000028C
:10E4E0000400BF00109800025E02F011E903BFDED5
:10E4F00002F0109900A044B6F0B1450002DE02F02F
:10E500000000020000BF0010AA0068ABEF0010AAD4
:10E5100000E05EA30037A8006D5EA005D0AA00B0A1
:10E520002E2F0017A100025E02F0012700B0406705
:10E530000017A20068DEA3FFF0A700B05E89719704
:10E54000A2006D00A70090A6006DA0870050A80350
:10E55000BFDE02F010A70068A0870010A800B85E18
:10E56000897197A200025E02F0012B01BC600300DA
:10E5700017A80002DE02F0000000D85A030117A21B
:10E5800001B85A06F457A200B0560300083600B08E
:10E59000560700083700B0560B00083800B0560F79
:10E5A00000083900B0561300083A00E05612F4484B
:10E5B0003B00B05A0300083401385E8B0008350078
:10E5C000B020EF0017A401BC60030017A200B04107
:10E5D0009300106500B85E92D017A400E05E06F4C8
:10E5E000506300F05E930017A300F05E930077A4E1
:10E5F00000E05E8B0037A200B85E92F477A400E0E2
:10E600004192F4506500E05602F4958000B0560344
:10E610000017A4006EDE8B00B0B800B85E92C0D7C1
:10E62000A200D85E8B0037A200E020DAF448360062
:10E63000B020DB0017A400B85E92C0F7A200D85E3D
:10E640008B0037A200E020DEF4483700D820DF003E
:10E6500037A200E020E2F4483800D820E30037A2D7
:10E6600000E020E6F4483900D820E70037A200E0B7
:10E6700020EAF4483A00D820EB0037A200E020EE70
:10E68000F4483B00B020EF0017A200B85E8AC01724
:10E69000A200905E8B0037A201BC5E8906A83500FF
:10E6A00002DE02F00000018060063C91E401876018
:10E6B000063CD1E601A860023CD1E6018B60023C39
:10E6C000D1E600B05E8F00106300B056030011E782
:10E6D00000B056070011E700B0560B0011E700B07C
:10E6E000560F0011E701A960423C91E401A86002C5
:10E6F0003CD1E6018B60063CD1E600B05E8B001099
:10E700006301BC60030057A1020456030010E60138
:10E71000BC60030117A100E0418EF4306300B056E5
:10E72000030011E700B056070011E700B0560B00D8
:10E7300011E700B05E8B00106301BC600300B7A15D
:10E740000204D6030010F001BC60030117A1020609
:10E750005E530010F001BC60030197A100E0418E00
:10E76000F4306300B056030011E700B05607001103
:10E77000E700B0560B0011E701BC60030017A102CF
:10E7800006DE530010FB00B05E8B00106302065ED5
:10E79000530010FA00A0563F01F7A103BFDE02F0BC
:10E7A00010FB00A0563301F7A100B05E870011E70F
:10E7B00001BC60030011E70002DE02F00000006807
:10E7C0005E9B00D11801BC60070211E30068DE9B6C
:10E7D00000510B00E847870111E101BC6003001103
:10E7E000E201BC60030011E201BC60030011E20120
:10E7F000BC60030011E201BC60030011E201BC60D7
:10E80000030011E201BC60030011E201BC600300DF
:10E8100011E200B06142F451E000B058030011E28F
:10E8200000B058070011E200B0580B0011E200B030
:10E83000580F0011E200B058130011E200B0581751
:10E840000011E200B0581B0011E200B0581F001187
:10E85000E200B05E9B0017A40068DE9B00B11601C9
:10E86000BC60030077A40192DE930217A30002DECE
:10E8700002F0000001BC60070011E300B058030083
:10E8800011E200B058070011E200B0580B0011E28D
:10E8900000B0580F0011E200B058130011E200B0B0
:10E8A00058170011E200B0581B0011E200B0581FC9
:10E8B0000011E200E00146F0106401BC6007003185
:10E8C000E300B058030011E200B058070011E20065
:10E8D000B0580B0011E200B0580F0011E200B05820
:10E8E000130011E200B058170011E200B0581B00ED
:10E8F00011E200B0581F0011E20192E01B0017A3C3
:10E900000002DE02F00000028740C300112D0186E4
:10E910006006F01030028640C300112F00B040C7DF
:10E920000017810002DE02F00000028740C30011E0
:10E930003200B05E070010310186E006F0103000B2
:10E9400002DE02F00000006800A701978C03BFDE22
:10E9500002F0114A00025E02F0113B00025E02F07A
:10E96000114B0002DE02F00000006800A701970FC3
:10E970000002DE02F00000018160060930490068F3
:10E9800000A700914000025E02F0114C0002DE027E
:10E99000F0000000025E02F0114C018160020930BB
:10E9A000490002DE02F000000188E00E0930490053
:10E9B000B0412700180000B0002B0010020002DE5A
:10E9C00002F0000001BC60030010020182E0020FAF
:10E9D00010780002DE02F00000006800A701978BAB
:10E9E00000B041270017A100B0412701D04900B075
:10E9F0005E870017A100B05E870017A100B05E8798
:10EA00000017A100B05E870017A100B05E87001755
:10EA1000A100B05E870017A100B05E870017A100BB
:10EA2000B05E870017A100B05E870017A100B05E3E
:10EA3000870017A100B05E870010490002DE02F0D7
:10EA400000000100DE530017A601BC60030037A1DF
:10EA500003BFDE02F0115D00025E02F001270187B4
:10EA600060060337A20068DE9B0011610187600227
:10EA70000337A200025E02F0012B0002DE02F0006A
:10EA8000000202411F00117602825E5300116801EC
:10EA9000826006F2979400B0446700180000B0440A
:10EAA0006B00081B00B0446700180000E8446903CD
:10EAB00077A4006800A700916B006DDE9300517091
:10EAC00000E044670317A303905E02F01173028510
:10EAD000C5230011730068DE8E23316D01BC600315
:10EAE00002104701BC600300904301826002F2976C
:10EAF0009401826002F5B7AD006800A7009176002E
:10EB00006800A700B1760002DE02F000000201C139
:10EB10001F00118902855EAF00117C01856006F53A
:10EB200077AB00B0446700081E00B0446B00081FBC
:10EB300000E9446503D7A100E8C46903F7A200D047
:10EB40005E870077A101E1DE8AF437A200E95E86E4
:10EB50002697A100E8DE8A26B7A200695E8B001125
:10EB60008901BC610300113300E144DAF43136005D
:10EB7000E144DEF4513701856002F577AB01BC60FA
:10EB80000301104701BC60030050430002DE02F0A5
:10EB900000000201AE2700118C0284C523001196EB
:10EBA00001BC600F0C106500E041957130650200FA
:10EBB0002E2700119000E0419700B06501BC600F66
:10EBC0000D17A1006E4196F4319400E15A022936E6
:10EBD0008000E0DA0700168101BC6003000B8901A8
:10EBE000BC60030011490002DE02F0000000B045E5
:10EBF0001F00178100B005B70017A601BC6007040D
:10EC0000106401BC60131B906501BC60030017A178
:10EC10000205DEAF0011B100B0580F001780006888
:10EC2000DE842C31A100E0582300360803BFDE0249
:10EC3000F011B902005E9B0011B10280DA030011ED
:10EC4000A70118581F00178200E05E0B00378201F1
:10EC5000985E0AC0F60703BFDE02F011AA011A5837
:10EC60001F00178200E05E0B003782019A5E0AC027
:10EC7000F60701F0DE0300378000A05E02C0578077
:10EC800000B05E0300160300A044B6F0178200B087
:10EC90005E0B00160500E05E0AC0960603BFDE02AA
:10ECA000F011B900B0581300178200E85E06F05763
:10ECB000A5006ADE970011B700E85816F4B6050003
:10ECC00069D8170011B701BC600300160500B058E1
:10ECD000170017A500E05812F4B60600E0419302B1
:10ECE000106400E0419706D06500E05E870037A120
:10ECF00000905E9B0037A60068DE8700919C01BCF7
:10ED0000600300114701BC600300016D0002DE02D8
:10ED1000F0000001BC600300016C01BC6003000155
:10ED20006D01BC60070A106401BC60030077A1009C
:10ED3000B0428F00178000A05E0301F78000B05E34
:10ED40000300016E01BC63FF1FF7A20068DE030031
:10ED500011CB01BC60030017A200886006F4378164
:10ED6000002005BAF031D00068DE8AC0D1D000E0C2
:10ED700005B300216C00B005B6F0216D00685E039C
:10ED80000011D400205E06F011DA006EDE8AC0D1D8
:10ED9000DA03BFDE02F011D5006DDE8AC0D1DA00E1
:10EDA000B05E870017A300B0419300016600B05821
:10EDB0001B0017A201BC600300016C01BC600300D2
:10EDC000016D00E8419302106400E85E870037A1FE
:10EDD0000069DE870011CB00B05E8F000165000284
:10EDE000DE02F0000000B0059B00106400B0581B6C
:10EDF00000114500B0059B00016200B005970001BD
:10EE00006100B0580F00178500B058070017830045
:10EE1000B0580B0017840118581F00178C011A589E
:10EE20001F00178D0002DE02F0000000B0058B000D
:10EE30001064006E41932A11F600A044B6F0B7A109
:10EE400000B05E8700160500E05812F4360600B0E8
:10EE5000581B001145020000F30011F3006D4193AF
:10EE60002811F30200DEAF0011F301BC600B025168
:10EE70004200B05E8700016F02015EAF0011F60034
:10EE8000B05E1700160301816002F577AB0002DE69
:10EE900002F00000020145230012010287C4930022
:10EEA000120101826002F5D7AE02012C230011FE8F
:10EEB00000E02C2B002B0A01816001610B08020687
:10EEC0005EB700120100E02AD7002AB50186600271
:10EED000F5B7AD0002DE02F00000020200BF001232
:10EEE0000F00025E02F012370202DEB300120700CA
:10EEF00068428F000F2503BFDE02F0000202888106
:10EF0000AB00120F02845EFF00120502845EB300A4
:10EF100012050282DEFF00120502822B2F00120D65
:10EF200000682A9B00120F0284DEAF0012050284E3
:10EF30005EB700120500B05E870017A10002DE0276
:10EF4000F000000182E002F597AC0203DEFF001240
:10EF5000190284452300121902012B2F00121901F6
:10EF600080E006F2979400025E02F0114C0180E00E
:10EF700002F2979400025E02F0114C0180E002F26E
:10EF800097940201AC230011360181E001610B0866
:10EF900003BFDE02F01138020400C7001227020688
:10EFA000ABD30012210284C5AF00123503BFDE02CD
:10EFB000F012220284C56F0012350284452300122C
:10EFC000240200420300123500685E4B04B2350093
:10EFD000685E4B06B23500685E4B0632350182E052
:10EFE00006F597AC0284452300122A0323DE02F0C3
:10EFF000122B0183E006F597AC0180E006F29794AE
:10F00000028400C700113600B02AD70017A2006D95
:10F01000DE8955113602872B2F00123202005EFF67
:10F020000011360207AB2F0011360181E005610B9C
:10F030000803BFDE02F0113803BFDE02F011360014
:10F0400002DE02F00000020200BF00144D0206AB17
:10F05000D30012440104C1070017A101855E856138
:10F060000B0802042C2300124401846001610B0888
:10F0700001BC60370017A201BC60031417A100B0E7
:10F0800045E300180000B045E300180000B045E378
:10F0900000180001BC620300107701BC60031B5024
:10F0A0007600025E02F0013E00682AEB0012490081
:10F0B000E844655757A101BC63F71D17A2006D5EB8
:10F0C00086F4524900E84466F44ABA006CC46556B6
:10F0D000724B00E84467002AB30206ABD30012501B
:10F0E000006DC46701524E01BC6003000B10028426
:10F0F000C5AF0012BD03BFDE02F012510280456FA2
:10F100000012BD020701AB0012530180600209D05A
:10F110004E01BC63FF1FF7A10068C586F43256019B
:10F12000BC6003000ABD0204DEB700144D0184E098
:10F1300002F5B7AD0184E001610B080202DEB30005
:10F1400012740206ABD30012650068AAF700925D44
:10F1500000682B0300125E03BFDE02F01263018B16
:10F16000600E2B915C0287ABD300126201826002B9
:10F1700009D04E03BFDE02F012630182600609D09F
:10F180004E00025E02F0121103BFDE02F0126701B0
:10F190008360062B915C00025E02F012110204DE15
:10F1A000AF0012740282DEBB0012740068AAF7007E
:10F1B000926C0106AB170017BB0068DEEF001270FF
:10F1C000028480C70012740068AAF700326F006CD6
:10F1D000C4655672730068AAF700927400682B0326
:10F1E00000127400E845895AF7A1006D5E856052EF
:10F1F000740186E005610B0802835EBB00127A028F
:10F2000006ABD300127800E845C95AF7A103BFDE68
:10F2100002F0127900E845895AF7A1006E5E855424
:10F22000B2970205DEB700129300E02B97002AE5A3
:10F2300001BC6003000AE700682C4700127F00E869
:10F240002C47002B1101866002F5B7AD0204DEFFEA
:10F2500000128900B02B9B0017A200B02A9B001758
:10F26000A10283AC2700128600682C870012870059
:10F270006D5E8564328700B02C7F0017A2006D2B75
:10F2800096F452890184E002F7F7BF0206DEFF0020
:10F29000129300E02BC7020AF100B04467000AFC99
:10F2A00001182BC70017A1011A2BC70017A2006E67
:10F2B0005E87001291006DDE895E529103BFDE020F
:10F2C000F0129301BC6003000AF10186E002F7F737
:10F2D000BF02025EFF00144D0068AAEB00144D004F
:10F2E000B02AC7000ABA03BFDE02F0144D0182E063
:10F2F00002F7F7BF02862C2300129F0068B05B0064
:10F30000129B0068305F00129F00E9446582D7A617
:10F3100000E8C46982F7BB00E10EE2F4C3B800E084
:10F320008EE6F763B902025EFF0012A7020600C76D
:10F330000012A402802BD30012A400B02B2B0017C4
:10F34000BB006E2B02F7744D02025EFF0012A70095
:10F35000B04467000ABA03BFDE02F0144D0205DEB6
:10F36000B70012B500682AF70872AA00E84465558C
:10F37000CAB600682C470012AC00E82C47002B11DD
:10F3800000E02B9F002AE700B02BA30017A100B0DC
:10F390002A9B0017A20283AC270012B200682C87B8
:10F3A0000012B3006D5E896432B300B02C83001785
:10F3B000A1006D2B9EF432B501BC6003000AE5008C
:10F3C00068AAF700B2B800B04467000AEF00B04482
:10F3D0006B000AF30068AAF70132BC00B044670072
:10F3E0000B0B02062BD30012BC00B02C7B010B1EB2
:10F3F00003BFDE02F0144D020701AB0012BF018013
:10F40000600609D04E0204DEB70012C80283C5733D
:10F410000012C201876006F577AB0282DEB30014EA
:10F420004D0203C57300141C00E844655637A10063
:10F430006D5E8555B44D01836006F5D7AE03BFDE22
:10F4400002F0144D00E10ED30023B400E08ED7008B
:10F4500003B502862C230012CD00B04467000C16C1
:10F4600000B0446B000C170206AC230012D00184DC
:10F470006002F5B7AD0186E001610B080206ABD36F
:10F480000012D701BC6003000AD7006D45C71F52A8
:10F49000D400B045C7000AD700E044655AF7BB0066
:10F4A000E85EEE2E2AB103BFDE02F012DC01BC6082
:10F4B00003000AD7006D45871F52DA00B045870068
:10F4C0000AD700E044655AF7BB00E85EEE2C2AB18B
:10F4D00001836002F5D7AE0184E006F5B7AD018582
:10F4E000E002F5B7AD01826002F7F7BF0185600267
:10F4F000F5B7AD01BC6003000B0500E84465563765
:10F50000A1006D5E855DD2E2006D5E8555B2E600BC
:10F51000E02B63002AD800B02A930017B30206AB91
:10F52000D30012F501BC600301917800B045E300FF
:10F53000180000B045E7000AC401BC600301B178BF
:10F5400000B045E300180000B045E7000AC501BC63
:10F55000600301D17800B045E300180000B045E732
:10F56000000AC601BC600301F17800B045E3001851
:10F570000000B045E7000AC703BFDE02F013010137
:10F58000BC600300117800B045E300180000B045EE
:10F59000E7000AC401BC600300317800B045E30015
:10F5A000180000B045E7000AC501BC6003005178AF
:10F5B00000B045E300180000B045E7000AC601BCF2
:10F5C000600300717800B045E300180000B045E723
:10F5D000000AC70182E001610B080207AB1B0013A0
:10F5E000040182E005610B0800B02B170017BB0176
:10F5F000285EEF000ABD01BC60131C57BB02182B2C
:10F600001B00130B01182B1B0017A60080DE9AF7B6
:10F6100077BB00B041B70017B301342B1B0017A212
:10F6200001182B1B0017A300682AF7003318006885
:10F63000AAF700931100685E8F00731A03BFDE0201
:10F64000F0131800682AF70133170068AAF700536F
:10F65000150068DE8B00731903BFDE02F01317007C
:10F6600068AAF700731A0068DE8B00D31900685E81
:10F670008F00331A00685E8F00131A018760055EE1
:10F680008AF402032BD300132200682AF702D31D49
:10F690000068AAF702B32201BC60131C57BB0234F6
:10F6A000AB170013220134AB170017A60080DE9AB7
:10F6B000F777BB00B041B70017B302022C27001345
:10F6C000240186600560AB05006E2AF701F328006F
:10F6D00088600557B7BB0020DEED5C532B03BFDE0F
:10F6E00002F0132E00E82AF70217BB00886006F725
:10F6F00077BB00205EED5C732E01856006F5B7AD2B
:10F70000020480C300132E0184E00560AB05006E87
:10F710002AF701F3350088600557B7BB00205EEF7C
:10F720000193330186600160AB050068AC470013AC
:10F73000390020DEED5A933803BFDE02F0133900A2
:10F74000E82AF70217BB00886006F777BB00205E47
:10F75000ED5AB3390184600560AB050068AAF70271
:10F76000F342010DAB170017A1010EAB170017A252
:10F7700000685E8700134200E05E86F457A100E057
:10F780005E87080ABD0186600160AB0500682C47F2
:10F790000013420184600160AB0502032BD3001308
:10F7A0004E018360015AAAD500682AF702D34900A6
:10F7B00068AAF702B35E0068AAE700134C0068ABC2
:10F7C0002300134C0282DEBB00134C02072B1B00EC
:10F7D000134C0184600560AB0503BFDE02F0135ECD
:10F7E0000283C57300135E00025E02F015BE00685E
:10F7F000AAF702B35E018360055AAAD500E02C8FF8
:10F80000002B2301856002F5B7AD0068AAE700135D
:10F810005E0068AB2300135E0282DEBB00135E0055
:10F82000B02AC30017A201342B1B0017A1006EDE03
:10F830008706135900B02ABF0017A2006E5E8964C4
:10F84000735E01BC6003000B2301BC6003000ADA95
:10F8500001856006F5B7AD0184E005610B0800681D
:10F86000AAF700B36802075EFF00136801342B1B80
:10F870000017A3006DDE8D60336800685E8F001393
:10F88000680283AB170013660183600560AB050354
:10F89000BFDE02F0136800B02BDB000AF000B044BA
:10F8A0006B000AF70068AAF70133770202AC270061
:10F8B000136B0186E00560AB050281ABD3001377C3
:10F8C00001BC6003000ADA00682C2F00137700E8FF
:10F8D00044656177A1006D5E8561937400B02C333F
:10F8E0000017A200E05E8961B7A2006DDE86F453C6
:10F8F000760200AC230013770185600560AB050339
:10F90000BFDE02F013770180E001610B080068AAF6
:10F91000F701137A00B02AC7000AD10187E006F781
:10F92000F7BF0207DEFF00137C0181E00560AB0535
:10F9300000682AF700338100682AF701F381028505
:10F940002BD300138000682AF70313810068AAF7FD
:10F9500000939201826006F7F7BF00B02AC7000A41
:10F96000B90068AAF703138800682B2300138800E6
:10F97000B00013000ABD00B02B7F000AC003BFDE39
:10F9800002F013910068AAF7009392011C2B170054
:10F990000AC00106AB170017BB00685EEF00138FAB
:10F9A00001BC6003006AC300B02C7B004B1E03BF88
:10F9B000DE02F0139100A82C7B004B1E01BC6003FB
:10F9C000008AC300B02AC7000AC80202DEBB0013C7
:10F9D0009F0284DEFF0013950206DEFF00139F00E6
:10F9E000B02AD70017A2006DDE8955139E00B02BF8
:10F9F0009B0017A200B02A9B0017A10283AC27002E
:10FA0000139C00682C8700139D006D5E8564339DF8
:10FA100000B02C7F0017A2006DAB96F4539F0182BB
:10FA2000E00560AB050286ABD30013AD008860052E
:10FA300057B7A10020DE856393A500E82AF70217D7
:10FA4000A100886006F437A100205E8563B3AB0097
:10FA5000682C6F0013AB01342B1B0017A2006E5EE5
:10FA60008B0293AA00B02C7B002B1E03BFDE02F09A
:10FA700013AB00A82C7B002B1E0068AAF702F3AD85
:10FA800000B04467000B1B00E05ECD54B7B30182A9
:10FA90006002F5D7AE00B02C2B0017A100B02AD71A
:10FAA0000017A2006D5E895513B402865EB700137D
:10FAB000C503BFDE02F013B6006D5E855FF3CA02B8
:10FAC000812C230013C501BC601F07706501BC6059
:10FAD0001F11506401BC601F11D7A400685A0300B5
:10FAE00013C10088580300F7A30134D8030017A2FC
:10FAF00000E95E8E2337A301C3E0022357A500E887
:10FB0000DE8AF4B7A20068DE8B0013C1006EDE8EC1
:10FB1000F673C500E0419300306400E04197019026
:10FB200065006D4192F493B903BFDE02F013CA0081
:10FB3000682AF70093CA00682AF70053CA00682AA7
:10FB4000F70073CA01826006F5D7AE00025E02F0CC
:10FB500015BE01BC60131C57BB01342B1B0017A240
:10FB60000080DE8AF777BB00B041B70017A20068BB
:10FB70002AF70053D700682AF70253D700682AF7FC
:10FB80000273D700682AF70073D700682AF7085372
:10FB9000D700682AF70873D700682AF70893D700B8
:10FBA000682AF703D3D703BFDE02F013E60185E02E
:10FBB00006F5B7AD00685E8B0013E100B05E8B0008
:10FBC0000AA60182E006F5D7AE00682C8B0013DE92
:10FBD000006E5E896453DE0181600563CB1E00E028
:10FBE0002BAB002AEA006E5E896013E1018260059A
:10FBF00060AB0500E844655637A100B044670017C4
:10FC0000A300682AF70893E500E85E8EF42AAE01A7
:10FC1000846002F7F7BF0282DEB300144D0203C511
:10FC20007300141C00B02AAB0017A200B02AB30066
:10FC300017A30068AAF70093F602802BD30013F6EF
:10FC400000B02B030017A1006D5E855873F2018090
:10FC5000E00560AB0500682B4F0013F201BC6003A8
:10FC6000000ABC00025E02F0159B00685E8700136C
:10FC7000F600682BE70013F600B02BE70017A20090
:10FC8000B02BEB0017A300685E8F0013FF00682AFB
:10FC9000EB0013FF00E844655757A100E05E8EF4C7
:10FCA00057A2006D5E86F453FF0181600560AB05CD
:10FCB00000682B4F0013FF01BC6003000ABC000268
:10FCC0005E02F0159B0281AB2F00140402005EFF60
:10FCD0000014040204452300140403A0DE02F014FF
:10FCE000040183E00560AB050281AC2700141C020F
:10FCF000862C1700144D0286AC1700144D0280802C
:10FD0000BF00144D02825EBB00144D02822BD30053
:10FD1000141C0281AC1700141C0280AC1700141CC8
:10FD200002812C1700141C02822C1700141C02885C
:10FD300081AB00141C0282AC1700141502832B1730
:10FD400000141C02832C1700141502852C170014B4
:10FD50001502842C1700141C0284AC1700141C021A
:10FD600083AC1700141C02845EB700141B0204DE6F
:10FD7000AF00141B0281DEBB00141B0184E002F5FE
:10FD800077AB00025E02F0159F03BFDE02F0144D58
:10FD900000E844655637A1006DDE8554B42802069C
:10FDA000ABD30014210183E0022B915C03BFDE0280
:10FDB000F0144D0183E0022B915C01BC60031851EB
:10FDC0007800B045E3001800018360022F3179000C
:10FDD000A84138F9D7A100B05E84FE704E03BFDEA3
:10FDE00002F0144D028101AB00142C020081AB0023
:10FDF000143702842C170014370280AC1700143714
:10FE00000206ABD3001435006BAC4223343000E063
:10FE10004467014B10018B60022B915C0287ABD3CE
:10FE20000014330182600609D04E03BFDE02F014D5
:10FE3000340182600209D04E03BFDE02F0143601A5
:10FE40008360022B915C03BFDE02F0144D0206AB0F
:10FE5000D3001440006BAC4223343B00E044670104
:10FE60004B10018B60022B915C0287ABD300143ED8
:10FE70000182600609D04E03BFDE02F0143F01820A
:10FE8000600209D04E03BFDE02F01446018B60020F
:10FE90002B915C01BC600318517800B045E3001859
:10FEA00000018360022F317900A84138F9D7A10001
:10FEB000B05E84FE704E00025E02F0121D02845E8F
:10FEC000B700144D02832BD300144A00682AF702AE
:10FED000B44D0184E006F577AB00E02B27002AC97A
:10FEE00003BFDE02F015870002DE02F0000001858C
:10FEF000E002F5B7AD01836002F5D7AE0182E00202
:10FF0000F5D7AE0182E002F7F7BF0184E002F7F710
:10FF1000BF01BC6003000AD301BC6003000AC80132
:10FF2000BC6003000AC001BC6003000AEA018760EC
:10FF3000015F6AFB01BC6003000C1601BC6003009A
:10FF40000C170181600163CB1E0002DE02F000008D
:10FF5000020200BF0014B20283DEFF0014DA018344
:10FF6000E006F7F7BF018560060B705B0185600650
:10FF70000BF05F0206ABD300146601BC60030211F4
:10FF80006D00B02A9700116E028045AB00147A0311
:10FF9000BFDE02F0146901BC600302115D00B02AEB
:10FFA0009700115E0280456B00147A0206ABD30005
:10FFB0001473006BAC4223346D00E04467014B10B6
:10FFC000018B60022B915C0287ABD300147001821D
:10FFD000600609D04E03BFDE02F014710182600298
:10FFE00009D04E0188600E2D516A03BFDE02F01465
:10FFF0007A018B60022B915C01BC60031851780080
:020000041004E6
:10000000B045E3001800018360022F317900A84158
:1000100038F9D7A100B05E84FE704E0188600E2BC7
:10002000515A00B0413F1FF04F00682ABB001480B6
:1000300001846006F7F7BF01BC602F1717A300E02B
:100040004466F46AB401BC6003000AAE00025E02BA
:10005000F0144E00E844695FD7A1006EDE870034DB
:100060008A00B02BD7000AF001BC6003000AEF0041
:10007000682AEB00148A00B04467000AB900E8441B
:1000800065554ABA00B02AB30017A100E82AEAF47D
:100090002ABA028080BF0014970281DEBB0014A838
:1000A0000206ABD300148F0204C5AF00149703BF40
:1000B000DE02F014900200456F0014970283C573AE
:1000C0000014970206ABD300149501BC63FF1FF721
:1000D000A10068C5C6F434A803BFDE02F01497017E
:1000E000BC63FF1FF7A10068C586F434A80206AB05
:1000F000D300149E018B600E2B915C0287ABD30062
:10010000149C0182600209D04E03BFDE02F0149DF0
:100110000182600609D04E03BFDE02F014A4018BF9
:10012000600E2B915C01BC600318517800B045E370
:10013000001800018B2B2E2F317900A84138F9D7F8
:10014000A100B05E84F9B04E0184E002F5B7AD01C4
:1001500084E002F577AB0185E001610B0803BFDEA7
:1001600002F015920206ABD30014AB00025E02F05F
:10017000121D03BFDE02F014AD018360022B915CFF
:1001800000025E02F0121D0184E006F5B7AD0184A5
:10019000E006F577AB0206ABD30014B1018460052D
:1001A000610B0803BFDE02F01592018D60020BF0B7
:1001B0005F0206ABD30014B60188600E2D516A03AE
:1001C000BFDE02F014B70188600E2B515A02818104
:1001D000AB0014C80206ABD30014C1006BAC4223C1
:1001E00034BC00E04467014B10018B60062B915C2E
:1001F0000287ABD30014BF0182600209D04E03BF57
:10020000DE02F014C00182600609D04E03BFDE0298
:10021000F014D7018B60062B915C01BC6003185170
:100220007800B045E3001800018360022F317900A7
:10023000A84138F9D7A100B05E84FE704E03BFDE3E
:1002400002F014D70206ABD30014D1006BAC4223EA
:1002500034CC00E04467014B10018B60022B915CB1
:100260000287ABD30014CF0182600609D04E03BFD2
:10027000DE02F014D00182600209D04E03BFDE021C
:10028000F014D7018B60022B915C01BC6003185104
:100290007800B045E3001800018360022F31790037
:1002A000A84138F9D7A100B05E84FE704E0184E009
:1002B00002F5B7AD0184E002F577AB00025E02F013
:1002C000144E0002DE02F0000000B0446B000AFE93
:1002D0000202DEB30014E70206ABD30014E501838B
:1002E00060062B915C0287ABD30014E201826002AE
:1002F00009D04E03BFDE02F014E30182600609D08C
:100300004E00025E02F0121103BFDE02F014E7019C
:100310008360062B915C00025E02F0121101866080
:1003200005610B08020200BF00150C0183E002F713
:10033000F7BF0203C5730014FC020080BF0014FC69
:100340000206ABD30014F5006BAC422334F000E09E
:100350004467014B10018B600E2B915C0287ABD37D
:100360000014F30182600209D04E03BFDE02F014D4
:10037000F40182600609D04E03BFDE02F0150B01C6
:100380008B600E2B915C01BC600318517800B04566
:10039000E3001800018B2B2E2F317900A84138F98A
:1003A000D7A100B05E84F9B04E03BFDE02F0150B9A
:1003B0000206ABD300150500E0446700B7BB006C34
:1003C000C466F774FE018B60022B915C0287ABD38D
:1003D0000015030182600609D04E03BFDE02F0154E
:1003E000040182600209D04E03BFDE02F0150B014A
:1003F0008B60022B915C01BC600318517800B04502
:10040000E3001800018360022F317900A84138F918
:10041000D7A100B05E84FE704E0182E002F597AC79
:100420000002DE02F0000001BC60030037A20020E1
:10043000E3FE0915680020E0420D956802845EB372
:1004400000156802804203001568028445230015E8
:100450006803915E02F015680068AB4F00156802F2
:1004600082DEFF00156800682ABB00151900E84409
:100470006555D7B900E82A9AF737B902805EFF00C0
:10048000159B020180C700159200B02AD70017A162
:10049000006DDE855515920282DEB30015680203F9
:1004A000C573001549020480C700154900685E8BBA
:1004B00000152E0284AC2300152E0203C57300150F
:1004C000490202ABD300152502855EBB001526024A
:1004D00082DEBB00154900B02B830017A1006EAB74
:1004E0006AF4352E0203C57300154900682A9B0083
:1004F000152D00682ABB00152E006ADEE554F5496B
:10050000006ADEE55A554900682AE7001549029459
:100510001DF30015310203DE5300153603BFDE0262
:10052000F0153401141DF30017A600901CBAF4D77F
:10053000A602005E9B00153600B02B87000AA703B9
:10054000BFDE02F0159201BC600302579201BC634A
:10055000FF1FF0C301BC60030910E301865E8A1C23
:1005600070E3018460061C70E300682AEF00153D0B
:100570000185E0061C70E301BC6003039782000262
:100580005E02F0157200B054130010E400E04391D5
:100590005B30E401BC60030010EE01BC63FF1FF0A0
:1005A000CE00E02AEF002ABB01BC61030077A60160
:1005B000141DF30017A200B05E8B000C1801BC6183
:1005C0000303EC1903BFDE02F0156202845EB7007C
:1005D000156801BC60230890E600025E02F0016A23
:1005E00000B05ECF0010E40068AAF70035520205A3
:1005F000AC2300155200E82ACE2337A3006DDE8E0F
:100600001C955200B05E8F0010E400682A9B001514
:100610005A00B02ADB0010E40206ABD300155702E3
:1006200084C5AF00155A03BFDE02F015580280459D
:100630006F00155A00695EE700155A00E05EE55646
:10064000D0E40282DEBB00155E00682AF700155E6A
:1006500000E10EDA1C83B600E08EDF0003B701BCB8
:10066000600301D78200025E02F0157201BC6103D3
:100670000077A603BFDE02F0156200B0004700104D
:100680008600025E02F015F800025E02F0107001B2
:1006900090600A09104801846006F597AC00B05ECE
:1006A0009B0010800002DE02F0000002805EFF006E
:1006B000156D0281DEBB00156D020180C700159229
:1006C000020480C700159201806002F7F7BF028024
:1006D000C28F0015930201DEBB00159301BC6003BD
:1006E0000017A203BFDE02F0150E00685E4B063550
:1006F000790285DEFF00158000B02B370017A100BE
:100700006DAAEEF4358001BC600301378000B02B88
:100710003B0017A1006D2AEEF4357B02812BD3003C
:10072000157B01BC600301778001BC600300378149
:1007300000025E02F0014301D2DE0AA030E000B008
:10074000540B0010E103BFDE02F015860280ABD32C
:1007500000157901BC600301578001BC60030017DC
:100760008100025E02F0014300B054070010E00077
:10077000885E0B0070E10002DE02F0000000682AD3
:10078000F30015920204DEAF00159200E8446557AD
:1007900097A4006E5E9154F59200885E930037A492
:1007A000006D5E9154F59200025E02F015E303BF06
:1007B000DE02F0159F00E844655797A400885E9319
:1007C0000037A400025E02F015E303BFDE02F0155D
:1007D0009F0284DEAF0015960181E002F5D7AE03DB
:1007E000BFDE02F0159F00682B6700159B00E044F8
:1007F000655B2AD300682B6B00159A00E044655AAC
:100800004AD30002DE02F0000001806006F7F7BF65
:1008100000682AF300159F00E844655797A400027A
:100820005E02F015E301846002F597AC01BC600341
:10083000000ABC01BC6003000AD301BC6003000ACB
:10084000BB0104DEAF0017A101845E86F5B7AD02DF
:1008500084DEAF0015A8018060060D906C0002DEFA
:1008600002F000000285AC230015BD0203C5730031
:1008700015BD00B02A8F0017A30202AC230015ADEE
:1008800000B02AAF0017A30202DEBB0015AF00B014
:100890002A8B0017A300E04466F46AB30185E005E3
:1008A000610B0800B04467000B030206ABD30015D0
:1008B000B7006BAC422335B600E04467014B100132
:1008C00083E0022B915C03BFDE02F015BD0183E0E3
:1008D000022B915C01BC600318517800B045E30025
:1008E0001800018360022F317900A84138F9D7A19F
:1008F00000B05E84FE704E0002DE02F000000202D4
:10090000DEB30015C90206ABD30015C7018B600E1C
:100910002B915C0287ABD30015C40182600209D021
:100920004E03BFDE02F015C50182600609D04E00FD
:10093000025E02F0121103BFDE02F015DB018360DC
:10094000062B915C00025E02F012110203C57300D7
:1009500015CE0284DEAF0015CE0281DEBB0015CEBF
:1009600002805EFF0015CE02045EB70015E20206AB
:10097000ABD30015D5018B600E2B915C0287ABD3F6
:100980000015D30182600209D04E03BFDE02F015CC
:10099000D40182600609D04E03BFDE02F015DB01F0
:1009A0008B600E2B915C01BC600318517800B04540
:1009B000E3001800018B2B2E2F317900A84138F964
:1009C000D7A100B05E84F9B04E0183E001610B084D
:1009D00001846006F5B7AD0184E002F577AB01BC98
:1009E0006003000ABB01846002F597AC0185E00159
:1009F000610B080186E001610B080002DE02F000D5
:100A00000000682B5B0015E500B02B5B0017A4000D
:100A10006D5E915555E700B02AAB0017A400882BF6
:100A2000070037A500E82B0AF4AAC200885E9300ED
:100A300037A400E02B0AF48AC200902B0B00AAC155
:100A400000B02B07000AA70002DE02F0000003A09E
:100A5000DE02F015F1020042030015F100025E0211
:100A6000F00D2F0183E005610B0801846002F5B7EA
:100A7000AD0184E006F577AB01BC6003000ABB0161
:100A8000846002F597AC00B04467000ABC0002DE47
:100A900002F00000010C81430017A101BC600300BB
:100AA000508A00685E070016020068DE8700360282
:100AB00001BC600300B08A00685E07003602028253
:100AC000DE0300160201BC600300908A0283DE038D
:100AD00000160200E0600AF4D08A00685E07001683
:100AE0000A0190422AA1308A00685E0700360A0196
:100AF00090422AA0108A0109DE030017A2018F5E2E
:100B00008A11508A00685E8B00160A0191E00E116E
:100B1000508A0002DE02F000000109DE030017A483
:100B200000E05A06F497A500905E96F497A502039C
:100B3000DE030016120282DE0300161201BC61EF12
:100B40000857A60080DE96F4D7A50116DE870017A9
:100B5000A300885E870077A100E15E8702D7A1002D
:100B6000E0DE8F0017A301BC60030017A2020E5E37
:100B70000300161901BC60030037A200905E96F4D2
:100B800057A50080DE96F437A100E141B7FFF7A634
:100B900000E1DE8701F7A10080DE96F477A300E193
:100BA000DE860DB7A100E0DE8F0017A3017A5E8616
:100BB000F477A100885E86F457A100B05E87001725
:100BC000A20287DE0300162600885E870057A10375
:100BD000BFDE02F0163302875E0300162D01BC63F0
:100BE0009B0CD7A50080DE86F4B7A100E141B7FFDA
:100BF000F7A500E0DE870017A100885E870057A1F7
:100C000003BFDE02F0163300885E870057A101BCE7
:100C1000639B0CF7A50080DE86F4B7A101BC6203DC
:100C20000017A500E141B6F4B7A500E0DE87001784
:100C3000A100E05E8400D7A10002DE02F000000205
:100C4000001FF70000120282DE5300163B0188608D
:100C50000204902400E02092F3082400E8208EF3A0
:100C6000082303BFDE02F00B3701B860160490249E
:100C700001BC600301D02503055E02F0164C02871B
:100C8000C037000C9E0386DE02F00CA100025E025B
:100C9000F01236035CDE02F0163D00D8409B0117CF
:100CA000A100E05E8702379800A85E630077980194
:100CB00002DE530017A10182E002F297940188DE60
:100CC00084FFA7FD006EA08EF3164C00E85E630162
:100CD000D02501B8600604902403BFDE02F00002B4
:100CE00001816004FFA7FD01B8600A04902403BFDE
:100CF000DE02F0000202285E8700166200B0419317
:100D00000017A400E04193007064010A5E87001799
:100D1000A200E84192F4506301185E870017A10019
:100D2000E86042F437A200885602F43600006841B9
:100D30008EF4965E00E8418F00306300E841930036
:100D4000306400685E8B02165600905602F457A37A
:100D500000B05806F4760103BFDE02F016560068B4
:100D60004192F4966200E8419300306401BC600354
:100D700000160003BFDE02F0165E00B05E870017AB
:100D8000A10002DE02F00000018060028614300043
:100D9000B050CB001065013850830017A10068DE09
:100DA0003B06366A00E05A3300368C006EDA32F4C5
:100DB000201200B05A0B0017A201BC63FF1FF7A35B
:100DC00000B050CF001064006EDA32F4366F00B01D
:100DD0005A370017A300B0581300178201BC6003F4
:100DE00000160401BC601B1FD7B60102D0C7001754
:100DF000A100E04196F4306500E050CB00D06401E2
:100E0000BC60030017B401BC600300178001BC6024
:100E100003003781018760040310A0009052330063
:100E200097A400E0418701B7B500685ED2F05696FE
:100E300000E05EDAF690630020D802F0368A020203
:100E400050C7001690009056030097A100E85E86F8
:100E5000F497A1019E6002F437A1006DDE870816A9
:100E600090010A5E870017A201DA6002F437A10040
:100E7000E05ED6F4506300886006F437A100205687
:100E800002F4369000B05802F0360000E05A2B0011
:100E9000368A006ADED2F4768C0068DED2F01691D3
:100EA00000E05E0300378000685E03003691018633
:100EB000E0040310A003BFDE02F01691006ADED248
:100EC000F4768C00E05ED30037B400D05E070037C4
:100ED0008102985ED300167B00E0419300306403EA
:100EE000BFDE02F0167B00685E0300001203BFDE67
:100EF00002F006CC0282D0C70016A000B02A37004C
:100F000017A101B82A32F436840102501300168565
:100F1000013C50830017A100B050A70017A4006D3A
:100F20005A32F436A90182E0068634310288502B09
:100F30000016A500B05A330017A1019E5E8684F406
:100F400027018360068634310002DE02F0000000D3
:100F5000B050730017A101B8506EF436840106D06A
:100F60000700168500B050AB0017A400D06006C083
:100F7000978000E0419700D7B5010A58130017A1E8
:100F800000E05ED6F437B500B0580F0010630116CC
:100F900056030017810068D8130016BE01140063C1
:100FA0000017A10068DE870016B40088013B011617
:100FB0008003BFDE02F016B90068DE870076B70056
:100FC000A0013BE0168003BFDE02F016B900E05E30
:100FD000870970620088540301168000E85A0330C4
:100FE000168001BC600300168101BC6003001682FC
:100FF00001BC600300168303BFDE02F016C300E0ED
:10100000418EC09063006EC18EC036C300E8418E31
:10101000C0306300E858030037A100E0418EF4308F
:1010200063013850A30017A50068581303F6DE00CB
:1010300068418EC056DE006DDA0AF4B6DE0116563F
:10104000030017A10068DE86F036DE015856030063
:1010500017A100E05E870DD7A200B05ED700106236
:101060000020DE02A016D500E05E86D037A300E0A7
:101070005E8ED077A3006D5A02F456DE006E5E8E4F
:10108000F496DE00E86002F4368300B05E8F00164E
:101090008100A05A0F00768300E05A0B00368200D0
:1010A000E85A02F4568000D05E0300378000E05812
:1010B0001300360400E0418F00306302985813009B
:1010C00016DB00E05ED70037B5006EC18EC036C4B7
:1010D00000B0580300106303BFDE02F016C400B076
:1010E00058130017A10068DA370016E100B05E87D8
:1010F00000168D006DDE86D1B6E300B05E87001667
:101100008D0002DE02F0000001BC60030017A101A7
:101110008760040310A001BC60030990B500B00013
:101120006300F0B401BC60570310B601BC6003005B
:1011300090B500B0006300B0B400B042D300180016
:101140000317DE02F016EC0397DE02F016ED00B096
:101150002A3300142F018EE00C0310A0006DDE0274
:10116000D1B6F300E85A36F0168D03BFDE02F01652
:10117000F501BC600300168C01BC600300168D00F5
:101180006E5A3AF016F801BC600300168E03BFDEFB
:1011900002F016F900E85A3AF0168E00B05807002F
:1011A00017A100E0580EF01603006ED80EF436FFBB
:1011B00000E85E86C017A100E8580EF4360300E888
:1011C000580F00360301185E030017A1006DDE03FF
:1011D00002170700E86042F437A200905A1AF4366A
:1011E0008600885A1EF457A200905A1EF4368700D3
:1011F000B05A1AF4568603BFDE02F0170900905A5F
:101200001EF4368601BC60030016870002DE02F081
:1012100000000158600300102A01B8600A049024FD
:1012200001BC60030290040189E0020D906C000291
:10123000DE02F000000200DE5300171901BC601747
:101240000777A100025E02F0012700B04067001797
:10125000A200B05E8B0057A200025E02F0012B01DB
:10126000BC600303378001BC600300178100025E8D
:1012700002F011320002DE02F0000001BC60030344
:10128000378000025E02F0112D0183E006F0378105
:101290000181E006F0378100025E02F0113200B0F9
:1012A0005E070017A200E044670B57A1006B44667D
:1012B000F4372001BC600311378000025E02F01198
:1012C0002D01806006F0378100025E02F0113201CC
:1012D000BC600300978000025E02F0112D01806067
:1012E00006F0378100025E02F0113200E04467012F
:1012F00057A1006B4466F4372A01BC6003033780B2
:1013000001A0607EF4578100025E02F0113200E01D
:1013100044670797A1006B4466F4372F01BC600354
:1013200011578000025E02F0112D01846006F03733
:101330008100025E02F0113200B05E070017A201C8
:10134000BC60030A378000025E02F0112D0180604C
:1013500002F0378100025E02F0113200E0446700C3
:1013600037A1006B4466F4373A01806006F037819C
:1013700000025E02F0113201BC60030857800002D7
:101380005E02F0112D018A6002F0378100025E02D8
:10139000F0113200E044670037A1006B4466F43777
:1013A00042018A600EF0378100025E02F0113200C5
:1013B000E044670657A1006B4466F4374601BC6001
:1013C000030CB78000025E02F0112D0280DE0700E0
:1013D000173001BC600311578001846002F457810B
:1013E00000025E02F0113201BC60030037A3020666
:1013F000ABD30017510284C5AF00175903BFDE02FB
:10140000F017520280456F00175901BC60030017A6
:10141000A3018B600E2B915C01BC60031851780016
:10142000B045E3001800018B2B2E2F317900A84125
:1014300038F9D7A100B05E84F9B04E01BC6017073F
:1014400077A100025E02F0012700B040670017A2FA
:1014500000A85E8B0057A200025E02F0012B00E0A4
:1014600044670157A1006B4466F4375F01BC600319
:1014700001B7A101BC60030477A200025E02F00183
:101480002B01BC60130AF7A101BC60030017A20086
:10149000025E02F0012B01BC60030117A400E85EAC
:1014A000930037A401BC600301D7A100B05E930094
:1014B00017A200025E02F0012B01BC60130AD7A143
:1014C00001BC60030017A200025E02F0012B00685D
:1014D000DE9300176700685E8F0017710002DE025E
:1014E000F0000001BC60270CB7A101BC60030197AC
:1014F000A200025E02F0012B01BC60270EB7A10121
:10150000BC60030137A200025E02F0012B01BC6047
:10151000030657A401BC60030077A301BC60130954
:1015200057A100025E02F00127018060060337A286
:1015300000025E02F0012B01806002F457A200025B
:101540005E02F0012B00E04466F497A1006B446654
:10155000F4378000E85E8F0037A300685E8F0017C5
:101560008701BC60030317A401BC60270F17A1000B
:10157000025E02F001270068C0671FF77901BC60B6
:10158000270EB7A101BC600301F7A200025E02F0C2
:10159000012B0002DE02F000000002DE02F000007B
:1015A0000200DE5300179D01BC60130E77A10002FC
:1015B0005E02F0012700A040673FEC4401BC6013CD
:1015C0001497A100025E02F001270196E0020337A2
:1015D000A200025E02F0012B01BC601309B7A1005A
:1015E000025E02F00127018760020337A200025E5B
:1015F00002F0012B01BC60130997A100025E02F00A
:101600000127018760060337A200025E02F0012B6A
:101610000002DE02F0000001BC60730017A301BCF1
:1016200060131497A100025E02F0012700A040663B
:10163000F477A40196E01EF497A300B05E8D88971E
:10164000A200025E02F0012B01BC601309B7A100E9
:10165000025E02F00127018760060337A200025EE6
:1016600002F0012B01BC60130997A100025E02F099
:101670000127018760060337A200025E02F0012BFA
:101680000002DE02F000000068DE930017B100E007
:101690005E030057A201095E8B0017A103BFDE02A3
:1016A000F017B90068DE930037B501105E0300172C
:1016B000A200E05E8B0097A103BFDE02F017B90124
:1016C000305E030017A200E05E8B0197A1006D5E03
:1016D000870597B901BC60030597A10002DE02F0FF
:1016E000000000682BCB0017BF00B02BF30017A140
:1016F00000E05E855FB7A1006BDE862337BF018601
:10170000E006F7F7BF0002DE02F0000000681F33BA
:101710000017CD020200BF0017C302034573001774
:10172000CD0285C5230017CD00681F330037CB00DD
:10173000B01FC70017A100025E02F0012700A840F9
:1017400064F9D7A200B05E88F9B7A200025E02F089
:10175000012B03BFDE02F017CD00A84138F9D7A155
:1017600000B05E84F9B04E0002DE02F0000002021A
:1017700000BF0017C3020345730017CD0158600373
:1017800000102A0189E0020D906C01BC60030090FA
:101790000400B040130017A10002DE02F0000001B7
:1017A0008260060F10780207C1E30017D601BC6003
:1017B000030C17A301BC600300907601BC6003001A
:1017C000107700025E02F0013401BC60030C97A3A5
:1017D00000025E02F0012F008860118757A101BC52
:1017E0005E860EF07700025E02F0013401BC6003F9
:1017F0000C17A301BC600300B07601BC60030010AD
:101800007700025E02F0013401BC60030C97A30074
:10181000025E02F0012F008860058757A101BC5EBF
:10182000860ED07600025E02F0013401BC60030037
:1018300017A300025E02F0012F018560060ED0762C
:1018400000025E02F0013401BC60030C17A301BC6E
:10185000600300307601BC600300107700025E0276
:10186000F0013401BC60030C97A300025E02F0019A
:101870002F01AC60A20EF07700025E02F00134018D
:10188000BC60030017A300025E02F0012F01856017
:10189000060ED07600025E02F0013401BC60030C3B
:1018A00017A301BC600300307601BC600300107711
:1018B00000025E02F0013401BC60030C97A3000239
:1018C0005E02F0012F01AC60020EF07700025E02B2
:1018D000F0013401BC60030017A300025E02F001B6
:1018E0002F018560060ED07600025E02F001340101
:1018F0008260020F10780002DE02F0000001BC607E
:10190000130817A100025E02F001270180600203A4
:1019100037A200025E02F0012B01BC60030037A178
:1019200000025E02F001270188600E0337A2006802
:10193000B0EB0018100188600A0337A200025E02B3
:10194000F0012B01BC601B0657A100025E02F001F2
:1019500027018830EA0337A200025E02F0012B0063
:10196000025E02F017D501BC60130817A100025EE9
:1019700002F00127018060060337A200025E02F038
:10198000012B0002DE02F0000001BC60430890E67B
:1019900000025E02F0016A01BC604F1110E4019088
:1019A000600A09104801BC600300000601BC600326
:1019B00001D78201D2DE0877F0E000B00F030010FB
:1019C000E100B0004700108600B00F1F00108A0130
:1019D000BC600300378100025E02F0107001BC6041
:1019E000030010BB01BC610300108001826006107F
:1019F000308103D05E02F003940002DE02F00000AA
:101A000000681F830018820280420300188202854A
:101A1000C52300188200681F8F00388200681F8B62
:101A200000385F01BC60130817A100025E02F001DC
:101A300027018060020337A200025E02F0012B0141
:101A4000BC601B1B57A100025E02F0012700B040E2
:101A500067000C3E0182E0060337A200025E02F03E
:101A6000012B01846006F457A200025E02F0012BF4
:101A700001BC60270F37A100025E02F0012700B011
:101A80004067000C3F018860060337A200025E0237
:101A9000F0012B01BC60271597A100025E02F00146
:101AA0002700B04067000C40019B60160337A2017D
:101AB000806006F457A200025E02F0012B01BC60B8
:101AC000131077A101BC600B0017A200025E02F0A8
:101AD000012B01BC60131057A100025E02F0012728
:101AE00001B860820337A200025E02F0012B01BC44
:101AF00060131037A100025E02F001270180E002AE
:101B00000337A200025E02F0012B01BC6003000754
:101B1000E201BC60030007E30068310F00185700C2
:101B2000E044658867E103BFDE02F0185800E04436
:101B3000670807E101BC60131037A100025E02F0E4
:101B40000127018060060337A200025E02F0012B2C
:101B500001BC60030027E200025E02F001270200E0
:101B60004067001873028042030018730285C52382
:101B700000187301BC60131037A100025E02F0016F
:101B80002702004067001866006CC464FC385F00E0
:101B9000E03107002C4100E0310B002C4201BC6019
:101BA0001310F7A100025E02F0012700B0406700A9
:101BB000018401BC601310D7A100025E02F001276E
:101BC00000B0406700018501BC602B1357A10002E3
:101BD0005E02F0012700B0406700018601BC60137F
:101BE0001117A100025E02F0012700B0406700015A
:101BF0008701BC60271597A100B031030017A20030
:101C0000025E02F0012B01BC60270F37A100B0304B
:101C1000FF0017A200025E02F0012B01BC601B1B3B
:101C200057A100B030FB0017A200025E02F0012BAA
:101C300001BC60130817A100025E02F001270180B9
:101C400060060337A200025E02F0012B01BC6003B4
:101C50000007E201BC60030007E000B05E870017E8
:101C6000A10002DE02F0000001BC6003000C2500B0
:101C7000B030CB00179E00B030CF00179D00B030C1
:101C8000D300179C00B030D700179B03BFDE02F0D3
:101C90000A1A000000000000000000000000000020
:101CA0000000000000000000000000000000000034
:101CB000000000000000000000207EC000000000C6
:101CC0000000000000000000000000000000000014
:101CD0000000000000000000000000000000000004
:101CE00000000000000000000000000000000000F4
:101CF000000000000000000000207EC00000000086
:101D000000000000000000000000000000000000D3
:101D100000000000000000000000000000002000A3
:101D2000000040110100000000008016010080004A
:101D300000008016010080030000801600000040B3
:101D40000000801A2100E00300008016000200401D
:101D50000000801A100200400000801A10020240A9
:101D60000000801A6100E0030000801610020040AD
:101D70000000801A6101E01300008016300200406C
:101D80000000801A100200400000801A1C0200406F
:101D90000000801A000200000000801A1C0A0040A7
:101DA0000000801A1C0A20400000801A1FCA204030
:101DB0000000801A1FCA20400000801A01000000A5
:101DC0000000801E090000000000801E00000000CE
:101DD00000008002000000000000800200000000FF
:101DE00000008002080000000000801E00000000CB
:101DF0000000801E010000000000801E1100000095
:101E00000000801E1FCA20C00000801A1FCA20C008
:101E10000000801A5FCA20C00000801AB064000071
:101E20000000800E00002800000080121100000059
:101E30000000801E00000000C82542850000000050
:101E40000000400100000000000040010000000010
:101E5000000040015FCA2040000040191FCA204016
:101E600000004019010000000000401D01000000BA
:101E70000000401D010000000000401D090000009E
:101E80000000401D1FC22040000040190F0000004C
:101E90000000401D1FC220C0000040191BC220C00E
:101EA00000004019207D00000000400D00002000CF
:101EB00000004011000000003304428900000000CF
:101EC0000000400100000000000040010000000090
:101ED000000040011BC22040000040190900000022
:101EE0000000401D1BC220400000401901000000FE
:101EF0000000401D000000000000401D1FC22040E7
:101F000000004019010000000000401D0900000011
:101F10000000401D1FC22040000040190B010000BE
:101F20000000401D1FC220C0000040191BC220C07D
:101F300000004019C07700000000400D000028009C
:101F40000000401100000000331C42890000000026
:101F500000004001000000000000400100000000FF
:101F6000000040011FC220C0000040191FC220C055
:101F7000000040196100E01300004015000000005F
:101F800000004001000000000000400100000000CF
:101F9000000040016101E0130000401513C220C0A1
:101FA0000000401961018013000040150A01000083
:101FB0000000401D13C220C00000401908040000AA
:101FC000000000F8000000000000400100000000D8
:101FD000000040010000000000004001000000007F
:101FE00000004001000000000000400113C220403A
:101FF000000040190B0100000000401D13C220C06A
:102000000000401900000000000040010000000036
:1020100000004001030100000000401D13C22040E9
:102020000000401900000800000040116101801309
:10203000000040156101801300004015610180130C
:10204000000040151FC22040000040191FC2204060
:10205000000040191FC22040000040190B01000081
:102060000000401D0B0100000000401D1FC220C0E9
:10207000000040191BC220C000004019C3770000B7
:102080000000400D000008000000401100000000AA
:10209000131C428800000000000040010000000006
:1020A0000000400100000000000040011BC2204071
:1020B00000004019090000000000401D1BCA20401C
:1020C000000040191FCA204000004019090000000C
:1020D0000000401D1FC22040000040190F000000FA
:1020E0000000401D1FC220C0000040191BC220C0BC
:1020F00000004019237D00000000400D000000009A
:10210000000040110000000013044288000000009D
:10211000000040010000000000004001000000003D
:10212000000040011BC220400000401909000000CF
:102130000000401D1BCA20400000401901000000A3
:102140000000401D1FCA204000004019110000007F
:102150000000401D1FCA2040000040191FCA20C0B7
:10216000000040191FCA20C0000040191FCA20C02B
:10217000000040195FCA20C000004019B064000090
:102180000000400D00000800000040111100000098
:102190000000401D00000000B8254284000000003F
:1021A00000004001000000000000400100000000AD
:1021B000000040015FCA20400000401901000000FB
:1021C0000000401D1FCA2040000040191FCA2040C7
:1021D00000004019000000000000401D1C0A2040C3
:1021E000000000181C0A2040000000180000000039
:1021F00000000010000000000000001C61018013BE
:10220000000000141C0A2040000000186101800337
:1022100000000014100A204000000018000A2040AE
:1022200000000018000A004000000018410180036F
:10223000000000140008004000000018000010001A
:1022400000000010000802400000001800080340D1
:1022500000000018000802400000001800080040BC
:1022600000000018000000000000001000080040FE
:102270000000001800080040000000184101800024
:1022800000000014410100000000001440010000A3
:1022900000000014000802400000001800010000C7
:1022A000000000140008004000000018000800C0F2
:1022B00000000018080C00000000000408080000DE
:1022C000000000FC00000000000000000000000012
:1022D0000000000000000000000000000C715D48DC
:1022E000075F3100B3C9A561005B234B4525244737
:1022F0002808000000000000941DC51301BD32082D
:102300000100343334333961302D726F6D6C2F73AB
:1023100064696F2D672D706F6F6C2D7032702D6931
:10232000647375702D6964617574682D706B746663
:10233000696C7465722D6B656570616C6976652D6D
:10234000616F652D6C70632D73776469762D737280
:10235000666173742D66756172742D627463782D75
:102360006E6F636C6D696E632D636C6D5F6D696E0E
:102370002D6662742D6D66702D7361652D776F7794
:102380006C70662D746B6F2056657273696F6E3A50
:1023900020372E39352E34392028323237316262D7
:1023A0003620435929204352433A2062376132385C
:1023B00065663320446174653A204D6F6E2032307B
:1023C00032312D31312D32392032323A35303A32F4
:1023D00037205053542055636F6465205665723A18
:1023E00020313034332E32313632204657494420A2
:1023F00030312D633531643934303000FA004456C1
:1024000049442030312D623062343532306600006C
:1024100000000000000000000000000000000000BC
:1024200000000000000000000000000000000000AC
:10243000000000000000000000000000000000009C
:10244000000000000000000000000000000000008C
:10245000424C4F423C000000FA69E0BB0100000022
:1024600002000000000000003C0000009803000093
:102470000A6F2B520000000000000000D40300008F
:1024800004000000A0B0E5E200000000434C4D2035
:102490004441544100000C000200526173706265B7
:1024A00072727950692E5069636F57000000312EA7
:1024B00032392E34000000000000000070000000DF
:1024C000436C6D496D706F72743A20312E34372E23
:1024D0003100000000000000000000000000763520
:1024E0002032322F30362F3234000000000000003E
:1024F00000000000010B010D0C0D0000680300003E
:102500007401000068000000300100007C01000040
:10251000000000004C0100004601000058030000CC
:102520000000000028010000900300008803000064
:102530007FB200000000000000000000000000006A
:10254000000000000000000000000000000000008B
:1025500000000000700300000000000032010000D5
:10256000000000000000000000000000000000006B
:10257000000000000000000000000000000000005B
:10258000000000000000000000000000000000004B
:10259000000000000000000000000000000000003B
:1025A000000000000000000000000000000000002B
:1025B0000000000034000000810100000102323000
:1025C00032322D30362D32342030363A35353A30ED
:1025D00038000000FF0000000100FF011E000001A4
:1025E0004800010100FF0114000001480001000043
:1025F000FF000000020000011E010001480101006F
:1026000000000000000000000001000101236E0036
:102610000200FFFFF000415400010001FFC0004133
:102620005500010001FFC000424500010001FFC04C
:1026300000425200010001FFC00043410000FF00C2
:10264000FFCC00434800010001FFC000434C0001E3
:102650000001FFC000434E00010001FFC000434FD6
:1026600000010001FFC000435A00010001FFC0004B
:1026700044450001FF01FFCC00444B00010001FF75
:10268000C000454500010001FFC0004553000100A6
:1026900001FFC000465200010001FFC00047420098
:1026A000010001FFC000475200010001FFC00048C7
:1026B0004B00010001FFC000485500010001FFC0B0
:1026C00000494C00010001FFC000494E000100011B
:1026D000FFC000495300010001FFC0004954000140
:1026E0000001FFC0004A5000010001FFC0004B453F
:1026F00000010001FFC0004B5200010001FFC000BB
:102700004C4900010001FFC0004C5400010001FFD2
:10271000C0004C5500010001FFC0004C56000100F4
:1027200001FFC0004D5400010001FFC0004D5800E2
:10273000010001FFC0004D5900010001FFC0004E23
:102740004700010001FFC0004E4C00010001FFC026
:10275000004E4F00010001FFC0004E5A0001000171
:10276000FFC000504500010001FFC00050480001BB
:102770000001FFC000504C00010001FFC000505498
:1027800000010001FFC000534500010001FFC0002F
:10279000534700010001FFC000534900010001FF41
:1027A000C000534B00010001FFC00054480001006D
:1027B00001FFC000545200010001FFC00054570047
:1027C000010001FFC000555300000000FFC0005889
:1027D000580003FF02FFCC005A4100010001FFC076
:1027E00000010D0100014800000001480000000147
:1027F0004801000001000000550300000A0C0D0E06
:102800000F1011121314150C000102030405060722
:1028100008090A0B00000000000000000000000092
:1028200000000000AFA900004E5652414D5265769F
:102830003D2452657624006D616E6669643D307892
:102840003264300070726F6469643D3078303732C2
:10285000370076656E6469643D30783134653400E4
:1028600064657669643D30783433653200626F6147
:102870007264747970653D30783038383700626F33
:102880006172647265763D30783131303000626F4C
:102890006172646E756D3D3232006D6163616464B6
:1028A000723D30303A41303A35303A62353A353956
:1028B0003A35650073726F6D7265763D3131006235
:1028C0006F617264666C6167733D307830303430AC
:1028D0003430303100626F617264666C61677333EB
:1028E0003D30783034303030303030007874616CC6
:1028F000667265713D3337343030006E6F637263DA
:102900003D31006167303D32353500616132673DF0
:10291000310063636F64653D414C4C007061306908
:1029200074737369743D3078323000657874706107
:102930006761696E32673D30007061326761303DBA
:102940002D3136382C373136312C2D38323000418C
:1029500076566D69645F63303D3078302C30786333
:10296000380063636B7077726F6666736574303DB1
:1029700035006D617870326761303D3834007478AD
:1029800070777262636B6F663D360063636B62776C
:1029900032303267706F3D30006C65676F66646D12
:1029A000627732303267706F3D3078363631313190
:1029B000313131006D6373627732303267706F3D51
:1029C000307837373731313131310070726F7062A2
:1029D0007732303267706F3D30786464006F6664C0
:1029E0006D64696766696C74747970653D3138002F
:1029F0006F66646D64696766696C7474797065622A
:102A0000653D313800706170646D6F64653D310003
:102A10007061706476616C6964746573743D3100D3
:102A2000706163616C69647832673D343500706150
:102A300070646570736F66667365743D2D33300026
:102A400070617064656E646964783D3538006C74DB
:102A50006563786D75783D30006C7465637870617E
:102A6000646E756D3D307830313032006C74656362
:102A700078666E73656C3D30783434006C746563D1
:102A8000786763696770696F3D3078303100696CD1
:102A9000306D6163616464723D30303A39303A348C
:102AA000633A63353A31323A333800776C306964CF
:102AB0003D30783433316200646561646D616E5F0E
:102AC000746F3D30786666666666666666006D752C
:102AD00078656E61623D30783130300073707572A8
:102AE000636F6E6669673D30783300676C69746345
:102AF000685F62617365645F6372736D696E3D31B7
:102B0000006274635F6D6F64653D3100000000001A
:102B10000050F20100000000636F756E747279005E
:102B2000000000006375725F6574686572616464BB
:102B3000720000000000000000000000636C6D6C7B
:102B40006F61640000000000636C6D6C6F61645F16
:102B500073746174757300000000000000A050B52C
:102B6000595E000062737300000000006D617861BF
:102B700073736F630000000063636770696F696E51
:102B8000000000004296001004950010049500100B
:102B90001C9600100495001004950010FA95001082
:102BA0000495001004950010049500100495001081
:102BB000EA9500100495001004950010049500108B
:102BC00004950010C895001004950010049500109D
:102BD0000495001004950010049500100495001051
:102BE000B495001004950010049500100495001091
:102BF0000495001004950010049500100495001031
:102C00000495001004950010049500100495001020
:102C10000495001004950010049500100495001010
:102C20000495001004950010049500100495001000
:102C3000049500100495001004950010989500105C
:102C400004950010049500108A95001070B40010CF
:102C50007CB400100000000084B4001000000000EC
:102C6000000000008CB4001098B4001000000000B8
:102C70000000000000000000A0B40010ACB4001080
:102C8000000000000000000000000000BCB40010C4
:102C90000000000000000000000000000000000034
:102CA0000000000000000000000000000000000024
:102CB0000000000000000000000000000000000014
:102CC0000000000000000000000000000000000004
:102CD00000000000000000000000000000000000F4
:102CE00000000000000000000000000000000000E4
:102CF00000000000000000000000000000000000D4
:102D000000000000C4B4001000000000000000003B
:102D100000000000000000000000000000000000B3
:102D200000000000000000000000000000000000A3
:102D30000000000000000000000000000000000093
:102D40000000000000000000000000000000000083
:102D50000000000000000000000000000000000073
:102D6000CCB40010000000000000000000000000D3
:102D70000000000000000000000000000000000053
:102D8000000000000000000000000000DCB40010A3
:102D90000000000000000000000000000000000033
:102DA0000000000000000000F0B4001000B50010AA
:102DB000020000003D9E0010B1A10010E5A000102F
:102DC00005A00010BDA200104DA30010DDA300104F
:102DD0002DA2001009A1001000000000E99F0010C2
:082DE000DD9F0010499E001068
:102DE800A0B50010ACB50010B8B50010C4B50010FF
:102DF800D0B50010DCB50010E8B50010F4B500102F
:0C2E080008B8001000B80010F4B700106B
:102E140010B5040002E0200000F086FA2268EFF307
:102E2400108172B61368002BFCD0BFF35F8F0422AD
:102E3400A35E002BEFDD013BA3802368BFF35F8F0C
:102E440000221A6081F3108810BDC046F8B5040052
:102E540017001E0006E03A003300200000F06CFA70
:102E6400002817D12568EFF3108172B6286800286E
:102E7400FCD0BFF35F8F0423E05E0028EBDD013854
:102E8400A0802368BFF35F8F00221A6081F310884B
:102E94000120F8BD0020FCE710B50268EFF31081B3
:102EA40072B61368002BFCD0BFF35F8F0422835EDD
:102EB4000624025F9A4208DC0368BFF35F8F002296
:102EC4001A6081F31088002010BD0133838000F064
:102ED4001BFA0120F8E7C04670B5040000F01CFAA4
:102EE400050002E0200000F01FFA2268EFF31081D1
:102EF40072B61368002BFCD0BFF35F8F6368013395
:102F0400F0D165602368BFF35F8F00221A6081F3FC
:102F1400108870BD70B5040000F0FEF9050004E0EF
:102F240001330ED0200000F0FFF92268EFF3108186
:102F340072B61368002BFCD0BFF35F8F6368AB429B
:102F4400EED1237A6560013323722368BFF35F8F68
:102F540000221A6081F3108870BDC04670B5026803
:102F64000400EFF3108572B61368002BFCD0BFF396
:102F74005F8F63685A1C0BD0002900D00B600020BF
:102F84002368BFF35F8F00221A6085F3108870BD39
:102F940000F0C2F960600120F2E7C04670B5040099
:102FA4000D0000F0B9F92268EFF3108C72B61368C3
:102FB400002BFCD0BFF35F8F63685A1C06D083429A
:102FC40004D0002D00D02B60002004E060600120BC
:102FD400237A013323722368BFF35F8F00221A60C0
:102FE4008CF3108870BDC046F8B5CE46474680B510
:102FF400040090461F0000F08FF9814606E0424627
:103004003B00200000F098F9002819D12668EFF35E
:10301400108172B63568002DFCD0BFF35F8F6568F0
:103024000135ECD14B4663602368BFF35F8F002208
:103034001A6081F310880120C0BCB946B046F8BDBF
:103044000020F9E7F0B583B001A9050017001E00C0
:10305400FFF784FF041E02D0200003B0F0BD00F08F
:103064005BF9019B9842F7D03A0033002800FFF740
:10307400BBFF0400F0E7C04610B50268EFF310810F
:1030840072B61368002BFCD0BFF35F8F01235B4241
:10309400436000F039F910BD10B50268EFF31081F8
:1030A40072B61368002BFCD0BFF35F8F037A013B29
:1030B400DBB20372002B07D00368BFF35F8F0022DB
:1030C4001A6081F3108810BD013B436000F01CF9C5
:1030D400F9E7C04610B5084C2378002B0AD18023A9
:1030E400064807495B051A68C25004338B42FAD17B
:1030F4000123237010BDC046D81F0220D010001039
:103104000001001010B5014B984710BDD1100020EC
:10311400084B5A6842609A688260DA68C2601A6929
:1031240002615A6942619B698361A0235B051B6844
:1031340003607047000002404268084B5A6082688E
:103144009A60C268DA6002691A6142695A618269E6
:103154009A61A02302685B051A6070470000024070
:103164001423F0B5D6464F4646469A46C0B5814626
:103174001888043388B098460E001B883049140020
:10318400984753460700188843462E491B8898479A
:1031940053460500188843462B491B8898478046A8
:1031A400FFF798FF01A8FFF7B3FFB847A847274BDD
:1031B4001A6880239B005340C02292001340244A83
:1031C4001360221E20D0C02108270220490511E0E7
:1031D400002C14D0131B0D2B29D9002D0AD0230049
:1031E400002A05D00B6E013A3370130001362343D5
:1031F400002B09D03D008B6A1D401842E8D1002DF8
:10320400EDD123001343F5D1104B1A68C0239B0062
:1032140093430F4A1360C047FFF774FF01A8FFF7F9
:103224008BFF08B0E0BCBA46B146A846F0BD4B4699
:103234001B78013C0B6601239C46E144DFE7C04652
:103244004946000045580000464300000C800140F8
:103254000C9001407047C046F0B588420AD98B18DB
:10326400984207D2531E002A03D0CA5CC254013BC1
:10327400FBD2F0BD05000F2A0AD8561E002AF8D04A
:103284000023CC5C1A00EC5401339642F9D1F0E7E8
:1032940003273E000D430C0003002E402F422DD186
:1032A4001500103D2D09AC462F013F1825681D60FF
:1032B40065685D60A5689D60E5681034DD601D008B
:1032C4001033BD42F2D165460F230C2401352D0184
:1032D400491913404519144213D0043B9B08013388
:1032E4009B008C59AC5104369E42FAD103231A40F8
:1032F400AD198919561E002AC2D1BAE70500561E17
:10330400BEE71A00B9E7C04601B40248844601BCCE
:10331400604700BF014B001001B40248844601BC61
:10332400604700BF6D4A001001B40248844601BCE6
:10333400604700BF994A001001B40248844601BCAA
:10334400604700BFC94B00101000000000000000DF
:103354000000010000000000000000000000020066
:103364000000000000000000000003000000000056
:10337400000000000000FF000000000001B54868E4
:1033840001318E460047704609380149884701BD1E
:10339400E10A001000000000FFFFFFFFFFFFFF7FB6
:1033A4000000000000000000000000000000000019
:1033B40000000000700C002000000000000000006D
:1033C400503300004C3300005433000052330000EB
:1033D4004D5300004D4300005334000043340000BB
:1033E40011420010154300105D42001029430010E3
:1033F4000000000000010000FF00000000000000C9
:10340400FD9B001000000000000000000000000010
:1034140000000000659B0010000000000000000098
:103424000000000000000000E00600200000000092
:1034340000000000680F0020D00F0020381000208A
:103444000000000000000000000000000000000078
:103454000000000000000000000000000000000068
:103464000000000000000000000000000000000058
:103474000000000000000000000000000000000048
:103484000000000000000000000000000000000038
:103494000000000000000000000000000000000028
:1034A4000000000000000000000000000000000018
:1034B4000000000000000000000000000000000008
:1034C40000000000000000000100000000000000F7
:1034D4000E33CDAB34126DE6ECDE05000B000000BC
:1034E40000000000000000000000000000000000D8
:1034F40000000000000000000000000000000000C8
:1035040000000000000000000000000000000000B7
:1035140000000000000000000000000000000000A7
:103524000000000000000000000000000000000097
:103534000000000000000000000000000000000087
:103544000000000000000000000000000000000077
:10355400FFFFFFFF00000200000000000000000069
:103564000808002008080020100800201008002087
:103574001808002018080020200800202008002037
:1035840028080020280800203008002030080020E7
:103594003808002038080020400800204008002097
:1035A4004808002048080020500800205008002047
:1035B40058080020580800206008002060080020F7
:1035C40068080020680800207008002070080020A7
:1035D4007808002078080020800800208008002057
:1035E4008808002088080020900800209008002007
:1035F4009808002098080020A0080020A0080020B7
:10360400A8080020A8080020B0080020B008002066
:10361400B8080020B8080020C0080020C008002016
:10362400C8080020C8080020D0080020D0080020C6
:10363400D8080020D8080020E0080020E008002076
:10364400E8080020E8080020F0080020F008002026
:10365400F8080020F80800200009002000090020D4
:103664000809002008090020100900201009002082
:103674001809002018090020200900202009002032
:1036840028090020280900203009002030090020E2
:103694003809002038090020400900204009002092
:1036A4004809002048090020500900205009002042
:1036B40058090020580900206009002060090020F2
:1036C40068090020680900207009002070090020A2
:1036D4007809002078090020800900208009002052
:1036E4008809002088090020900900209009002002
:1036F4009809002098090020A0090020A0090020B2
:10370400A8090020A8090020B0090020B009002061
:10371400B8090020B8090020C0090020C009002011
:10372400C8090020C8090020D0090020D0090020C1
:10373400D8090020D8090020E0090020E009002071
:10374400E8090020E8090020F0090020F009002021
:10375400F8090020F8090020000A0020000A0020CF
:10376400080A0020080A0020100A0020100A00207D
:10377400180A0020180A0020200A0020200A00202D
:10378400280A0020280A0020300A0020300A0020DD
:10379400380A0020380A0020400A0020400A00208D
:1037A400480A0020480A0020500A0020500A00203D
:1037B400580A0020580A0020600A0020600A0020ED
:1037C400680A0020680A0020700A0020700A00209D
:1037D400780A0020780A0020800A0020800A00204D
:1037E400880A0020880A0020900A0020900A0020FD
:1037F400980A0020980A0020A00A0020A00A0020AD
:10380400A80A0020A80A0020B00A0020B00A00205C
:10381400B80A0020B80A0020C00A0020C00A00200C
:10382400C80A0020C80A0020D00A0020D00A0020BC
:10383400D80A0020D80A0020E00A0020E00A00206C
:10384400E80A0020E80A0020F00A0020F00A00201C
:10385400F80A0020F80A0020000B0020000B0020CA
:10386400080B0020080B0020100B0020100B002078
:10387400180B0020180B0020200B0020200B002028
:10388400280B0020280B0020300B0020300B0020D8
:10389400380B0020380B0020400B0020400B002088
:1038A400480B0020480B0020500B0020500B002038
:1038B400580B0020580B0020600B0020600B0020E8
:1038C400680B0020680B0020700B0020700B002098
:1038D400780B0020780B0020800B0020800B002048
:1038E400880B0020880B0020900B0020900B0020F8
:1038F400980B0020980B0020A00B0020A00B0020A8
:10390400A80B0020A80B0020B00B0020B00B002057
:10391400B80B0020B80B0020C00B0020C00B002007
:10392400C80B0020C80B0020D00B0020D00B0020B7
:10393400D80B0020D80B0020E00B0020E00B002067
:10394400E80B0020E80B0020F00B0020F00B002017
:10395400F80B0020F80B0020000C0020000C0020C5
:103964000000000000000000000000000000000053
:04000005100001E9FD
:00000001FF
